nome,email,cidade,profissao,idade,cpf
Vanessa Santos Ribeiro,vanessa.santos.ribeiro.6001@example.com,Florianópolis,Auxiliar de produção,57,69075978713
Gabriela Alves Monteiro,gabriela.alves.monteiro.6002@example.com,Manaus,Chefe de compras,70,19983256626
Gabriel Fernandes Cardoso,gabriel.fernandes.cardoso.6003@example.com,Porto Alegre,Supervisor de atendimento,37,73473558040
Juliana Almeida Ribeiro,juliana.almeida.ribeiro.6004@example.com,Joinville,Comprador,29,67467551235
Gustavo Souza Lima,gustavo.souza.lima.6005@example.com,Curitiba,Pedreiro,24,61807725255
Amanda Monteiro Souza,amanda.monteiro.souza.6006@example.com,Fortaleza,Chefe de compras,60,02696659499
Larissa Dias Cardoso,larissa.dias.cardoso.6007@example.com,Curitiba,Analista de recursos humanos,27,08681769353
Daniela Nascimento Rocha,daniela.nascimento.rocha.6008@example.com,Dourados,Gerente financeiro,31,33801033652
João Alves Freitas,joao.alves.freitas.6009@example.com,Rondonópolis,Coordenador de logística,63,67276627062
Pedro Souza Barros,pedro.souza.barros.6010@example.com,Santos,Encarregado de produção,69,18555620011
João Lima Carvalho,joao.lima.carvalho.6011@example.com,Caxias do Sul,Coordenador administrativo,65,14848691338
Rafael Barbosa Costa,rafael.barbosa.costa.6012@example.com,Vitória,Comprador,20,98633672172
Felipe Almeida Gomes,felipe.almeida.gomes.6013@example.com,Campo Grande,Diretor comercial,44,44447488017
Beatriz Nascimento Souza,beatriz.nascimento.souza.6014@example.com,Dourados,Auxiliar de produção,46,60287263599
Rafael Dias Dias,rafael.dias.dias.6015@example.com,Florianópolis,Atendente,23,31725302775
Tatiane Rocha Mendes,tatiane.rocha.mendes.6016@example.com,Maringá,Fisioterapeuta,48,48838354497
Henrique Mendes Lima,henrique.mendes.lima.6017@example.com,Uberlândia,Contador,52,83187203972
Juliana Souza Monteiro,juliana.souza.monteiro.6018@example.com,Uberlândia,Gerente de tecnologia,47,93185312880
Luana Souza Teixeira,luana.souza.teixeira.6019@example.com,Belo Horizonte,Técnico em informática,57,13255828309
Priscila Alves Ribeiro,priscila.alves.ribeiro.6020@example.com,Niterói,Diretor comercial,29,02991113819
Nicolas Rocha Nascimento,nicolas.rocha.nascimento.6021@example.com,Vitória,Vendedor,39,09497018671
Amanda Santos Monteiro,amanda.santos.monteiro.6022@example.com,Fortaleza,Atendente,61,14930924394
Sandra Mendes Araújo,sandra.mendes.araujo.6023@example.com,Uberlândia,Assistente comercial,22,83091719754
Ana Monteiro Lima,ana.monteiro.lima.6024@example.com,Salvador,Recepcionista,58,81985714799
Eduardo Barbosa Oliveira,eduardo.barbosa.oliveira.6025@example.com,Salvador,Encarregado de produção,67,06174855792
Vitória Castro Cardoso,vitoria.castro.cardoso.6026@example.com,Brasília,Gerente de operações,52,03190394993
Amanda Carvalho Dias,amanda.carvalho.dias.6027@example.com,Fortaleza,Contador,49,53170788556
Eduardo Araújo Barros,eduardo.araujo.barros.6028@example.com,Florianópolis,Pedreiro,51,30484005004
Letícia Rodrigues Santos,leticia.rodrigues.santos.6029@example.com,Florianópolis,Assistente administrativo,64,30300945050
Patrícia Gomes Fernandes,patricia.gomes.fernandes.6030@example.com,Goiânia,Técnico de enfermagem,19,49424111690
Pedro Alves Monteiro,pedro.alves.monteiro.6031@example.com,Recife,Jornalista,60,34808286897
Débora Alves Dias,debora.alves.dias.6032@example.com,Brasília,Diretor comercial,59,67408677103
Juliana Barbosa Rodrigues,juliana.barbosa.rodrigues.6033@example.com,Belo Horizonte,Analista de dados,31,00602736286
Juliana Nascimento Dias,juliana.nascimento.dias.6034@example.com,Recife,Farmacêutico,63,09236444975
Luana Rocha Lima,luana.rocha.lima.6035@example.com,Recife,Chefe de almoxarifado,22,22511663335
Tatiane Alves Almeida,tatiane.alves.almeida.6036@example.com,Santos,Analista de recursos humanos,25,21336216804
Diego Alves Alves,diego.alves.alves.6037@example.com,Manaus,Diretor de operações,56,01856621761
José Araújo Martins,jose.araujo.martins.6038@example.com,Campinas,Chefe de compras,52,96899085348
Gabriel Martins Lima,gabriel.martins.lima.6039@example.com,Goiânia,Nutricionista,55,11584113523
Renata Freitas Gomes,renata.freitas.gomes.6040@example.com,Niterói,Estoquista,48,85179582472
Camila Ribeiro Araújo,camila.ribeiro.araujo.6041@example.com,Fortaleza,Coordenador de logística,49,23474986361
Sérgio Ribeiro Oliveira,sergio.ribeiro.oliveira.6042@example.com,Campinas,Gerente de operações,67,81899347572
Thiago Barros Monteiro,thiago.barros.monteiro.6043@example.com,Natal,Cozinheiro,69,75157677639
Sérgio Monteiro Monteiro,sergio.monteiro.monteiro.6044@example.com,Natal,Farmacêutico,56,55659638063
Sérgio Santos Almeida,sergio.santos.almeida.6045@example.com,Belém,Gerente financeiro,45,57156954233
Leonardo Costa Araújo,leonardo.costa.araujo.6046@example.com,Brasília,Nutricionista,36,37183558561
Priscila Santos Barbosa,priscila.santos.barbosa.6047@example.com,Campo Grande,Coordenador administrativo,36,90496076342
Ricardo Castro Santos,ricardo.castro.santos.6048@example.com,Caxias do Sul,Técnico em informática,44,01239761399
João Freitas Alves,joao.freitas.alves.6049@example.com,Goiânia,Pedreiro,39,71088163108
João Alves Silva,joao.alves.silva.6050@example.com,Maringá,Coordenador de marketing,23,65766689584
Débora Barros Cardoso,debora.barros.cardoso.6051@example.com,Manaus,Nutricionista,44,45337177934
Paulo Alves Mendes,paulo.alves.mendes.6052@example.com,Joinville,Contador,38,08815031487
Lucas Alves Mendes,lucas.alves.mendes.6053@example.com,Curitiba,Analista de marketing,50,96414044067
Otávio Castro Alves,otavio.castro.alves.6054@example.com,Maringá,Supervisor de manutenção,32,76375705604
Leonardo Souza Santos,leonardo.souza.santos.6055@example.com,Belém,Supervisor de atendimento,70,87363644932
Henrique Castro Dias,henrique.castro.dias.6056@example.com,São Paulo,Diretor de operações,30,31010057180
José Ribeiro Santos,jose.ribeiro.santos.6057@example.com,Brasília,Enfermeiro,23,13966639327
Patrícia Costa Costa,patricia.costa.costa.6058@example.com,Maringá,Atendente,33,12456881326
Camila Mendes Costa,camila.mendes.costa.6059@example.com,Campinas,Atendente,30,92039233077
Felipe Lima Monteiro,felipe.lima.monteiro.6060@example.com,Londrina,Eletricista,40,38663884667
Nicolas Teixeira Souza,nicolas.teixeira.souza.6061@example.com,Uberlândia,Advogado,26,89121596202
Tatiane Dias Gomes,tatiane.dias.gomes.6062@example.com,Caxias do Sul,Supervisor de manutenção,28,03150587664
Renata Freitas Teixeira,renata.freitas.teixeira.6063@example.com,Goiânia,Líder de equipe,46,48139602056
Ana Fernandes Almeida,ana.fernandes.almeida.6064@example.com,Brasília,Gerente comercial,29,25246603539
Juliana Moreira Barros,juliana.moreira.barros.6065@example.com,Maringá,Padeiro,69,06720314229
Priscila Costa Moreira,priscila.costa.moreira.6066@example.com,Brasília,Supervisor de manutenção,65,09109590583
Juliana Costa Rocha,juliana.costa.rocha.6067@example.com,Natal,Fisioterapeuta,34,48583106306
Diego Pereira Cardoso,diego.pereira.cardoso.6068@example.com,Rondonópolis,Operador de caixa,50,85218227788
Débora Almeida Santos,debora.almeida.santos.6069@example.com,Porto Alegre,Gerente de tecnologia,45,24090028251
Leonardo Rodrigues Carvalho,leonardo.rodrigues.carvalho.6070@example.com,Vitória,Enfermeiro,40,90730743057
Sandra Souza Araújo,sandra.souza.araujo.6071@example.com,Maringá,Advogado,18,92620700989
Otávio Barbosa Monteiro,otavio.barbosa.monteiro.6072@example.com,Curitiba,Gerente financeiro,25,47635770159
Patrícia Carvalho Teixeira,patricia.carvalho.teixeira.6073@example.com,Rio de Janeiro,Professor,30,02422472121
Camila Souza Rocha,camila.souza.rocha.6074@example.com,Dourados,Programador,30,02031622939
Daniela Alves Santos,daniela.alves.santos.6075@example.com,Rondonópolis,Arquiteto,48,91659452613
Priscila Monteiro Fernandes,priscila.monteiro.fernandes.6076@example.com,Salvador,Comprador,26,08267662688
Vitória Cardoso Freitas,vitoria.cardoso.freitas.6077@example.com,Florianópolis,Chefe de compras,19,18131038578
Lucas Gomes Silva,lucas.gomes.silva.6078@example.com,Santos,Assistente comercial,30,46653787671
Larissa Almeida Freitas,larissa.almeida.freitas.6079@example.com,Cuiabá,Diretor comercial,58,16421321503
Pedro Teixeira Araújo,pedro.teixeira.araujo.6080@example.com,Vitória,Coordenador de marketing,44,74013887368
Simone Santos Mendes,simone.santos.mendes.6081@example.com,Maringá,Gerente de tecnologia,25,07239173961
Gustavo Silva Barbosa,gustavo.silva.barbosa.6082@example.com,Rondonópolis,Designer gráfico,29,56219761397
Lucas Freitas Monteiro,lucas.freitas.monteiro.6083@example.com,Maringá,Analista financeiro,51,31461448625
Pedro Freitas Nascimento,pedro.freitas.nascimento.6084@example.com,Rio de Janeiro,Mecânico,39,65437662762
Ricardo Oliveira Almeida,ricardo.oliveira.almeida.6085@example.com,Belo Horizonte,Corretor de imóveis,61,85946819784
Amanda Rocha Martins,amanda.rocha.martins.6086@example.com,Dourados,Mecânico,30,93721653481
Priscila Alves Freitas,priscila.alves.freitas.6087@example.com,Belém,Cozinheiro,57,08999299575
Bruno Teixeira Ribeiro,bruno.teixeira.ribeiro.6088@example.com,Brasília,Supervisor de qualidade,40,18313852913
Gabriel Carvalho Oliveira,gabriel.carvalho.oliveira.6089@example.com,Niterói,Coordenador administrativo,44,76197118072
Henrique Oliveira Araújo,henrique.oliveira.araujo.6090@example.com,Campo Grande,Coordenador de marketing,38,43588197766
Simone Almeida Nascimento,simone.almeida.nascimento.6091@example.com,Belém,Chefe de compras,45,53474354351
Lucas Fernandes Castro,lucas.fernandes.castro.6092@example.com,Uberlândia,Analista de marketing,54,34780507532
José Monteiro Teixeira,jose.monteiro.teixeira.6093@example.com,Curitiba,Contador,51,28651500578
Henrique Costa Araújo,henrique.costa.araujo.6094@example.com,São Paulo,Técnico de enfermagem,65,85962399621
Fernanda Costa Teixeira,fernanda.costa.teixeira.6095@example.com,Manaus,Engenheiro civil,41,51449266315
Ana Moreira Almeida,ana.moreira.almeida.6096@example.com,Dourados,Técnico de enfermagem,32,55056375256
Gabriel Santos Cardoso,gabriel.santos.cardoso.6097@example.com,Sorocaba,Assistente comercial,66,66080863489
Larissa Souza Freitas,larissa.souza.freitas.6098@example.com,Goiânia,Corretor de imóveis,42,11766643995
Priscila Barros Mendes,priscila.barros.mendes.6099@example.com,Salvador,Gerente de tecnologia,42,37369552166
José Gomes Cardoso,jose.gomes.cardoso.6100@example.com,Uberlândia,Diretor de operações,41,92259668760
Thiago Fernandes Carvalho,thiago.fernandes.carvalho.6101@example.com,Florianópolis,Professor,32,71353462969
Vitória Dias Rodrigues,vitoria.dias.rodrigues.6102@example.com,Curitiba,Motorista,22,97589174156
Gustavo Dias Cardoso,gustavo.dias.cardoso.6103@example.com,Porto Alegre,Assistente comercial,37,92821118416
Gustavo Silva Carvalho,gustavo.silva.carvalho.6104@example.com,Belém,Engenheiro civil,43,02934653702
Pedro Carvalho Fernandes,pedro.carvalho.fernandes.6105@example.com,Londrina,Técnico em informática,39,79954699603
Bruno Moreira Moreira,bruno.moreira.moreira.6106@example.com,Salvador,Gerente de tecnologia,67,70334452901
Gabriel Santos Rodrigues,gabriel.santos.rodrigues.6107@example.com,Campo Grande,Programador,20,97875615235
Gustavo Ribeiro Castro,gustavo.ribeiro.castro.6108@example.com,Rio de Janeiro,Gerente de operações,46,13633599129
Larissa Fernandes Teixeira,larissa.fernandes.teixeira.6109@example.com,Salvador,Gerente financeiro,70,04014877284
Sérgio Dias Carvalho,sergio.dias.carvalho.6110@example.com,Caxias do Sul,Designer gráfico,27,42234386271
Vitória Barbosa Dias,vitoria.barbosa.dias.6111@example.com,Rio de Janeiro,Analista de dados,63,86883800025
Gabriela Freitas Rodrigues,gabriela.freitas.rodrigues.6112@example.com,Vitória,Supervisor de qualidade,48,01571110473
Priscila Araújo Fernandes,priscila.araujo.fernandes.6113@example.com,Porto Alegre,Eletricista,24,01369361217
Eduardo Ribeiro Alves,eduardo.ribeiro.alves.6114@example.com,Florianópolis,Padeiro,59,98442448642
José Mendes Alves,jose.mendes.alves.6115@example.com,Goiânia,Coordenador de marketing,47,01746263729
Aline Barbosa Freitas,aline.barbosa.freitas.6116@example.com,Sorocaba,Técnico de segurança do trabalho,45,55633486927
Ana Mendes Souza,ana.mendes.souza.6117@example.com,Natal,Coordenador administrativo,32,60463143171
Vanessa Souza Monteiro,vanessa.souza.monteiro.6118@example.com,Belo Horizonte,Eletricista,65,35103896402
João Mendes Santos,joao.mendes.santos.6119@example.com,Niterói,Padeiro,49,71174366135
Vinícius Gomes Freitas,vinicius.gomes.freitas.6120@example.com,Cuiabá,Coordenador de logística,33,14871403642
Larissa Dias Moreira,larissa.dias.moreira.6121@example.com,Santos,Técnico de enfermagem,31,89787955290
Ana Cardoso Barros,ana.cardoso.barros.6122@example.com,Fortaleza,Assistente comercial,34,70914060927
Gabriel Alves Rocha,gabriel.alves.rocha.6123@example.com,Maringá,Supervisor de atendimento,47,91690006642
Gustavo Carvalho Rocha,gustavo.carvalho.rocha.6124@example.com,Joinville,Encarregado de produção,58,55214278607
Luana Rocha Nascimento,luana.rocha.nascimento.6125@example.com,Belo Horizonte,Gerente de operações,54,30485964958
Aline Costa Nascimento,aline.costa.nascimento.6126@example.com,Maringá,Chefe de compras,27,08289915615
Amanda Dias Moreira,amanda.dias.moreira.6127@example.com,Dourados,Supervisor de manutenção,65,55107441241
Bruno Souza Lima,bruno.souza.lima.6128@example.com,Maringá,Gerente comercial,57,05564762452
Vinícius Ribeiro Cardoso,vinicius.ribeiro.cardoso.6129@example.com,Niterói,Analista de marketing,67,70686823046
Priscila Barros Souza,priscila.barros.souza.6130@example.com,Goiânia,Nutricionista,21,65292667400
Ricardo Gomes Barros,ricardo.gomes.barros.6131@example.com,Natal,Gerente de tecnologia,26,69135009364
Carolina Barbosa Fernandes,carolina.barbosa.fernandes.6132@example.com,Curitiba,Gerente comercial,55,95937021029
Luana Fernandes Dias,luana.fernandes.dias.6133@example.com,Brasília,Diretor comercial,38,40566558175
Igor Araújo Martins,igor.araujo.martins.6134@example.com,Belo Horizonte,Pedreiro,51,05994412989
Igor Cardoso Almeida,igor.cardoso.almeida.6135@example.com,Joinville,Corretor de imóveis,26,72836161750
Letícia Freitas Castro,leticia.freitas.castro.6136@example.com,Salvador,Professor,68,09556413557
Beatriz Souza Alves,beatriz.souza.alves.6137@example.com,Maringá,Fisioterapeuta,42,17201826843
Sandra Rocha Cardoso,sandra.rocha.cardoso.6138@example.com,Salvador,Enfermeiro,38,74239446394
Igor Rocha Gomes,igor.rocha.gomes.6139@example.com,Caxias do Sul,Coordenador de produção,34,75375784050
Otávio Silva Mendes,otavio.silva.mendes.6140@example.com,Belém,Contador,51,95885707391
Otávio Gomes Freitas,otavio.gomes.freitas.6141@example.com,Caxias do Sul,Supervisor de atendimento,60,25948370780
Thiago Oliveira Monteiro,thiago.oliveira.monteiro.6142@example.com,Brasília,Supervisor de qualidade,49,15663189259
Camila Ribeiro Almeida,camila.ribeiro.almeida.6143@example.com,Campinas,Supervisor de vendas,46,53432777920
Luana Barros Gomes,luana.barros.gomes.6144@example.com,Cuiabá,Estoquista,41,16884112706
Amanda Rodrigues Martins,amanda.rodrigues.martins.6145@example.com,Cuiabá,Comprador,19,29480348764
Patrícia Araújo Santos,patricia.araujo.santos.6146@example.com,Recife,Diretor comercial,48,13663466158
Ana Gomes Almeida,ana.gomes.almeida.6147@example.com,Fortaleza,Cozinheiro,27,85555569620
Tatiane Ribeiro Ribeiro,tatiane.ribeiro.ribeiro.6148@example.com,Dourados,Engenheiro civil,61,24273497389
Vinícius Gomes Lima,vinicius.gomes.lima.6149@example.com,Santos,Coordenador de produção,68,31187407433
Vinícius Barros Araújo,vinicius.barros.araujo.6150@example.com,Maringá,Gerente de tecnologia,64,31054961861
Carolina Freitas Monteiro,carolina.freitas.monteiro.6151@example.com,Fortaleza,Diretor comercial,52,61411252039
Fernanda Rocha Monteiro,fernanda.rocha.monteiro.6152@example.com,Belo Horizonte,Contador,46,31771684713
Luana Almeida Mendes,luana.almeida.mendes.6153@example.com,Campinas,Cozinheiro,61,86080907685
Beatriz Nascimento Souza,beatriz.nascimento.souza.6154@example.com,Sorocaba,Supervisor de manutenção,31,00222369899
Diego Costa Rocha,diego.costa.rocha.6155@example.com,Maringá,Motorista,54,37649679043
Luana Ribeiro Cardoso,luana.ribeiro.cardoso.6156@example.com,Manaus,Coordenador de produção,44,18724683378
Rafael Oliveira Cardoso,rafael.oliveira.cardoso.6157@example.com,Campo Grande,Analista de recursos humanos,58,25355859172
Vinícius Barros Freitas,vinicius.barros.freitas.6158@example.com,Goiânia,Chefe de almoxarifado,26,32419117915
Carlos Monteiro Silva,carlos.monteiro.silva.6159@example.com,Vitória,Analista de marketing,48,92091160140
Ana Cardoso Rocha,ana.cardoso.rocha.6160@example.com,Porto Alegre,Jornalista,23,80890170166
Henrique Nascimento Araújo,henrique.nascimento.araujo.6161@example.com,Uberlândia,Auxiliar de produção,37,91083169483
Igor Martins Mendes,igor.martins.mendes.6162@example.com,Vitória,Técnico de enfermagem,53,69665380834
Priscila Costa Oliveira,priscila.costa.oliveira.6163@example.com,Cuiabá,Estoquista,65,68993511008
Camila Carvalho Teixeira,camila.carvalho.teixeira.6164@example.com,Porto Alegre,Designer gráfico,44,92196193242
Carlos Mendes Pereira,carlos.mendes.pereira.6165@example.com,Sorocaba,Gerente de recursos humanos,53,15426534192
Felipe Silva Rocha,felipe.silva.rocha.6166@example.com,Belém,Gerente comercial,47,84524064217
João Silva Santos,joao.silva.santos.6167@example.com,Dourados,Gerente de operações,46,59973762337
Igor Silva Silva,igor.silva.silva.6168@example.com,Uberlândia,Diretor de operações,36,73952202403
Sandra Almeida Rocha,sandra.almeida.rocha.6169@example.com,Belém,Coordenador de logística,59,61081699472
Sandra Costa Teixeira,sandra.costa.teixeira.6170@example.com,Santos,Gerente comercial,57,10970554343
Letícia Moreira Oliveira,leticia.moreira.oliveira.6171@example.com,Dourados,Gerente de operações,26,33413304429
Luana Fernandes Barbosa,luana.fernandes.barbosa.6172@example.com,Niterói,Chefe de departamento pessoal,44,28122707463
Otávio Fernandes Teixeira,otavio.fernandes.teixeira.6173@example.com,Niterói,Diretor comercial,31,35121501631
Tatiane Castro Teixeira,tatiane.castro.teixeira.6174@example.com,Caxias do Sul,Técnico em informática,51,79451381601
Vitória Barbosa Pereira,vitoria.barbosa.pereira.6175@example.com,Cuiabá,Supervisor de qualidade,37,13617529943
Juliana Alves Castro,juliana.alves.castro.6176@example.com,Belém,Engenheiro civil,25,24808041257
Ana Freitas Teixeira,ana.freitas.teixeira.6177@example.com,Natal,Coordenador de produção,21,45824094047
Lucas Barbosa Freitas,lucas.barbosa.freitas.6178@example.com,Brasília,Coordenador de logística,25,99736778003
Patrícia Pereira Silva,patricia.pereira.silva.6179@example.com,Joinville,Encarregado de produção,62,00683270453
Mariana Santos Teixeira,mariana.santos.teixeira.6180@example.com,Campo Grande,Motorista,20,17212665076
Henrique Gomes Fernandes,henrique.gomes.fernandes.6181@example.com,Manaus,Analista de marketing,38,76571262713
Renata Silva Silva,renata.silva.silva.6182@example.com,Florianópolis,Analista de dados,47,00626759568
Camila Carvalho Martins,camila.carvalho.martins.6183@example.com,São Paulo,Diretor de operações,42,13153957795
Eduardo Cardoso Barbosa,eduardo.cardoso.barbosa.6184@example.com,Niterói,Chefe de compras,70,09093319961
Ricardo Nascimento Moreira,ricardo.nascimento.moreira.6185@example.com,Manaus,Farmacêutico,68,00679365098
Ricardo Nascimento Freitas,ricardo.nascimento.freitas.6186@example.com,Porto Alegre,Técnico de enfermagem,37,32049698799
Camila Oliveira Santos,camila.oliveira.santos.6187@example.com,Rio de Janeiro,Analista de recursos humanos,52,45315308097
Otávio Alves Freitas,otavio.alves.freitas.6188@example.com,Florianópolis,Padeiro,67,37424392898
Thiago Costa Cardoso,thiago.costa.cardoso.6189@example.com,Campo Grande,Chefe de departamento pessoal,57,71413304336
Henrique Dias Barbosa,henrique.dias.barbosa.6190@example.com,Natal,Chefe de almoxarifado,19,40075034302
João Silva Castro,joao.silva.castro.6191@example.com,Vitória,Designer gráfico,23,44725899609
Felipe Rodrigues Castro,felipe.rodrigues.castro.6192@example.com,Campo Grande,Gerente de operações,67,80685506643
Priscila Santos Fernandes,priscila.santos.fernandes.6193@example.com,Joinville,Supervisor de vendas,56,12433210485
Henrique Lima Moreira,henrique.lima.moreira.6194@example.com,São Paulo,Supervisor de manutenção,39,10086027916
Leonardo Ribeiro Ribeiro,leonardo.ribeiro.ribeiro.6195@example.com,Florianópolis,Supervisor de atendimento,39,15661193551
Amanda Freitas Pereira,amanda.freitas.pereira.6196@example.com,Curitiba,Auxiliar de produção,50,79685335430
Otávio Martins Costa,otavio.martins.costa.6197@example.com,Campinas,Analista de recursos humanos,19,66096548182
Sérgio Araújo Rodrigues,sergio.araujo.rodrigues.6198@example.com,Cuiabá,Supervisor de atendimento,61,19853018718
Gustavo Mendes Silva,gustavo.mendes.silva.6199@example.com,Florianópolis,Farmacêutico,30,64353592596
Renata Almeida Santos,renata.almeida.santos.6200@example.com,Curitiba,Supervisor de qualidade,50,02254285672
Camila Almeida Monteiro,camila.almeida.monteiro.6201@example.com,Rio de Janeiro,Contador,70,98307056520
Simone Barbosa Martins,simone.barbosa.martins.6202@example.com,Caxias do Sul,Atendente,53,99449585467
Renata Monteiro Carvalho,renata.monteiro.carvalho.6203@example.com,Joinville,Mecânico,38,48172316537
Vitória Oliveira Santos,vitoria.oliveira.santos.6204@example.com,Fortaleza,Gerente financeiro,27,64086607348
Pedro Teixeira Mendes,pedro.teixeira.mendes.6205@example.com,Campo Grande,Farmacêutico,68,64675766121
Vitória Barros Rocha,vitoria.barros.rocha.6206@example.com,Joinville,Programador,19,25980981448
Leonardo Cardoso Silva,leonardo.cardoso.silva.6207@example.com,Rondonópolis,Supervisor de atendimento,38,45569027427
Daniela Alves Silva,daniela.alves.silva.6208@example.com,Fortaleza,Diretor de operações,33,32506082283
Bruno Alves Monteiro,bruno.alves.monteiro.6209@example.com,Campo Grande,Jornalista,47,75664498351
Carlos Souza Lima,carlos.souza.lima.6210@example.com,Campinas,Enfermeiro,43,91247723015
Gustavo Pereira Mendes,gustavo.pereira.mendes.6211@example.com,Sorocaba,Supervisor de qualidade,33,09122101455
Luana Carvalho Fernandes,luana.carvalho.fernandes.6212@example.com,Londrina,Chefe de departamento pessoal,22,60797376664
Paulo Pereira Cardoso,paulo.pereira.cardoso.6213@example.com,Belém,Supervisor de manutenção,28,38380903910
Diego Martins Cardoso,diego.martins.cardoso.6214@example.com,Sorocaba,Coordenador de marketing,50,51601121112
Rafael Rocha Oliveira,rafael.rocha.oliveira.6215@example.com,Cuiabá,Engenheiro civil,28,44073161548
Carlos Ribeiro Costa,carlos.ribeiro.costa.6216@example.com,Londrina,Nutricionista,35,68759497837
Bruno Barbosa Silva,bruno.barbosa.silva.6217@example.com,Uberlândia,Chefe de almoxarifado,40,45397552028
Henrique Cardoso Freitas,henrique.cardoso.freitas.6218@example.com,Brasília,Gerente financeiro,25,74660134981
Lucas Nascimento Freitas,lucas.nascimento.freitas.6219@example.com,Niterói,Coordenador administrativo,39,34482799589
Diego Santos Dias,diego.santos.dias.6220@example.com,Belo Horizonte,Enfermeiro,37,30185698224
Diego Rodrigues Dias,diego.rodrigues.dias.6221@example.com,Campinas,Contador,30,75372712675
Leonardo Carvalho Costa,leonardo.carvalho.costa.6222@example.com,Natal,Fisioterapeuta,24,33955518595
Amanda Freitas Costa,amanda.freitas.costa.6223@example.com,Brasília,Designer gráfico,55,71276992078
Gabriel Barbosa Freitas,gabriel.barbosa.freitas.6224@example.com,Niterói,Assistente comercial,63,30244881075
Leonardo Santos Lima,leonardo.santos.lima.6225@example.com,Curitiba,Mecânico,64,06661764252
Simone Nascimento Gomes,simone.nascimento.gomes.6226@example.com,Joinville,Mecânico,45,97010180698
Henrique Silva Pereira,henrique.silva.pereira.6227@example.com,Belém,Designer gráfico,55,36678096566
Sandra Barros Lima,sandra.barros.lima.6228@example.com,São Paulo,Atendente,50,10367806477
Sandra Lima Barros,sandra.lima.barros.6229@example.com,Uberlândia,Recepcionista,34,86687295914
Igor Rodrigues Castro,igor.rodrigues.castro.6230@example.com,Recife,Analista financeiro,57,83819937033
Gabriel Santos Monteiro,gabriel.santos.monteiro.6231@example.com,Sorocaba,Coordenador de produção,45,18783795386
Otávio Araújo Rodrigues,otavio.araujo.rodrigues.6232@example.com,Santos,Nutricionista,23,55598344611
Lucas Cardoso Freitas,lucas.cardoso.freitas.6233@example.com,Campo Grande,Cozinheiro,36,74701049504
Daniela Gomes Silva,daniela.gomes.silva.6234@example.com,Niterói,Gerente de operações,21,22982512031
Priscila Cardoso Pereira,priscila.cardoso.pereira.6235@example.com,Joinville,Gerente de recursos humanos,58,78245809893
Sandra Costa Pereira,sandra.costa.pereira.6236@example.com,Campinas,Gerente comercial,33,77634192729
João Santos Freitas,joao.santos.freitas.6237@example.com,Manaus,Supervisor de atendimento,67,99667190009
Igor Moreira Santos,igor.moreira.santos.6238@example.com,Sorocaba,Gerente de recursos humanos,58,97254967387
Juliana Alves Carvalho,juliana.alves.carvalho.6239@example.com,Natal,Analista de recursos humanos,64,21610780005
João Cardoso Martins,joao.cardoso.martins.6240@example.com,Uberlândia,Pedreiro,58,85330528393
João Santos Nascimento,joao.santos.nascimento.6241@example.com,Manaus,Chefe de departamento pessoal,70,05466544235
Sandra Gomes Ribeiro,sandra.gomes.ribeiro.6242@example.com,Uberlândia,Advogado,69,01742563697
Renata Dias Alves,renata.dias.alves.6243@example.com,Belo Horizonte,Professor,52,55832439300
Marcelo Nascimento Rocha,marcelo.nascimento.rocha.6244@example.com,Natal,Supervisor de qualidade,43,09063488619
Renata Gomes Mendes,renata.gomes.mendes.6245@example.com,Belém,Arquiteto,19,66878934887
Diego Pereira Rocha,diego.pereira.rocha.6246@example.com,Salvador,Analista de recursos humanos,45,30970912102
Vitória Moreira Freitas,vitoria.moreira.freitas.6247@example.com,Porto Alegre,Coordenador de produção,57,73210789865
Vitória Oliveira Oliveira,vitoria.oliveira.oliveira.6248@example.com,Manaus,Cozinheiro,65,80713176122
Pedro Moreira Oliveira,pedro.moreira.oliveira.6249@example.com,Campo Grande,Encarregado de produção,46,69889599697
Henrique Freitas Costa,henrique.freitas.costa.6250@example.com,Salvador,Motorista,32,72205083023
Sérgio Freitas Alves,sergio.freitas.alves.6251@example.com,Recife,Supervisor de manutenção,27,82687580430
Fernanda Ribeiro Santos,fernanda.ribeiro.santos.6252@example.com,Belo Horizonte,Cozinheiro,28,28051097837
Nicolas Araújo Monteiro,nicolas.araujo.monteiro.6253@example.com,Rio de Janeiro,Analista de marketing,56,19884255904
Priscila Lima Cardoso,priscila.lima.cardoso.6254@example.com,Belo Horizonte,Supervisor de atendimento,20,82209676590
Simone Costa Rocha,simone.costa.rocha.6255@example.com,Campo Grande,Gerente de operações,33,44320278011
Marcelo Silva Lima,marcelo.silva.lima.6256@example.com,Manaus,Recepcionista,19,94567352250
Carolina Ribeiro Lima,carolina.ribeiro.lima.6257@example.com,Campinas,Eletricista,27,15452097828
Débora Carvalho Araújo,debora.carvalho.araujo.6258@example.com,Florianópolis,Assistente comercial,51,80355017829
Leonardo Mendes Araújo,leonardo.mendes.araujo.6259@example.com,São Paulo,Eletricista,59,63661499926
Eduardo Freitas Monteiro,eduardo.freitas.monteiro.6260@example.com,São Paulo,Arquiteto,24,82639372293
Carlos Teixeira Pereira,carlos.teixeira.pereira.6261@example.com,Manaus,Encarregado de produção,68,44865562735
Lucas Araújo Silva,lucas.araujo.silva.6262@example.com,Dourados,Analista financeiro,41,07060814473
Renata Lima Oliveira,renata.lima.oliveira.6263@example.com,São Paulo,Técnico de enfermagem,61,08619332651
Otávio Souza Alves,otavio.souza.alves.6264@example.com,Belo Horizonte,Técnico em informática,51,84961756766
Gabriela Castro Costa,gabriela.castro.costa.6265@example.com,São Paulo,Nutricionista,62,36581042596
Bruno Silva Rodrigues,bruno.silva.rodrigues.6266@example.com,Londrina,Encarregado de produção,23,05265135713
Fernanda Castro Carvalho,fernanda.castro.carvalho.6267@example.com,Belém,Contador,59,56227730901
Sérgio Cardoso Teixeira,sergio.cardoso.teixeira.6268@example.com,Curitiba,Advogado,46,83742732720
Priscila Gomes Cardoso,priscila.gomes.cardoso.6269@example.com,Curitiba,Operador de caixa,64,14859576215
Vitória Oliveira Fernandes,vitoria.oliveira.fernandes.6270@example.com,Dourados,Advogado,68,69968544158
Gustavo Pereira Castro,gustavo.pereira.castro.6271@example.com,Belém,Padeiro,20,75761991462
Beatriz Carvalho Alves,beatriz.carvalho.alves.6272@example.com,Rio de Janeiro,Gerente comercial,63,80914609267
Letícia Alves Pereira,leticia.alves.pereira.6273@example.com,Natal,Técnico em informática,68,97847745953
Mariana Pereira Nascimento,mariana.pereira.nascimento.6274@example.com,Sorocaba,Assistente comercial,57,53611284965
Tatiane Martins Oliveira,tatiane.martins.oliveira.6275@example.com,Londrina,Diretor de operações,65,66553896595
Renata Dias Ribeiro,renata.dias.ribeiro.6276@example.com,Rio de Janeiro,Estoquista,31,17642538074
Patrícia Moreira Martins,patricia.moreira.martins.6277@example.com,Florianópolis,Líder de equipe,61,33009061037
Eduardo Carvalho Rocha,eduardo.carvalho.rocha.6278@example.com,Joinville,Analista financeiro,39,27414545400
Simone Teixeira Monteiro,simone.teixeira.monteiro.6279@example.com,Fortaleza,Farmacêutico,40,35045694933
Débora Rocha Moreira,debora.rocha.moreira.6280@example.com,Curitiba,Coordenador de marketing,20,31068891773
Igor Cardoso Teixeira,igor.cardoso.teixeira.6281@example.com,Belém,Operador de caixa,70,21659552650
Vitória Moreira Barros,vitoria.moreira.barros.6282@example.com,Salvador,Advogado,46,65227686236
Fernanda Alves Cardoso,fernanda.alves.cardoso.6283@example.com,Goiânia,Corretor de imóveis,69,51143304267
Nicolas Teixeira Barros,nicolas.teixeira.barros.6284@example.com,Joinville,Jornalista,20,62492587214
Eduardo Carvalho Ribeiro,eduardo.carvalho.ribeiro.6285@example.com,Vitória,Coordenador de logística,42,75712912960
Fernanda Ribeiro Santos,fernanda.ribeiro.santos.6286@example.com,Campinas,Arquiteto,21,47995826805
Gabriel Teixeira Castro,gabriel.teixeira.castro.6287@example.com,Santos,Coordenador de marketing,35,61506731980
Daniela Fernandes Silva,daniela.fernandes.silva.6288@example.com,Vitória,Recepcionista,44,98179550682
Henrique Carvalho Mendes,henrique.carvalho.mendes.6289@example.com,Rondonópolis,Cozinheiro,33,94621142900
Sandra Costa Araújo,sandra.costa.araujo.6290@example.com,Cuiabá,Técnico de enfermagem,58,88322930722
Thiago Fernandes Souza,thiago.fernandes.souza.6291@example.com,Belo Horizonte,Pedreiro,70,44055901151
Daniela Ribeiro Ribeiro,daniela.ribeiro.ribeiro.6292@example.com,Maringá,Nutricionista,50,02833744894
Carlos Oliveira Souza,carlos.oliveira.souza.6293@example.com,Brasília,Gerente de operações,36,96530995993
Carolina Cardoso Araújo,carolina.cardoso.araujo.6294@example.com,Santos,Chefe de compras,47,16195927333
Eduardo Freitas Pereira,eduardo.freitas.pereira.6295@example.com,São Paulo,Supervisor de manutenção,35,34817022448
Renata Carvalho Teixeira,renata.carvalho.teixeira.6296@example.com,Caxias do Sul,Fisioterapeuta,45,16663032633
Rafael Oliveira Lima,rafael.oliveira.lima.6297@example.com,Uberlândia,Nutricionista,45,22107702289
Henrique Lima Fernandes,henrique.lima.fernandes.6298@example.com,Vitória,Encarregado de produção,69,72502577301
João Alves Souza,joao.alves.souza.6299@example.com,Vitória,Farmacêutico,67,55154353463
Débora Silva Rodrigues,debora.silva.rodrigues.6300@example.com,Campo Grande,Analista de dados,63,01452891269
Tatiane Ribeiro Santos,tatiane.ribeiro.santos.6301@example.com,Uberlândia,Contador,22,50888696822
Leonardo Carvalho Costa,leonardo.carvalho.costa.6302@example.com,Sorocaba,Encarregado de produção,19,90940587163
Eduardo Silva Pereira,eduardo.silva.pereira.6303@example.com,Cuiabá,Diretor comercial,35,89046559153
Ana Barros Mendes,ana.barros.mendes.6304@example.com,Belo Horizonte,Diretor de operações,20,18779365274
Carolina Fernandes Cardoso,carolina.fernandes.cardoso.6305@example.com,Uberlândia,Arquiteto,40,84177510292
Renata Cardoso Freitas,renata.cardoso.freitas.6306@example.com,Campinas,Programador,31,10990902549
Carolina Lima Rodrigues,carolina.lima.rodrigues.6307@example.com,São Paulo,Gerente de recursos humanos,58,85364166770
Patrícia Almeida Ribeiro,patricia.almeida.ribeiro.6308@example.com,Sorocaba,Gerente financeiro,19,34047781208
Juliana Oliveira Teixeira,juliana.oliveira.teixeira.6309@example.com,Fortaleza,Gerente de tecnologia,53,74943247523
Daniela Nascimento Mendes,daniela.nascimento.mendes.6310@example.com,Londrina,Operador de caixa,25,81408052392
Priscila Almeida Fernandes,priscila.almeida.fernandes.6311@example.com,Rio de Janeiro,Coordenador de produção,32,52865434232
Diego Araújo Carvalho,diego.araujo.carvalho.6312@example.com,Cuiabá,Chefe de almoxarifado,34,47640471212
Daniela Oliveira Barbosa,daniela.oliveira.barbosa.6313@example.com,Caxias do Sul,Estoquista,54,43322795913
Lucas Araújo Mendes,lucas.araujo.mendes.6314@example.com,Belo Horizonte,Gerente comercial,40,45802050641
Felipe Pereira Costa,felipe.pereira.costa.6315@example.com,Goiânia,Chefe de compras,51,75830337007
Renata Barros Gomes,renata.barros.gomes.6316@example.com,Goiânia,Nutricionista,18,30666432328
Tatiane Monteiro Carvalho,tatiane.monteiro.carvalho.6317@example.com,Manaus,Recepcionista,61,15347870420
Lucas Santos Castro,lucas.santos.castro.6318@example.com,Londrina,Técnico de segurança do trabalho,32,39786469874
Marcelo Fernandes Castro,marcelo.fernandes.castro.6319@example.com,Brasília,Diretor de operações,23,03649353798
Paulo Pereira Araújo,paulo.pereira.araujo.6320@example.com,Joinville,Chefe de departamento pessoal,39,99585083660
Henrique Carvalho Pereira,henrique.carvalho.pereira.6321@example.com,Manaus,Chefe de compras,32,24115347083
Priscila Freitas Dias,priscila.freitas.dias.6322@example.com,Santos,Encarregado de produção,63,25272750376
João Almeida Barros,joao.almeida.barros.6323@example.com,Maringá,Designer gráfico,31,54737939467
Felipe Teixeira Almeida,felipe.teixeira.almeida.6324@example.com,Belém,Fisioterapeuta,40,97621042000
Lucas Santos Martins,lucas.santos.martins.6325@example.com,Goiânia,Diretor comercial,43,27786689024
Renata Oliveira Mendes,renata.oliveira.mendes.6326@example.com,Dourados,Analista de marketing,35,98667546713
Daniela Silva Rodrigues,daniela.silva.rodrigues.6327@example.com,Porto Alegre,Estoquista,70,08118178871
Simone Cardoso Martins,simone.cardoso.martins.6328@example.com,Brasília,Eletricista,26,77203582259
Luana Fernandes Costa,luana.fernandes.costa.6329@example.com,Campo Grande,Encarregado de produção,34,61738644030
Pedro Barros Carvalho,pedro.barros.carvalho.6330@example.com,Sorocaba,Supervisor de manutenção,45,87471846949
Rafael Moreira Nascimento,rafael.moreira.nascimento.6331@example.com,Londrina,Supervisor de manutenção,59,55235325726
Marcelo Santos Moreira,marcelo.santos.moreira.6332@example.com,Dourados,Vendedor,67,78245705287
Priscila Fernandes Souza,priscila.fernandes.souza.6333@example.com,Brasília,Designer gráfico,56,99174461427
Vanessa Araújo Castro,vanessa.araujo.castro.6334@example.com,Vitória,Coordenador de marketing,23,11569667318
Débora Alves Mendes,debora.alves.mendes.6335@example.com,Salvador,Gerente comercial,18,56348264368
José Barbosa Oliveira,jose.barbosa.oliveira.6336@example.com,Sorocaba,Eletricista,54,13073161454
Juliana Lima Souza,juliana.lima.souza.6337@example.com,Fortaleza,Gerente comercial,48,09140766990
Bruno Fernandes Pereira,bruno.fernandes.pereira.6338@example.com,Dourados,Diretor comercial,70,07691118536
Gustavo Silva Rocha,gustavo.silva.rocha.6339@example.com,Belém,Contador,59,58140611661
Letícia Costa Santos,leticia.costa.santos.6340@example.com,Cuiabá,Diretor comercial,68,38519190971
Luana Oliveira Costa,luana.oliveira.costa.6341@example.com,Curitiba,Padeiro,65,61663466615
Camila Dias Barros,camila.dias.barros.6342@example.com,Caxias do Sul,Motorista,61,25714666152
Gabriela Dias Silva,gabriela.dias.silva.6343@example.com,Goiânia,Nutricionista,64,85954173952
Gabriela Souza Martins,gabriela.souza.martins.6344@example.com,Belém,Gerente de recursos humanos,38,79865727771
Ana Carvalho Rodrigues,ana.carvalho.rodrigues.6345@example.com,Londrina,Supervisor de qualidade,26,40419759306
Gabriel Freitas Alves,gabriel.freitas.alves.6346@example.com,Belo Horizonte,Gerente financeiro,33,98960590722
José Dias Rodrigues,jose.dias.rodrigues.6347@example.com,Uberlândia,Supervisor de vendas,32,30810174790
Gabriela Teixeira Martins,gabriela.teixeira.martins.6348@example.com,Rio de Janeiro,Jornalista,62,56422352277
João Martins Freitas,joao.martins.freitas.6349@example.com,São Paulo,Engenheiro civil,53,50032420406
José Pereira Souza,jose.pereira.souza.6350@example.com,Manaus,Técnico de segurança do trabalho,57,69336218666
Carlos Araújo Mendes,carlos.araujo.mendes.6351@example.com,Maringá,Coordenador de logística,56,28864967533
José Lima Santos,jose.lima.santos.6352@example.com,Niterói,Auxiliar de produção,45,08651047209
Nicolas Nascimento Moreira,nicolas.nascimento.moreira.6353@example.com,Santos,Chefe de almoxarifado,31,22722899714
Paulo Pereira Castro,paulo.pereira.castro.6354@example.com,Curitiba,Analista de marketing,47,69203344500
Eduardo Gomes Teixeira,eduardo.gomes.teixeira.6355@example.com,Campo Grande,Supervisor de vendas,48,65285649926
Larissa Costa Carvalho,larissa.costa.carvalho.6356@example.com,Recife,Auxiliar de produção,53,82796951106
Nicolas Dias Cardoso,nicolas.dias.cardoso.6357@example.com,Salvador,Programador,44,03991383896
Paulo Ribeiro Gomes,paulo.ribeiro.gomes.6358@example.com,Belém,Cozinheiro,18,60422308987
Gabriela Souza Barbosa,gabriela.souza.barbosa.6359@example.com,Campinas,Designer gráfico,21,55622301536
Igor Mendes Nascimento,igor.mendes.nascimento.6360@example.com,Recife,Analista de dados,60,71700364942
Priscila Dias Nascimento,priscila.dias.nascimento.6361@example.com,Florianópolis,Líder de equipe,39,09983351694
Nicolas Santos Souza,nicolas.santos.souza.6362@example.com,Londrina,Comprador,18,78245384214
Priscila Souza Costa,priscila.souza.costa.6363@example.com,Rondonópolis,Eletricista,29,11372525259
Fernanda Araújo Barros,fernanda.araujo.barros.6364@example.com,Niterói,Chefe de almoxarifado,68,37565416377
Priscila Pereira Lima,priscila.pereira.lima.6365@example.com,Curitiba,Nutricionista,19,79790567825
Otávio Lima Monteiro,otavio.lima.monteiro.6366@example.com,São Paulo,Corretor de imóveis,44,99240266773
Henrique Monteiro Pereira,henrique.monteiro.pereira.6367@example.com,Belém,Motorista,40,03378818791
Carlos Castro Freitas,carlos.castro.freitas.6368@example.com,Sorocaba,Gerente de tecnologia,30,74137651555
Diego Cardoso Araújo,diego.cardoso.araujo.6369@example.com,Brasília,Coordenador administrativo,23,69623278123
Nicolas Monteiro Cardoso,nicolas.monteiro.cardoso.6370@example.com,Manaus,Analista de recursos humanos,43,35087265855
Igor Rodrigues Almeida,igor.rodrigues.almeida.6371@example.com,Campinas,Jornalista,38,33930455791
Lucas Oliveira Nascimento,lucas.oliveira.nascimento.6372@example.com,Goiânia,Assistente comercial,69,59343556905
Bruno Alves Teixeira,bruno.alves.teixeira.6373@example.com,Natal,Gerente de operações,23,14555016856
Juliana Castro Cardoso,juliana.castro.cardoso.6374@example.com,Campinas,Motorista,37,74630245899
Sérgio Moreira Souza,sergio.moreira.souza.6375@example.com,Rondonópolis,Assistente comercial,46,39968618978
Igor Teixeira Mendes,igor.teixeira.mendes.6376@example.com,Campinas,Comprador,67,35783324590
Igor Almeida Nascimento,igor.almeida.nascimento.6377@example.com,Dourados,Farmacêutico,43,43851619285
Gabriel Souza Araújo,gabriel.souza.araujo.6378@example.com,Manaus,Vendedor,47,83566629229
Carolina Barbosa Gomes,carolina.barbosa.gomes.6379@example.com,Vitória,Professor,56,49829473725
Carlos Martins Pereira,carlos.martins.pereira.6380@example.com,Recife,Programador,30,74429966404
Camila Gomes Barbosa,camila.gomes.barbosa.6381@example.com,Rondonópolis,Analista financeiro,42,76668537632
Felipe Nascimento Dias,felipe.nascimento.dias.6382@example.com,Joinville,Advogado,63,87657708500
Pedro Pereira Castro,pedro.pereira.castro.6383@example.com,Sorocaba,Técnico de enfermagem,20,09423708058
Gustavo Freitas Castro,gustavo.freitas.castro.6384@example.com,Sorocaba,Contador,44,36419822736
Carolina Araújo Castro,carolina.araujo.castro.6385@example.com,Manaus,Supervisor de atendimento,18,76751438312
Daniela Alves Pereira,daniela.alves.pereira.6386@example.com,Cuiabá,Engenheiro civil,35,37905112727
Tatiane Costa Dias,tatiane.costa.dias.6387@example.com,Recife,Nutricionista,20,19329543922
Otávio Lima Barbosa,otavio.lima.barbosa.6388@example.com,Brasília,Técnico de enfermagem,51,36487147255
Débora Cardoso Pereira,debora.cardoso.pereira.6389@example.com,Rio de Janeiro,Jornalista,18,51162184804
Vanessa Barros Rocha,vanessa.barros.rocha.6390@example.com,São Paulo,Operador de caixa,67,25454211999
Gustavo Teixeira Rodrigues,gustavo.teixeira.rodrigues.6391@example.com,Joinville,Técnico de segurança do trabalho,61,78632006046
Vitória Fernandes Barbosa,vitoria.fernandes.barbosa.6392@example.com,Campo Grande,Gerente financeiro,50,53779335046
Luana Ribeiro Monteiro,luana.ribeiro.monteiro.6393@example.com,Uberlândia,Programador,25,31414804079
Pedro Dias Costa,pedro.dias.costa.6394@example.com,Porto Alegre,Coordenador de marketing,48,24795585744
Henrique Cardoso Souza,henrique.cardoso.souza.6395@example.com,Fortaleza,Coordenador de produção,38,91013934881
Carolina Rodrigues Lima,carolina.rodrigues.lima.6396@example.com,Recife,Chefe de compras,47,34170469747
Pedro Araújo Freitas,pedro.araujo.freitas.6397@example.com,Londrina,Professor,21,02753226907
Patrícia Alves Castro,patricia.alves.castro.6398@example.com,Belo Horizonte,Coordenador administrativo,30,12018094849
Amanda Cardoso Moreira,amanda.cardoso.moreira.6399@example.com,Goiânia,Designer gráfico,22,29091098618
Ricardo Ribeiro Castro,ricardo.ribeiro.castro.6400@example.com,São Paulo,Encarregado de produção,63,05417050944
Amanda Pereira Gomes,amanda.pereira.gomes.6401@example.com,Florianópolis,Diretor de operações,51,52063267427
Camila Almeida Santos,camila.almeida.santos.6402@example.com,Rio de Janeiro,Diretor comercial,27,98808189257
Juliana Cardoso Carvalho,juliana.cardoso.carvalho.6403@example.com,Rio de Janeiro,Técnico de segurança do trabalho,50,33801321624
Felipe Silva Lima,felipe.silva.lima.6404@example.com,Fortaleza,Gerente financeiro,61,89293418785
Rafael Carvalho Dias,rafael.carvalho.dias.6405@example.com,Caxias do Sul,Analista de marketing,52,06890498655
Nicolas Monteiro Teixeira,nicolas.monteiro.teixeira.6406@example.com,Florianópolis,Analista financeiro,45,34171673789
Aline Cardoso Almeida,aline.cardoso.almeida.6407@example.com,Uberlândia,Gerente de tecnologia,35,27910708215
Leonardo Silva Oliveira,leonardo.silva.oliveira.6408@example.com,São Paulo,Assistente administrativo,48,40498983387
Sérgio Gomes Lima,sergio.gomes.lima.6409@example.com,Maringá,Enfermeiro,48,54641425539
Juliana Ribeiro Souza,juliana.ribeiro.souza.6410@example.com,Vitória,Coordenador de produção,39,24304730974
Simone Fernandes Rodrigues,simone.fernandes.rodrigues.6411@example.com,Florianópolis,Jornalista,20,06460580551
Gustavo Monteiro Carvalho,gustavo.monteiro.carvalho.6412@example.com,Fortaleza,Corretor de imóveis,50,96426026248
Ana Martins Carvalho,ana.martins.carvalho.6413@example.com,Vitória,Diretor de operações,30,67461492538
Henrique Fernandes Dias,henrique.fernandes.dias.6414@example.com,Niterói,Auxiliar de produção,31,92481996104
Mariana Mendes Dias,mariana.mendes.dias.6415@example.com,Natal,Supervisor de atendimento,22,02640823000
Camila Silva Ribeiro,camila.silva.ribeiro.6416@example.com,Joinville,Analista de marketing,20,48791109621
Luana Dias Rocha,luana.dias.rocha.6417@example.com,Santos,Designer gráfico,69,78828141734
Priscila Cardoso Rocha,priscila.cardoso.rocha.6418@example.com,Manaus,Supervisor de vendas,39,54942011741
José Martins Martins,jose.martins.martins.6419@example.com,Campinas,Supervisor de manutenção,36,97624701051
Thiago Fernandes Nascimento,thiago.fernandes.nascimento.6420@example.com,Fortaleza,Operador de caixa,59,03983657852
Eduardo Rocha Barbosa,eduardo.rocha.barbosa.6421@example.com,Niterói,Mecânico,61,13096878394
Amanda Araújo Alves,amanda.araujo.alves.6422@example.com,Santos,Eletricista,26,86309364565
Gabriel Souza Ribeiro,gabriel.souza.ribeiro.6423@example.com,São Paulo,Professor,70,15619836155
Débora Souza Oliveira,debora.souza.oliveira.6424@example.com,Rondonópolis,Fisioterapeuta,34,11356447779
Carlos Pereira Nascimento,carlos.pereira.nascimento.6425@example.com,Joinville,Enfermeiro,41,30485417441
Vanessa Costa Pereira,vanessa.costa.pereira.6426@example.com,Cuiabá,Técnico de enfermagem,27,78818083110
Mariana Araújo Araújo,mariana.araujo.araujo.6427@example.com,Londrina,Padeiro,61,67255258841
Felipe Costa Nascimento,felipe.costa.nascimento.6428@example.com,Porto Alegre,Pedreiro,42,50311054391
Camila Lima Rodrigues,camila.lima.rodrigues.6429@example.com,Salvador,Contador,37,98701286361
Rafael Freitas Rodrigues,rafael.freitas.rodrigues.6430@example.com,Belo Horizonte,Técnico de segurança do trabalho,55,69705948495
Vinícius Nascimento Rodrigues,vinicius.nascimento.rodrigues.6431@example.com,Dourados,Programador,62,87765742571
Marcelo Rodrigues Santos,marcelo.rodrigues.santos.6432@example.com,Joinville,Supervisor de qualidade,63,33420231506
Débora Carvalho Teixeira,debora.carvalho.teixeira.6433@example.com,São Paulo,Contador,42,25407236461
Daniela Rocha Alves,daniela.rocha.alves.6434@example.com,Fortaleza,Técnico de enfermagem,33,53926070066
Gustavo Martins Alves,gustavo.martins.alves.6435@example.com,Salvador,Gerente de recursos humanos,48,36783758259
Letícia Monteiro Barros,leticia.monteiro.barros.6436@example.com,Rio de Janeiro,Pedreiro,25,05105354182
Henrique Silva Fernandes,henrique.silva.fernandes.6437@example.com,Campinas,Diretor de operações,20,89873682687
Daniela Almeida Rocha,daniela.almeida.rocha.6438@example.com,Belo Horizonte,Fisioterapeuta,21,17153939623
Sandra Freitas Araújo,sandra.freitas.araujo.6439@example.com,Belém,Diretor comercial,69,97201246675
Marcelo Alves Gomes,marcelo.alves.gomes.6440@example.com,Sorocaba,Estoquista,32,69214383876
Patrícia Carvalho Monteiro,patricia.carvalho.monteiro.6441@example.com,Goiânia,Supervisor de manutenção,38,34783883758
Thiago Castro Moreira,thiago.castro.moreira.6442@example.com,Fortaleza,Diretor comercial,57,55146700343
Amanda Freitas Alves,amanda.freitas.alves.6443@example.com,Londrina,Supervisor de vendas,51,96488677514
Fernanda Freitas Monteiro,fernanda.freitas.monteiro.6444@example.com,Recife,Gerente financeiro,29,32476776889
Ana Barbosa Castro,ana.barbosa.castro.6445@example.com,Manaus,Técnico em informática,18,71816783419
Ana Carvalho Carvalho,ana.carvalho.carvalho.6446@example.com,Niterói,Assistente comercial,55,62156395393
Amanda Santos Rocha,amanda.santos.rocha.6447@example.com,Belo Horizonte,Pedreiro,55,72850612774
Felipe Martins Monteiro,felipe.martins.monteiro.6448@example.com,Belém,Diretor comercial,21,03188919011
Letícia Monteiro Teixeira,leticia.monteiro.teixeira.6449@example.com,Rio de Janeiro,Analista financeiro,62,52241030668
Rafael Nascimento Mendes,rafael.nascimento.mendes.6450@example.com,Joinville,Coordenador de produção,41,77718646349
Vitória Gomes Silva,vitoria.gomes.silva.6451@example.com,Uberlândia,Programador,48,83560352440
Marcelo Mendes Lima,marcelo.mendes.lima.6452@example.com,Curitiba,Gerente de operações,69,32491581552
Gabriela Nascimento Barbosa,gabriela.nascimento.barbosa.6453@example.com,Belém,Técnico de enfermagem,45,73602300398
Daniela Rocha Pereira,daniela.rocha.pereira.6454@example.com,Maringá,Recepcionista,35,27474041841
Thiago Oliveira Martins,thiago.oliveira.martins.6455@example.com,Dourados,Padeiro,58,10223163349
Leonardo Nascimento Monteiro,leonardo.nascimento.monteiro.6456@example.com,Dourados,Atendente,31,34907242070
Diego Ribeiro Souza,diego.ribeiro.souza.6457@example.com,Maringá,Estoquista,60,47639102020
Vinícius Carvalho Cardoso,vinicius.carvalho.cardoso.6458@example.com,Campinas,Auxiliar de produção,24,86980667339
Sérgio Dias Monteiro,sergio.dias.monteiro.6459@example.com,Campo Grande,Corretor de imóveis,70,46041858541
Fernanda Martins Freitas,fernanda.martins.freitas.6460@example.com,Campinas,Comprador,54,58724719051
Diego Costa Castro,diego.costa.castro.6461@example.com,Salvador,Engenheiro civil,32,95947974913
Tatiane Gomes Araújo,tatiane.gomes.araujo.6462@example.com,Rondonópolis,Supervisor de qualidade,52,17274248892
Ricardo Santos Souza,ricardo.santos.souza.6463@example.com,Santos,Analista financeiro,46,49076632601
Rafael Fernandes Carvalho,rafael.fernandes.carvalho.6464@example.com,Maringá,Jornalista,37,41229783817
Patrícia Souza Monteiro,patricia.souza.monteiro.6465@example.com,Santos,Coordenador de marketing,68,29230590792
Bruno Santos Silva,bruno.santos.silva.6466@example.com,Fortaleza,Gerente de operações,26,88754044247
Ana Fernandes Rocha,ana.fernandes.rocha.6467@example.com,Rio de Janeiro,Programador,56,64694036395
Sandra Lima Dias,sandra.lima.dias.6468@example.com,Rio de Janeiro,Assistente comercial,70,96848667179
Marcelo Fernandes Araújo,marcelo.fernandes.araujo.6469@example.com,Recife,Nutricionista,28,91684045576
Otávio Barbosa Carvalho,otavio.barbosa.carvalho.6470@example.com,Curitiba,Recepcionista,37,77157547296
Juliana Lima Lima,juliana.lima.lima.6471@example.com,Uberlândia,Advogado,20,44511383546
Gustavo Mendes Souza,gustavo.mendes.souza.6472@example.com,Belém,Estoquista,67,76850479002
Pedro Oliveira Oliveira,pedro.oliveira.oliveira.6473@example.com,Joinville,Assistente administrativo,48,77774240784
Rafael Mendes Cardoso,rafael.mendes.cardoso.6474@example.com,Fortaleza,Padeiro,65,94955013237
Juliana Moreira Pereira,juliana.moreira.pereira.6475@example.com,Londrina,Estoquista,43,20575958803
Gabriela Silva Teixeira,gabriela.silva.teixeira.6476@example.com,Santos,Diretor de operações,36,72243329586
Simone Cardoso Almeida,simone.cardoso.almeida.6477@example.com,Belém,Designer gráfico,64,43054352099
Vinícius Barros Teixeira,vinicius.barros.teixeira.6478@example.com,Porto Alegre,Gerente comercial,47,49467763954
Gustavo Carvalho Silva,gustavo.carvalho.silva.6479@example.com,Campo Grande,Recepcionista,44,13590119039
Simone Freitas Araújo,simone.freitas.araujo.6480@example.com,Porto Alegre,Assistente comercial,54,00533427922
Marcelo Monteiro Nascimento,marcelo.monteiro.nascimento.6481@example.com,Rondonópolis,Pedreiro,67,49793221812
Beatriz Monteiro Gomes,beatriz.monteiro.gomes.6482@example.com,Maringá,Chefe de compras,58,20026877269
Ricardo Freitas Santos,ricardo.freitas.santos.6483@example.com,Rio de Janeiro,Analista de marketing,66,18230113823
Gustavo Costa Nascimento,gustavo.costa.nascimento.6484@example.com,Florianópolis,Coordenador de logística,43,78100901121
Carolina Nascimento Freitas,carolina.nascimento.freitas.6485@example.com,Caxias do Sul,Gerente de recursos humanos,58,46147036861
Luana Moreira Santos,luana.moreira.santos.6486@example.com,Vitória,Analista financeiro,24,15185043296
Daniela Almeida Santos,daniela.almeida.santos.6487@example.com,Brasília,Gerente de operações,66,65021184043
Letícia Souza Lima,leticia.souza.lima.6488@example.com,Sorocaba,Gerente de tecnologia,69,67476524035
Sandra Mendes Nascimento,sandra.mendes.nascimento.6489@example.com,Rondonópolis,Auxiliar de produção,48,60795194742
Larissa Santos Araújo,larissa.santos.araujo.6490@example.com,Brasília,Eletricista,55,82370057115
Igor Castro Almeida,igor.castro.almeida.6491@example.com,Sorocaba,Gerente comercial,58,21337108016
Priscila Freitas Pereira,priscila.freitas.pereira.6492@example.com,Belo Horizonte,Analista financeiro,35,38199339792
Vitória Freitas Souza,vitoria.freitas.souza.6493@example.com,Salvador,Enfermeiro,69,26378129881
José Castro Cardoso,jose.castro.cardoso.6494@example.com,Fortaleza,Diretor de operações,29,31009071240
Vanessa Cardoso Silva,vanessa.cardoso.silva.6495@example.com,Natal,Mecânico,33,61778921240
Ricardo Silva Araújo,ricardo.silva.araujo.6496@example.com,Uberlândia,Advogado,56,48143507097
Bruno Gomes Barros,bruno.gomes.barros.6497@example.com,Dourados,Diretor de operações,67,67280577269
Pedro Rocha Lima,pedro.rocha.lima.6498@example.com,Manaus,Auxiliar de produção,53,90056579759
Juliana Gomes Gomes,juliana.gomes.gomes.6499@example.com,Fortaleza,Recepcionista,42,74174132324
Aline Rocha Alves,aline.rocha.alves.6500@example.com,Belo Horizonte,Engenheiro civil,38,98472391118
Aline Lima Lima,aline.lima.lima.6501@example.com,Maringá,Enfermeiro,18,63483512692
Rafael Rodrigues Teixeira,rafael.rodrigues.teixeira.6502@example.com,Recife,Encarregado de produção,28,98015508940
Carolina Pereira Freitas,carolina.pereira.freitas.6503@example.com,Cuiabá,Supervisor de qualidade,55,18439119415
Renata Alves Mendes,renata.alves.mendes.6504@example.com,Uberlândia,Líder de equipe,57,51840621399
Renata Fernandes Araújo,renata.fernandes.araujo.6505@example.com,Manaus,Corretor de imóveis,38,72574054762
Ricardo Castro Nascimento,ricardo.castro.nascimento.6506@example.com,Uberlândia,Professor,32,50620750376
Débora Silva Teixeira,debora.silva.teixeira.6507@example.com,Brasília,Chefe de compras,53,98873933400
Carlos Gomes Teixeira,carlos.gomes.teixeira.6508@example.com,Campinas,Eletricista,58,43765073486
Bruno Alves Oliveira,bruno.alves.oliveira.6509@example.com,Belém,Designer gráfico,40,16686945028
Igor Gomes Rocha,igor.gomes.rocha.6510@example.com,Joinville,Recepcionista,63,64997143525
Daniela Teixeira Araújo,daniela.teixeira.araujo.6511@example.com,Belo Horizonte,Auxiliar de produção,30,82493592855
Carolina Rocha Monteiro,carolina.rocha.monteiro.6512@example.com,Porto Alegre,Professor,65,35701723389
Carolina Araújo Barros,carolina.araujo.barros.6513@example.com,Londrina,Coordenador administrativo,29,41889857310
Camila Barros Gomes,camila.barros.gomes.6514@example.com,Campinas,Padeiro,31,69704209547
Rafael Mendes Mendes,rafael.mendes.mendes.6515@example.com,Dourados,Técnico de segurança do trabalho,20,98474542377
Daniela Fernandes Freitas,daniela.fernandes.freitas.6516@example.com,Manaus,Engenheiro civil,42,48118564951
Camila Alves Rodrigues,camila.alves.rodrigues.6517@example.com,Sorocaba,Operador de caixa,54,33764886360
José Castro Barbosa,jose.castro.barbosa.6518@example.com,Vitória,Gerente de operações,46,85294718714
João Alves Ribeiro,joao.alves.ribeiro.6519@example.com,Campinas,Diretor de operações,21,80883401367
Igor Fernandes Araújo,igor.fernandes.araujo.6520@example.com,Sorocaba,Estoquista,33,29225066641
Letícia Costa Pereira,leticia.costa.pereira.6521@example.com,Maringá,Fisioterapeuta,49,57951237926
Bruno Cardoso Souza,bruno.cardoso.souza.6522@example.com,Natal,Coordenador administrativo,30,59627818766
Patrícia Ribeiro Pereira,patricia.ribeiro.pereira.6523@example.com,Campinas,Analista financeiro,52,55004083607
Vinícius Barros Dias,vinicius.barros.dias.6524@example.com,Joinville,Designer gráfico,67,42997162496
Mariana Fernandes Fernandes,mariana.fernandes.fernandes.6525@example.com,Campo Grande,Vendedor,65,22353834116
Amanda Teixeira Souza,amanda.teixeira.souza.6526@example.com,Campinas,Recepcionista,29,57991996727
Renata Alves Mendes,renata.alves.mendes.6527@example.com,Joinville,Estoquista,56,70036398285
Igor Rocha Moreira,igor.rocha.moreira.6528@example.com,Rondonópolis,Atendente,29,24263749883
Beatriz Martins Ribeiro,beatriz.martins.ribeiro.6529@example.com,Campinas,Recepcionista,55,72703630334
Bruno Souza Teixeira,bruno.souza.teixeira.6530@example.com,Recife,Advogado,63,93991404473
Sandra Almeida Ribeiro,sandra.almeida.ribeiro.6531@example.com,Belo Horizonte,Vendedor,18,06097290554
Vinícius Martins Lima,vinicius.martins.lima.6532@example.com,Campinas,Coordenador de marketing,28,65751709152
Lucas Rodrigues Rodrigues,lucas.rodrigues.rodrigues.6533@example.com,Campo Grande,Engenheiro civil,35,73958334862
Luana Carvalho Pereira,luana.carvalho.pereira.6534@example.com,Brasília,Designer gráfico,21,66429238631
Letícia Monteiro Dias,leticia.monteiro.dias.6535@example.com,Salvador,Corretor de imóveis,34,67052899299
Fernanda Barros Pereira,fernanda.barros.pereira.6536@example.com,Belo Horizonte,Auxiliar de produção,23,31894038291
João Silva Cardoso,joao.silva.cardoso.6537@example.com,São Paulo,Chefe de compras,38,07526269847
Juliana Dias Fernandes,juliana.dias.fernandes.6538@example.com,Recife,Vendedor,27,31153786542
Mariana Martins Barros,mariana.martins.barros.6539@example.com,Brasília,Analista de marketing,65,79838989116
Henrique Fernandes Lima,henrique.fernandes.lima.6540@example.com,Belo Horizonte,Gerente de recursos humanos,42,76699290323
Vinícius Nascimento Moreira,vinicius.nascimento.moreira.6541@example.com,Belém,Farmacêutico,37,58091215432
Bruno Souza Cardoso,bruno.souza.cardoso.6542@example.com,Campinas,Cozinheiro,56,66635461324
Beatriz Rodrigues Oliveira,beatriz.rodrigues.oliveira.6543@example.com,Salvador,Diretor comercial,69,91103899281
Pedro Lima Rodrigues,pedro.lima.rodrigues.6544@example.com,Santos,Motorista,20,66133903927
Beatriz Rodrigues Dias,beatriz.rodrigues.dias.6545@example.com,Caxias do Sul,Diretor de operações,48,33320024434
Sérgio Barros Silva,sergio.barros.silva.6546@example.com,São Paulo,Arquiteto,52,69903773810
Vanessa Araújo Souza,vanessa.araujo.souza.6547@example.com,Curitiba,Corretor de imóveis,28,90844008167
Priscila Cardoso Cardoso,priscila.cardoso.cardoso.6548@example.com,Santos,Chefe de almoxarifado,65,02421369754
Fernanda Teixeira Santos,fernanda.teixeira.santos.6549@example.com,Salvador,Pedreiro,66,83623291775
Simone Santos Mendes,simone.santos.mendes.6550@example.com,Rondonópolis,Professor,34,37849574760
Sandra Souza Barbosa,sandra.souza.barbosa.6551@example.com,Recife,Farmacêutico,58,94078058447
Camila Gomes Barros,camila.gomes.barros.6552@example.com,São Paulo,Gerente de recursos humanos,24,52892904404
José Lima Carvalho,jose.lima.carvalho.6553@example.com,Recife,Enfermeiro,58,45096545383
Aline Santos Carvalho,aline.santos.carvalho.6554@example.com,Brasília,Operador de caixa,20,46161116915
Renata Moreira Dias,renata.moreira.dias.6555@example.com,Santos,Analista de recursos humanos,21,01919179488
Otávio Freitas Araújo,otavio.freitas.araujo.6556@example.com,Salvador,Técnico em informática,23,68164175991
Débora Teixeira Costa,debora.teixeira.costa.6557@example.com,Dourados,Contador,34,58400158109
Tatiane Alves Martins,tatiane.alves.martins.6558@example.com,Dourados,Recepcionista,62,27529759011
Priscila Souza Fernandes,priscila.souza.fernandes.6559@example.com,Belém,Gerente financeiro,33,40303303768
Fernanda Nascimento Pereira,fernanda.nascimento.pereira.6560@example.com,Natal,Programador,25,73558566072
Fernanda Pereira Oliveira,fernanda.pereira.oliveira.6561@example.com,Salvador,Operador de caixa,55,59350807402
Felipe Almeida Gomes,felipe.almeida.gomes.6562@example.com,Natal,Corretor de imóveis,55,33360178028
Felipe Araújo Dias,felipe.araujo.dias.6563@example.com,Cuiabá,Padeiro,31,05056867946
Vinícius Pereira Teixeira,vinicius.pereira.teixeira.6564@example.com,Santos,Técnico de enfermagem,35,69782536581
Henrique Dias Teixeira,henrique.dias.teixeira.6565@example.com,Goiânia,Operador de caixa,41,07620572784
Tatiane Silva Lima,tatiane.silva.lima.6566@example.com,Campinas,Contador,18,19429973763
Carolina Mendes Oliveira,carolina.mendes.oliveira.6567@example.com,Manaus,Coordenador de marketing,59,04005848267
Juliana Rodrigues Barbosa,juliana.rodrigues.barbosa.6568@example.com,Goiânia,Enfermeiro,29,26466320455
Pedro Barbosa Barbosa,pedro.barbosa.barbosa.6569@example.com,Rio de Janeiro,Analista financeiro,23,53728610019
Carlos Martins Freitas,carlos.martins.freitas.6570@example.com,Niterói,Gerente comercial,40,35105406400
Tatiane Monteiro Dias,tatiane.monteiro.dias.6571@example.com,Cuiabá,Líder de equipe,61,63851995771
João Monteiro Silva,joao.monteiro.silva.6572@example.com,Goiânia,Engenheiro civil,42,86801049996
Marcelo Monteiro Souza,marcelo.monteiro.souza.6573@example.com,Recife,Gerente financeiro,69,66136053376
Felipe Martins Ribeiro,felipe.martins.ribeiro.6574@example.com,São Paulo,Contador,69,49079674826
Renata Barros Rocha,renata.barros.rocha.6575@example.com,Santos,Gerente comercial,48,18076583787
Débora Araújo Barros,debora.araujo.barros.6576@example.com,Recife,Chefe de almoxarifado,41,92873664772
Carlos Mendes Freitas,carlos.mendes.freitas.6577@example.com,Curitiba,Assistente comercial,20,83953422341
Henrique Araújo Cardoso,henrique.araujo.cardoso.6578@example.com,Maringá,Mecânico,28,98315756896
Gabriel Barros Moreira,gabriel.barros.moreira.6579@example.com,Campo Grande,Farmacêutico,61,15238997658
Patrícia Rodrigues Almeida,patricia.rodrigues.almeida.6580@example.com,Manaus,Chefe de compras,21,28818466047
Gustavo Lima Martins,gustavo.lima.martins.6581@example.com,Campinas,Técnico em informática,55,19135682619
Nicolas Almeida Pereira,nicolas.almeida.pereira.6582@example.com,Manaus,Professor,34,24537720333
Igor Silva Ribeiro,igor.silva.ribeiro.6583@example.com,Niterói,Supervisor de manutenção,64,29615816675
Renata Silva Cardoso,renata.silva.cardoso.6584@example.com,Natal,Estoquista,18,33022759969
Thiago Cardoso Barros,thiago.cardoso.barros.6585@example.com,Sorocaba,Designer gráfico,60,87583374522
Diego Castro Martins,diego.castro.martins.6586@example.com,São Paulo,Nutricionista,49,20419103868
Igor Pereira Oliveira,igor.pereira.oliveira.6587@example.com,Niterói,Nutricionista,35,61639563502
Camila Oliveira Martins,camila.oliveira.martins.6588@example.com,Salvador,Diretor de operações,65,61402145211
Fernanda Cardoso Rodrigues,fernanda.cardoso.rodrigues.6589@example.com,Rio de Janeiro,Pedreiro,29,03459425462
Fernanda Carvalho Barros,fernanda.carvalho.barros.6590@example.com,Santos,Vendedor,67,12342351374
Felipe Alves Mendes,felipe.alves.mendes.6591@example.com,Salvador,Encarregado de produção,41,63989444488
Otávio Alves Rocha,otavio.alves.rocha.6592@example.com,Cuiabá,Arquiteto,30,18759856869
Otávio Castro Monteiro,otavio.castro.monteiro.6593@example.com,Niterói,Recepcionista,30,39423474403
Luana Lima Teixeira,luana.lima.teixeira.6594@example.com,Brasília,Encarregado de produção,46,98608105937
Ana Costa Teixeira,ana.costa.teixeira.6595@example.com,Caxias do Sul,Coordenador de marketing,64,03066533831
Vanessa Costa Santos,vanessa.costa.santos.6596@example.com,Curitiba,Coordenador de produção,69,67860094381
João Martins Carvalho,joao.martins.carvalho.6597@example.com,Sorocaba,Arquiteto,59,38610306789
Amanda Almeida Lima,amanda.almeida.lima.6598@example.com,Uberlândia,Assistente administrativo,39,92729446846
Lucas Pereira Pereira,lucas.pereira.pereira.6599@example.com,Cuiabá,Operador de caixa,46,97115951477
Mariana Rocha Nascimento,mariana.rocha.nascimento.6600@example.com,Caxias do Sul,Analista financeiro,36,32111732951
Thiago Silva Barros,thiago.silva.barros.6601@example.com,Sorocaba,Cozinheiro,23,05123977331
Carolina Mendes Teixeira,carolina.mendes.teixeira.6602@example.com,Caxias do Sul,Analista de recursos humanos,62,87735850704
Mariana Martins Rodrigues,mariana.martins.rodrigues.6603@example.com,Brasília,Fisioterapeuta,68,63684005862
Larissa Teixeira Moreira,larissa.teixeira.moreira.6604@example.com,Fortaleza,Coordenador administrativo,42,42092282687
Marcelo Santos Rodrigues,marcelo.santos.rodrigues.6605@example.com,Sorocaba,Analista de dados,49,16274869464
Lucas Freitas Rodrigues,lucas.freitas.rodrigues.6606@example.com,Londrina,Gerente financeiro,56,77213288421
Igor Teixeira Souza,igor.teixeira.souza.6607@example.com,Uberlândia,Analista de dados,57,53238681398
Juliana Mendes Rocha,juliana.mendes.rocha.6608@example.com,Campo Grande,Arquiteto,68,82917783580
Beatriz Moreira Pereira,beatriz.moreira.pereira.6609@example.com,Santos,Líder de equipe,48,58609373672
Daniela Oliveira Gomes,daniela.oliveira.gomes.6610@example.com,Goiânia,Operador de caixa,47,44492840841
Diego Teixeira Castro,diego.teixeira.castro.6611@example.com,Niterói,Analista de dados,58,73801851076
Marcelo Alves Pereira,marcelo.alves.pereira.6612@example.com,Uberlândia,Cozinheiro,44,60877633607
Paulo Teixeira Ribeiro,paulo.teixeira.ribeiro.6613@example.com,Sorocaba,Advogado,38,03476840082
Larissa Pereira Mendes,larissa.pereira.mendes.6614@example.com,Belém,Mecânico,53,78931204433
Otávio Barbosa Rocha,otavio.barbosa.rocha.6615@example.com,Natal,Motorista,38,88148823481
Letícia Barros Silva,leticia.barros.silva.6616@example.com,Brasília,Farmacêutico,22,83600500922
Ana Mendes Souza,ana.mendes.souza.6617@example.com,Natal,Supervisor de qualidade,62,54129415341
Mariana Silva Barros,mariana.silva.barros.6618@example.com,São Paulo,Programador,65,43741523340
José Ribeiro Fernandes,jose.ribeiro.fernandes.6619@example.com,Uberlândia,Pedreiro,20,00878238421
Renata Dias Araújo,renata.dias.araujo.6620@example.com,Recife,Enfermeiro,31,76282498770
Amanda Rocha Gomes,amanda.rocha.gomes.6621@example.com,Belém,Analista financeiro,32,95667777871
Diego Barros Monteiro,diego.barros.monteiro.6622@example.com,Florianópolis,Estoquista,44,76165988883
Gustavo Rocha Freitas,gustavo.rocha.freitas.6623@example.com,Manaus,Recepcionista,49,95772993195
Juliana Araújo Carvalho,juliana.araujo.carvalho.6624@example.com,Niterói,Mecânico,55,86280672989
Renata Rocha Souza,renata.rocha.souza.6625@example.com,Joinville,Analista de dados,63,44585021048
Mariana Dias Santos,mariana.dias.santos.6626@example.com,São Paulo,Arquiteto,43,47708666718
Débora Barros Gomes,debora.barros.gomes.6627@example.com,Sorocaba,Supervisor de atendimento,44,35450288009
Tatiane Lima Mendes,tatiane.lima.mendes.6628@example.com,Recife,Técnico de enfermagem,33,31824307662
Renata Moreira Nascimento,renata.moreira.nascimento.6629@example.com,Belém,Analista de marketing,61,31854196585
Otávio Lima Santos,otavio.lima.santos.6630@example.com,Salvador,Chefe de almoxarifado,30,84534016652
João Alves Rodrigues,joao.alves.rodrigues.6631@example.com,Vitória,Diretor comercial,60,06815008537
Gustavo Rocha Almeida,gustavo.rocha.almeida.6632@example.com,Fortaleza,Analista financeiro,29,64340236060
Vinícius Monteiro Alves,vinicius.monteiro.alves.6633@example.com,Vitória,Operador de caixa,21,13867604790
Thiago Cardoso Araújo,thiago.cardoso.araujo.6634@example.com,Porto Alegre,Encarregado de produção,44,19212021071
Felipe Gomes Santos,felipe.gomes.santos.6635@example.com,Salvador,Gerente comercial,46,65132279974
Juliana Gomes Martins,juliana.gomes.martins.6636@example.com,Cuiabá,Motorista,20,03674016574
Ana Costa Gomes,ana.costa.gomes.6637@example.com,Manaus,Mecânico,50,59767380981
Fernanda Gomes Mendes,fernanda.gomes.mendes.6638@example.com,Rondonópolis,Recepcionista,28,99209585427
Gabriel Barbosa Souza,gabriel.barbosa.souza.6639@example.com,Santos,Nutricionista,51,38874031894
Carolina Silva Gomes,carolina.silva.gomes.6640@example.com,Santos,Pedreiro,49,66819890413
Ricardo Monteiro Barbosa,ricardo.monteiro.barbosa.6641@example.com,Niterói,Recepcionista,19,61318920035
Fernanda Pereira Fernandes,fernanda.pereira.fernandes.6642@example.com,Sorocaba,Engenheiro civil,21,66263723047
Simone Alves Pereira,simone.alves.pereira.6643@example.com,Florianópolis,Diretor comercial,55,18032353204
Igor Souza Araújo,igor.souza.araujo.6644@example.com,Santos,Analista de recursos humanos,40,66003617827
Renata Dias Costa,renata.dias.costa.6645@example.com,Natal,Técnico em informática,31,74343961725
Thiago Costa Souza,thiago.costa.souza.6646@example.com,Goiânia,Designer gráfico,22,01055472478
Sandra Barros Almeida,sandra.barros.almeida.6647@example.com,Uberlândia,Nutricionista,19,79015404549
Vitória Dias Pereira,vitoria.dias.pereira.6648@example.com,Curitiba,Assistente comercial,31,89624028652
Diego Teixeira Fernandes,diego.teixeira.fernandes.6649@example.com,Uberlândia,Técnico de segurança do trabalho,37,37163341769
Vitória Cardoso Mendes,vitoria.cardoso.mendes.6650@example.com,Manaus,Engenheiro civil,68,71086069099
Rafael Cardoso Freitas,rafael.cardoso.freitas.6651@example.com,Belém,Gerente de recursos humanos,53,39644491658
Tatiane Rocha Teixeira,tatiane.rocha.teixeira.6652@example.com,Florianópolis,Eletricista,60,75670952608
Eduardo Nascimento Silva,eduardo.nascimento.silva.6653@example.com,Santos,Analista de dados,66,54512702432
Nicolas Gomes Almeida,nicolas.gomes.almeida.6654@example.com,Porto Alegre,Mecânico,63,56776122929
Henrique Nascimento Barbosa,henrique.nascimento.barbosa.6655@example.com,Natal,Estoquista,19,62995119588
Fernanda Mendes Araújo,fernanda.mendes.araujo.6656@example.com,Recife,Supervisor de manutenção,41,49379531375
Débora Mendes Lima,debora.mendes.lima.6657@example.com,Goiânia,Assistente administrativo,33,63873122390
Nicolas Souza Monteiro,nicolas.souza.monteiro.6658@example.com,Rondonópolis,Engenheiro civil,50,87717772416
Nicolas Alves Almeida,nicolas.alves.almeida.6659@example.com,Uberlândia,Assistente comercial,59,20269548932
Gabriel Rocha Nascimento,gabriel.rocha.nascimento.6660@example.com,Joinville,Analista de marketing,20,78174589732
Vitória Fernandes Silva,vitoria.fernandes.silva.6661@example.com,Rondonópolis,Designer gráfico,64,44220983421
Gabriel Dias Pereira,gabriel.dias.pereira.6662@example.com,Vitória,Gerente de tecnologia,41,43918219319
Marcelo Rocha Araújo,marcelo.rocha.araujo.6663@example.com,Dourados,Chefe de departamento pessoal,57,95786033188
Rafael Castro Barbosa,rafael.castro.barbosa.6664@example.com,Santos,Coordenador de produção,34,03266611163
Fernanda Lima Teixeira,fernanda.lima.teixeira.6665@example.com,Natal,Padeiro,18,11220826672
Rafael Silva Gomes,rafael.silva.gomes.6666@example.com,Brasília,Coordenador de logística,34,70499455329
Ricardo Teixeira Dias,ricardo.teixeira.dias.6667@example.com,Salvador,Supervisor de manutenção,31,64009632296
Carlos Rodrigues Martins,carlos.rodrigues.martins.6668@example.com,Brasília,Professor,47,21280432316
Larissa Ribeiro Rocha,larissa.ribeiro.rocha.6669@example.com,Campinas,Coordenador administrativo,38,43104206577
Lucas Teixeira Almeida,lucas.teixeira.almeida.6670@example.com,São Paulo,Diretor comercial,68,99069525623
Patrícia Araújo Silva,patricia.araujo.silva.6671@example.com,Maringá,Gerente financeiro,45,48196432142
José Carvalho Nascimento,jose.carvalho.nascimento.6672@example.com,Cuiabá,Enfermeiro,18,32640762947
Felipe Castro Castro,felipe.castro.castro.6673@example.com,Belém,Engenheiro civil,64,88962556967
Carolina Monteiro Silva,carolina.monteiro.silva.6674@example.com,Porto Alegre,Eletricista,53,13336206193
Letícia Teixeira Gomes,leticia.teixeira.gomes.6675@example.com,Fortaleza,Técnico em informática,26,81903058517
Juliana Almeida Nascimento,juliana.almeida.nascimento.6676@example.com,Londrina,Gerente financeiro,66,55719791517
Amanda Teixeira Ribeiro,amanda.teixeira.ribeiro.6677@example.com,São Paulo,Gerente comercial,59,51666243388
Mariana Carvalho Costa,mariana.carvalho.costa.6678@example.com,Rondonópolis,Analista financeiro,57,38506796294
Bruno Rocha Alves,bruno.rocha.alves.6679@example.com,Florianópolis,Advogado,64,31530030457
Ricardo Rocha Barros,ricardo.rocha.barros.6680@example.com,Florianópolis,Eletricista,42,68732710087
Vitória Teixeira Moreira,vitoria.teixeira.moreira.6681@example.com,Santos,Comprador,68,87201467544
Sérgio Gomes Moreira,sergio.gomes.moreira.6682@example.com,Natal,Coordenador administrativo,52,71458594143
Nicolas Santos Monteiro,nicolas.santos.monteiro.6683@example.com,Fortaleza,Mecânico,45,09785158040
Bruno Lima Dias,bruno.lima.dias.6684@example.com,Niterói,Engenheiro civil,23,91605618662
Otávio Ribeiro Rocha,otavio.ribeiro.rocha.6685@example.com,Natal,Encarregado de produção,68,82450975815
Aline Castro Rocha,aline.castro.rocha.6686@example.com,Curitiba,Pedreiro,24,34087099007
Simone Fernandes Barros,simone.fernandes.barros.6687@example.com,Florianópolis,Padeiro,52,73320844011
Rafael Fernandes Carvalho,rafael.fernandes.carvalho.6688@example.com,Sorocaba,Gerente comercial,53,54459590159
Sandra Alves Rocha,sandra.alves.rocha.6689@example.com,Campo Grande,Técnico de enfermagem,20,44353923472
Nicolas Gomes Lima,nicolas.gomes.lima.6690@example.com,Dourados,Supervisor de vendas,54,74304201546
Amanda Gomes Souza,amanda.gomes.souza.6691@example.com,Natal,Gerente de recursos humanos,35,30713965682
Sérgio Silva Monteiro,sergio.silva.monteiro.6692@example.com,Niterói,Arquiteto,22,28007344821
Otávio Araújo Martins,otavio.araujo.martins.6693@example.com,Dourados,Gerente de recursos humanos,37,39011900146
Sérgio Freitas Alves,sergio.freitas.alves.6694@example.com,Natal,Coordenador de produção,69,94346541155
Débora Silva Pereira,debora.silva.pereira.6695@example.com,Belo Horizonte,Coordenador de marketing,64,53605080363
Patrícia Oliveira Almeida,patricia.oliveira.almeida.6696@example.com,Niterói,Atendente,20,30984762251
Bruno Nascimento Silva,bruno.nascimento.silva.6697@example.com,Joinville,Técnico em informática,61,68409935644
Vitória Barbosa Souza,vitoria.barbosa.souza.6698@example.com,Campinas,Chefe de compras,41,49822091962
Letícia Monteiro Santos,leticia.monteiro.santos.6699@example.com,Belém,Assistente comercial,38,79335904225
Vitória Santos Mendes,vitoria.santos.mendes.6700@example.com,Campinas,Supervisor de qualidade,32,05913942534
Leonardo Ribeiro Monteiro,leonardo.ribeiro.monteiro.6701@example.com,Brasília,Operador de caixa,62,34999134811
Lucas Castro Carvalho,lucas.castro.carvalho.6702@example.com,Fortaleza,Diretor comercial,51,44966533961
Rafael Martins Santos,rafael.martins.santos.6703@example.com,Niterói,Engenheiro civil,36,40565668273
Larissa Nascimento Moreira,larissa.nascimento.moreira.6704@example.com,Sorocaba,Coordenador de logística,58,99070508250
Ana Fernandes Castro,ana.fernandes.castro.6705@example.com,Maringá,Supervisor de qualidade,70,27901210978
Juliana Fernandes Ribeiro,juliana.fernandes.ribeiro.6706@example.com,Manaus,Nutricionista,39,58894403722
Carolina Castro Silva,carolina.castro.silva.6707@example.com,Brasília,Padeiro,27,28797937867
Tatiane Castro Silva,tatiane.castro.silva.6708@example.com,Natal,Encarregado de produção,33,20435272110
Gabriel Freitas Dias,gabriel.freitas.dias.6709@example.com,Recife,Farmacêutico,32,51369121452
Débora Freitas Monteiro,debora.freitas.monteiro.6710@example.com,Londrina,Analista de dados,19,64092419950
Daniela Mendes Silva,daniela.mendes.silva.6711@example.com,Rio de Janeiro,Eletricista,68,31508057391
Ricardo Fernandes Rocha,ricardo.fernandes.rocha.6712@example.com,Curitiba,Técnico de enfermagem,60,85240306401
Leonardo Carvalho Alves,leonardo.carvalho.alves.6713@example.com,Campinas,Supervisor de atendimento,40,96152242320
Thiago Nascimento Lima,thiago.nascimento.lima.6714@example.com,Joinville,Comprador,52,96049087200
Thiago Freitas Teixeira,thiago.freitas.teixeira.6715@example.com,Rondonópolis,Nutricionista,28,39285551495
Letícia Fernandes Gomes,leticia.fernandes.gomes.6716@example.com,Niterói,Analista de dados,38,84371073701
Vinícius Souza Pereira,vinicius.souza.pereira.6717@example.com,Belém,Arquiteto,44,88582600285
Vanessa Gomes Monteiro,vanessa.gomes.monteiro.6718@example.com,Goiânia,Auxiliar de produção,39,74407812291
Paulo Barros Carvalho,paulo.barros.carvalho.6719@example.com,Maringá,Eletricista,56,50045742492
Vanessa Almeida Oliveira,vanessa.almeida.oliveira.6720@example.com,Curitiba,Padeiro,40,53796333944
João Almeida Nascimento,joao.almeida.nascimento.6721@example.com,Cuiabá,Supervisor de manutenção,54,39803519952
Daniela Dias Lima,daniela.dias.lima.6722@example.com,Vitória,Engenheiro civil,51,39967195702
Amanda Rodrigues Fernandes,amanda.rodrigues.fernandes.6723@example.com,Manaus,Comprador,36,41069447690
Beatriz Barros Fernandes,beatriz.barros.fernandes.6724@example.com,Vitória,Técnico de enfermagem,40,27377516151
Aline Carvalho Souza,aline.carvalho.souza.6725@example.com,Manaus,Designer gráfico,34,23173698648
Letícia Moreira Dias,leticia.moreira.dias.6726@example.com,Curitiba,Coordenador de produção,30,43212521498
Camila Freitas Carvalho,camila.freitas.carvalho.6727@example.com,São Paulo,Cozinheiro,38,36497911302
Daniela Alves Rodrigues,daniela.alves.rodrigues.6728@example.com,Uberlândia,Coordenador administrativo,67,66470103312
Tatiane Silva Monteiro,tatiane.silva.monteiro.6729@example.com,Maringá,Técnico de enfermagem,64,26522845355
Sérgio Carvalho Castro,sergio.carvalho.castro.6730@example.com,Porto Alegre,Coordenador de produção,57,98168711275
Vanessa Castro Dias,vanessa.castro.dias.6731@example.com,Brasília,Gerente comercial,70,05037091829
Leonardo Alves Araújo,leonardo.alves.araujo.6732@example.com,Florianópolis,Supervisor de manutenção,46,29708631296
Pedro Almeida Mendes,pedro.almeida.mendes.6733@example.com,Campo Grande,Recepcionista,60,72970654208
Débora Silva Rodrigues,debora.silva.rodrigues.6734@example.com,Fortaleza,Gerente de recursos humanos,55,51136591736
Gustavo Carvalho Araújo,gustavo.carvalho.araujo.6735@example.com,Goiânia,Gerente financeiro,39,76289291717
Leonardo Oliveira Martins,leonardo.oliveira.martins.6736@example.com,Dourados,Coordenador de marketing,25,19174322382
Felipe Costa Mendes,felipe.costa.mendes.6737@example.com,Dourados,Analista de dados,67,84116720428
Vanessa Rodrigues Silva,vanessa.rodrigues.silva.6738@example.com,Campo Grande,Advogado,36,82436683605
Vitória Fernandes Souza,vitoria.fernandes.souza.6739@example.com,Florianópolis,Operador de caixa,61,70410311293
Rafael Souza Freitas,rafael.souza.freitas.6740@example.com,Santos,Contador,43,54828930324
Vanessa Rocha Barros,vanessa.rocha.barros.6741@example.com,Joinville,Chefe de almoxarifado,67,98556357461
Renata Barros Carvalho,renata.barros.carvalho.6742@example.com,Campinas,Advogado,46,08193605865
Thiago Teixeira Rodrigues,thiago.teixeira.rodrigues.6743@example.com,Campinas,Coordenador de produção,37,52343788902
Ricardo Carvalho Oliveira,ricardo.carvalho.oliveira.6744@example.com,Dourados,Supervisor de manutenção,54,60753408950
Daniela Moreira Mendes,daniela.moreira.mendes.6745@example.com,Niterói,Advogado,34,36696571886
Simone Barbosa Rodrigues,simone.barbosa.rodrigues.6746@example.com,Cuiabá,Fisioterapeuta,35,93376186341
Luana Teixeira Rocha,luana.teixeira.rocha.6747@example.com,Natal,Auxiliar de produção,46,70801362697
Gabriela Carvalho Carvalho,gabriela.carvalho.carvalho.6748@example.com,São Paulo,Fisioterapeuta,19,84949756009
Paulo Alves Rocha,paulo.alves.rocha.6749@example.com,Rio de Janeiro,Analista financeiro,51,31513443527
Patrícia Pereira Ribeiro,patricia.pereira.ribeiro.6750@example.com,Porto Alegre,Padeiro,20,28283862733
Carlos Martins Ribeiro,carlos.martins.ribeiro.6751@example.com,Curitiba,Gerente financeiro,57,42000932625
Carlos Lima Rocha,carlos.lima.rocha.6752@example.com,Campinas,Auxiliar de produção,63,47641445631
Nicolas Martins Castro,nicolas.martins.castro.6753@example.com,Santos,Estoquista,41,98469919302
Sandra Barbosa Cardoso,sandra.barbosa.cardoso.6754@example.com,Niterói,Coordenador de logística,49,63645882743
Diego Monteiro Rodrigues,diego.monteiro.rodrigues.6755@example.com,Goiânia,Auxiliar de produção,61,57846949138
Diego Martins Castro,diego.martins.castro.6756@example.com,Cuiabá,Supervisor de atendimento,38,51920728516
Ricardo Silva Costa,ricardo.silva.costa.6757@example.com,Londrina,Técnico de segurança do trabalho,48,06436099202
Beatriz Lima Rodrigues,beatriz.lima.rodrigues.6758@example.com,Florianópolis,Eletricista,41,90520772290
Otávio Rocha Lima,otavio.rocha.lima.6759@example.com,Dourados,Coordenador de marketing,65,39794851760
Aline Alves Teixeira,aline.alves.teixeira.6760@example.com,Maringá,Supervisor de atendimento,61,85217987118
Vanessa Gomes Oliveira,vanessa.gomes.oliveira.6761@example.com,Uberlândia,Chefe de compras,42,08220095581
José Cardoso Martins,jose.cardoso.martins.6762@example.com,Caxias do Sul,Auxiliar de produção,32,21305716976
Rafael Oliveira Teixeira,rafael.oliveira.teixeira.6763@example.com,Sorocaba,Eletricista,43,40005824802
Amanda Silva Nascimento,amanda.silva.nascimento.6764@example.com,Maringá,Líder de equipe,20,69327556862
Thiago Pereira Dias,thiago.pereira.dias.6765@example.com,Porto Alegre,Jornalista,40,27736687438
Vitória Costa Carvalho,vitoria.costa.carvalho.6766@example.com,Goiânia,Farmacêutico,63,36665403997
Luana Freitas Martins,luana.freitas.martins.6767@example.com,Maringá,Operador de caixa,28,23914407585
Camila Araújo Teixeira,camila.araujo.teixeira.6768@example.com,Rio de Janeiro,Atendente,35,05793951690
Vinícius Martins Santos,vinicius.martins.santos.6769@example.com,Rio de Janeiro,Coordenador de marketing,44,22441691137
Ricardo Gomes Araújo,ricardo.gomes.araujo.6770@example.com,Fortaleza,Chefe de almoxarifado,40,93717755603
Marcelo Ribeiro Cardoso,marcelo.ribeiro.cardoso.6771@example.com,Campo Grande,Nutricionista,59,33458195946
Vitória Araújo Mendes,vitoria.araujo.mendes.6772@example.com,Londrina,Coordenador de logística,57,75877119016
Otávio Fernandes Pereira,otavio.fernandes.pereira.6773@example.com,Niterói,Analista financeiro,58,14571196272
Sandra Nascimento Gomes,sandra.nascimento.gomes.6774@example.com,Cuiabá,Assistente administrativo,44,86866279057
Gabriel Oliveira Gomes,gabriel.oliveira.gomes.6775@example.com,Dourados,Supervisor de atendimento,60,17775738248
Ana Mendes Rocha,ana.mendes.rocha.6776@example.com,Salvador,Analista financeiro,55,15845033991
Renata Mendes Castro,renata.mendes.castro.6777@example.com,Caxias do Sul,Recepcionista,47,99775992143
Carlos Cardoso Barbosa,carlos.cardoso.barbosa.6778@example.com,Santos,Supervisor de manutenção,42,45717595727
Carolina Teixeira Freitas,carolina.teixeira.freitas.6779@example.com,Rondonópolis,Gerente de tecnologia,43,46541579301
Henrique Araújo Fernandes,henrique.araujo.fernandes.6780@example.com,Niterói,Programador,68,64129698449
Nicolas Costa Santos,nicolas.costa.santos.6781@example.com,Manaus,Professor,29,93609149711
Eduardo Santos Fernandes,eduardo.santos.fernandes.6782@example.com,Goiânia,Engenheiro civil,25,66512134307
Ricardo Teixeira Rodrigues,ricardo.teixeira.rodrigues.6783@example.com,Sorocaba,Supervisor de manutenção,36,28088673735
Gabriela Santos Barbosa,gabriela.santos.barbosa.6784@example.com,Rio de Janeiro,Engenheiro civil,49,61011203666
Carlos Teixeira Oliveira,carlos.teixeira.oliveira.6785@example.com,São Paulo,Vendedor,32,58872801842
Luana Gomes Pereira,luana.gomes.pereira.6786@example.com,Niterói,Encarregado de produção,45,71060771982
Gabriel Santos Pereira,gabriel.santos.pereira.6787@example.com,Belém,Motorista,31,98557863931
Larissa Costa Pereira,larissa.costa.pereira.6788@example.com,Niterói,Estoquista,48,20938759312
Carolina Almeida Moreira,carolina.almeida.moreira.6789@example.com,Manaus,Nutricionista,39,50706405268
José Fernandes Freitas,jose.fernandes.freitas.6790@example.com,Fortaleza,Gerente financeiro,45,19538432415
Henrique Fernandes Rocha,henrique.fernandes.rocha.6791@example.com,Maringá,Comprador,39,57489011601
Fernanda Nascimento Barbosa,fernanda.nascimento.barbosa.6792@example.com,Salvador,Assistente administrativo,20,32917779509
Eduardo Oliveira Teixeira,eduardo.oliveira.teixeira.6793@example.com,Cuiabá,Gerente de tecnologia,62,70848897949
Tatiane Cardoso Mendes,tatiane.cardoso.mendes.6794@example.com,Goiânia,Recepcionista,27,85802153727
Henrique Mendes Cardoso,henrique.mendes.cardoso.6795@example.com,Belo Horizonte,Jornalista,59,86618392454
Juliana Dias Cardoso,juliana.dias.cardoso.6796@example.com,Manaus,Supervisor de atendimento,64,35982341519
Aline Santos Almeida,aline.santos.almeida.6797@example.com,Salvador,Gerente de recursos humanos,62,54852005627
Simone Barros Castro,simone.barros.castro.6798@example.com,Londrina,Chefe de almoxarifado,53,64640179532
Camila Carvalho Cardoso,camila.carvalho.cardoso.6799@example.com,Dourados,Farmacêutico,48,84723872567
Felipe Carvalho Ribeiro,felipe.carvalho.ribeiro.6800@example.com,Fortaleza,Cozinheiro,23,64961398297
Otávio Rodrigues Barbosa,otavio.rodrigues.barbosa.6801@example.com,Cuiabá,Supervisor de atendimento,43,11407552130
Leonardo Gomes Costa,leonardo.gomes.costa.6802@example.com,Porto Alegre,Pedreiro,70,96017358666
Larissa Gomes Souza,larissa.gomes.souza.6803@example.com,Brasília,Gerente financeiro,44,74406807939
Patrícia Cardoso Nascimento,patricia.cardoso.nascimento.6804@example.com,Natal,Advogado,44,27306660193
João Santos Souza,joao.santos.souza.6805@example.com,Sorocaba,Arquiteto,69,12317700561
Juliana Freitas Rodrigues,juliana.freitas.rodrigues.6806@example.com,São Paulo,Supervisor de manutenção,70,71374962009
Leonardo Fernandes Castro,leonardo.fernandes.castro.6807@example.com,Cuiabá,Programador,49,70015867681
Vinícius Araújo Costa,vinicius.araujo.costa.6808@example.com,Natal,Auxiliar de produção,18,59882697340
José Pereira Nascimento,jose.pereira.nascimento.6809@example.com,Sorocaba,Analista de marketing,37,86443584380
Amanda Monteiro Gomes,amanda.monteiro.gomes.6810@example.com,Manaus,Mecânico,68,17380407616
Vitória Castro Almeida,vitoria.castro.almeida.6811@example.com,Curitiba,Jornalista,24,95353230304
Diego Alves Silva,diego.alves.silva.6812@example.com,Caxias do Sul,Auxiliar de produção,33,06951445288
Carlos Pereira Cardoso,carlos.pereira.cardoso.6813@example.com,Santos,Coordenador de logística,28,52038772720
Igor Nascimento Teixeira,igor.nascimento.teixeira.6814@example.com,Manaus,Professor,59,33276712913
Patrícia Monteiro Nascimento,patricia.monteiro.nascimento.6815@example.com,Londrina,Supervisor de vendas,52,07478226421
Leonardo Fernandes Mendes,leonardo.fernandes.mendes.6816@example.com,Salvador,Operador de caixa,43,88489032795
Renata Costa Castro,renata.costa.castro.6817@example.com,Rio de Janeiro,Supervisor de manutenção,68,54523651976
Sérgio Mendes Barros,sergio.mendes.barros.6818@example.com,Cuiabá,Coordenador de produção,69,90488500509
Otávio Fernandes Teixeira,otavio.fernandes.teixeira.6819@example.com,Porto Alegre,Auxiliar de produção,38,65202026773
Ricardo Gomes Santos,ricardo.gomes.santos.6820@example.com,Campinas,Coordenador de marketing,38,49296526084
Ricardo Costa Freitas,ricardo.costa.freitas.6821@example.com,Sorocaba,Analista de dados,69,96848432537
Gabriel Barbosa Monteiro,gabriel.barbosa.monteiro.6822@example.com,Rondonópolis,Farmacêutico,32,29914573004
Juliana Moreira Dias,juliana.moreira.dias.6823@example.com,Maringá,Supervisor de manutenção,65,56858850029
Vanessa Ribeiro Rodrigues,vanessa.ribeiro.rodrigues.6824@example.com,Vitória,Farmacêutico,22,72451292881
Fernanda Rocha Santos,fernanda.rocha.santos.6825@example.com,Manaus,Analista financeiro,44,80486334599
Nicolas Martins Barbosa,nicolas.martins.barbosa.6826@example.com,Dourados,Coordenador de logística,44,88401202409
Camila Silva Ribeiro,camila.silva.ribeiro.6827@example.com,Fortaleza,Chefe de departamento pessoal,68,10976839469
Leonardo Moreira Rodrigues,leonardo.moreira.rodrigues.6828@example.com,Santos,Chefe de compras,70,97093328558
Bruno Monteiro Pereira,bruno.monteiro.pereira.6829@example.com,Salvador,Contador,63,79528199294
Carlos Dias Cardoso,carlos.dias.cardoso.6830@example.com,Fortaleza,Farmacêutico,65,65406461053
Priscila Cardoso Teixeira,priscila.cardoso.teixeira.6831@example.com,São Paulo,Assistente comercial,21,85554909957
Ana Ribeiro Mendes,ana.ribeiro.mendes.6832@example.com,Joinville,Técnico de segurança do trabalho,24,84449228042
Camila Martins Fernandes,camila.martins.fernandes.6833@example.com,Joinville,Diretor comercial,64,94689520410
José Carvalho Dias,jose.carvalho.dias.6834@example.com,Porto Alegre,Analista de recursos humanos,38,08045165122
Carlos Araújo Araújo,carlos.araujo.araujo.6835@example.com,Manaus,Coordenador de logística,29,88731021155
Luana Carvalho Gomes,luana.carvalho.gomes.6836@example.com,Rondonópolis,Técnico em informática,70,95728705582
Mariana Barbosa Nascimento,mariana.barbosa.nascimento.6837@example.com,Santos,Gerente de recursos humanos,53,21616472867
Gustavo Alves Almeida,gustavo.alves.almeida.6838@example.com,Sorocaba,Vendedor,26,58081442720
Renata Araújo Santos,renata.araujo.santos.6839@example.com,Manaus,Assistente comercial,70,13900913987
Sérgio Fernandes Nascimento,sergio.fernandes.nascimento.6840@example.com,Campinas,Vendedor,65,69030427335
Gabriel Nascimento Pereira,gabriel.nascimento.pereira.6841@example.com,Niterói,Vendedor,49,85547881248
Paulo Pereira Rodrigues,paulo.pereira.rodrigues.6842@example.com,São Paulo,Enfermeiro,66,36981994375
Diego Oliveira Dias,diego.oliveira.dias.6843@example.com,Belo Horizonte,Supervisor de qualidade,36,22650362805
Gabriel Silva Santos,gabriel.silva.santos.6844@example.com,Natal,Recepcionista,42,18785733856
Gustavo Castro Santos,gustavo.castro.santos.6845@example.com,Uberlândia,Supervisor de manutenção,59,59774689802
Débora Freitas Lima,debora.freitas.lima.6846@example.com,Vitória,Gerente de recursos humanos,70,73086460426
Otávio Barbosa Oliveira,otavio.barbosa.oliveira.6847@example.com,Caxias do Sul,Diretor comercial,45,50044025106
Marcelo Ribeiro Alves,marcelo.ribeiro.alves.6848@example.com,Curitiba,Engenheiro civil,21,97766564847
Felipe Santos Fernandes,felipe.santos.fernandes.6849@example.com,Belém,Fisioterapeuta,43,95190054919
Amanda Silva Teixeira,amanda.silva.teixeira.6850@example.com,Brasília,Coordenador de marketing,69,33413161528
Luana Araújo Alves,luana.araujo.alves.6851@example.com,Curitiba,Corretor de imóveis,69,08322291187
Patrícia Santos Freitas,patricia.santos.freitas.6852@example.com,Niterói,Programador,46,49814316666
Nicolas Ribeiro Barbosa,nicolas.ribeiro.barbosa.6853@example.com,Campo Grande,Programador,31,30747030134
Carolina Oliveira Rocha,carolina.oliveira.rocha.6854@example.com,Manaus,Engenheiro civil,18,67014492066
Diego Barros Gomes,diego.barros.gomes.6855@example.com,Dourados,Designer gráfico,41,59106933541
Pedro Araújo Oliveira,pedro.araujo.oliveira.6856@example.com,Londrina,Assistente administrativo,69,66474019509
Eduardo Moreira Monteiro,eduardo.moreira.monteiro.6857@example.com,Santos,Supervisor de vendas,29,64605436438
Gustavo Santos Barbosa,gustavo.santos.barbosa.6858@example.com,Cuiabá,Analista de marketing,27,51533532057
Vanessa Dias Costa,vanessa.dias.costa.6859@example.com,São Paulo,Atendente,37,18154678667
Gustavo Carvalho Ribeiro,gustavo.carvalho.ribeiro.6860@example.com,Belém,Técnico de segurança do trabalho,62,59294582639
Pedro Mendes Rodrigues,pedro.mendes.rodrigues.6861@example.com,Londrina,Chefe de compras,61,09894322009
Larissa Nascimento Barbosa,larissa.nascimento.barbosa.6862@example.com,Manaus,Mecânico,70,80153941432
Otávio Costa Fernandes,otavio.costa.fernandes.6863@example.com,São Paulo,Engenheiro civil,67,74884843324
Beatriz Carvalho Rodrigues,beatriz.carvalho.rodrigues.6864@example.com,Recife,Coordenador de marketing,19,40885558649
Patrícia Rodrigues Souza,patricia.rodrigues.souza.6865@example.com,Florianópolis,Supervisor de manutenção,65,97999801692
Patrícia Ribeiro Monteiro,patricia.ribeiro.monteiro.6866@example.com,Londrina,Líder de equipe,18,15747714235
Carolina Teixeira Costa,carolina.teixeira.costa.6867@example.com,Fortaleza,Coordenador administrativo,30,02358920997
Tatiane Nascimento Dias,tatiane.nascimento.dias.6868@example.com,Brasília,Gerente comercial,60,34333405891
Felipe Barros Alves,felipe.barros.alves.6869@example.com,Caxias do Sul,Jornalista,28,58641859811
Leonardo Fernandes Castro,leonardo.fernandes.castro.6870@example.com,Niterói,Chefe de departamento pessoal,62,70960283066
Beatriz Almeida Ribeiro,beatriz.almeida.ribeiro.6871@example.com,Maringá,Coordenador administrativo,46,47357676313
Ana Dias Almeida,ana.dias.almeida.6872@example.com,Curitiba,Nutricionista,28,63718939570
Patrícia Teixeira Teixeira,patricia.teixeira.teixeira.6873@example.com,Manaus,Advogado,34,93593282968
Fernanda Fernandes Barros,fernanda.fernandes.barros.6874@example.com,Natal,Encarregado de produção,39,70607948430
Bruno Mendes Rocha,bruno.mendes.rocha.6875@example.com,Cuiabá,Analista de recursos humanos,49,23836820775
Otávio Fernandes Araújo,otavio.fernandes.araujo.6876@example.com,Manaus,Programador,43,20172267594
Henrique Cardoso Cardoso,henrique.cardoso.cardoso.6877@example.com,Salvador,Engenheiro civil,39,69362820427
Thiago Pereira Silva,thiago.pereira.silva.6878@example.com,Porto Alegre,Fisioterapeuta,51,36489175595
Vinícius Mendes Rodrigues,vinicius.mendes.rodrigues.6879@example.com,Recife,Gerente de tecnologia,56,73264173196
Eduardo Nascimento Alves,eduardo.nascimento.alves.6880@example.com,Campo Grande,Fisioterapeuta,66,99563134152
Débora Lima Pereira,debora.lima.pereira.6881@example.com,Belo Horizonte,Arquiteto,43,87662655583
Diego Mendes Ribeiro,diego.mendes.ribeiro.6882@example.com,Uberlândia,Operador de caixa,40,35756357329
Débora Castro Cardoso,debora.castro.cardoso.6883@example.com,Rio de Janeiro,Técnico em informática,59,53444004214
Gustavo Rocha Araújo,gustavo.rocha.araujo.6884@example.com,Joinville,Fisioterapeuta,30,96851500885
Paulo Moreira Gomes,paulo.moreira.gomes.6885@example.com,Rondonópolis,Gerente financeiro,70,09634770015
Otávio Carvalho Cardoso,otavio.carvalho.cardoso.6886@example.com,Fortaleza,Coordenador de marketing,24,82765895872
Paulo Castro Cardoso,paulo.castro.cardoso.6887@example.com,Caxias do Sul,Advogado,69,44476017853
Lucas Martins Freitas,lucas.martins.freitas.6888@example.com,Florianópolis,Nutricionista,67,16266924694
Eduardo Costa Araújo,eduardo.costa.araujo.6889@example.com,Londrina,Engenheiro civil,39,65275295334
Gabriela Monteiro Barbosa,gabriela.monteiro.barbosa.6890@example.com,Belém,Vendedor,50,20409136239
Nicolas Rocha Alves,nicolas.rocha.alves.6891@example.com,Belém,Coordenador de produção,43,42792791621
Ana Pereira Almeida,ana.pereira.almeida.6892@example.com,Goiânia,Coordenador de produção,64,60346919605
Leonardo Oliveira Costa,leonardo.oliveira.costa.6893@example.com,Brasília,Motorista,21,56378078400
Carlos Cardoso Rodrigues,carlos.cardoso.rodrigues.6894@example.com,Porto Alegre,Recepcionista,27,02831418017
Gabriela Souza Freitas,gabriela.souza.freitas.6895@example.com,Uberlândia,Chefe de compras,46,73989636852
Sérgio Gomes Mendes,sergio.gomes.mendes.6896@example.com,Manaus,Diretor comercial,19,79269932898
Débora Fernandes Teixeira,debora.fernandes.teixeira.6897@example.com,São Paulo,Assistente comercial,55,08542281131
Carolina Lima Barbosa,carolina.lima.barbosa.6898@example.com,Salvador,Coordenador de marketing,58,41690796869
Rafael Monteiro Araújo,rafael.monteiro.araujo.6899@example.com,Londrina,Supervisor de manutenção,38,64472141328
Felipe Rodrigues Santos,felipe.rodrigues.santos.6900@example.com,Campinas,Coordenador administrativo,69,78011394210
Carlos Silva Costa,carlos.silva.costa.6901@example.com,Vitória,Gerente comercial,35,24191384016
Henrique Rodrigues Barros,henrique.rodrigues.barros.6902@example.com,Caxias do Sul,Designer gráfico,30,87490509531
Tatiane Castro Pereira,tatiane.castro.pereira.6903@example.com,Uberlândia,Gerente comercial,64,17066286285
Renata Rodrigues Lima,renata.rodrigues.lima.6904@example.com,Maringá,Mecânico,23,76784217465
Sérgio Barbosa Santos,sergio.barbosa.santos.6905@example.com,Porto Alegre,Gerente financeiro,36,57702311021
Leonardo Oliveira Monteiro,leonardo.oliveira.monteiro.6906@example.com,Brasília,Analista de marketing,37,16499475475
Vinícius Freitas Silva,vinicius.freitas.silva.6907@example.com,Manaus,Arquiteto,42,30002796610
Renata Rocha Pereira,renata.rocha.pereira.6908@example.com,Belo Horizonte,Gerente de operações,34,19925188083
João Nascimento Souza,joao.nascimento.souza.6909@example.com,Rondonópolis,Líder de equipe,51,13146556538
Juliana Cardoso Freitas,juliana.cardoso.freitas.6910@example.com,Campo Grande,Chefe de compras,52,92828597494
Amanda Castro Souza,amanda.castro.souza.6911@example.com,Porto Alegre,Líder de equipe,40,09063512040
Diego Costa Moreira,diego.costa.moreira.6912@example.com,Joinville,Analista de marketing,63,84907891348
Lucas Silva Martins,lucas.silva.martins.6913@example.com,Maringá,Padeiro,60,67591704113
Bruno Monteiro Martins,bruno.monteiro.martins.6914@example.com,Manaus,Analista de recursos humanos,24,75684213081
Marcelo Gomes Moreira,marcelo.gomes.moreira.6915@example.com,Natal,Fisioterapeuta,41,73355284581
Sérgio Gomes Pereira,sergio.gomes.pereira.6916@example.com,Recife,Auxiliar de produção,62,83653435106
Fernanda Alves Cardoso,fernanda.alves.cardoso.6917@example.com,Salvador,Diretor de operações,56,96754326785
Thiago Mendes Mendes,thiago.mendes.mendes.6918@example.com,Florianópolis,Gerente de operações,65,10478979735
Amanda Lima Lima,amanda.lima.lima.6919@example.com,Belo Horizonte,Motorista,21,72417665577
Sandra Dias Rodrigues,sandra.dias.rodrigues.6920@example.com,Cuiabá,Gerente de recursos humanos,69,74207560855
Vanessa Freitas Mendes,vanessa.freitas.mendes.6921@example.com,Uberlândia,Encarregado de produção,59,35450819479
Larissa Monteiro Oliveira,larissa.monteiro.oliveira.6922@example.com,Londrina,Atendente,47,15754921452
Bruno Monteiro Teixeira,bruno.monteiro.teixeira.6923@example.com,Maringá,Coordenador administrativo,33,21647745669
Leonardo Rocha Barbosa,leonardo.rocha.barbosa.6924@example.com,Natal,Coordenador de marketing,49,22462175933
Igor Oliveira Souza,igor.oliveira.souza.6925@example.com,Brasília,Diretor de operações,50,16082151838
Diego Araújo Freitas,diego.araujo.freitas.6926@example.com,Salvador,Contador,58,39912274842
Gabriel Martins Nascimento,gabriel.martins.nascimento.6927@example.com,Rio de Janeiro,Encarregado de produção,54,70886311213
Otávio Cardoso Nascimento,otavio.cardoso.nascimento.6928@example.com,São Paulo,Designer gráfico,63,03680672744
Daniela Rodrigues Moreira,daniela.rodrigues.moreira.6929@example.com,Manaus,Supervisor de vendas,45,09757612784
Ana Gomes Monteiro,ana.gomes.monteiro.6930@example.com,Fortaleza,Gerente de recursos humanos,29,21710950349
Beatriz Oliveira Silva,beatriz.oliveira.silva.6931@example.com,Rio de Janeiro,Diretor comercial,25,79532513583
Paulo Rocha Moreira,paulo.rocha.moreira.6932@example.com,Caxias do Sul,Analista de marketing,33,09912910948
Renata Monteiro Souza,renata.monteiro.souza.6933@example.com,Vitória,Coordenador administrativo,28,55766006443
Tatiane Carvalho Nascimento,tatiane.carvalho.nascimento.6934@example.com,Joinville,Coordenador administrativo,24,56358855686
Sérgio Souza Moreira,sergio.souza.moreira.6935@example.com,Dourados,Auxiliar de produção,40,90761303111
Sandra Teixeira Freitas,sandra.teixeira.freitas.6936@example.com,Rondonópolis,Chefe de compras,56,51834834223
Carlos Rodrigues Souza,carlos.rodrigues.souza.6937@example.com,São Paulo,Fisioterapeuta,55,81415633621
Vitória Moreira Teixeira,vitoria.moreira.teixeira.6938@example.com,Santos,Técnico em informática,59,93442927214
Thiago Barros Costa,thiago.barros.costa.6939@example.com,Cuiabá,Comprador,38,67630511043
Carlos Souza Ribeiro,carlos.souza.ribeiro.6940@example.com,Sorocaba,Operador de caixa,59,66800938564
Juliana Souza Monteiro,juliana.souza.monteiro.6941@example.com,Goiânia,Designer gráfico,53,95246386443
Tatiane Santos Dias,tatiane.santos.dias.6942@example.com,Natal,Chefe de departamento pessoal,61,47049207029
Sandra Pereira Barros,sandra.pereira.barros.6943@example.com,Manaus,Assistente comercial,59,06849075331
Mariana Cardoso Souza,mariana.cardoso.souza.6944@example.com,Rio de Janeiro,Supervisor de qualidade,58,32421883426
Otávio Dias Santos,otavio.dias.santos.6945@example.com,Sorocaba,Designer gráfico,18,93914125786
Juliana Oliveira Nascimento,juliana.oliveira.nascimento.6946@example.com,Curitiba,Mecânico,18,56036902802
José Moreira Mendes,jose.moreira.mendes.6947@example.com,Brasília,Engenheiro civil,70,07205421792
Beatriz Teixeira Teixeira,beatriz.teixeira.teixeira.6948@example.com,Rondonópolis,Chefe de almoxarifado,25,44672669195
João Gomes Costa,joao.gomes.costa.6949@example.com,Belo Horizonte,Cozinheiro,31,76366404832
Luana Costa Castro,luana.costa.castro.6950@example.com,Recife,Diretor comercial,51,89003762257
Fernanda Mendes Souza,fernanda.mendes.souza.6951@example.com,Belém,Enfermeiro,29,50544483438
Lucas Rocha Martins,lucas.rocha.martins.6952@example.com,Brasília,Advogado,56,87146157969
Vanessa Martins Teixeira,vanessa.martins.teixeira.6953@example.com,Santos,Professor,57,85733064881
Carlos Barros Freitas,carlos.barros.freitas.6954@example.com,Londrina,Comprador,43,61882899903
Juliana Monteiro Fernandes,juliana.monteiro.fernandes.6955@example.com,Campinas,Comprador,58,14087534050
Gustavo Almeida Freitas,gustavo.almeida.freitas.6956@example.com,Vitória,Fisioterapeuta,65,20327786124
Aline Costa Dias,aline.costa.dias.6957@example.com,Rio de Janeiro,Analista de recursos humanos,66,10140115358
Vanessa Alves Alves,vanessa.alves.alves.6958@example.com,Porto Alegre,Supervisor de qualidade,32,11871798474
Camila Alves Alves,camila.alves.alves.6959@example.com,Natal,Supervisor de qualidade,45,90456480269
Vinícius Rocha Barbosa,vinicius.rocha.barbosa.6960@example.com,Belém,Assistente administrativo,56,00496434697
Thiago Carvalho Ribeiro,thiago.carvalho.ribeiro.6961@example.com,Sorocaba,Analista de marketing,22,07130918861
Tatiane Dias Rodrigues,tatiane.dias.rodrigues.6962@example.com,Recife,Estoquista,33,03563087672
Débora Lima Lima,debora.lima.lima.6963@example.com,Joinville,Recepcionista,29,32165733871
Nicolas Fernandes Costa,nicolas.fernandes.costa.6964@example.com,Rondonópolis,Padeiro,21,23344319777
Tatiane Rodrigues Souza,tatiane.rodrigues.souza.6965@example.com,Recife,Jornalista,53,08922914989
Marcelo Barbosa Carvalho,marcelo.barbosa.carvalho.6966@example.com,Cuiabá,Diretor de operações,24,99802366965
Vanessa Barbosa Araújo,vanessa.barbosa.araujo.6967@example.com,Belo Horizonte,Supervisor de atendimento,53,86464791521
Gustavo Monteiro Rocha,gustavo.monteiro.rocha.6968@example.com,Campo Grande,Supervisor de atendimento,69,92529558965
Gustavo Gomes Oliveira,gustavo.gomes.oliveira.6969@example.com,Recife,Chefe de almoxarifado,44,91583901524
Nicolas Almeida Almeida,nicolas.almeida.almeida.6970@example.com,Goiânia,Técnico de segurança do trabalho,59,70857306427
Nicolas Carvalho Souza,nicolas.carvalho.souza.6971@example.com,Natal,Padeiro,25,40436466513
Gabriel Freitas Fernandes,gabriel.freitas.fernandes.6972@example.com,São Paulo,Diretor de operações,47,26567407859
Fernanda Carvalho Silva,fernanda.carvalho.silva.6973@example.com,Campo Grande,Operador de caixa,37,01756328742
Luana Dias Moreira,luana.dias.moreira.6974@example.com,Salvador,Assistente comercial,24,66087943897
Igor Freitas Almeida,igor.freitas.almeida.6975@example.com,Vitória,Jornalista,38,03746611209
Leonardo Cardoso Silva,leonardo.cardoso.silva.6976@example.com,Florianópolis,Padeiro,40,69690983434
Igor Carvalho Nascimento,igor.carvalho.nascimento.6977@example.com,Dourados,Gerente de operações,38,18725430646
Ana Dias Castro,ana.dias.castro.6978@example.com,Rondonópolis,Fisioterapeuta,43,65808020068
Lucas Nascimento Monteiro,lucas.nascimento.monteiro.6979@example.com,Vitória,Gerente de recursos humanos,27,97537855611
Débora Almeida Rodrigues,debora.almeida.rodrigues.6980@example.com,Manaus,Cozinheiro,48,97685879557
Bruno Silva Barros,bruno.silva.barros.6981@example.com,Londrina,Eletricista,62,82285531968
Sandra Fernandes Mendes,sandra.fernandes.mendes.6982@example.com,Manaus,Fisioterapeuta,33,88347157355
Leonardo Castro Carvalho,leonardo.castro.carvalho.6983@example.com,Joinville,Pedreiro,36,12409570940
Carolina Alves Monteiro,carolina.alves.monteiro.6984@example.com,Curitiba,Coordenador de marketing,69,66804983554
Juliana Almeida Pereira,juliana.almeida.pereira.6985@example.com,Porto Alegre,Eletricista,43,82906981542
Henrique Teixeira Araújo,henrique.teixeira.araujo.6986@example.com,Joinville,Técnico de enfermagem,38,66696427257
Letícia Carvalho Monteiro,leticia.carvalho.monteiro.6987@example.com,Caxias do Sul,Corretor de imóveis,49,67687391765
Simone Dias Cardoso,simone.dias.cardoso.6988@example.com,Manaus,Diretor comercial,26,27522461921
Thiago Monteiro Silva,thiago.monteiro.silva.6989@example.com,São Paulo,Pedreiro,29,74001028338
Aline Rodrigues Costa,aline.rodrigues.costa.6990@example.com,Santos,Gerente de recursos humanos,38,91699882347
Carlos Teixeira Castro,carlos.teixeira.castro.6991@example.com,Caxias do Sul,Gerente de recursos humanos,46,24167378260
João Souza Alves,joao.souza.alves.6992@example.com,Natal,Gerente de recursos humanos,37,01005370242
Bruno Martins Ribeiro,bruno.martins.ribeiro.6993@example.com,Fortaleza,Técnico de segurança do trabalho,58,40458403634
Patrícia Dias Ribeiro,patricia.dias.ribeiro.6994@example.com,Cuiabá,Gerente financeiro,46,03761660672
Gabriela Martins Oliveira,gabriela.martins.oliveira.6995@example.com,Joinville,Supervisor de qualidade,60,86037971214
Paulo Castro Dias,paulo.castro.dias.6996@example.com,Rondonópolis,Coordenador de marketing,33,85522737089
Pedro Alves Moreira,pedro.alves.moreira.6997@example.com,Manaus,Chefe de departamento pessoal,32,57330045228
Thiago Cardoso Rodrigues,thiago.cardoso.rodrigues.6998@example.com,Santos,Vendedor,47,84995383139
Priscila Almeida Teixeira,priscila.almeida.teixeira.6999@example.com,Cuiabá,Chefe de departamento pessoal,58,54425705616
Marcelo Alves Carvalho,marcelo.alves.carvalho.7000@example.com,Rio de Janeiro,Programador,53,38027031232
Carolina Santos Lima,carolina.santos.lima.7001@example.com,Natal,Gerente comercial,42,46631389321
Vinícius Silva Pereira,vinicius.silva.pereira.7002@example.com,São Paulo,Engenheiro civil,54,23231756074
Vinícius Cardoso Carvalho,vinicius.cardoso.carvalho.7003@example.com,Recife,Analista financeiro,66,74221160950
José Carvalho Freitas,jose.carvalho.freitas.7004@example.com,Caxias do Sul,Coordenador de logística,32,87028484925
Otávio Martins Martins,otavio.martins.martins.7005@example.com,Dourados,Jornalista,37,11764416291
Pedro Cardoso Barros,pedro.cardoso.barros.7006@example.com,Brasília,Nutricionista,28,47228990556
Lucas Fernandes Freitas,lucas.fernandes.freitas.7007@example.com,Vitória,Gerente de recursos humanos,62,44635564819
Beatriz Costa Moreira,beatriz.costa.moreira.7008@example.com,Curitiba,Supervisor de atendimento,49,84226218494
Vanessa Silva Silva,vanessa.silva.silva.7009@example.com,Florianópolis,Coordenador administrativo,51,76664048647
Camila Moreira Pereira,camila.moreira.pereira.7010@example.com,Joinville,Corretor de imóveis,41,03880245878
Fernanda Dias Freitas,fernanda.dias.freitas.7011@example.com,Porto Alegre,Coordenador de logística,28,12669988459
Nicolas Martins Araújo,nicolas.martins.araujo.7012@example.com,Londrina,Encarregado de produção,26,26229753130
Luana Araújo Ribeiro,luana.araujo.ribeiro.7013@example.com,Santos,Farmacêutico,58,42935595248
Paulo Almeida Ribeiro,paulo.almeida.ribeiro.7014@example.com,Rio de Janeiro,Gerente financeiro,60,26684215236
Leonardo Carvalho Souza,leonardo.carvalho.souza.7015@example.com,Belo Horizonte,Engenheiro civil,52,56921875408
Rafael Teixeira Santos,rafael.teixeira.santos.7016@example.com,Sorocaba,Analista de dados,32,68298187328
Vinícius Nascimento Lima,vinicius.nascimento.lima.7017@example.com,Caxias do Sul,Vendedor,42,12592094491
Sandra Barbosa Nascimento,sandra.barbosa.nascimento.7018@example.com,Belo Horizonte,Assistente comercial,49,90429582338
Henrique Lima Santos,henrique.lima.santos.7019@example.com,Fortaleza,Técnico de enfermagem,35,34766742216
Vinícius Cardoso Teixeira,vinicius.cardoso.teixeira.7020@example.com,Caxias do Sul,Motorista,36,56216067224
Diego Araújo Rodrigues,diego.araujo.rodrigues.7021@example.com,Florianópolis,Cozinheiro,18,10164924577
Sérgio Monteiro Lima,sergio.monteiro.lima.7022@example.com,Sorocaba,Professor,48,07121574110
Bruno Carvalho Lima,bruno.carvalho.lima.7023@example.com,Niterói,Motorista,20,52852987501
Eduardo Castro Cardoso,eduardo.castro.cardoso.7024@example.com,Belém,Programador,24,20173736878
Fernanda Fernandes Barros,fernanda.fernandes.barros.7025@example.com,São Paulo,Chefe de almoxarifado,25,91120906637
Marcelo Gomes Lima,marcelo.gomes.lima.7026@example.com,Florianópolis,Supervisor de vendas,26,91319242840
Felipe Almeida Almeida,felipe.almeida.almeida.7027@example.com,Curitiba,Líder de equipe,61,72384298825
Thiago Lima Martins,thiago.lima.martins.7028@example.com,Rio de Janeiro,Pedreiro,40,05611952831
Aline Carvalho Freitas,aline.carvalho.freitas.7029@example.com,Goiânia,Chefe de almoxarifado,30,18279113621
Vanessa Dias Carvalho,vanessa.dias.carvalho.7030@example.com,Cuiabá,Gerente de tecnologia,26,71383770515
Tatiane Almeida Alves,tatiane.almeida.alves.7031@example.com,Natal,Estoquista,63,97316251843
Vitória Ribeiro Teixeira,vitoria.ribeiro.teixeira.7032@example.com,Campinas,Arquiteto,30,11919754005
Renata Santos Pereira,renata.santos.pereira.7033@example.com,Londrina,Analista financeiro,36,90630359151
Mariana Santos Alves,mariana.santos.alves.7034@example.com,Sorocaba,Fisioterapeuta,69,95601738455
Mariana Rocha Teixeira,mariana.rocha.teixeira.7035@example.com,Campinas,Farmacêutico,19,47163718270
Vinícius Freitas Castro,vinicius.freitas.castro.7036@example.com,São Paulo,Estoquista,21,01747314481
Gabriel Cardoso Martins,gabriel.cardoso.martins.7037@example.com,Belo Horizonte,Supervisor de atendimento,27,37470234557
Tatiane Lima Rodrigues,tatiane.lima.rodrigues.7038@example.com,Goiânia,Jornalista,24,77994644194
Igor Pereira Rocha,igor.pereira.rocha.7039@example.com,Rondonópolis,Professor,46,38632096578
Gabriel Cardoso Cardoso,gabriel.cardoso.cardoso.7040@example.com,Niterói,Analista de recursos humanos,41,22200220409
Aline Moreira Martins,aline.moreira.martins.7041@example.com,Curitiba,Analista financeiro,36,43051231432
Paulo Barros Ribeiro,paulo.barros.ribeiro.7042@example.com,São Paulo,Supervisor de atendimento,22,76484696533
Pedro Barros Rodrigues,pedro.barros.rodrigues.7043@example.com,Campo Grande,Recepcionista,33,08112458316
Carlos Barros Ribeiro,carlos.barros.ribeiro.7044@example.com,Porto Alegre,Motorista,43,32082744073
Felipe Rocha Silva,felipe.rocha.silva.7045@example.com,Fortaleza,Gerente comercial,38,66873135146
Tatiane Silva Gomes,tatiane.silva.gomes.7046@example.com,Dourados,Diretor comercial,29,71743050607
Larissa Rocha Rocha,larissa.rocha.rocha.7047@example.com,Joinville,Padeiro,29,76892613867
Sandra Pereira Almeida,sandra.pereira.almeida.7048@example.com,Recife,Técnico de segurança do trabalho,24,62485148225
Mariana Rodrigues Alves,mariana.rodrigues.alves.7049@example.com,Curitiba,Recepcionista,66,03456904370
Camila Monteiro Araújo,camila.monteiro.araujo.7050@example.com,Belo Horizonte,Vendedor,28,12664102672
Nicolas Fernandes Almeida,nicolas.fernandes.almeida.7051@example.com,Belo Horizonte,Chefe de almoxarifado,70,30244037221
Patrícia Lima Nascimento,patricia.lima.nascimento.7052@example.com,Salvador,Líder de equipe,44,01283129302
Ricardo Oliveira Fernandes,ricardo.oliveira.fernandes.7053@example.com,Fortaleza,Nutricionista,23,20562069639
Amanda Moreira Moreira,amanda.moreira.moreira.7054@example.com,Natal,Estoquista,65,05358925793
Aline Carvalho Lima,aline.carvalho.lima.7055@example.com,Niterói,Assistente comercial,49,96294280320
Nicolas Rodrigues Martins,nicolas.rodrigues.martins.7056@example.com,Sorocaba,Nutricionista,29,38403590452
Ricardo Freitas Castro,ricardo.freitas.castro.7057@example.com,Belo Horizonte,Programador,47,54257849736
Gabriel Rocha Moreira,gabriel.rocha.moreira.7058@example.com,Dourados,Chefe de departamento pessoal,55,29090753292
Daniela Martins Moreira,daniela.martins.moreira.7059@example.com,Salvador,Auxiliar de produção,52,31794136029
Letícia Santos Ribeiro,leticia.santos.ribeiro.7060@example.com,Salvador,Operador de caixa,37,85242990182
Carlos Monteiro Silva,carlos.monteiro.silva.7061@example.com,Natal,Encarregado de produção,65,80943963367
Daniela Souza Barros,daniela.souza.barros.7062@example.com,Brasília,Assistente comercial,24,07110187275
Luana Rocha Ribeiro,luana.rocha.ribeiro.7063@example.com,Manaus,Gerente de tecnologia,24,78039413255
Tatiane Fernandes Pereira,tatiane.fernandes.pereira.7064@example.com,Belo Horizonte,Motorista,38,84798144844
João Gomes Carvalho,joao.gomes.carvalho.7065@example.com,Fortaleza,Programador,64,61906280076
Priscila Lima Castro,priscila.lima.castro.7066@example.com,Natal,Designer gráfico,27,96510680304
Gabriela Fernandes Ribeiro,gabriela.fernandes.ribeiro.7067@example.com,Porto Alegre,Técnico em informática,41,49985323185
João Rodrigues Cardoso,joao.rodrigues.cardoso.7068@example.com,Fortaleza,Líder de equipe,27,66898528466
Paulo Castro Rocha,paulo.castro.rocha.7069@example.com,Belém,Supervisor de vendas,58,21684183508
Thiago Pereira Almeida,thiago.pereira.almeida.7070@example.com,Belém,Fisioterapeuta,18,02534922584
Paulo Carvalho Almeida,paulo.carvalho.almeida.7071@example.com,Uberlândia,Supervisor de atendimento,53,72937780368
Igor Araújo Rodrigues,igor.araujo.rodrigues.7072@example.com,Rondonópolis,Analista financeiro,68,25623894527
Thiago Ribeiro Mendes,thiago.ribeiro.mendes.7073@example.com,Sorocaba,Assistente administrativo,70,29343845018
Ricardo Rocha Castro,ricardo.rocha.castro.7074@example.com,Londrina,Eletricista,25,04846587512
Ana Silva Freitas,ana.silva.freitas.7075@example.com,Campo Grande,Operador de caixa,53,43573654880
Simone Silva Monteiro,simone.silva.monteiro.7076@example.com,Fortaleza,Técnico de segurança do trabalho,69,47939448180
Luana Barros Fernandes,luana.barros.fernandes.7077@example.com,Cuiabá,Motorista,61,43721575799
Bruno Fernandes Teixeira,bruno.fernandes.teixeira.7078@example.com,Vitória,Técnico de enfermagem,30,73888523922
Fernanda Barros Rocha,fernanda.barros.rocha.7079@example.com,Cuiabá,Gerente de recursos humanos,30,71084720799
Ana Oliveira Teixeira,ana.oliveira.teixeira.7080@example.com,Joinville,Técnico de enfermagem,53,08131012777
Amanda Pereira Ribeiro,amanda.pereira.ribeiro.7081@example.com,Maringá,Professor,52,82971061837
Vanessa Mendes Freitas,vanessa.mendes.freitas.7082@example.com,Salvador,Mecânico,70,56064310348
Rafael Araújo Castro,rafael.araujo.castro.7083@example.com,Vitória,Supervisor de manutenção,35,67310225015
Ricardo Barros Moreira,ricardo.barros.moreira.7084@example.com,Rio de Janeiro,Supervisor de atendimento,60,00275531831
Luana Teixeira Costa,luana.teixeira.costa.7085@example.com,Brasília,Diretor de operações,63,88989294869
Carolina Araújo Monteiro,carolina.araujo.monteiro.7086@example.com,São Paulo,Supervisor de manutenção,33,56106258635
Rafael Santos Pereira,rafael.santos.pereira.7087@example.com,Recife,Assistente administrativo,26,39939277605
Ricardo Barros Lima,ricardo.barros.lima.7088@example.com,Porto Alegre,Advogado,59,37835508388
Letícia Martins Pereira,leticia.martins.pereira.7089@example.com,Natal,Coordenador de produção,68,81821146495
Simone Barros Carvalho,simone.barros.carvalho.7090@example.com,Natal,Eletricista,32,72766795385
Igor Freitas Pereira,igor.freitas.pereira.7091@example.com,Campinas,Gerente de operações,32,81365849052
Carlos Martins Barbosa,carlos.martins.barbosa.7092@example.com,Londrina,Padeiro,33,15892975381
Vanessa Dias Dias,vanessa.dias.dias.7093@example.com,Florianópolis,Chefe de almoxarifado,35,60708818343
Patrícia Lima Nascimento,patricia.lima.nascimento.7094@example.com,Uberlândia,Programador,46,54633349027
Thiago Barros Monteiro,thiago.barros.monteiro.7095@example.com,Recife,Coordenador de marketing,43,62515760713
Eduardo Souza Santos,eduardo.souza.santos.7096@example.com,Campo Grande,Coordenador de produção,58,90115179925
Larissa Pereira Araújo,larissa.pereira.araujo.7097@example.com,Joinville,Programador,49,26968519313
Gabriela Oliveira Castro,gabriela.oliveira.castro.7098@example.com,Goiânia,Mecânico,49,12644225670
Ricardo Pereira Moreira,ricardo.pereira.moreira.7099@example.com,Vitória,Analista financeiro,69,55410849089
Paulo Nascimento Santos,paulo.nascimento.santos.7100@example.com,Campo Grande,Técnico de segurança do trabalho,37,48280700094
Larissa Mendes Alves,larissa.mendes.alves.7101@example.com,Caxias do Sul,Nutricionista,47,85546582865
Letícia Teixeira Ribeiro,leticia.teixeira.ribeiro.7102@example.com,Vitória,Estoquista,63,38813988514
Letícia Gomes Pereira,leticia.gomes.pereira.7103@example.com,Porto Alegre,Coordenador de produção,41,30293682119
Gabriel Santos Lima,gabriel.santos.lima.7104@example.com,Brasília,Mecânico,60,35872621539
Amanda Martins Freitas,amanda.martins.freitas.7105@example.com,Dourados,Fisioterapeuta,53,52226369396
Priscila Almeida Mendes,priscila.almeida.mendes.7106@example.com,Santos,Analista financeiro,67,43273921389
Daniela Barros Teixeira,daniela.barros.teixeira.7107@example.com,Porto Alegre,Fisioterapeuta,31,69955040524
Sandra Barbosa Santos,sandra.barbosa.santos.7108@example.com,Campo Grande,Coordenador administrativo,24,28813071457
Rafael Barros Castro,rafael.barros.castro.7109@example.com,Campo Grande,Técnico de enfermagem,43,27545169612
Paulo Barbosa Dias,paulo.barbosa.dias.7110@example.com,Manaus,Gerente financeiro,37,00879399293
Paulo Nascimento Rodrigues,paulo.nascimento.rodrigues.7111@example.com,Campinas,Auxiliar de produção,36,70103040433
Larissa Monteiro Nascimento,larissa.monteiro.nascimento.7112@example.com,Uberlândia,Chefe de compras,44,16561678269
Juliana Teixeira Costa,juliana.teixeira.costa.7113@example.com,Londrina,Atendente,34,86328721343
Simone Carvalho Gomes,simone.carvalho.gomes.7114@example.com,Belém,Supervisor de manutenção,42,59811630234
Vitória Souza Rodrigues,vitoria.souza.rodrigues.7115@example.com,Belo Horizonte,Mecânico,36,41848751674
Vinícius Rocha Costa,vinicius.rocha.costa.7116@example.com,Rio de Janeiro,Gerente de operações,65,81091140367
Gabriel Costa Rocha,gabriel.costa.rocha.7117@example.com,Cuiabá,Pedreiro,60,77716090833
Lucas Souza Silva,lucas.souza.silva.7118@example.com,Recife,Diretor de operações,46,76114621123
Beatriz Castro Barbosa,beatriz.castro.barbosa.7119@example.com,Brasília,Coordenador de marketing,56,76886779586
Larissa Fernandes Nascimento,larissa.fernandes.nascimento.7120@example.com,Joinville,Supervisor de qualidade,64,51059138112
Vinícius Mendes Martins,vinicius.mendes.martins.7121@example.com,Londrina,Farmacêutico,21,44522533704
Gabriel Alves Silva,gabriel.alves.silva.7122@example.com,Vitória,Analista de dados,35,57156492022
Lucas Rodrigues Monteiro,lucas.rodrigues.monteiro.7123@example.com,Santos,Técnico de segurança do trabalho,64,41256316139
Bruno Carvalho Alves,bruno.carvalho.alves.7124@example.com,Recife,Técnico de enfermagem,66,72525586624
Vinícius Nascimento Oliveira,vinicius.nascimento.oliveira.7125@example.com,Rio de Janeiro,Coordenador de produção,47,77955439755
Carlos Dias Silva,carlos.dias.silva.7126@example.com,Natal,Estoquista,32,15107308224
Sérgio Freitas Teixeira,sergio.freitas.teixeira.7127@example.com,São Paulo,Supervisor de manutenção,42,43742740127
Otávio Araújo Souza,otavio.araujo.souza.7128@example.com,Curitiba,Cozinheiro,61,62038861676
João Costa Araújo,joao.costa.araujo.7129@example.com,Salvador,Coordenador de produção,20,10771985485
Gabriela Silva Gomes,gabriela.silva.gomes.7130@example.com,Campinas,Eletricista,32,29004988447
Gustavo Pereira Moreira,gustavo.pereira.moreira.7131@example.com,Cuiabá,Analista de marketing,42,74113439718
Patrícia Martins Ribeiro,patricia.martins.ribeiro.7132@example.com,Sorocaba,Nutricionista,31,65037237421
Felipe Costa Barbosa,felipe.costa.barbosa.7133@example.com,Porto Alegre,Gerente de operações,67,52406677275
Vitória Castro Lima,vitoria.castro.lima.7134@example.com,Manaus,Recepcionista,68,58713277977
Priscila Castro Silva,priscila.castro.silva.7135@example.com,Cuiabá,Assistente comercial,23,13417058562
Bruno Lima Costa,bruno.lima.costa.7136@example.com,Florianópolis,Eletricista,65,33459244564
Renata Pereira Barbosa,renata.pereira.barbosa.7137@example.com,Campo Grande,Analista financeiro,54,81791922974
Gabriela Freitas Rocha,gabriela.freitas.rocha.7138@example.com,Rio de Janeiro,Analista de dados,64,10140754556
Ana Barbosa Costa,ana.barbosa.costa.7139@example.com,Cuiabá,Eletricista,35,89191117341
Daniela Alves Gomes,daniela.alves.gomes.7140@example.com,Campo Grande,Mecânico,35,00411182955
Diego Lima Oliveira,diego.lima.oliveira.7141@example.com,Natal,Engenheiro civil,44,08153446831
Thiago Dias Costa,thiago.dias.costa.7142@example.com,Campinas,Diretor comercial,70,91076134782
Sérgio Santos Barros,sergio.santos.barros.7143@example.com,Caxias do Sul,Contador,19,53939009649
Letícia Almeida Almeida,leticia.almeida.almeida.7144@example.com,Rio de Janeiro,Chefe de compras,53,65305683047
Carlos Lima Araújo,carlos.lima.araujo.7145@example.com,Uberlândia,Estoquista,25,38123501940
Bruno Lima Araújo,bruno.lima.araujo.7146@example.com,Curitiba,Auxiliar de produção,19,95343220225
Paulo Fernandes Dias,paulo.fernandes.dias.7147@example.com,Vitória,Técnico de segurança do trabalho,63,65175102344
Diego Martins Moreira,diego.martins.moreira.7148@example.com,Recife,Coordenador de logística,19,12085565654
Pedro Alves Carvalho,pedro.alves.carvalho.7149@example.com,Caxias do Sul,Comprador,30,77750420303
Simone Alves Santos,simone.alves.santos.7150@example.com,Cuiabá,Técnico de segurança do trabalho,24,03931990778
Gustavo Costa Rocha,gustavo.costa.rocha.7151@example.com,Goiânia,Coordenador administrativo,49,39785352386
Gabriel Barbosa Castro,gabriel.barbosa.castro.7152@example.com,Rondonópolis,Arquiteto,19,16457438650
Pedro Carvalho Teixeira,pedro.carvalho.teixeira.7153@example.com,Campo Grande,Diretor de operações,60,53831225759
Igor Santos Monteiro,igor.santos.monteiro.7154@example.com,Uberlândia,Diretor comercial,50,18689237324
Rafael Gomes Moreira,rafael.gomes.moreira.7155@example.com,Goiânia,Gerente financeiro,56,82236987320
Daniela Castro Mendes,daniela.castro.mendes.7156@example.com,Londrina,Advogado,67,45737164617
Vinícius Freitas Martins,vinicius.freitas.martins.7157@example.com,Recife,Professor,19,96329480754
Renata Araújo Mendes,renata.araujo.mendes.7158@example.com,Porto Alegre,Chefe de departamento pessoal,37,10176078630
Carolina Pereira Martins,carolina.pereira.martins.7159@example.com,Dourados,Motorista,48,40411283770
Larissa Moreira Nascimento,larissa.moreira.nascimento.7160@example.com,Fortaleza,Analista de dados,56,93686738191
Sandra Pereira Souza,sandra.pereira.souza.7161@example.com,Londrina,Gerente de operações,60,27152394813
Eduardo Alves Ribeiro,eduardo.alves.ribeiro.7162@example.com,São Paulo,Supervisor de atendimento,65,17511791436
Vanessa Gomes Carvalho,vanessa.gomes.carvalho.7163@example.com,Belo Horizonte,Assistente administrativo,39,85730833968
Leonardo Rocha Fernandes,leonardo.rocha.fernandes.7164@example.com,Niterói,Enfermeiro,27,24632562426
Aline Teixeira Oliveira,aline.teixeira.oliveira.7165@example.com,Uberlândia,Coordenador de marketing,21,02073815558
João Rodrigues Castro,joao.rodrigues.castro.7166@example.com,Belo Horizonte,Estoquista,62,14214667061
Pedro Araújo Cardoso,pedro.araujo.cardoso.7167@example.com,Joinville,Supervisor de manutenção,57,12738323434
Pedro Araújo Araújo,pedro.araujo.araujo.7168@example.com,Sorocaba,Enfermeiro,55,19200757292
Otávio Freitas Carvalho,otavio.freitas.carvalho.7169@example.com,Belo Horizonte,Assistente administrativo,33,41016636223
Nicolas Araújo Santos,nicolas.araujo.santos.7170@example.com,Dourados,Engenheiro civil,30,34913274891
Vitória Fernandes Alves,vitoria.fernandes.alves.7171@example.com,Belo Horizonte,Técnico de enfermagem,66,08880120592
Vanessa Cardoso Santos,vanessa.cardoso.santos.7172@example.com,Brasília,Técnico de segurança do trabalho,22,40240890365
Henrique Martins Carvalho,henrique.martins.carvalho.7173@example.com,São Paulo,Advogado,55,34083544842
Letícia Moreira Alves,leticia.moreira.alves.7174@example.com,Uberlândia,Padeiro,63,26071212728
Carolina Carvalho Ribeiro,carolina.carvalho.ribeiro.7175@example.com,Londrina,Analista de dados,68,33807105503
Gustavo Fernandes Dias,gustavo.fernandes.dias.7176@example.com,Uberlândia,Líder de equipe,23,31689327473
João Santos Dias,joao.santos.dias.7177@example.com,Belém,Técnico de enfermagem,59,80077633431
Bruno Pereira Castro,bruno.pereira.castro.7178@example.com,Natal,Auxiliar de produção,62,16767630172
Camila Fernandes Ribeiro,camila.fernandes.ribeiro.7179@example.com,Campinas,Coordenador de logística,52,29717813938
Ricardo Freitas Ribeiro,ricardo.freitas.ribeiro.7180@example.com,Londrina,Comprador,52,77914659610
Aline Costa Oliveira,aline.costa.oliveira.7181@example.com,Manaus,Chefe de compras,57,78324267599
Beatriz Barros Nascimento,beatriz.barros.nascimento.7182@example.com,Natal,Técnico de segurança do trabalho,19,36199603601
José Alves Monteiro,jose.alves.monteiro.7183@example.com,Londrina,Analista de marketing,66,84588083804
Carlos Mendes Teixeira,carlos.mendes.teixeira.7184@example.com,Rondonópolis,Programador,19,22778520445
Priscila Martins Nascimento,priscila.martins.nascimento.7185@example.com,Rondonópolis,Motorista,62,87408904902
Aline Costa Rocha,aline.costa.rocha.7186@example.com,Curitiba,Diretor comercial,69,22658497712
Pedro Silva Pereira,pedro.silva.pereira.7187@example.com,Dourados,Supervisor de manutenção,34,65542698185
Débora Mendes Alves,debora.mendes.alves.7188@example.com,Manaus,Coordenador administrativo,59,22824657827
Letícia Cardoso Alves,leticia.cardoso.alves.7189@example.com,Florianópolis,Atendente,19,22150989617
Eduardo Castro Costa,eduardo.castro.costa.7190@example.com,Salvador,Supervisor de manutenção,38,77622070302
Mariana Almeida Cardoso,mariana.almeida.cardoso.7191@example.com,Belém,Analista de recursos humanos,31,80115083847
Ricardo Gomes Castro,ricardo.gomes.castro.7192@example.com,Uberlândia,Atendente,31,57252414123
Henrique Moreira Martins,henrique.moreira.martins.7193@example.com,Rio de Janeiro,Chefe de departamento pessoal,58,09239770491
Daniela Martins Carvalho,daniela.martins.carvalho.7194@example.com,Uberlândia,Assistente administrativo,18,11439295553
Paulo Barbosa Carvalho,paulo.barbosa.carvalho.7195@example.com,Santos,Atendente,55,83847528862
Henrique Araújo Barbosa,henrique.araujo.barbosa.7196@example.com,Cuiabá,Assistente comercial,54,07597535951
Sandra Monteiro Monteiro,sandra.monteiro.monteiro.7197@example.com,Cuiabá,Estoquista,31,91054622851
Carlos Teixeira Rodrigues,carlos.teixeira.rodrigues.7198@example.com,Londrina,Chefe de departamento pessoal,57,55827722563
Carlos Santos Nascimento,carlos.santos.nascimento.7199@example.com,Recife,Técnico de segurança do trabalho,39,40327712521
Lucas Lima Castro,lucas.lima.castro.7200@example.com,Recife,Líder de equipe,54,76089140991
Débora Souza Almeida,debora.souza.almeida.7201@example.com,Dourados,Gerente comercial,44,96793474342
Gustavo Silva Barros,gustavo.silva.barros.7202@example.com,Curitiba,Encarregado de produção,51,95940775270
Rafael Oliveira Pereira,rafael.oliveira.pereira.7203@example.com,Vitória,Designer gráfico,60,52596416099
Patrícia Araújo Almeida,patricia.araujo.almeida.7204@example.com,Niterói,Analista de marketing,28,30098165998
Igor Freitas Rodrigues,igor.freitas.rodrigues.7205@example.com,Santos,Engenheiro civil,33,96702193097
Diego Rocha Mendes,diego.rocha.mendes.7206@example.com,Brasília,Contador,19,33951775499
Sandra Costa Santos,sandra.costa.santos.7207@example.com,Maringá,Cozinheiro,27,58513831254
Aline Lima Carvalho,aline.lima.carvalho.7208@example.com,Maringá,Encarregado de produção,66,95175117872
Letícia Souza Moreira,leticia.souza.moreira.7209@example.com,Caxias do Sul,Líder de equipe,48,88964788757
Juliana Teixeira Almeida,juliana.teixeira.almeida.7210@example.com,Rondonópolis,Gerente de recursos humanos,60,63663204075
Henrique Gomes Teixeira,henrique.gomes.teixeira.7211@example.com,Dourados,Coordenador administrativo,69,32994072413
Mariana Almeida Ribeiro,mariana.almeida.ribeiro.7212@example.com,Brasília,Assistente administrativo,36,15687652724
Aline Rodrigues Mendes,aline.rodrigues.mendes.7213@example.com,Niterói,Analista de dados,44,66824115176
Carlos Mendes Rocha,carlos.mendes.rocha.7214@example.com,Fortaleza,Analista de marketing,18,86000829807
Ricardo Castro Alves,ricardo.castro.alves.7215@example.com,Dourados,Jornalista,18,50635405416
Sérgio Dias Oliveira,sergio.dias.oliveira.7216@example.com,Rondonópolis,Chefe de almoxarifado,57,67866036325
Simone Teixeira Almeida,simone.teixeira.almeida.7217@example.com,São Paulo,Supervisor de vendas,62,95573492613
Carlos Teixeira Monteiro,carlos.teixeira.monteiro.7218@example.com,Curitiba,Coordenador administrativo,35,18858446839
Henrique Lima Dias,henrique.lima.dias.7219@example.com,Salvador,Jornalista,19,39054793815
Thiago Pereira Moreira,thiago.pereira.moreira.7220@example.com,Porto Alegre,Coordenador de produção,41,59304951087
Eduardo Santos Dias,eduardo.santos.dias.7221@example.com,Rio de Janeiro,Programador,35,93012707025
Felipe Moreira Araújo,felipe.moreira.araujo.7222@example.com,Florianópolis,Assistente comercial,26,52818113044
Igor Teixeira Rodrigues,igor.teixeira.rodrigues.7223@example.com,Rondonópolis,Supervisor de manutenção,22,71858029088
Camila Ribeiro Silva,camila.ribeiro.silva.7224@example.com,Rondonópolis,Analista financeiro,43,45414494943
José Araújo Freitas,jose.araujo.freitas.7225@example.com,Rio de Janeiro,Supervisor de manutenção,39,07668493589
Débora Gomes Barbosa,debora.gomes.barbosa.7226@example.com,Niterói,Gerente financeiro,49,97943275558
Sérgio Rodrigues Mendes,sergio.rodrigues.mendes.7227@example.com,Joinville,Gerente de operações,34,48989562659
Vinícius Araújo Ribeiro,vinicius.araujo.ribeiro.7228@example.com,Vitória,Enfermeiro,55,49550629850
Gabriela Monteiro Nascimento,gabriela.monteiro.nascimento.7229@example.com,Campinas,Programador,65,78266274899
Ricardo Moreira Ribeiro,ricardo.moreira.ribeiro.7230@example.com,Niterói,Engenheiro civil,64,67760753699
Marcelo Barros Costa,marcelo.barros.costa.7231@example.com,Rondonópolis,Assistente administrativo,26,41763637452
Sandra Mendes Dias,sandra.mendes.dias.7232@example.com,Vitória,Arquiteto,53,80057067236
Mariana Monteiro Santos,mariana.monteiro.santos.7233@example.com,Santos,Supervisor de atendimento,31,53832495072
Paulo Silva Martins,paulo.silva.martins.7234@example.com,Joinville,Eletricista,18,61745415857
Ana Castro Lima,ana.castro.lima.7235@example.com,Belo Horizonte,Motorista,45,28503027863
Gabriel Silva Santos,gabriel.silva.santos.7236@example.com,Campinas,Advogado,33,46056701351
Rafael Martins Rocha,rafael.martins.rocha.7237@example.com,Sorocaba,Corretor de imóveis,25,85935442290
Diego Moreira Fernandes,diego.moreira.fernandes.7238@example.com,Campinas,Coordenador de produção,35,19270005683
Fernanda Silva Barros,fernanda.silva.barros.7239@example.com,Curitiba,Professor,60,80748135843
Marcelo Araújo Carvalho,marcelo.araujo.carvalho.7240@example.com,Porto Alegre,Chefe de departamento pessoal,31,74806468826
Aline Fernandes Castro,aline.fernandes.castro.7241@example.com,Joinville,Técnico de segurança do trabalho,51,35571653387
Larissa Silva Araújo,larissa.silva.araujo.7242@example.com,Belém,Assistente administrativo,60,92638982961
Aline Martins Rocha,aline.martins.rocha.7243@example.com,Manaus,Pedreiro,24,28300336011
Vanessa Costa Teixeira,vanessa.costa.teixeira.7244@example.com,Florianópolis,Gerente comercial,48,03006931525
Camila Costa Monteiro,camila.costa.monteiro.7245@example.com,Joinville,Gerente financeiro,19,08153279642
Renata Carvalho Nascimento,renata.carvalho.nascimento.7246@example.com,Fortaleza,Atendente,28,37474139642
Priscila Santos Santos,priscila.santos.santos.7247@example.com,Curitiba,Gerente de operações,54,42438352410
Rafael Carvalho Oliveira,rafael.carvalho.oliveira.7248@example.com,Uberlândia,Auxiliar de produção,39,64569416726
Larissa Souza Castro,larissa.souza.castro.7249@example.com,Londrina,Padeiro,40,79764727953
Carlos Costa Nascimento,carlos.costa.nascimento.7250@example.com,Caxias do Sul,Analista de recursos humanos,57,45839004643
Fernanda Rocha Araújo,fernanda.rocha.araujo.7251@example.com,São Paulo,Arquiteto,38,92505468368
Larissa Ribeiro Costa,larissa.ribeiro.costa.7252@example.com,Cuiabá,Enfermeiro,49,02952404632
Igor Castro Alves,igor.castro.alves.7253@example.com,Belo Horizonte,Analista de marketing,59,98122953968
Amanda Monteiro Oliveira,amanda.monteiro.oliveira.7254@example.com,Uberlândia,Líder de equipe,49,04632252955
Lucas Rodrigues Alves,lucas.rodrigues.alves.7255@example.com,Salvador,Advogado,23,87641760715
Henrique Oliveira Cardoso,henrique.oliveira.cardoso.7256@example.com,Maringá,Professor,46,66464416268
Daniela Monteiro Silva,daniela.monteiro.silva.7257@example.com,São Paulo,Supervisor de manutenção,39,06537673688
Gabriela Monteiro Moreira,gabriela.monteiro.moreira.7258@example.com,Belo Horizonte,Padeiro,52,43252397477
Thiago Pereira Castro,thiago.pereira.castro.7259@example.com,Rio de Janeiro,Assistente comercial,19,50938412564
Diego Santos Barros,diego.santos.barros.7260@example.com,Rio de Janeiro,Fisioterapeuta,54,85738519490
Mariana Monteiro Nascimento,mariana.monteiro.nascimento.7261@example.com,Recife,Diretor comercial,58,12209552805
Beatriz Rodrigues Oliveira,beatriz.rodrigues.oliveira.7262@example.com,Dourados,Recepcionista,18,91141575368
Carolina Pereira Costa,carolina.pereira.costa.7263@example.com,Uberlândia,Coordenador de produção,28,57780534256
Henrique Almeida Cardoso,henrique.almeida.cardoso.7264@example.com,Belo Horizonte,Programador,31,98689747790
Ana Carvalho Almeida,ana.carvalho.almeida.7265@example.com,Cuiabá,Arquiteto,24,01548064907
Débora Araújo Nascimento,debora.araujo.nascimento.7266@example.com,Porto Alegre,Programador,31,96554639282
Henrique Martins Barros,henrique.martins.barros.7267@example.com,Belém,Vendedor,62,99473575498
Patrícia Gomes Rocha,patricia.gomes.rocha.7268@example.com,Uberlândia,Técnico de segurança do trabalho,44,83839493841
Gabriela Gomes Martins,gabriela.gomes.martins.7269@example.com,Recife,Chefe de almoxarifado,38,63431083546
Carlos Castro Silva,carlos.castro.silva.7270@example.com,Dourados,Corretor de imóveis,58,00692883305
Aline Martins Almeida,aline.martins.almeida.7271@example.com,Fortaleza,Supervisor de qualidade,62,96717067939
Eduardo Teixeira Castro,eduardo.teixeira.castro.7272@example.com,Natal,Vendedor,28,32173567563
Larissa Barbosa Castro,larissa.barbosa.castro.7273@example.com,Recife,Coordenador de produção,41,93016556356
Carolina Freitas Ribeiro,carolina.freitas.ribeiro.7274@example.com,Dourados,Assistente comercial,57,82819677908
Daniela Martins Oliveira,daniela.martins.oliveira.7275@example.com,Brasília,Mecânico,63,39050079684
Igor Monteiro Santos,igor.monteiro.santos.7276@example.com,Campinas,Assistente administrativo,37,61455031956
Letícia Carvalho Santos,leticia.carvalho.santos.7277@example.com,Maringá,Supervisor de qualidade,37,54096304583
Igor Carvalho Souza,igor.carvalho.souza.7278@example.com,Uberlândia,Motorista,21,15116762664
Vinícius Alves Martins,vinicius.alves.martins.7279@example.com,Vitória,Diretor de operações,37,17888156361
Paulo Rodrigues Freitas,paulo.rodrigues.freitas.7280@example.com,Belém,Recepcionista,24,57646062602
Gustavo Dias Santos,gustavo.dias.santos.7281@example.com,Rio de Janeiro,Gerente de operações,22,64722009557
Thiago Carvalho Mendes,thiago.carvalho.mendes.7282@example.com,Natal,Programador,26,06754613835
Daniela Mendes Dias,daniela.mendes.dias.7283@example.com,Niterói,Coordenador de produção,65,86542038666
Beatriz Araújo Castro,beatriz.araujo.castro.7284@example.com,Curitiba,Nutricionista,45,19272493864
José Dias Alves,jose.dias.alves.7285@example.com,Dourados,Recepcionista,30,97684737104
Ana Castro Santos,ana.castro.santos.7286@example.com,Santos,Encarregado de produção,38,44618523533
Sérgio Oliveira Monteiro,sergio.oliveira.monteiro.7287@example.com,Rio de Janeiro,Mecânico,31,27205733584
Igor Barbosa Dias,igor.barbosa.dias.7288@example.com,Campinas,Motorista,61,88318008896
Camila Fernandes Araújo,camila.fernandes.araujo.7289@example.com,Brasília,Coordenador de logística,46,88533083704
Beatriz Almeida Rodrigues,beatriz.almeida.rodrigues.7290@example.com,Salvador,Analista de recursos humanos,26,85171337623
Carolina Fernandes Gomes,carolina.fernandes.gomes.7291@example.com,Niterói,Chefe de compras,62,48902037650
Gustavo Santos Araújo,gustavo.santos.araujo.7292@example.com,Uberlândia,Fisioterapeuta,32,54274461551
Thiago Gomes Barros,thiago.gomes.barros.7293@example.com,Santos,Gerente comercial,40,73679471828
Leonardo Lima Monteiro,leonardo.lima.monteiro.7294@example.com,Recife,Operador de caixa,62,90860390905
Débora Fernandes Castro,debora.fernandes.castro.7295@example.com,Niterói,Atendente,25,61927129874
Leonardo Rodrigues Gomes,leonardo.rodrigues.gomes.7296@example.com,Porto Alegre,Analista de recursos humanos,44,30639170466
Débora Rodrigues Dias,debora.rodrigues.dias.7297@example.com,Uberlândia,Gerente de operações,53,19499083047
Beatriz Barros Lima,beatriz.barros.lima.7298@example.com,Londrina,Encarregado de produção,20,09290505164
Igor Souza Dias,igor.souza.dias.7299@example.com,Joinville,Coordenador de marketing,69,46026495569
Rafael Souza Souza,rafael.souza.souza.7300@example.com,Natal,Gerente comercial,46,13232945249
Eduardo Ribeiro Almeida,eduardo.ribeiro.almeida.7301@example.com,Sorocaba,Assistente administrativo,22,52281636295
Gabriel Castro Dias,gabriel.castro.dias.7302@example.com,Natal,Programador,67,81839707408
Simone Rodrigues Souza,simone.rodrigues.souza.7303@example.com,Salvador,Supervisor de qualidade,68,36195514262
Igor Gomes Monteiro,igor.gomes.monteiro.7304@example.com,Maringá,Técnico em informática,26,80395895573
Gabriela Lima Carvalho,gabriela.lima.carvalho.7305@example.com,Brasília,Supervisor de atendimento,19,72173623232
Vanessa Cardoso Oliveira,vanessa.cardoso.oliveira.7306@example.com,Belo Horizonte,Arquiteto,47,19801241961
Otávio Almeida Barros,otavio.almeida.barros.7307@example.com,Manaus,Fisioterapeuta,64,79831567550
Rafael Cardoso Almeida,rafael.cardoso.almeida.7308@example.com,Caxias do Sul,Assistente comercial,28,58252070779
Nicolas Pereira Araújo,nicolas.pereira.araujo.7309@example.com,Cuiabá,Coordenador de produção,54,29943467437
Marcelo Rodrigues Lima,marcelo.rodrigues.lima.7310@example.com,Sorocaba,Diretor comercial,39,84900058930
Sérgio Almeida Pereira,sergio.almeida.pereira.7311@example.com,Cuiabá,Chefe de departamento pessoal,64,92929264092
Felipe Castro Gomes,felipe.castro.gomes.7312@example.com,Campo Grande,Cozinheiro,21,51921942434
Patrícia Almeida Teixeira,patricia.almeida.teixeira.7313@example.com,Belém,Técnico de enfermagem,53,82935492581
Vinícius Pereira Souza,vinicius.pereira.souza.7314@example.com,Uberlândia,Gerente financeiro,66,96292851770
Pedro Almeida Dias,pedro.almeida.dias.7315@example.com,Brasília,Gerente de recursos humanos,64,85121731620
Vinícius Dias Alves,vinicius.dias.alves.7316@example.com,Rondonópolis,Encarregado de produção,23,48120280847
Rafael Mendes Barros,rafael.mendes.barros.7317@example.com,Brasília,Técnico de enfermagem,47,24438820649
Renata Almeida Martins,renata.almeida.martins.7318@example.com,Dourados,Técnico de enfermagem,41,55238540239
Patrícia Nascimento Araújo,patricia.nascimento.araujo.7319@example.com,Recife,Designer gráfico,29,38220886842
Pedro Carvalho Santos,pedro.carvalho.santos.7320@example.com,Recife,Nutricionista,24,36607367899
José Teixeira Araújo,jose.teixeira.araujo.7321@example.com,Campinas,Fisioterapeuta,48,28250213285
José Barros Cardoso,jose.barros.cardoso.7322@example.com,Belém,Auxiliar de produção,53,82047609182
Pedro Rocha Mendes,pedro.rocha.mendes.7323@example.com,Florianópolis,Supervisor de vendas,51,50652017734
Leonardo Oliveira Martins,leonardo.oliveira.martins.7324@example.com,Dourados,Farmacêutico,20,16252428616
Ricardo Araújo Fernandes,ricardo.araujo.fernandes.7325@example.com,São Paulo,Mecânico,33,39378212284
Vanessa Costa Teixeira,vanessa.costa.teixeira.7326@example.com,Salvador,Eletricista,43,98844312332
Amanda Castro Almeida,amanda.castro.almeida.7327@example.com,Dourados,Gerente financeiro,47,28673804698
Sérgio Gomes Santos,sergio.gomes.santos.7328@example.com,Londrina,Supervisor de manutenção,55,22278721061
Tatiane Moreira Rodrigues,tatiane.moreira.rodrigues.7329@example.com,Caxias do Sul,Encarregado de produção,49,68138956253
Simone Teixeira Teixeira,simone.teixeira.teixeira.7330@example.com,Joinville,Corretor de imóveis,53,08558981298
Gustavo Araújo Fernandes,gustavo.araujo.fernandes.7331@example.com,Natal,Gerente de recursos humanos,46,30407325853
Thiago Costa Barros,thiago.costa.barros.7332@example.com,Campinas,Padeiro,44,26792961268
Letícia Monteiro Nascimento,leticia.monteiro.nascimento.7333@example.com,Cuiabá,Supervisor de vendas,43,02841047016
Diego Barbosa Dias,diego.barbosa.dias.7334@example.com,Santos,Técnico de segurança do trabalho,55,44069167132
Bruno Gomes Moreira,bruno.gomes.moreira.7335@example.com,Londrina,Professor,48,73937898298
Larissa Araújo Barros,larissa.araujo.barros.7336@example.com,Florianópolis,Coordenador de logística,37,94002657745
Diego Cardoso Santos,diego.cardoso.santos.7337@example.com,Recife,Programador,63,94176283341
José Lima Moreira,jose.lima.moreira.7338@example.com,Florianópolis,Supervisor de manutenção,69,56026977950
Leonardo Fernandes Castro,leonardo.fernandes.castro.7339@example.com,Recife,Supervisor de qualidade,19,18622779762
Henrique Santos Martins,henrique.santos.martins.7340@example.com,Maringá,Farmacêutico,48,09547379636
Larissa Moreira Santos,larissa.moreira.santos.7341@example.com,Campo Grande,Mecânico,28,58301970443
Ana Pereira Fernandes,ana.pereira.fernandes.7342@example.com,São Paulo,Recepcionista,54,99239400586
Gabriela Castro Moreira,gabriela.castro.moreira.7343@example.com,Salvador,Corretor de imóveis,33,82604050959
Vinícius Carvalho Rocha,vinicius.carvalho.rocha.7344@example.com,Natal,Engenheiro civil,63,18745030188
Aline Rodrigues Moreira,aline.rodrigues.moreira.7345@example.com,Florianópolis,Nutricionista,20,59492595692
Otávio Nascimento Rocha,otavio.nascimento.rocha.7346@example.com,Campinas,Advogado,45,24848898366
Henrique Souza Monteiro,henrique.souza.monteiro.7347@example.com,Londrina,Gerente de operações,21,80401992782
José Almeida Santos,jose.almeida.santos.7348@example.com,Goiânia,Gerente de tecnologia,39,59855447777
Juliana Gomes Teixeira,juliana.gomes.teixeira.7349@example.com,Belém,Operador de caixa,31,02148286167
Nicolas Oliveira Moreira,nicolas.oliveira.moreira.7350@example.com,Cuiabá,Chefe de compras,65,98956870853
Rafael Nascimento Dias,rafael.nascimento.dias.7351@example.com,Caxias do Sul,Operador de caixa,36,67700761023
João Souza Costa,joao.souza.costa.7352@example.com,Florianópolis,Diretor comercial,65,60620113539
Marcelo Almeida Alves,marcelo.almeida.alves.7353@example.com,Belém,Eletricista,53,52439981278
Gustavo Alves Carvalho,gustavo.alves.carvalho.7354@example.com,Fortaleza,Gerente comercial,22,59427500082
José Rodrigues Costa,jose.rodrigues.costa.7355@example.com,Sorocaba,Pedreiro,18,22404383828
Henrique Barros Santos,henrique.barros.santos.7356@example.com,Vitória,Estoquista,37,25403024842
Camila Dias Fernandes,camila.dias.fernandes.7357@example.com,Fortaleza,Arquiteto,50,95945219049
Otávio Ribeiro Santos,otavio.ribeiro.santos.7358@example.com,Rio de Janeiro,Analista financeiro,53,09789402492
Rafael Fernandes Silva,rafael.fernandes.silva.7359@example.com,Belém,Coordenador de logística,25,42579922688
Beatriz Souza Barros,beatriz.souza.barros.7360@example.com,Belém,Supervisor de vendas,56,06168223108
Ricardo Silva Almeida,ricardo.silva.almeida.7361@example.com,Rondonópolis,Chefe de departamento pessoal,55,26376051818
Sandra Castro Martins,sandra.castro.martins.7362@example.com,Vitória,Analista de dados,38,20086490273
Thiago Pereira Souza,thiago.pereira.souza.7363@example.com,Sorocaba,Supervisor de manutenção,20,55769605484
Priscila Castro Barros,priscila.castro.barros.7364@example.com,Florianópolis,Coordenador administrativo,48,41062168152
Juliana Cardoso Castro,juliana.cardoso.castro.7365@example.com,São Paulo,Técnico em informática,63,30482883411
Fernanda Castro Teixeira,fernanda.castro.teixeira.7366@example.com,Maringá,Chefe de departamento pessoal,47,44045582623
Carlos Souza Alves,carlos.souza.alves.7367@example.com,Manaus,Gerente financeiro,47,01033228259
Rafael Lima Almeida,rafael.lima.almeida.7368@example.com,Curitiba,Supervisor de vendas,70,39675692392
Beatriz Freitas Souza,beatriz.freitas.souza.7369@example.com,Goiânia,Supervisor de qualidade,47,26197386634
Rafael Souza Monteiro,rafael.souza.monteiro.7370@example.com,Uberlândia,Encarregado de produção,53,51262024888
João Rocha Teixeira,joao.rocha.teixeira.7371@example.com,Uberlândia,Estoquista,53,64633043249
Igor Castro Almeida,igor.castro.almeida.7372@example.com,Manaus,Jornalista,62,04434506538
Leonardo Monteiro Martins,leonardo.monteiro.martins.7373@example.com,Santos,Analista de recursos humanos,64,83069551454
Amanda Freitas Monteiro,amanda.freitas.monteiro.7374@example.com,Vitória,Gerente comercial,18,52271803228
Pedro Cardoso Oliveira,pedro.cardoso.oliveira.7375@example.com,Curitiba,Auxiliar de produção,64,36443106774
Henrique Rocha Lima,henrique.rocha.lima.7376@example.com,Florianópolis,Corretor de imóveis,26,37808550646
Marcelo Mendes Monteiro,marcelo.mendes.monteiro.7377@example.com,Recife,Coordenador administrativo,29,60054487843
Bruno Costa Martins,bruno.costa.martins.7378@example.com,Caxias do Sul,Gerente financeiro,46,84651773466
Patrícia Teixeira Gomes,patricia.teixeira.gomes.7379@example.com,Campo Grande,Gerente de tecnologia,26,38511148984
Camila Nascimento Gomes,camila.nascimento.gomes.7380@example.com,Campinas,Analista de marketing,61,47390733586
Patrícia Cardoso Almeida,patricia.cardoso.almeida.7381@example.com,Joinville,Técnico em informática,32,88681976080
Daniela Castro Rocha,daniela.castro.rocha.7382@example.com,Maringá,Auxiliar de produção,67,75828290214
Ana Araújo Monteiro,ana.araujo.monteiro.7383@example.com,Cuiabá,Gerente comercial,55,27093870675
Rafael Souza Barbosa,rafael.souza.barbosa.7384@example.com,Caxias do Sul,Arquiteto,35,88047643848
Igor Barros Carvalho,igor.barros.carvalho.7385@example.com,Vitória,Analista de recursos humanos,66,90010505594
Larissa Rocha Nascimento,larissa.rocha.nascimento.7386@example.com,Fortaleza,Supervisor de atendimento,61,53606392865
João Alves Lima,joao.alves.lima.7387@example.com,Brasília,Supervisor de vendas,45,01880076523
Gabriela Teixeira Oliveira,gabriela.teixeira.oliveira.7388@example.com,Niterói,Encarregado de produção,23,58149577951
Sandra Mendes Moreira,sandra.mendes.moreira.7389@example.com,Florianópolis,Advogado,49,58927437642
Luana Mendes Castro,luana.mendes.castro.7390@example.com,Uberlândia,Engenheiro civil,19,98708640440
Vitória Nascimento Martins,vitoria.nascimento.martins.7391@example.com,Florianópolis,Chefe de departamento pessoal,22,46253474508
Carlos Pereira Mendes,carlos.pereira.mendes.7392@example.com,Vitória,Engenheiro civil,64,79685937662
Tatiane Freitas Martins,tatiane.freitas.martins.7393@example.com,São Paulo,Professor,29,71736251013
Felipe Gomes Martins,felipe.gomes.martins.7394@example.com,Manaus,Supervisor de vendas,38,98182993990
Igor Santos Cardoso,igor.santos.cardoso.7395@example.com,Joinville,Assistente comercial,57,86984008836
Priscila Oliveira Lima,priscila.oliveira.lima.7396@example.com,Cuiabá,Professor,26,80884661975
Juliana Costa Santos,juliana.costa.santos.7397@example.com,Londrina,Programador,48,46433485928
Priscila Monteiro Mendes,priscila.monteiro.mendes.7398@example.com,Fortaleza,Pedreiro,20,97224836511
Vitória Fernandes Monteiro,vitoria.fernandes.monteiro.7399@example.com,Fortaleza,Analista de dados,45,64154836436
Débora Almeida Rodrigues,debora.almeida.rodrigues.7400@example.com,Rio de Janeiro,Gerente de recursos humanos,54,22989590032
Vanessa Santos Freitas,vanessa.santos.freitas.7401@example.com,Uberlândia,Designer gráfico,64,36983089509
Fernanda Mendes Pereira,fernanda.mendes.pereira.7402@example.com,Curitiba,Gerente de tecnologia,48,19248638534
Henrique Araújo Almeida,henrique.araujo.almeida.7403@example.com,Niterói,Operador de caixa,43,42703618518
Aline Costa Pereira,aline.costa.pereira.7404@example.com,Maringá,Jornalista,70,07487567286
Leonardo Santos Souza,leonardo.santos.souza.7405@example.com,Natal,Diretor comercial,63,89409169266
Simone Lima Araújo,simone.lima.araujo.7406@example.com,São Paulo,Engenheiro civil,26,60489587663
Simone Rocha Rocha,simone.rocha.rocha.7407@example.com,Florianópolis,Auxiliar de produção,28,83108127950
Marcelo Barbosa Santos,marcelo.barbosa.santos.7408@example.com,Belo Horizonte,Analista de recursos humanos,52,97907591710
Juliana Rodrigues Santos,juliana.rodrigues.santos.7409@example.com,Fortaleza,Engenheiro civil,45,42599983889
Eduardo Mendes Carvalho,eduardo.mendes.carvalho.7410@example.com,Belém,Gerente comercial,54,61788549679
Renata Fernandes Freitas,renata.fernandes.freitas.7411@example.com,Florianópolis,Recepcionista,54,19872975161
Renata Pereira Oliveira,renata.pereira.oliveira.7412@example.com,Campo Grande,Analista financeiro,69,43630071427
Paulo Cardoso Araújo,paulo.cardoso.araujo.7413@example.com,Florianópolis,Fisioterapeuta,18,55099600837
Paulo Gomes Teixeira,paulo.gomes.teixeira.7414@example.com,Santos,Comprador,34,15534178683
Henrique Almeida Silva,henrique.almeida.silva.7415@example.com,Joinville,Supervisor de qualidade,66,62191398467
Marcelo Costa Costa,marcelo.costa.costa.7416@example.com,Uberlândia,Padeiro,21,43742284357
Lucas Silva Teixeira,lucas.silva.teixeira.7417@example.com,Fortaleza,Jornalista,53,68292581322
Renata Oliveira Nascimento,renata.oliveira.nascimento.7418@example.com,Recife,Gerente de recursos humanos,18,63000693412
José Almeida Monteiro,jose.almeida.monteiro.7419@example.com,Santos,Comprador,40,61588872785
Luana Gomes Souza,luana.gomes.souza.7420@example.com,Maringá,Gerente comercial,20,65044623984
Renata Almeida Silva,renata.almeida.silva.7421@example.com,Brasília,Assistente administrativo,60,22605933064
Vinícius Freitas Barbosa,vinicius.freitas.barbosa.7422@example.com,Recife,Técnico de enfermagem,47,74421930281
Daniela Barbosa Martins,daniela.barbosa.martins.7423@example.com,Santos,Gerente comercial,55,10266609125
Leonardo Moreira Gomes,leonardo.moreira.gomes.7424@example.com,Belo Horizonte,Mecânico,26,53824417263
Larissa Silva Mendes,larissa.silva.mendes.7425@example.com,Rio de Janeiro,Coordenador de marketing,56,48200010833
Gustavo Barros Rocha,gustavo.barros.rocha.7426@example.com,Rondonópolis,Gerente de recursos humanos,39,22365107272
Marcelo Freitas Rocha,marcelo.freitas.rocha.7427@example.com,Brasília,Técnico de enfermagem,27,69323562114
Thiago Souza Oliveira,thiago.souza.oliveira.7428@example.com,Campinas,Supervisor de atendimento,45,34297527442
Amanda Rocha Mendes,amanda.rocha.mendes.7429@example.com,Sorocaba,Eletricista,30,93491067601
Carolina Alves Martins,carolina.alves.martins.7430@example.com,Niterói,Recepcionista,44,56363638611
Fernanda Ribeiro Oliveira,fernanda.ribeiro.oliveira.7431@example.com,Rondonópolis,Recepcionista,66,46326832108
Letícia Ribeiro Rocha,leticia.ribeiro.rocha.7432@example.com,Manaus,Arquiteto,29,98335793830
Henrique Alves Pereira,henrique.alves.pereira.7433@example.com,Salvador,Gerente comercial,31,27781764117
Simone Moreira Fernandes,simone.moreira.fernandes.7434@example.com,Campinas,Analista de marketing,39,66591765675
Ana Araújo Barbosa,ana.araujo.barbosa.7435@example.com,Rio de Janeiro,Supervisor de manutenção,41,67295624183
Priscila Silva Ribeiro,priscila.silva.ribeiro.7436@example.com,Belo Horizonte,Chefe de departamento pessoal,56,22252589196
Beatriz Barros Silva,beatriz.barros.silva.7437@example.com,Rio de Janeiro,Operador de caixa,39,52291570669
Luana Freitas Barbosa,luana.freitas.barbosa.7438@example.com,Dourados,Corretor de imóveis,50,03811309800
Felipe Freitas Freitas,felipe.freitas.freitas.7439@example.com,Campo Grande,Corretor de imóveis,33,10656180173
Débora Castro Moreira,debora.castro.moreira.7440@example.com,Curitiba,Engenheiro civil,21,52475033755
Bruno Cardoso Lima,bruno.cardoso.lima.7441@example.com,Curitiba,Advogado,28,87935961037
Carolina Lima Pereira,carolina.lima.pereira.7442@example.com,Goiânia,Engenheiro civil,66,22952018223
Gustavo Alves Freitas,gustavo.alves.freitas.7443@example.com,São Paulo,Cozinheiro,61,19031312487
Daniela Nascimento Pereira,daniela.nascimento.pereira.7444@example.com,Maringá,Recepcionista,60,45060948923
Camila Santos Freitas,camila.santos.freitas.7445@example.com,Maringá,Auxiliar de produção,48,47491877478
Patrícia Castro Ribeiro,patricia.castro.ribeiro.7446@example.com,Brasília,Gerente de recursos humanos,24,49487830254
Marcelo Cardoso Silva,marcelo.cardoso.silva.7447@example.com,Rondonópolis,Gerente comercial,60,89537248342
Juliana Pereira Barbosa,juliana.pereira.barbosa.7448@example.com,Salvador,Nutricionista,36,32027164537
Henrique Lima Barbosa,henrique.lima.barbosa.7449@example.com,Belo Horizonte,Encarregado de produção,40,60580997540
Gustavo Martins Santos,gustavo.martins.santos.7450@example.com,Florianópolis,Vendedor,67,77073689617
Simone Gomes Pereira,simone.gomes.pereira.7451@example.com,Recife,Vendedor,29,64146488326
Vinícius Ribeiro Araújo,vinicius.ribeiro.araujo.7452@example.com,Natal,Diretor de operações,60,30188608814
Débora Nascimento Martins,debora.nascimento.martins.7453@example.com,Uberlândia,Técnico de segurança do trabalho,48,10285272842
Leonardo Souza Araújo,leonardo.souza.araujo.7454@example.com,Goiânia,Comprador,47,30320820625
Letícia Barros Dias,leticia.barros.dias.7455@example.com,Manaus,Encarregado de produção,49,54046787994
Rafael Freitas Almeida,rafael.freitas.almeida.7456@example.com,Salvador,Advogado,67,57726673123
Marcelo Castro Silva,marcelo.castro.silva.7457@example.com,Londrina,Farmacêutico,64,65906205484
Sérgio Freitas Mendes,sergio.freitas.mendes.7458@example.com,São Paulo,Supervisor de vendas,27,91810381933
Gabriel Pereira Silva,gabriel.pereira.silva.7459@example.com,Goiânia,Recepcionista,38,42982303021
Vitória Souza Pereira,vitoria.souza.pereira.7460@example.com,Maringá,Encarregado de produção,22,69463812378
Vinícius Castro Dias,vinicius.castro.dias.7461@example.com,Brasília,Coordenador administrativo,32,07699991367
Rafael Fernandes Rocha,rafael.fernandes.rocha.7462@example.com,Rio de Janeiro,Diretor comercial,57,33409207790
Eduardo Monteiro Alves,eduardo.monteiro.alves.7463@example.com,Goiânia,Chefe de departamento pessoal,53,99011178818
Henrique Rodrigues Martins,henrique.rodrigues.martins.7464@example.com,Santos,Atendente,65,70287129320
Letícia Alves Alves,leticia.alves.alves.7465@example.com,Natal,Padeiro,40,31812387917
Gabriel Costa Mendes,gabriel.costa.mendes.7466@example.com,Sorocaba,Assistente comercial,61,73314584398
Sérgio Barros Monteiro,sergio.barros.monteiro.7467@example.com,São Paulo,Coordenador administrativo,52,60406067974
Sérgio Fernandes Silva,sergio.fernandes.silva.7468@example.com,Fortaleza,Engenheiro civil,47,78347061090
Tatiane Rodrigues Rodrigues,tatiane.rodrigues.rodrigues.7469@example.com,Brasília,Analista de marketing,54,75466631604
Marcelo Freitas Martins,marcelo.freitas.martins.7470@example.com,Sorocaba,Líder de equipe,40,06278793884
Carolina Moreira Barros,carolina.moreira.barros.7471@example.com,Caxias do Sul,Líder de equipe,18,55734480050
Gabriel Dias Pereira,gabriel.dias.pereira.7472@example.com,Goiânia,Chefe de departamento pessoal,50,56130352388
Débora Gomes Mendes,debora.gomes.mendes.7473@example.com,Salvador,Engenheiro civil,50,00776180878
João Costa Mendes,joao.costa.mendes.7474@example.com,Belém,Coordenador de logística,20,19020033752
Nicolas Araújo Gomes,nicolas.araujo.gomes.7475@example.com,Belém,Técnico de segurança do trabalho,51,22645317869
Daniela Rocha Barros,daniela.rocha.barros.7476@example.com,Curitiba,Gerente de operações,36,21051069854
Larissa Oliveira Rodrigues,larissa.oliveira.rodrigues.7477@example.com,Rondonópolis,Gerente de tecnologia,41,63908532156
Vinícius Gomes Ribeiro,vinicius.gomes.ribeiro.7478@example.com,Campo Grande,Analista de marketing,66,61157824123
Fernanda Rodrigues Carvalho,fernanda.rodrigues.carvalho.7479@example.com,Rio de Janeiro,Padeiro,38,89633118730
Sandra Rocha Freitas,sandra.rocha.freitas.7480@example.com,Santos,Mecânico,39,46140026778
Débora Mendes Lima,debora.mendes.lima.7481@example.com,Fortaleza,Analista financeiro,22,20269860213
Paulo Lima Cardoso,paulo.lima.cardoso.7482@example.com,Sorocaba,Técnico em informática,21,29270677462
Juliana Barros Carvalho,juliana.barros.carvalho.7483@example.com,Brasília,Auxiliar de produção,39,64532005875
Sérgio Dias Castro,sergio.dias.castro.7484@example.com,Uberlândia,Líder de equipe,48,28483334846
Igor Martins Dias,igor.martins.dias.7485@example.com,Santos,Padeiro,25,93328048575
Rafael Dias Pereira,rafael.dias.pereira.7486@example.com,Maringá,Chefe de compras,48,00681612250
Ricardo Araújo Monteiro,ricardo.araujo.monteiro.7487@example.com,Campo Grande,Pedreiro,49,89399596129
Eduardo Carvalho Barros,eduardo.carvalho.barros.7488@example.com,Dourados,Encarregado de produção,38,71861829429
Sandra Pereira Cardoso,sandra.pereira.cardoso.7489@example.com,Recife,Analista de marketing,34,92786806237
Rafael Monteiro Castro,rafael.monteiro.castro.7490@example.com,Florianópolis,Assistente administrativo,22,41215057648
Fernanda Teixeira Ribeiro,fernanda.teixeira.ribeiro.7491@example.com,Cuiabá,Cozinheiro,58,13261194340
José Oliveira Dias,jose.oliveira.dias.7492@example.com,Florianópolis,Assistente comercial,42,02675580230
João Alves Ribeiro,joao.alves.ribeiro.7493@example.com,Goiânia,Chefe de almoxarifado,40,42908593105
Sandra Cardoso Martins,sandra.cardoso.martins.7494@example.com,Vitória,Advogado,25,38735414909
Gabriela Carvalho Silva,gabriela.carvalho.silva.7495@example.com,Joinville,Supervisor de atendimento,45,33446129019
Vitória Alves Pereira,vitoria.alves.pereira.7496@example.com,Recife,Técnico de enfermagem,39,99626465634
Ana Gomes Ribeiro,ana.gomes.ribeiro.7497@example.com,Rio de Janeiro,Assistente comercial,45,75893818859
Carolina Pereira Fernandes,carolina.pereira.fernandes.7498@example.com,Natal,Técnico de segurança do trabalho,19,06089579436
Priscila Araújo Carvalho,priscila.araujo.carvalho.7499@example.com,Brasília,Estoquista,48,46492225355
Nicolas Souza Moreira,nicolas.souza.moreira.7500@example.com,Campinas,Arquiteto,50,34683440876
Carlos Ribeiro Fernandes,carlos.ribeiro.fernandes.7501@example.com,Santos,Estoquista,51,89751659329
Lucas Lima Mendes,lucas.lima.mendes.7502@example.com,Uberlândia,Motorista,20,50563586482
Ricardo Moreira Costa,ricardo.moreira.costa.7503@example.com,Brasília,Técnico de enfermagem,61,27351580075
Amanda Dias Oliveira,amanda.dias.oliveira.7504@example.com,Caxias do Sul,Eletricista,46,72110693023
Aline Teixeira Pereira,aline.teixeira.pereira.7505@example.com,Recife,Chefe de almoxarifado,34,35812204866
Nicolas Freitas Fernandes,nicolas.freitas.fernandes.7506@example.com,Maringá,Coordenador administrativo,31,33255774209
Letícia Santos Souza,leticia.santos.souza.7507@example.com,Curitiba,Atendente,19,46036133477
Carolina Barros Costa,carolina.barros.costa.7508@example.com,Belém,Supervisor de manutenção,41,76087854674
Simone Cardoso Cardoso,simone.cardoso.cardoso.7509@example.com,São Paulo,Técnico de segurança do trabalho,44,46124256645
Letícia Monteiro Pereira,leticia.monteiro.pereira.7510@example.com,Belo Horizonte,Estoquista,47,42403447152
Simone Nascimento Almeida,simone.nascimento.almeida.7511@example.com,Belo Horizonte,Encarregado de produção,29,94465956964
Daniela Ribeiro Pereira,daniela.ribeiro.pereira.7512@example.com,Rondonópolis,Coordenador de logística,48,49712628834
Mariana Pereira Monteiro,mariana.pereira.monteiro.7513@example.com,Florianópolis,Gerente de tecnologia,20,72678331277
Vitória Souza Lima,vitoria.souza.lima.7514@example.com,Rio de Janeiro,Chefe de compras,37,39020807179
Vinícius Fernandes Almeida,vinicius.fernandes.almeida.7515@example.com,Brasília,Farmacêutico,22,67666431163
Amanda Monteiro Rocha,amanda.monteiro.rocha.7516@example.com,Dourados,Chefe de departamento pessoal,28,18824320802
Felipe Rocha Carvalho,felipe.rocha.carvalho.7517@example.com,Maringá,Assistente administrativo,54,05287317217
Camila Ribeiro Castro,camila.ribeiro.castro.7518@example.com,Maringá,Analista financeiro,45,73298335814
Carlos Martins Oliveira,carlos.martins.oliveira.7519@example.com,Manaus,Auxiliar de produção,59,42531241530
Thiago Moreira Pereira,thiago.moreira.pereira.7520@example.com,Florianópolis,Padeiro,61,04869603296
Thiago Santos Araújo,thiago.santos.araujo.7521@example.com,Goiânia,Professor,61,07233215532
Aline Gomes Ribeiro,aline.gomes.ribeiro.7522@example.com,Florianópolis,Diretor de operações,28,98931099415
Luana Fernandes Pereira,luana.fernandes.pereira.7523@example.com,Salvador,Motorista,58,04658741042
Marcelo Castro Santos,marcelo.castro.santos.7524@example.com,Rio de Janeiro,Corretor de imóveis,62,10749437043
Otávio Gomes Gomes,otavio.gomes.gomes.7525@example.com,Goiânia,Pedreiro,34,35856315565
Renata Souza Rodrigues,renata.souza.rodrigues.7526@example.com,Uberlândia,Coordenador de produção,46,18049787572
Patrícia Santos Almeida,patricia.santos.almeida.7527@example.com,Campo Grande,Eletricista,49,96262368532
Larissa Costa Moreira,larissa.costa.moreira.7528@example.com,Vitória,Assistente comercial,22,93550764360
Bruno Monteiro Ribeiro,bruno.monteiro.ribeiro.7529@example.com,Caxias do Sul,Fisioterapeuta,60,60666129992
Felipe Freitas Araújo,felipe.freitas.araujo.7530@example.com,Goiânia,Gerente financeiro,34,83780555499
Vinícius Araújo Costa,vinicius.araujo.costa.7531@example.com,Campinas,Gerente de operações,23,56639936095
Gabriela Barbosa Martins,gabriela.barbosa.martins.7532@example.com,Belém,Técnico de enfermagem,46,23826474126
Eduardo Barros Alves,eduardo.barros.alves.7533@example.com,Dourados,Supervisor de vendas,60,42944995766
Camila Barros Barbosa,camila.barros.barbosa.7534@example.com,Sorocaba,Gerente financeiro,49,15737381899
Diego Araújo Souza,diego.araujo.souza.7535@example.com,São Paulo,Gerente financeiro,49,11264672301
Letícia Pereira Carvalho,leticia.pereira.carvalho.7536@example.com,Niterói,Estoquista,40,64591761637
João Barbosa Oliveira,joao.barbosa.oliveira.7537@example.com,Joinville,Coordenador de produção,24,34129641830
Beatriz Moreira Santos,beatriz.moreira.santos.7538@example.com,Porto Alegre,Contador,62,01835895159
Lucas Silva Cardoso,lucas.silva.cardoso.7539@example.com,Belo Horizonte,Nutricionista,55,37511533476
Camila Silva Gomes,camila.silva.gomes.7540@example.com,Campo Grande,Atendente,21,31862091889
Marcelo Silva Martins,marcelo.silva.martins.7541@example.com,Maringá,Gerente de recursos humanos,18,72070129519
Vinícius Lima Barros,vinicius.lima.barros.7542@example.com,Belém,Analista financeiro,65,62634707301
Débora Araújo Rodrigues,debora.araujo.rodrigues.7543@example.com,Rondonópolis,Gerente comercial,70,02241927483
Felipe Carvalho Pereira,felipe.carvalho.pereira.7544@example.com,Rondonópolis,Padeiro,19,52662001033
Juliana Santos Moreira,juliana.santos.moreira.7545@example.com,Rondonópolis,Comprador,45,05229553185
Paulo Santos Oliveira,paulo.santos.oliveira.7546@example.com,Goiânia,Técnico de enfermagem,70,32707313530
Carolina Lima Monteiro,carolina.lima.monteiro.7547@example.com,Santos,Comprador,31,59941283445
Otávio Freitas Teixeira,otavio.freitas.teixeira.7548@example.com,Uberlândia,Encarregado de produção,47,48035092039
Carlos Rocha Mendes,carlos.rocha.mendes.7549@example.com,Maringá,Chefe de compras,57,00438628332
Priscila Ribeiro Mendes,priscila.ribeiro.mendes.7550@example.com,Campo Grande,Gerente financeiro,41,98680868115
Carolina Pereira Souza,carolina.pereira.souza.7551@example.com,Vitória,Coordenador de marketing,56,65243472122
Paulo Castro Cardoso,paulo.castro.cardoso.7552@example.com,Natal,Coordenador de marketing,46,87760287391
José Monteiro Mendes,jose.monteiro.mendes.7553@example.com,Goiânia,Mecânico,42,01408641814
Ricardo Teixeira Freitas,ricardo.teixeira.freitas.7554@example.com,Salvador,Analista de recursos humanos,49,39672549753
Gustavo Barros Martins,gustavo.barros.martins.7555@example.com,Sorocaba,Mecânico,29,61480756019
Vanessa Oliveira Souza,vanessa.oliveira.souza.7556@example.com,Dourados,Diretor comercial,25,21887356667
Renata Alves Pereira,renata.alves.pereira.7557@example.com,Belo Horizonte,Farmacêutico,65,45418928000
Nicolas Moreira Fernandes,nicolas.moreira.fernandes.7558@example.com,Manaus,Gerente de operações,56,18504418163
Carolina Freitas Gomes,carolina.freitas.gomes.7559@example.com,Goiânia,Nutricionista,66,33307511106
Igor Rodrigues Moreira,igor.rodrigues.moreira.7560@example.com,Vitória,Fisioterapeuta,35,12113537516
Sandra Souza Costa,sandra.souza.costa.7561@example.com,Dourados,Corretor de imóveis,43,16594444834
Gustavo Freitas Lima,gustavo.freitas.lima.7562@example.com,Fortaleza,Chefe de almoxarifado,37,28880240508
Juliana Lima Dias,juliana.lima.dias.7563@example.com,Fortaleza,Analista de dados,53,04622399608
Renata Monteiro Rocha,renata.monteiro.rocha.7564@example.com,Niterói,Supervisor de qualidade,70,84183411099
Gustavo Freitas Carvalho,gustavo.freitas.carvalho.7565@example.com,Fortaleza,Supervisor de qualidade,68,70645317016
Carolina Oliveira Gomes,carolina.oliveira.gomes.7566@example.com,Santos,Programador,62,71896050777
Thiago Castro Mendes,thiago.castro.mendes.7567@example.com,Brasília,Enfermeiro,22,32241260215
Rafael Costa Fernandes,rafael.costa.fernandes.7568@example.com,Fortaleza,Programador,27,27924106446
Luana Alves Araújo,luana.alves.araujo.7569@example.com,Rio de Janeiro,Chefe de almoxarifado,32,16260262173
Gabriela Dias Rocha,gabriela.dias.rocha.7570@example.com,Uberlândia,Enfermeiro,52,21839664841
Vitória Castro Fernandes,vitoria.castro.fernandes.7571@example.com,Brasília,Encarregado de produção,57,30752909059
Gustavo Fernandes Alves,gustavo.fernandes.alves.7572@example.com,Natal,Diretor comercial,39,61678622915
Vitória Santos Pereira,vitoria.santos.pereira.7573@example.com,Natal,Professor,47,38198213606
João Lima Nascimento,joao.lima.nascimento.7574@example.com,Dourados,Operador de caixa,56,75374347516
Mariana Dias Barros,mariana.dias.barros.7575@example.com,Brasília,Engenheiro civil,28,61545682517
Bruno Pereira Alves,bruno.pereira.alves.7576@example.com,Sorocaba,Fisioterapeuta,43,21578160834
Juliana Oliveira Alves,juliana.oliveira.alves.7577@example.com,Natal,Motorista,31,30343062842
Thiago Mendes Martins,thiago.mendes.martins.7578@example.com,Manaus,Enfermeiro,19,33630016088
Rafael Dias Pereira,rafael.dias.pereira.7579@example.com,Florianópolis,Nutricionista,24,73345367530
Priscila Martins Martins,priscila.martins.martins.7580@example.com,Campo Grande,Encarregado de produção,46,71769181430
Pedro Rocha Nascimento,pedro.rocha.nascimento.7581@example.com,Vitória,Gerente financeiro,57,53910903114
Igor Monteiro Rodrigues,igor.monteiro.rodrigues.7582@example.com,Manaus,Supervisor de atendimento,18,77533516826
Larissa Moreira Pereira,larissa.moreira.pereira.7583@example.com,Brasília,Jornalista,32,06432294104
Juliana Silva Fernandes,juliana.silva.fernandes.7584@example.com,Salvador,Encarregado de produção,22,11400648753
Nicolas Castro Ribeiro,nicolas.castro.ribeiro.7585@example.com,Sorocaba,Eletricista,67,65718972791
Lucas Souza Teixeira,lucas.souza.teixeira.7586@example.com,Belém,Técnico em informática,50,55392636169
Simone Ribeiro Nascimento,simone.ribeiro.nascimento.7587@example.com,Joinville,Diretor de operações,31,95415354571
Otávio Rodrigues Ribeiro,otavio.rodrigues.ribeiro.7588@example.com,Natal,Gerente comercial,41,28722757081
Nicolas Fernandes Silva,nicolas.fernandes.silva.7589@example.com,Manaus,Pedreiro,18,25578122461
Carolina Oliveira Pereira,carolina.oliveira.pereira.7590@example.com,Niterói,Líder de equipe,28,82621990691
Thiago Pereira Teixeira,thiago.pereira.teixeira.7591@example.com,Recife,Supervisor de atendimento,26,23777924618
Gustavo Lima Moreira,gustavo.lima.moreira.7592@example.com,Caxias do Sul,Designer gráfico,21,77604923685
Ana Fernandes Pereira,ana.fernandes.pereira.7593@example.com,Rio de Janeiro,Cozinheiro,33,02687230154
Ricardo Santos Castro,ricardo.santos.castro.7594@example.com,Rondonópolis,Motorista,24,41581421014
Gabriela Carvalho Teixeira,gabriela.carvalho.teixeira.7595@example.com,Goiânia,Atendente,27,77211825797
Gabriela Araújo Santos,gabriela.araujo.santos.7596@example.com,Rondonópolis,Nutricionista,51,30021195630
Sandra Teixeira Martins,sandra.teixeira.martins.7597@example.com,Campinas,Programador,56,14146258520
Amanda Cardoso Lima,amanda.cardoso.lima.7598@example.com,Goiânia,Estoquista,56,07056942307
Camila Cardoso Carvalho,camila.cardoso.carvalho.7599@example.com,Sorocaba,Vendedor,54,36597597363
Leonardo Rocha Barbosa,leonardo.rocha.barbosa.7600@example.com,Salvador,Eletricista,50,63304518432
Gabriela Martins Teixeira,gabriela.martins.teixeira.7601@example.com,Uberlândia,Gerente comercial,26,77913990317
Felipe Almeida Barros,felipe.almeida.barros.7602@example.com,Belo Horizonte,Atendente,23,32929473455
Rafael Mendes Fernandes,rafael.mendes.fernandes.7603@example.com,Joinville,Arquiteto,20,38310692763
Larissa Gomes Monteiro,larissa.gomes.monteiro.7604@example.com,Goiânia,Comprador,29,19971798736
Bruno Lima Ribeiro,bruno.lima.ribeiro.7605@example.com,Dourados,Supervisor de vendas,38,00407784131
Patrícia Cardoso Barros,patricia.cardoso.barros.7606@example.com,Curitiba,Gerente de tecnologia,51,69687937930
Aline Ribeiro Barros,aline.ribeiro.barros.7607@example.com,Joinville,Professor,66,60876728507
Larissa Barbosa Silva,larissa.barbosa.silva.7608@example.com,Fortaleza,Analista de recursos humanos,70,62161111484
Marcelo Rocha Barros,marcelo.rocha.barros.7609@example.com,Cuiabá,Jornalista,51,63489643837
Luana Souza Mendes,luana.souza.mendes.7610@example.com,Niterói,Recepcionista,50,98356992033
Diego Almeida Barros,diego.almeida.barros.7611@example.com,Brasília,Enfermeiro,37,12930220717
Letícia Fernandes Mendes,leticia.fernandes.mendes.7612@example.com,Natal,Técnico de enfermagem,18,67341395878
Simone Monteiro Pereira,simone.monteiro.pereira.7613@example.com,Porto Alegre,Encarregado de produção,23,65572145058
Vanessa Souza Cardoso,vanessa.souza.cardoso.7614@example.com,Recife,Atendente,41,87422135160
Fernanda Carvalho Castro,fernanda.carvalho.castro.7615@example.com,Campinas,Recepcionista,70,15524057172
Tatiane Nascimento Santos,tatiane.nascimento.santos.7616@example.com,Santos,Fisioterapeuta,37,85808457512
Aline Fernandes Oliveira,aline.fernandes.oliveira.7617@example.com,Brasília,Comprador,56,03803404130
Renata Teixeira Pereira,renata.teixeira.pereira.7618@example.com,Niterói,Cozinheiro,40,61233330759
Renata Rodrigues Rodrigues,renata.rodrigues.rodrigues.7619@example.com,Florianópolis,Gerente de tecnologia,69,48384583258
Gabriela Rodrigues Santos,gabriela.rodrigues.santos.7620@example.com,Porto Alegre,Analista de recursos humanos,33,46622381635
Rafael Santos Ribeiro,rafael.santos.ribeiro.7621@example.com,Rio de Janeiro,Padeiro,39,46920291673
Larissa Barbosa Costa,larissa.barbosa.costa.7622@example.com,Recife,Vendedor,54,83565473709
Larissa Rocha Gomes,larissa.rocha.gomes.7623@example.com,Belém,Líder de equipe,35,47112244569
Gabriela Silva Lima,gabriela.silva.lima.7624@example.com,Vitória,Engenheiro civil,20,39841054853
Camila Silva Ribeiro,camila.silva.ribeiro.7625@example.com,Maringá,Cozinheiro,66,80869182331
Fernanda Lima Gomes,fernanda.lima.gomes.7626@example.com,Porto Alegre,Cozinheiro,23,41399092914
Daniela Lima Martins,daniela.lima.martins.7627@example.com,Londrina,Supervisor de qualidade,25,86725163573
Bruno Rocha Monteiro,bruno.rocha.monteiro.7628@example.com,Londrina,Atendente,20,17777940518
José Araújo Rocha,jose.araujo.rocha.7629@example.com,Rondonópolis,Gerente de recursos humanos,33,00708702574
Marcelo Rodrigues Fernandes,marcelo.rodrigues.fernandes.7630@example.com,Belém,Programador,34,30647147123
Gustavo Cardoso Rocha,gustavo.cardoso.rocha.7631@example.com,Londrina,Comprador,61,67913905454
Lucas Pereira Teixeira,lucas.pereira.teixeira.7632@example.com,Sorocaba,Gerente de tecnologia,69,22695787600
Renata Pereira Moreira,renata.pereira.moreira.7633@example.com,Belém,Recepcionista,28,29787971630
Gabriel Fernandes Mendes,gabriel.fernandes.mendes.7634@example.com,Porto Alegre,Cozinheiro,53,76588221170
Carlos Costa Nascimento,carlos.costa.nascimento.7635@example.com,Maringá,Chefe de compras,51,43659398918
Patrícia Costa Ribeiro,patricia.costa.ribeiro.7636@example.com,Cuiabá,Eletricista,70,13510144987
Camila Carvalho Almeida,camila.carvalho.almeida.7637@example.com,Belo Horizonte,Coordenador de logística,33,93103389737
Amanda Almeida Lima,amanda.almeida.lima.7638@example.com,Sorocaba,Gerente de operações,51,37620685410
Bruno Gomes Mendes,bruno.gomes.mendes.7639@example.com,Curitiba,Diretor de operações,24,32429850658
Thiago Oliveira Almeida,thiago.oliveira.almeida.7640@example.com,Santos,Cozinheiro,30,43223940444
Sandra Souza Santos,sandra.souza.santos.7641@example.com,Campinas,Técnico de enfermagem,61,29511463686
Marcelo Carvalho Souza,marcelo.carvalho.souza.7642@example.com,São Paulo,Supervisor de atendimento,62,88486696845
Igor Rodrigues Castro,igor.rodrigues.castro.7643@example.com,Brasília,Gerente de tecnologia,66,61456538117
Débora Teixeira Oliveira,debora.teixeira.oliveira.7644@example.com,Florianópolis,Motorista,52,89177781418
Paulo Souza Ribeiro,paulo.souza.ribeiro.7645@example.com,Florianópolis,Supervisor de manutenção,43,18232966579
Leonardo Barros Alves,leonardo.barros.alves.7646@example.com,Uberlândia,Coordenador administrativo,67,58852595082
Amanda Araújo Ribeiro,amanda.araujo.ribeiro.7647@example.com,Recife,Coordenador de produção,52,74982667213
Igor Cardoso Silva,igor.cardoso.silva.7648@example.com,Curitiba,Professor,60,11477319370
Henrique Oliveira Almeida,henrique.oliveira.almeida.7649@example.com,Brasília,Vendedor,34,38224499856
Nicolas Almeida Carvalho,nicolas.almeida.carvalho.7650@example.com,Florianópolis,Assistente comercial,48,97926689507
Vanessa Gomes Carvalho,vanessa.gomes.carvalho.7651@example.com,Londrina,Programador,23,31534328888
Ana Mendes Teixeira,ana.mendes.teixeira.7652@example.com,Rio de Janeiro,Enfermeiro,30,58223067020
Igor Moreira Fernandes,igor.moreira.fernandes.7653@example.com,Rondonópolis,Supervisor de qualidade,19,87146574615
Fernanda Monteiro Ribeiro,fernanda.monteiro.ribeiro.7654@example.com,Rondonópolis,Gerente de operações,36,15274085341
Sérgio Nascimento Alves,sergio.nascimento.alves.7655@example.com,Curitiba,Recepcionista,48,81926770806
Fernanda Teixeira Gomes,fernanda.teixeira.gomes.7656@example.com,Santos,Mecânico,57,97358178186
Rafael Gomes Pereira,rafael.gomes.pereira.7657@example.com,Campinas,Analista de marketing,57,02400496747
Vitória Nascimento Carvalho,vitoria.nascimento.carvalho.7658@example.com,Fortaleza,Gerente de operações,53,23328650493
Otávio Souza Castro,otavio.souza.castro.7659@example.com,Fortaleza,Chefe de departamento pessoal,38,17006963822
João Gomes Oliveira,joao.gomes.oliveira.7660@example.com,Natal,Coordenador de marketing,31,01013361662
Tatiane Carvalho Alves,tatiane.carvalho.alves.7661@example.com,Sorocaba,Gerente comercial,64,03525206094
Bruno Monteiro Gomes,bruno.monteiro.gomes.7662@example.com,Maringá,Eletricista,49,84198288584
Sandra Ribeiro Mendes,sandra.ribeiro.mendes.7663@example.com,Curitiba,Supervisor de manutenção,59,79318673829
Amanda Monteiro Moreira,amanda.monteiro.moreira.7664@example.com,Porto Alegre,Supervisor de atendimento,36,16196693529
Tatiane Barbosa Rodrigues,tatiane.barbosa.rodrigues.7665@example.com,São Paulo,Operador de caixa,55,05060476071
Paulo Pereira Moreira,paulo.pereira.moreira.7666@example.com,Recife,Recepcionista,26,04135396356
Nicolas Cardoso Souza,nicolas.cardoso.souza.7667@example.com,Fortaleza,Atendente,59,06435268110
Tatiane Dias Cardoso,tatiane.dias.cardoso.7668@example.com,Dourados,Técnico em informática,56,56618249653
Patrícia Castro Araújo,patricia.castro.araujo.7669@example.com,Goiânia,Chefe de departamento pessoal,63,26547687808
Mariana Nascimento Cardoso,mariana.nascimento.cardoso.7670@example.com,Goiânia,Gerente financeiro,35,52371196083
Camila Carvalho Martins,camila.carvalho.martins.7671@example.com,Curitiba,Comprador,64,15132689267
Lucas Moreira Santos,lucas.moreira.santos.7672@example.com,Rondonópolis,Nutricionista,49,60595407117
Rafael Araújo Barbosa,rafael.araujo.barbosa.7673@example.com,Caxias do Sul,Coordenador de logística,30,81992643666
Vinícius Cardoso Lima,vinicius.cardoso.lima.7674@example.com,Rio de Janeiro,Cozinheiro,35,62582528473
Gabriel Teixeira Martins,gabriel.teixeira.martins.7675@example.com,Natal,Analista de dados,25,04962552820
Diego Oliveira Silva,diego.oliveira.silva.7676@example.com,São Paulo,Chefe de departamento pessoal,53,22456741705
Carlos Araújo Carvalho,carlos.araujo.carvalho.7677@example.com,Manaus,Diretor de operações,47,20230186990
Eduardo Nascimento Barros,eduardo.nascimento.barros.7678@example.com,Joinville,Corretor de imóveis,30,28474839692
Henrique Carvalho Costa,henrique.carvalho.costa.7679@example.com,Campinas,Vendedor,41,37659034756
Carlos Dias Santos,carlos.dias.santos.7680@example.com,Maringá,Chefe de departamento pessoal,26,08684006196
Priscila Dias Martins,priscila.dias.martins.7681@example.com,Manaus,Padeiro,54,56603619430
Simone Fernandes Fernandes,simone.fernandes.fernandes.7682@example.com,São Paulo,Chefe de almoxarifado,41,80316754493
Beatriz Pereira Alves,beatriz.pereira.alves.7683@example.com,Vitória,Jornalista,23,30535270883
Renata Nascimento Santos,renata.nascimento.santos.7684@example.com,Maringá,Contador,56,35494703168
Gustavo Santos Rodrigues,gustavo.santos.rodrigues.7685@example.com,Uberlândia,Gerente de tecnologia,23,36603803171
Thiago Ribeiro Rodrigues,thiago.ribeiro.rodrigues.7686@example.com,Uberlândia,Coordenador administrativo,28,90428162911
Gabriel Oliveira Silva,gabriel.oliveira.silva.7687@example.com,Santos,Supervisor de manutenção,69,73076314920
Vitória Alves Araújo,vitoria.alves.araujo.7688@example.com,Campo Grande,Assistente comercial,38,12011328981
Luana Silva Ribeiro,luana.silva.ribeiro.7689@example.com,Uberlândia,Líder de equipe,56,22452416087
Marcelo Martins Barros,marcelo.martins.barros.7690@example.com,Rio de Janeiro,Diretor comercial,65,84505444502
Diego Lima Oliveira,diego.lima.oliveira.7691@example.com,Niterói,Chefe de almoxarifado,28,54896931969
Juliana Lima Rodrigues,juliana.lima.rodrigues.7692@example.com,Salvador,Padeiro,35,37057684035
Otávio Rodrigues Fernandes,otavio.rodrigues.fernandes.7693@example.com,Londrina,Engenheiro civil,67,42548515993
Ricardo Carvalho Araújo,ricardo.carvalho.araujo.7694@example.com,Belém,Arquiteto,51,66952976638
Amanda Alves Alves,amanda.alves.alves.7695@example.com,Niterói,Assistente administrativo,18,49750165141
Gustavo Souza Freitas,gustavo.souza.freitas.7696@example.com,Belém,Advogado,63,13185469763
Simone Castro Gomes,simone.castro.gomes.7697@example.com,Fortaleza,Jornalista,55,33689565926
Priscila Monteiro Teixeira,priscila.monteiro.teixeira.7698@example.com,Campinas,Analista financeiro,24,51482168205
Carlos Almeida Castro,carlos.almeida.castro.7699@example.com,Rondonópolis,Fisioterapeuta,53,61753111900
Ricardo Oliveira Almeida,ricardo.oliveira.almeida.7700@example.com,Londrina,Gerente de tecnologia,41,41899976627
Gabriela Barbosa Silva,gabriela.barbosa.silva.7701@example.com,Belo Horizonte,Engenheiro civil,34,21016779486
Marcelo Nascimento Lima,marcelo.nascimento.lima.7702@example.com,Manaus,Supervisor de atendimento,57,67362565881
Patrícia Barbosa Dias,patricia.barbosa.dias.7703@example.com,Uberlândia,Analista de marketing,52,84545924601
Luana Santos Rodrigues,luana.santos.rodrigues.7704@example.com,Belém,Advogado,31,77252404114
Gabriel Alves Alves,gabriel.alves.alves.7705@example.com,Sorocaba,Analista de marketing,56,26671098353
Vinícius Pereira Monteiro,vinicius.pereira.monteiro.7706@example.com,Natal,Fisioterapeuta,40,10631006192
Igor Ribeiro Cardoso,igor.ribeiro.cardoso.7707@example.com,Natal,Técnico em informática,33,30487589748
Luana Martins Oliveira,luana.martins.oliveira.7708@example.com,Recife,Coordenador de logística,37,32597193131
Vitória Silva Souza,vitoria.silva.souza.7709@example.com,Manaus,Coordenador de marketing,40,75672607417
Eduardo Carvalho Freitas,eduardo.carvalho.freitas.7710@example.com,Londrina,Líder de equipe,46,36267475693
Débora Dias Araújo,debora.dias.araujo.7711@example.com,Santos,Líder de equipe,53,63328111562
Juliana Silva Teixeira,juliana.silva.teixeira.7712@example.com,Porto Alegre,Engenheiro civil,58,64978316777
José Carvalho Santos,jose.carvalho.santos.7713@example.com,Sorocaba,Advogado,68,23126642654
Simone Pereira Santos,simone.pereira.santos.7714@example.com,Londrina,Gerente financeiro,57,36579512670
Priscila Fernandes Souza,priscila.fernandes.souza.7715@example.com,Londrina,Coordenador de produção,70,83064883627
Beatriz Dias Castro,beatriz.dias.castro.7716@example.com,Belo Horizonte,Programador,62,19310592404
Beatriz Pereira Oliveira,beatriz.pereira.oliveira.7717@example.com,Porto Alegre,Coordenador administrativo,25,30789397356
Vitória Mendes Oliveira,vitoria.mendes.oliveira.7718@example.com,Curitiba,Analista de marketing,27,16728576273
Patrícia Almeida Costa,patricia.almeida.costa.7719@example.com,Rondonópolis,Auxiliar de produção,19,96091317344
Ana Alves Alves,ana.alves.alves.7720@example.com,Dourados,Operador de caixa,39,26427988003
José Martins Dias,jose.martins.dias.7721@example.com,Campo Grande,Fisioterapeuta,43,45934293878
Diego Mendes Freitas,diego.mendes.freitas.7722@example.com,Rio de Janeiro,Supervisor de atendimento,38,06338470798
Vitória Castro Rocha,vitoria.castro.rocha.7723@example.com,Porto Alegre,Chefe de departamento pessoal,55,57636498883
Larissa Dias Silva,larissa.dias.silva.7724@example.com,Maringá,Professor,28,81354587210
Nicolas Freitas Santos,nicolas.freitas.santos.7725@example.com,Recife,Estoquista,61,84823747664
Simone Mendes Rodrigues,simone.mendes.rodrigues.7726@example.com,Recife,Pedreiro,33,37062291609
Beatriz Rocha Pereira,beatriz.rocha.pereira.7727@example.com,Caxias do Sul,Comprador,67,85597251406
Eduardo Carvalho Freitas,eduardo.carvalho.freitas.7728@example.com,Rondonópolis,Gerente de tecnologia,24,00947664872
Daniela Araújo Carvalho,daniela.araujo.carvalho.7729@example.com,Caxias do Sul,Analista de dados,50,41451798835
Carolina Gomes Costa,carolina.gomes.costa.7730@example.com,Rondonópolis,Analista de dados,27,31553768220
Ricardo Dias Monteiro,ricardo.dias.monteiro.7731@example.com,Vitória,Líder de equipe,33,89525270244
Felipe Carvalho Teixeira,felipe.carvalho.teixeira.7732@example.com,Cuiabá,Cozinheiro,27,91523567765
Igor Rocha Monteiro,igor.rocha.monteiro.7733@example.com,Porto Alegre,Atendente,28,99660710826
Carolina Martins Martins,carolina.martins.martins.7734@example.com,Porto Alegre,Gerente de operações,53,05775229698
Otávio Moreira Castro,otavio.moreira.castro.7735@example.com,Uberlândia,Jornalista,18,02285449261
Mariana Cardoso Barbosa,mariana.cardoso.barbosa.7736@example.com,Goiânia,Técnico de segurança do trabalho,55,72868354676
Gabriel Almeida Castro,gabriel.almeida.castro.7737@example.com,Londrina,Operador de caixa,36,05274562974
Carlos Cardoso Monteiro,carlos.cardoso.monteiro.7738@example.com,Goiânia,Encarregado de produção,54,87082951511
Simone Martins Mendes,simone.martins.mendes.7739@example.com,Campinas,Supervisor de vendas,50,06551348668
Otávio Moreira Lima,otavio.moreira.lima.7740@example.com,Cuiabá,Assistente comercial,30,29054899538
Gabriela Rodrigues Mendes,gabriela.rodrigues.mendes.7741@example.com,Niterói,Estoquista,34,99840904907
Vitória Moreira Lima,vitoria.moreira.lima.7742@example.com,Joinville,Diretor comercial,44,33025576030
Vitória Souza Dias,vitoria.souza.dias.7743@example.com,Brasília,Supervisor de vendas,39,35157488966
Mariana Pereira Lima,mariana.pereira.lima.7744@example.com,Santos,Motorista,21,43840520220
Sandra Monteiro Lima,sandra.monteiro.lima.7745@example.com,Fortaleza,Diretor comercial,59,14608382977
Felipe Oliveira Carvalho,felipe.oliveira.carvalho.7746@example.com,Belo Horizonte,Assistente administrativo,46,25029523192
Vanessa Dias Araújo,vanessa.dias.araujo.7747@example.com,São Paulo,Coordenador administrativo,52,32060791950
Rafael Barbosa Silva,rafael.barbosa.silva.7748@example.com,Campo Grande,Estoquista,50,54610389857
Daniela Rodrigues Rodrigues,daniela.rodrigues.rodrigues.7749@example.com,Curitiba,Pedreiro,22,92452944883
Carlos Dias Barros,carlos.dias.barros.7750@example.com,Fortaleza,Cozinheiro,26,66543065905
Marcelo Moreira Cardoso,marcelo.moreira.cardoso.7751@example.com,Recife,Gerente de tecnologia,33,09736119771
Rafael Lima Gomes,rafael.lima.gomes.7752@example.com,Brasília,Farmacêutico,45,97205067585
Camila Araújo Barros,camila.araujo.barros.7753@example.com,Rondonópolis,Chefe de compras,43,53245432507
Carolina Silva Fernandes,carolina.silva.fernandes.7754@example.com,Maringá,Gerente de tecnologia,57,01105972771
Carlos Pereira Alves,carlos.pereira.alves.7755@example.com,Sorocaba,Vendedor,63,96711188595
Ricardo Santos Teixeira,ricardo.santos.teixeira.7756@example.com,Curitiba,Coordenador administrativo,26,40904092362
Diego Rocha Martins,diego.rocha.martins.7757@example.com,Brasília,Analista de recursos humanos,29,02714548952
Nicolas Martins Teixeira,nicolas.martins.teixeira.7758@example.com,Dourados,Gerente de operações,28,42715700926
Bruno Oliveira Ribeiro,bruno.oliveira.ribeiro.7759@example.com,Dourados,Farmacêutico,55,63840445819
Rafael Carvalho Costa,rafael.carvalho.costa.7760@example.com,Natal,Contador,49,01776974059
Marcelo Ribeiro Ribeiro,marcelo.ribeiro.ribeiro.7761@example.com,Recife,Vendedor,26,59830964915
Henrique Dias Martins,henrique.dias.martins.7762@example.com,Belo Horizonte,Coordenador de marketing,69,64248320996
Simone Rocha Barros,simone.rocha.barros.7763@example.com,Maringá,Estoquista,40,62049351340
Daniela Oliveira Cardoso,daniela.oliveira.cardoso.7764@example.com,Caxias do Sul,Chefe de compras,42,33541897117
Thiago Almeida Carvalho,thiago.almeida.carvalho.7765@example.com,Salvador,Assistente comercial,31,40731356342
Juliana Rocha Rodrigues,juliana.rocha.rodrigues.7766@example.com,Vitória,Mecânico,44,15213625360
Aline Almeida Moreira,aline.almeida.moreira.7767@example.com,Londrina,Motorista,58,47888474517
Henrique Freitas Cardoso,henrique.freitas.cardoso.7768@example.com,Brasília,Contador,53,59617807024
Larissa Alves Castro,larissa.alves.castro.7769@example.com,São Paulo,Supervisor de manutenção,56,88335003138
Eduardo Silva Oliveira,eduardo.silva.oliveira.7770@example.com,Fortaleza,Engenheiro civil,60,50916837501
Sérgio Costa Souza,sergio.costa.souza.7771@example.com,Natal,Coordenador de logística,48,25837668962
Luana Gomes Moreira,luana.gomes.moreira.7772@example.com,Porto Alegre,Supervisor de atendimento,21,71829729666
Sérgio Rodrigues Rodrigues,sergio.rodrigues.rodrigues.7773@example.com,Sorocaba,Líder de equipe,35,96458223530
Gabriel Moreira Gomes,gabriel.moreira.gomes.7774@example.com,Sorocaba,Auxiliar de produção,46,61729703068
Daniela Freitas Nascimento,daniela.freitas.nascimento.7775@example.com,Campo Grande,Chefe de compras,25,05766953483
Vitória Castro Santos,vitoria.castro.santos.7776@example.com,São Paulo,Operador de caixa,64,22232338536
Leonardo Monteiro Moreira,leonardo.monteiro.moreira.7777@example.com,Belém,Mecânico,25,83536378520
Débora Barros Castro,debora.barros.castro.7778@example.com,Salvador,Auxiliar de produção,47,23691212161
Felipe Cardoso Carvalho,felipe.cardoso.carvalho.7779@example.com,Natal,Atendente,66,55401620594
Amanda Barbosa Alves,amanda.barbosa.alves.7780@example.com,Curitiba,Enfermeiro,35,43744063856
Ana Ribeiro Martins,ana.ribeiro.martins.7781@example.com,Rio de Janeiro,Nutricionista,55,83984479703
José Costa Nascimento,jose.costa.nascimento.7782@example.com,Manaus,Supervisor de vendas,62,48629322426
Diego Monteiro Cardoso,diego.monteiro.cardoso.7783@example.com,Belém,Corretor de imóveis,26,50085416492
Igor Freitas Santos,igor.freitas.santos.7784@example.com,Londrina,Gerente comercial,28,21896707904
Otávio Silva Rocha,otavio.silva.rocha.7785@example.com,Florianópolis,Motorista,27,26922500589
Lucas Araújo Souza,lucas.araujo.souza.7786@example.com,Londrina,Engenheiro civil,36,21148960157
Gabriel Barbosa Lima,gabriel.barbosa.lima.7787@example.com,São Paulo,Gerente de tecnologia,67,24257988566
Rafael Rocha Pereira,rafael.rocha.pereira.7788@example.com,Rio de Janeiro,Assistente administrativo,56,15167758600
Juliana Pereira Martins,juliana.pereira.martins.7789@example.com,Porto Alegre,Contador,62,07244152091
Otávio Lima Nascimento,otavio.lima.nascimento.7790@example.com,Belém,Coordenador de logística,59,28813114979
Lucas Araújo Ribeiro,lucas.araujo.ribeiro.7791@example.com,Niterói,Analista financeiro,49,08822103584
Vinícius Ribeiro Cardoso,vinicius.ribeiro.cardoso.7792@example.com,Campo Grande,Analista de dados,66,91381700384
Marcelo Cardoso Castro,marcelo.cardoso.castro.7793@example.com,Santos,Gerente financeiro,61,92560930604
Felipe Mendes Alves,felipe.mendes.alves.7794@example.com,Porto Alegre,Coordenador de logística,37,73177727393
Simone Costa Cardoso,simone.costa.cardoso.7795@example.com,Vitória,Recepcionista,18,18745413502
Leonardo Cardoso Araújo,leonardo.cardoso.araujo.7796@example.com,Brasília,Gerente de recursos humanos,42,15985331508
Bruno Teixeira Rodrigues,bruno.teixeira.rodrigues.7797@example.com,Salvador,Pedreiro,29,06308607905
Priscila Teixeira Almeida,priscila.teixeira.almeida.7798@example.com,Campo Grande,Atendente,32,15061747478
Larissa Rocha Barros,larissa.rocha.barros.7799@example.com,Caxias do Sul,Comprador,70,33700164622
Simone Gomes Nascimento,simone.gomes.nascimento.7800@example.com,Niterói,Atendente,29,44819699249
Otávio Alves Costa,otavio.alves.costa.7801@example.com,Campinas,Corretor de imóveis,22,61956234935
Vanessa Castro Lima,vanessa.castro.lima.7802@example.com,Santos,Chefe de compras,20,80260067940
Nicolas Rodrigues Alves,nicolas.rodrigues.alves.7803@example.com,Belo Horizonte,Professor,56,02929451737
Ana Freitas Santos,ana.freitas.santos.7804@example.com,Curitiba,Diretor de operações,40,79853142942
Vitória Martins Oliveira,vitoria.martins.oliveira.7805@example.com,Caxias do Sul,Supervisor de qualidade,55,20811586406
Nicolas Carvalho Nascimento,nicolas.carvalho.nascimento.7806@example.com,Curitiba,Pedreiro,49,45417662416
Eduardo Almeida Fernandes,eduardo.almeida.fernandes.7807@example.com,Brasília,Gerente financeiro,30,67721909789
Vitória Teixeira Ribeiro,vitoria.teixeira.ribeiro.7808@example.com,Maringá,Jornalista,60,28011250920
Henrique Lima Ribeiro,henrique.lima.ribeiro.7809@example.com,Caxias do Sul,Arquiteto,29,79299188266
Letícia Costa Rocha,leticia.costa.rocha.7810@example.com,São Paulo,Encarregado de produção,37,15561268019
Marcelo Dias Costa,marcelo.dias.costa.7811@example.com,Salvador,Gerente financeiro,66,04194309763
Priscila Carvalho Barbosa,priscila.carvalho.barbosa.7812@example.com,Fortaleza,Mecânico,33,32270799318
Sandra Mendes Ribeiro,sandra.mendes.ribeiro.7813@example.com,Maringá,Operador de caixa,20,21668579813
Bruno Barbosa Dias,bruno.barbosa.dias.7814@example.com,Fortaleza,Pedreiro,68,66851265450
Mariana Gomes Santos,mariana.gomes.santos.7815@example.com,Campinas,Gerente de recursos humanos,68,90555790691
Bruno Souza Alves,bruno.souza.alves.7816@example.com,Porto Alegre,Advogado,25,48983714155
Paulo Souza Oliveira,paulo.souza.oliveira.7817@example.com,Uberlândia,Atendente,36,26338638999
Nicolas Souza Teixeira,nicolas.souza.teixeira.7818@example.com,Niterói,Auxiliar de produção,48,78295473679
Vitória Carvalho Rodrigues,vitoria.carvalho.rodrigues.7819@example.com,Goiânia,Comprador,64,16664517766
Carlos Martins Nascimento,carlos.martins.nascimento.7820@example.com,Dourados,Analista de dados,61,37656554567
Ricardo Almeida Carvalho,ricardo.almeida.carvalho.7821@example.com,Santos,Técnico em informática,59,55000704106
Camila Costa Ribeiro,camila.costa.ribeiro.7822@example.com,Brasília,Coordenador de produção,33,91293370200
Letícia Silva Oliveira,leticia.silva.oliveira.7823@example.com,Maringá,Encarregado de produção,28,37261076173
Beatriz Silva Oliveira,beatriz.silva.oliveira.7824@example.com,Caxias do Sul,Técnico em informática,52,68856181686
Marcelo Ribeiro Dias,marcelo.ribeiro.dias.7825@example.com,Joinville,Advogado,51,46927160179
Fernanda Carvalho Moreira,fernanda.carvalho.moreira.7826@example.com,Porto Alegre,Analista de recursos humanos,42,52174079122
Vinícius Souza Rocha,vinicius.souza.rocha.7827@example.com,Curitiba,Gerente financeiro,56,05896876645
Henrique Oliveira Santos,henrique.oliveira.santos.7828@example.com,Fortaleza,Motorista,43,63712018048
Fernanda Martins Carvalho,fernanda.martins.carvalho.7829@example.com,Caxias do Sul,Jornalista,51,62060879155
Patrícia Costa Barbosa,patricia.costa.barbosa.7830@example.com,Campo Grande,Técnico de enfermagem,55,21458801404
Patrícia Oliveira Teixeira,patricia.oliveira.teixeira.7831@example.com,Londrina,Técnico de enfermagem,53,24868917025
Thiago Moreira Martins,thiago.moreira.martins.7832@example.com,Brasília,Gerente de recursos humanos,64,00744302907
Beatriz Rodrigues Costa,beatriz.rodrigues.costa.7833@example.com,Natal,Enfermeiro,64,97618233866
Lucas Fernandes Oliveira,lucas.fernandes.oliveira.7834@example.com,Maringá,Mecânico,68,24371907522
Amanda Lima Teixeira,amanda.lima.teixeira.7835@example.com,Salvador,Diretor comercial,62,47756373749
Aline Pereira Moreira,aline.pereira.moreira.7836@example.com,Santos,Estoquista,64,98118948045
Camila Silva Araújo,camila.silva.araujo.7837@example.com,Caxias do Sul,Estoquista,60,63155995571
Camila Dias Lima,camila.dias.lima.7838@example.com,Brasília,Engenheiro civil,47,16527069746
Patrícia Santos Teixeira,patricia.santos.teixeira.7839@example.com,Vitória,Assistente administrativo,24,41467295865
Marcelo Teixeira Mendes,marcelo.teixeira.mendes.7840@example.com,Campinas,Encarregado de produção,44,66921145015
Ricardo Freitas Almeida,ricardo.freitas.almeida.7841@example.com,Brasília,Assistente administrativo,59,71910665690
Ricardo Barbosa Souza,ricardo.barbosa.souza.7842@example.com,São Paulo,Líder de equipe,40,74442370045
Larissa Nascimento Cardoso,larissa.nascimento.cardoso.7843@example.com,Campo Grande,Diretor comercial,19,31166065777
Paulo Silva Lima,paulo.silva.lima.7844@example.com,Salvador,Arquiteto,26,44588773260
Gustavo Cardoso Teixeira,gustavo.cardoso.teixeira.7845@example.com,Caxias do Sul,Supervisor de qualidade,46,09819668472
João Barros Moreira,joao.barros.moreira.7846@example.com,Uberlândia,Gerente de recursos humanos,56,85189437562
Aline Carvalho Lima,aline.carvalho.lima.7847@example.com,Campinas,Supervisor de manutenção,48,46210102051
Simone Rodrigues Nascimento,simone.rodrigues.nascimento.7848@example.com,Recife,Coordenador administrativo,30,88993912056
Priscila Rocha Santos,priscila.rocha.santos.7849@example.com,Santos,Gerente financeiro,47,57453102910
Diego Silva Monteiro,diego.silva.monteiro.7850@example.com,Florianópolis,Técnico em informática,62,44819319176
Mariana Cardoso Carvalho,mariana.cardoso.carvalho.7851@example.com,Salvador,Supervisor de qualidade,55,21845131207
Leonardo Teixeira Monteiro,leonardo.teixeira.monteiro.7852@example.com,Recife,Chefe de departamento pessoal,21,18915903671
Carlos Silva Carvalho,carlos.silva.carvalho.7853@example.com,Sorocaba,Atendente,33,28918367170
Tatiane Fernandes Monteiro,tatiane.fernandes.monteiro.7854@example.com,Vitória,Professor,50,16772817506
Camila Freitas Barbosa,camila.freitas.barbosa.7855@example.com,Salvador,Chefe de departamento pessoal,20,03179865264
Ricardo Moreira Moreira,ricardo.moreira.moreira.7856@example.com,Joinville,Gerente financeiro,63,51864960341
Rafael Costa Costa,rafael.costa.costa.7857@example.com,Rio de Janeiro,Arquiteto,28,30824815444
Juliana Rocha Cardoso,juliana.rocha.cardoso.7858@example.com,Caxias do Sul,Supervisor de manutenção,61,45523122219
Eduardo Barros Almeida,eduardo.barros.almeida.7859@example.com,Niterói,Auxiliar de produção,26,84885819740
Gustavo Martins Silva,gustavo.martins.silva.7860@example.com,Florianópolis,Diretor de operações,47,78309628691
Renata Oliveira Santos,renata.oliveira.santos.7861@example.com,Salvador,Chefe de compras,61,11807151205
Leonardo Mendes Santos,leonardo.mendes.santos.7862@example.com,Manaus,Jornalista,52,36799632029
Simone Ribeiro Moreira,simone.ribeiro.moreira.7863@example.com,Caxias do Sul,Analista financeiro,61,81063334791
Gustavo Nascimento Moreira,gustavo.nascimento.moreira.7864@example.com,Rio de Janeiro,Gerente de tecnologia,47,64964301436
Aline Freitas Santos,aline.freitas.santos.7865@example.com,Fortaleza,Gerente de operações,31,13223224915
João Araújo Mendes,joao.araujo.mendes.7866@example.com,Sorocaba,Mecânico,56,68488252914
Patrícia Barros Castro,patricia.barros.castro.7867@example.com,Natal,Chefe de almoxarifado,50,16828364197
Otávio Souza Silva,otavio.souza.silva.7868@example.com,Fortaleza,Gerente comercial,65,86372650396
Priscila Monteiro Silva,priscila.monteiro.silva.7869@example.com,Curitiba,Analista de dados,34,70039585061
Paulo Almeida Ribeiro,paulo.almeida.ribeiro.7870@example.com,Curitiba,Professor,26,71901394492
Bruno Dias Mendes,bruno.dias.mendes.7871@example.com,Brasília,Analista de dados,65,13914987112
Carlos Rocha Oliveira,carlos.rocha.oliveira.7872@example.com,Belo Horizonte,Analista de recursos humanos,39,33539881131
Gustavo Gomes Fernandes,gustavo.gomes.fernandes.7873@example.com,Brasília,Cozinheiro,18,30241479489
Juliana Monteiro Lima,juliana.monteiro.lima.7874@example.com,Londrina,Coordenador de marketing,57,31296631186
Camila Castro Mendes,camila.castro.mendes.7875@example.com,Sorocaba,Motorista,18,66877092933
Camila Souza Rocha,camila.souza.rocha.7876@example.com,Fortaleza,Diretor de operações,18,34873623171
Diego Dias Nascimento,diego.dias.nascimento.7877@example.com,Porto Alegre,Chefe de compras,40,89677523918
Bruno Castro Barbosa,bruno.castro.barbosa.7878@example.com,Uberlândia,Operador de caixa,18,69354039593
Lucas Moreira Freitas,lucas.moreira.freitas.7879@example.com,Florianópolis,Gerente financeiro,55,40347637163
Nicolas Castro Monteiro,nicolas.castro.monteiro.7880@example.com,Rondonópolis,Supervisor de qualidade,63,63408932431
Amanda Martins Rocha,amanda.martins.rocha.7881@example.com,Curitiba,Chefe de compras,34,02996836883
Carolina Martins Oliveira,carolina.martins.oliveira.7882@example.com,Vitória,Professor,28,56128884274
José Oliveira Almeida,jose.oliveira.almeida.7883@example.com,Belo Horizonte,Gerente financeiro,20,08335391331
Simone Carvalho Almeida,simone.carvalho.almeida.7884@example.com,Vitória,Jornalista,51,50235039109
Ana Mendes Cardoso,ana.mendes.cardoso.7885@example.com,Caxias do Sul,Jornalista,34,68914628065
Larissa Ribeiro Barros,larissa.ribeiro.barros.7886@example.com,Campo Grande,Gerente financeiro,58,29149656656
Pedro Santos Castro,pedro.santos.castro.7887@example.com,Porto Alegre,Atendente,36,52395774713
José Cardoso Barbosa,jose.cardoso.barbosa.7888@example.com,Brasília,Jornalista,69,01145290820
Luana Carvalho Castro,luana.carvalho.castro.7889@example.com,Recife,Coordenador de produção,65,06418683597
Fernanda Rodrigues Gomes,fernanda.rodrigues.gomes.7890@example.com,Joinville,Gerente de operações,68,28010940056
Marcelo Carvalho Cardoso,marcelo.carvalho.cardoso.7891@example.com,Uberlândia,Chefe de compras,49,77922852812
Vitória Pereira Almeida,vitoria.pereira.almeida.7892@example.com,São Paulo,Atendente,36,30127679604
Paulo Pereira Santos,paulo.pereira.santos.7893@example.com,Campinas,Gerente de operações,30,17106159192
João Lima Teixeira,joao.lima.teixeira.7894@example.com,Caxias do Sul,Analista de recursos humanos,29,65636990994
José Santos Rocha,jose.santos.rocha.7895@example.com,Porto Alegre,Gerente de tecnologia,67,09004117185
Fernanda Rodrigues Barros,fernanda.rodrigues.barros.7896@example.com,Curitiba,Comprador,56,98459285814
Priscila Pereira Teixeira,priscila.pereira.teixeira.7897@example.com,Natal,Fisioterapeuta,43,96753187035
Rafael Souza Moreira,rafael.souza.moreira.7898@example.com,Curitiba,Advogado,39,68353505087
Nicolas Castro Gomes,nicolas.castro.gomes.7899@example.com,Campo Grande,Técnico em informática,53,94840789684
Amanda Pereira Freitas,amanda.pereira.freitas.7900@example.com,Florianópolis,Gerente financeiro,48,33760884477
Marcelo Martins Cardoso,marcelo.martins.cardoso.7901@example.com,Porto Alegre,Analista de dados,57,76502456088
Carlos Dias Nascimento,carlos.dias.nascimento.7902@example.com,Rondonópolis,Comprador,66,18518525561
Tatiane Almeida Barros,tatiane.almeida.barros.7903@example.com,Belém,Contador,55,43962045535
Thiago Barros Fernandes,thiago.barros.fernandes.7904@example.com,Maringá,Fisioterapeuta,62,24618468230
Vanessa Dias Carvalho,vanessa.dias.carvalho.7905@example.com,Brasília,Professor,54,98082501571
Gabriela Alves Rocha,gabriela.alves.rocha.7906@example.com,Londrina,Chefe de departamento pessoal,25,52462775080
Carlos Silva Silva,carlos.silva.silva.7907@example.com,Rondonópolis,Técnico de enfermagem,55,73150449379
Camila Costa Lima,camila.costa.lima.7908@example.com,Manaus,Chefe de departamento pessoal,36,59865312758
Patrícia Rocha Nascimento,patricia.rocha.nascimento.7909@example.com,Niterói,Professor,18,26460301739
Mariana Cardoso Araújo,mariana.cardoso.araujo.7910@example.com,São Paulo,Comprador,70,35774708705
Fernanda Monteiro Lima,fernanda.monteiro.lima.7911@example.com,Rondonópolis,Nutricionista,35,24979344862
Vanessa Lima Carvalho,vanessa.lima.carvalho.7912@example.com,Campinas,Advogado,39,99359424823
Sandra Ribeiro Dias,sandra.ribeiro.dias.7913@example.com,Recife,Engenheiro civil,58,03659174397
Henrique Pereira Rodrigues,henrique.pereira.rodrigues.7914@example.com,Rondonópolis,Supervisor de vendas,53,07151444359
Letícia Dias Alves,leticia.dias.alves.7915@example.com,Fortaleza,Coordenador de produção,60,22094879301
Lucas Dias Ribeiro,lucas.dias.ribeiro.7916@example.com,Santos,Chefe de departamento pessoal,55,83170610677
Otávio Ribeiro Carvalho,otavio.ribeiro.carvalho.7917@example.com,Fortaleza,Supervisor de atendimento,31,04243267189
Nicolas Dias Castro,nicolas.dias.castro.7918@example.com,Manaus,Supervisor de qualidade,20,39000189746
Eduardo Alves Lima,eduardo.alves.lima.7919@example.com,Niterói,Designer gráfico,26,07603745511
Rafael Ribeiro Ribeiro,rafael.ribeiro.ribeiro.7920@example.com,Uberlândia,Corretor de imóveis,50,72800860107
Débora Freitas Rodrigues,debora.freitas.rodrigues.7921@example.com,Goiânia,Líder de equipe,38,11943121595
Mariana Rodrigues Souza,mariana.rodrigues.souza.7922@example.com,Porto Alegre,Jornalista,41,36259864340
Larissa Alves Fernandes,larissa.alves.fernandes.7923@example.com,Santos,Padeiro,47,33166794148
João Silva Dias,joao.silva.dias.7924@example.com,Joinville,Jornalista,25,38177267474
Luana Lima Silva,luana.lima.silva.7925@example.com,Rio de Janeiro,Gerente de operações,70,47234345400
Aline Moreira Castro,aline.moreira.castro.7926@example.com,Florianópolis,Programador,68,18700473936
Nicolas Lima Almeida,nicolas.lima.almeida.7927@example.com,Santos,Farmacêutico,63,64944697938
Henrique Nascimento Freitas,henrique.nascimento.freitas.7928@example.com,Londrina,Analista de marketing,67,15155777191
Daniela Nascimento Freitas,daniela.nascimento.freitas.7929@example.com,Natal,Chefe de compras,52,89803610994
Lucas Santos Rodrigues,lucas.santos.rodrigues.7930@example.com,Sorocaba,Mecânico,59,65275465683
Carlos Mendes Araújo,carlos.mendes.araujo.7931@example.com,Caxias do Sul,Professor,54,17710942186
Marcelo Carvalho Moreira,marcelo.carvalho.moreira.7932@example.com,Uberlândia,Assistente comercial,45,10799999170
Priscila Teixeira Freitas,priscila.teixeira.freitas.7933@example.com,Fortaleza,Coordenador de logística,53,20955454298
Gustavo Martins Souza,gustavo.martins.souza.7934@example.com,Rondonópolis,Advogado,65,70290479266
Carolina Fernandes Almeida,carolina.fernandes.almeida.7935@example.com,Vitória,Supervisor de manutenção,64,76206911118
Camila Rocha Souza,camila.rocha.souza.7936@example.com,Londrina,Contador,39,86969281851
José Lima Fernandes,jose.lima.fernandes.7937@example.com,Fortaleza,Enfermeiro,53,31423021238
Henrique Martins Alves,henrique.martins.alves.7938@example.com,Niterói,Professor,34,91282574854
João Nascimento Barbosa,joao.nascimento.barbosa.7939@example.com,Manaus,Recepcionista,49,85111166086
Daniela Souza Moreira,daniela.souza.moreira.7940@example.com,Goiânia,Designer gráfico,25,86831956681
Juliana Ribeiro Oliveira,juliana.ribeiro.oliveira.7941@example.com,Brasília,Supervisor de vendas,54,98822600517
Diego Santos Mendes,diego.santos.mendes.7942@example.com,Recife,Motorista,30,09511354099
Vanessa Monteiro Alves,vanessa.monteiro.alves.7943@example.com,Salvador,Gerente financeiro,42,21822997053
João Carvalho Silva,joao.carvalho.silva.7944@example.com,Porto Alegre,Motorista,25,03281429263
Rafael Dias Alves,rafael.dias.alves.7945@example.com,Rio de Janeiro,Encarregado de produção,25,13381124778
Luana Araújo Monteiro,luana.araujo.monteiro.7946@example.com,Porto Alegre,Mecânico,47,93726675102
Marcelo Almeida Teixeira,marcelo.almeida.teixeira.7947@example.com,Rio de Janeiro,Jornalista,65,29570717658
Tatiane Rodrigues Santos,tatiane.rodrigues.santos.7948@example.com,Joinville,Mecânico,27,50390867587
Bruno Rocha Nascimento,bruno.rocha.nascimento.7949@example.com,Campo Grande,Motorista,62,28863654568
Patrícia Mendes Rodrigues,patricia.mendes.rodrigues.7950@example.com,Sorocaba,Operador de caixa,49,89559816576
Mariana Gomes Ribeiro,mariana.gomes.ribeiro.7951@example.com,Niterói,Chefe de departamento pessoal,23,68377564741
Paulo Rocha Rodrigues,paulo.rocha.rodrigues.7952@example.com,Recife,Professor,47,14170766264
Renata Barros Silva,renata.barros.silva.7953@example.com,Rondonópolis,Diretor de operações,28,25688941041
Bruno Lima Santos,bruno.lima.santos.7954@example.com,Uberlândia,Contador,44,12122319808
Tatiane Alves Rodrigues,tatiane.alves.rodrigues.7955@example.com,Belo Horizonte,Atendente,59,82493445758
Pedro Santos Rocha,pedro.santos.rocha.7956@example.com,Belém,Gerente financeiro,59,51618425478
José Lima Alves,jose.lima.alves.7957@example.com,Uberlândia,Operador de caixa,38,28384462431
Larissa Silva Almeida,larissa.silva.almeida.7958@example.com,Sorocaba,Advogado,69,24702646964
Luana Alves Monteiro,luana.alves.monteiro.7959@example.com,Maringá,Diretor de operações,25,09974722714
Daniela Almeida Rodrigues,daniela.almeida.rodrigues.7960@example.com,Uberlândia,Gerente de operações,36,75378029432
Fernanda Santos Fernandes,fernanda.santos.fernandes.7961@example.com,Rio de Janeiro,Jornalista,65,31194644992
Amanda Costa Souza,amanda.costa.souza.7962@example.com,Sorocaba,Assistente comercial,27,84244199929
Amanda Nascimento Santos,amanda.nascimento.santos.7963@example.com,Recife,Coordenador de produção,24,29208328536
Rafael Castro Nascimento,rafael.castro.nascimento.7964@example.com,Goiânia,Designer gráfico,67,66084052149
Fernanda Martins Oliveira,fernanda.martins.oliveira.7965@example.com,Recife,Diretor comercial,26,76480144388
Diego Monteiro Rodrigues,diego.monteiro.rodrigues.7966@example.com,Londrina,Diretor comercial,51,91270228653
Ricardo Oliveira Mendes,ricardo.oliveira.mendes.7967@example.com,Cuiabá,Gerente de recursos humanos,49,68942238509
Gustavo Fernandes Cardoso,gustavo.fernandes.cardoso.7968@example.com,Santos,Analista de marketing,27,68658052292
Ricardo Rocha Almeida,ricardo.rocha.almeida.7969@example.com,Brasília,Analista financeiro,36,47773584636
Igor Ribeiro Oliveira,igor.ribeiro.oliveira.7970@example.com,Natal,Técnico em informática,68,14996254396
Eduardo Silva Silva,eduardo.silva.silva.7971@example.com,Florianópolis,Comprador,65,88428675152
Ana Mendes Teixeira,ana.mendes.teixeira.7972@example.com,Recife,Contador,20,98467290620
Mariana Oliveira Rodrigues,mariana.oliveira.rodrigues.7973@example.com,Rio de Janeiro,Analista de recursos humanos,66,68812017249
Larissa Costa Fernandes,larissa.costa.fernandes.7974@example.com,Londrina,Comprador,26,89305207849
Ricardo Teixeira Carvalho,ricardo.teixeira.carvalho.7975@example.com,Maringá,Vendedor,19,62356985732
Ana Moreira Monteiro,ana.moreira.monteiro.7976@example.com,Goiânia,Supervisor de manutenção,54,52819349548
Ricardo Costa Lima,ricardo.costa.lima.7977@example.com,Curitiba,Recepcionista,35,46136402248
Carlos Barros Gomes,carlos.barros.gomes.7978@example.com,Joinville,Nutricionista,37,12034998113
Gustavo Mendes Castro,gustavo.mendes.castro.7979@example.com,Salvador,Motorista,29,71104598831
Pedro Mendes Mendes,pedro.mendes.mendes.7980@example.com,Dourados,Técnico de enfermagem,20,26258424618
Gabriel Fernandes Ribeiro,gabriel.fernandes.ribeiro.7981@example.com,Campinas,Recepcionista,56,68327131503
Thiago Costa Lima,thiago.costa.lima.7982@example.com,Vitória,Estoquista,57,53344377953
Igor Almeida Freitas,igor.almeida.freitas.7983@example.com,Goiânia,Padeiro,55,09922287184
Felipe Barros Costa,felipe.barros.costa.7984@example.com,Caxias do Sul,Corretor de imóveis,50,97111826716
Camila Rodrigues Almeida,camila.rodrigues.almeida.7985@example.com,São Paulo,Enfermeiro,39,82642312775
Ana Rocha Dias,ana.rocha.dias.7986@example.com,Uberlândia,Estoquista,55,63345661415
Débora Souza Araújo,debora.souza.araujo.7987@example.com,Belém,Coordenador de marketing,21,87578961449
Carolina Cardoso Rocha,carolina.cardoso.rocha.7988@example.com,Porto Alegre,Cozinheiro,46,36890858262
Carlos Fernandes Oliveira,carlos.fernandes.oliveira.7989@example.com,Caxias do Sul,Motorista,69,00120100408
Henrique Araújo Costa,henrique.araujo.costa.7990@example.com,São Paulo,Assistente administrativo,59,38684965897
Larissa Souza Carvalho,larissa.souza.carvalho.7991@example.com,Niterói,Professor,54,96981031009
Fernanda Gomes Rocha,fernanda.gomes.rocha.7992@example.com,Rio de Janeiro,Engenheiro civil,67,92309449603
Ricardo Freitas Costa,ricardo.freitas.costa.7993@example.com,Porto Alegre,Analista financeiro,62,93249092075
Otávio Rodrigues Araújo,otavio.rodrigues.araujo.7994@example.com,Natal,Fisioterapeuta,66,49009240059
Letícia Silva Fernandes,leticia.silva.fernandes.7995@example.com,Fortaleza,Gerente financeiro,54,70239858358
Henrique Nascimento Dias,henrique.nascimento.dias.7996@example.com,Belo Horizonte,Auxiliar de produção,19,74358483660
Gabriela Souza Ribeiro,gabriela.souza.ribeiro.7997@example.com,Uberlândia,Assistente comercial,49,52621624586
Beatriz Costa Pereira,beatriz.costa.pereira.7998@example.com,Maringá,Advogado,55,17205533121
Ana Rodrigues Barros,ana.rodrigues.barros.7999@example.com,Dourados,Vendedor,19,42960360561
Pedro Mendes Teixeira,pedro.mendes.teixeira.8000@example.com,Dourados,Chefe de departamento pessoal,28,72920320285
Gabriela Martins Gomes,gabriela.martins.gomes.8001@example.com,Brasília,Analista de dados,55,51774946146
Priscila Barbosa Alves,priscila.barbosa.alves.8002@example.com,Campinas,Analista de dados,35,69336861897
Marcelo Freitas Gomes,marcelo.freitas.gomes.8003@example.com,Cuiabá,Atendente,54,87833971172
Ana Araújo Rodrigues,ana.araujo.rodrigues.8004@example.com,Brasília,Chefe de departamento pessoal,44,98434416888
Vinícius Santos Freitas,vinicius.santos.freitas.8005@example.com,Maringá,Enfermeiro,28,74510266526
Letícia Silva Cardoso,leticia.silva.cardoso.8006@example.com,Brasília,Coordenador administrativo,58,61712816227
Amanda Dias Alves,amanda.dias.alves.8007@example.com,Maringá,Farmacêutico,20,63432456500
Vinícius Fernandes Fernandes,vinicius.fernandes.fernandes.8008@example.com,Rio de Janeiro,Vendedor,41,30884443495
Carlos Freitas Nascimento,carlos.freitas.nascimento.8009@example.com,Natal,Coordenador administrativo,37,90339354379
Letícia Carvalho Gomes,leticia.carvalho.gomes.8010@example.com,Sorocaba,Técnico em informática,47,85874160823
Felipe Oliveira Araújo,felipe.oliveira.araujo.8011@example.com,Belém,Técnico em informática,61,25624739217
Renata Cardoso Barbosa,renata.cardoso.barbosa.8012@example.com,Cuiabá,Corretor de imóveis,67,20737149381
Marcelo Santos Lima,marcelo.santos.lima.8013@example.com,Uberlândia,Engenheiro civil,66,72542528690
Luana Carvalho Nascimento,luana.carvalho.nascimento.8014@example.com,Manaus,Chefe de compras,55,13323918064
Juliana Castro Castro,juliana.castro.castro.8015@example.com,Manaus,Supervisor de manutenção,55,11518244451
Nicolas Araújo Araújo,nicolas.araujo.araujo.8016@example.com,Salvador,Coordenador de logística,19,85482264395
Tatiane Souza Monteiro,tatiane.souza.monteiro.8017@example.com,Belém,Arquiteto,51,80195950356
Pedro Silva Cardoso,pedro.silva.cardoso.8018@example.com,Joinville,Diretor de operações,31,24362340549
Vanessa Almeida Almeida,vanessa.almeida.almeida.8019@example.com,Caxias do Sul,Mecânico,65,02108022877
Tatiane Silva Martins,tatiane.silva.martins.8020@example.com,Cuiabá,Professor,53,20745387695
Felipe Alves Barbosa,felipe.alves.barbosa.8021@example.com,Rio de Janeiro,Assistente comercial,58,56104294696
Letícia Cardoso Almeida,leticia.cardoso.almeida.8022@example.com,Porto Alegre,Coordenador de logística,61,34519721805
Letícia Ribeiro Moreira,leticia.ribeiro.moreira.8023@example.com,Fortaleza,Chefe de compras,50,97005691907
Ana Gomes Nascimento,ana.gomes.nascimento.8024@example.com,Niterói,Supervisor de qualidade,22,67814651946
Camila Monteiro Barros,camila.monteiro.barros.8025@example.com,Belém,Técnico em informática,29,53905010858
Daniela Dias Martins,daniela.dias.martins.8026@example.com,Campo Grande,Cozinheiro,30,39371816884
Larissa Ribeiro Araújo,larissa.ribeiro.araujo.8027@example.com,Natal,Gerente comercial,27,73759418793
Renata Teixeira Costa,renata.teixeira.costa.8028@example.com,Joinville,Farmacêutico,37,23725433590
Gustavo Santos Almeida,gustavo.santos.almeida.8029@example.com,São Paulo,Mecânico,19,53450308388
Simone Almeida Ribeiro,simone.almeida.ribeiro.8030@example.com,Curitiba,Pedreiro,63,47013535402
Igor Barbosa Oliveira,igor.barbosa.oliveira.8031@example.com,Curitiba,Cozinheiro,35,22982048032
Eduardo Cardoso Pereira,eduardo.cardoso.pereira.8032@example.com,Campo Grande,Diretor comercial,70,60653026438
Tatiane Carvalho Almeida,tatiane.carvalho.almeida.8033@example.com,Salvador,Corretor de imóveis,68,17735307013
Letícia Fernandes Teixeira,leticia.fernandes.teixeira.8034@example.com,Vitória,Analista financeiro,20,75690748431
Vanessa Teixeira Dias,vanessa.teixeira.dias.8035@example.com,Recife,Arquiteto,27,98025570282
Paulo Fernandes Mendes,paulo.fernandes.mendes.8036@example.com,Recife,Nutricionista,23,65067752878
Letícia Lima Nascimento,leticia.lima.nascimento.8037@example.com,Porto Alegre,Engenheiro civil,48,46606506301
Vitória Carvalho Dias,vitoria.carvalho.dias.8038@example.com,Manaus,Comprador,26,58930150132
Paulo Costa Barros,paulo.costa.barros.8039@example.com,Curitiba,Analista de marketing,44,37837120638
Eduardo Lima Dias,eduardo.lima.dias.8040@example.com,Brasília,Vendedor,45,14200366666
Gabriela Ribeiro Nascimento,gabriela.ribeiro.nascimento.8041@example.com,Porto Alegre,Fisioterapeuta,31,99538635414
Henrique Santos Freitas,henrique.santos.freitas.8042@example.com,Dourados,Motorista,23,05317302738
Sandra Alves Silva,sandra.alves.silva.8043@example.com,Maringá,Farmacêutico,48,42895834290
Igor Costa Martins,igor.costa.martins.8044@example.com,Uberlândia,Diretor comercial,69,35594162171
Mariana Silva Nascimento,mariana.silva.nascimento.8045@example.com,Brasília,Engenheiro civil,50,57038922043
Carolina Almeida Souza,carolina.almeida.souza.8046@example.com,Sorocaba,Pedreiro,65,51113368656
Felipe Freitas Ribeiro,felipe.freitas.ribeiro.8047@example.com,Belém,Comprador,18,40670430759
Luana Freitas Barbosa,luana.freitas.barbosa.8048@example.com,Uberlândia,Eletricista,66,28250425286
Paulo Castro Araújo,paulo.castro.araujo.8049@example.com,Dourados,Engenheiro civil,40,49588735650
Patrícia Martins Ribeiro,patricia.martins.ribeiro.8050@example.com,Vitória,Contador,21,02294803507
Ricardo Almeida Carvalho,ricardo.almeida.carvalho.8051@example.com,Campinas,Diretor de operações,49,93534446745
Ricardo Moreira Oliveira,ricardo.moreira.oliveira.8052@example.com,Londrina,Encarregado de produção,24,01298798235
Diego Souza Gomes,diego.souza.gomes.8053@example.com,Porto Alegre,Chefe de almoxarifado,26,32566781764
Vanessa Almeida Teixeira,vanessa.almeida.teixeira.8054@example.com,Campinas,Padeiro,63,05425611368
Ana Souza Teixeira,ana.souza.teixeira.8055@example.com,Natal,Gerente de recursos humanos,47,06913704186
Priscila Mendes Fernandes,priscila.mendes.fernandes.8056@example.com,Natal,Operador de caixa,44,76984774158
Vanessa Nascimento Monteiro,vanessa.nascimento.monteiro.8057@example.com,Vitória,Chefe de compras,64,07110780172
Sandra Almeida Carvalho,sandra.almeida.carvalho.8058@example.com,Salvador,Vendedor,31,36743661901
Débora Nascimento Moreira,debora.nascimento.moreira.8059@example.com,Campo Grande,Fisioterapeuta,56,56377143241
Gabriel Araújo Barbosa,gabriel.araujo.barbosa.8060@example.com,Belém,Gerente financeiro,33,66306378953
Camila Almeida Freitas,camila.almeida.freitas.8061@example.com,Natal,Supervisor de vendas,45,15198277743
Camila Teixeira Martins,camila.teixeira.martins.8062@example.com,Manaus,Jornalista,38,34912318451
Larissa Lima Monteiro,larissa.lima.monteiro.8063@example.com,Goiânia,Contador,38,84977243808
Otávio Costa Barros,otavio.costa.barros.8064@example.com,Dourados,Coordenador de logística,58,25534238033
Diego Oliveira Barros,diego.oliveira.barros.8065@example.com,Fortaleza,Encarregado de produção,64,01893619987
Amanda Barros Silva,amanda.barros.silva.8066@example.com,Belém,Gerente financeiro,18,15340921326
Vitória Cardoso Almeida,vitoria.cardoso.almeida.8067@example.com,Fortaleza,Fisioterapeuta,59,29621987807
Priscila Fernandes Costa,priscila.fernandes.costa.8068@example.com,Vitória,Vendedor,20,60244697717
Vinícius Alves Martins,vinicius.alves.martins.8069@example.com,Belém,Coordenador de produção,19,09869486646
Thiago Martins Costa,thiago.martins.costa.8070@example.com,Belém,Auxiliar de produção,40,64461709331
Sérgio Freitas Moreira,sergio.freitas.moreira.8071@example.com,Belo Horizonte,Mecânico,41,39221089503
Gabriel Fernandes Oliveira,gabriel.fernandes.oliveira.8072@example.com,Joinville,Líder de equipe,56,25234521461
Larissa Alves Almeida,larissa.alves.almeida.8073@example.com,Salvador,Supervisor de qualidade,20,77000114566
Eduardo Moreira Martins,eduardo.moreira.martins.8074@example.com,Recife,Eletricista,27,82307569882
Carolina Freitas Barbosa,carolina.freitas.barbosa.8075@example.com,Curitiba,Programador,32,74235832852
Renata Castro Freitas,renata.castro.freitas.8076@example.com,Rondonópolis,Comprador,21,82056257475
Tatiane Dias Almeida,tatiane.dias.almeida.8077@example.com,Natal,Atendente,60,77940806766
Larissa Alves Moreira,larissa.alves.moreira.8078@example.com,Porto Alegre,Corretor de imóveis,42,76141469364
Vitória Araújo Fernandes,vitoria.araujo.fernandes.8079@example.com,Fortaleza,Designer gráfico,58,75257894410
Nicolas Carvalho Martins,nicolas.carvalho.martins.8080@example.com,Joinville,Jornalista,37,25238792860
João Teixeira Oliveira,joao.teixeira.oliveira.8081@example.com,Rio de Janeiro,Enfermeiro,53,49132854123
Carlos Fernandes Barros,carlos.fernandes.barros.8082@example.com,Belo Horizonte,Operador de caixa,66,74999955652
Felipe Teixeira Barros,felipe.teixeira.barros.8083@example.com,Goiânia,Gerente financeiro,62,39804573778
Priscila Alves Santos,priscila.alves.santos.8084@example.com,Natal,Estoquista,23,35887354387
Daniela Freitas Oliveira,daniela.freitas.oliveira.8085@example.com,Belém,Analista de recursos humanos,58,95954035930
Ricardo Gomes Dias,ricardo.gomes.dias.8086@example.com,Florianópolis,Coordenador de produção,53,54835728557
Felipe Nascimento Gomes,felipe.nascimento.gomes.8087@example.com,Belo Horizonte,Operador de caixa,53,93185557090
Sérgio Castro Pereira,sergio.castro.pereira.8088@example.com,Vitória,Mecânico,67,52451945756
Larissa Alves Araújo,larissa.alves.araujo.8089@example.com,Rondonópolis,Recepcionista,18,78862042023
Letícia Costa Cardoso,leticia.costa.cardoso.8090@example.com,Caxias do Sul,Técnico em informática,54,70944332368
Nicolas Alves Monteiro,nicolas.alves.monteiro.8091@example.com,São Paulo,Corretor de imóveis,34,26340695305
Mariana Fernandes Carvalho,mariana.fernandes.carvalho.8092@example.com,Uberlândia,Gerente financeiro,52,37471457435
Nicolas Teixeira Freitas,nicolas.teixeira.freitas.8093@example.com,Rio de Janeiro,Encarregado de produção,43,13981917678
Renata Araújo Castro,renata.araujo.castro.8094@example.com,Caxias do Sul,Técnico em informática,19,37790813896
Larissa Lima Almeida,larissa.lima.almeida.8095@example.com,Campo Grande,Chefe de almoxarifado,48,73155263758
Pedro Barros Barros,pedro.barros.barros.8096@example.com,Rondonópolis,Professor,18,39985008792
Luana Barbosa Carvalho,luana.barbosa.carvalho.8097@example.com,Vitória,Comprador,35,22717409536
Vanessa Martins Araújo,vanessa.martins.araujo.8098@example.com,Campo Grande,Encarregado de produção,52,61228365230
Débora Monteiro Moreira,debora.monteiro.moreira.8099@example.com,Dourados,Eletricista,21,25993610480
Vanessa Teixeira Fernandes,vanessa.teixeira.fernandes.8100@example.com,Rondonópolis,Líder de equipe,37,75611847781
Letícia Pereira Rodrigues,leticia.pereira.rodrigues.8101@example.com,Recife,Farmacêutico,40,10942277903
Débora Alves Barbosa,debora.alves.barbosa.8102@example.com,Florianópolis,Analista de marketing,60,33155852067
Leonardo Rodrigues Santos,leonardo.rodrigues.santos.8103@example.com,Rio de Janeiro,Coordenador administrativo,43,41044884703
Carolina Costa Nascimento,carolina.costa.nascimento.8104@example.com,Santos,Chefe de compras,67,74093109290
Vanessa Silva Teixeira,vanessa.silva.teixeira.8105@example.com,Cuiabá,Vendedor,29,66631201127
Fernanda Almeida Lima,fernanda.almeida.lima.8106@example.com,Campo Grande,Corretor de imóveis,20,93214831390
Sérgio Araújo Oliveira,sergio.araujo.oliveira.8107@example.com,Porto Alegre,Gerente de tecnologia,34,80546675497
Priscila Carvalho Castro,priscila.carvalho.castro.8108@example.com,Campinas,Gerente de recursos humanos,52,69553299373
Simone Dias Araújo,simone.dias.araujo.8109@example.com,Joinville,Analista financeiro,52,46710936012
Otávio Monteiro Dias,otavio.monteiro.dias.8110@example.com,Uberlândia,Eletricista,21,43177802301
Pedro Gomes Gomes,pedro.gomes.gomes.8111@example.com,Santos,Auxiliar de produção,61,33888877310
Sandra Mendes Pereira,sandra.mendes.pereira.8112@example.com,Londrina,Enfermeiro,42,91627688222
Vitória Martins Lima,vitoria.martins.lima.8113@example.com,Manaus,Gerente financeiro,63,71975869260
Gabriela Costa Mendes,gabriela.costa.mendes.8114@example.com,Goiânia,Supervisor de qualidade,29,10730778134
Rafael Silva Mendes,rafael.silva.mendes.8115@example.com,São Paulo,Coordenador de logística,54,97263245453
Beatriz Silva Freitas,beatriz.silva.freitas.8116@example.com,Belém,Gerente comercial,45,36217031194
Vinícius Rocha Barbosa,vinicius.rocha.barbosa.8117@example.com,Cuiabá,Supervisor de atendimento,54,18562770401
Débora Santos Barbosa,debora.santos.barbosa.8118@example.com,Maringá,Nutricionista,58,11940066775
Beatriz Castro Costa,beatriz.castro.costa.8119@example.com,Sorocaba,Fisioterapeuta,43,96552364034
Vanessa Carvalho Gomes,vanessa.carvalho.gomes.8120@example.com,Fortaleza,Chefe de compras,31,23642626694
Sérgio Costa Barros,sergio.costa.barros.8121@example.com,Porto Alegre,Chefe de departamento pessoal,53,83163202411
Gustavo Souza Souza,gustavo.souza.souza.8122@example.com,Recife,Encarregado de produção,21,85280203349
Letícia Moreira Pereira,leticia.moreira.pereira.8123@example.com,Santos,Comprador,29,64770846069
Tatiane Cardoso Moreira,tatiane.cardoso.moreira.8124@example.com,Porto Alegre,Nutricionista,54,40934843804
Aline Mendes Teixeira,aline.mendes.teixeira.8125@example.com,Londrina,Designer gráfico,47,61536223798
Amanda Pereira Araújo,amanda.pereira.araujo.8126@example.com,Vitória,Arquiteto,65,00773193892
Ana Freitas Martins,ana.freitas.martins.8127@example.com,Fortaleza,Programador,26,76063174152
Priscila Freitas Oliveira,priscila.freitas.oliveira.8128@example.com,Sorocaba,Coordenador de produção,41,11725299872
Vitória Barros Cardoso,vitoria.barros.cardoso.8129@example.com,Brasília,Gerente comercial,66,24994822343
Gustavo Dias Cardoso,gustavo.dias.cardoso.8130@example.com,Londrina,Corretor de imóveis,47,00505887782
Rafael Monteiro Mendes,rafael.monteiro.mendes.8131@example.com,Fortaleza,Técnico de enfermagem,49,45403669814
Sandra Almeida Lima,sandra.almeida.lima.8132@example.com,Recife,Designer gráfico,66,49901697872
Paulo Castro Alves,paulo.castro.alves.8133@example.com,Goiânia,Estoquista,64,52766343778
Otávio Araújo Rodrigues,otavio.araujo.rodrigues.8134@example.com,Campinas,Supervisor de vendas,24,76237085148
Eduardo Martins Carvalho,eduardo.martins.carvalho.8135@example.com,Campinas,Enfermeiro,69,74692083919
Camila Lima Ribeiro,camila.lima.ribeiro.8136@example.com,Sorocaba,Estoquista,30,59568424701
Eduardo Oliveira Ribeiro,eduardo.oliveira.ribeiro.8137@example.com,Dourados,Fisioterapeuta,61,04599911881
Luana Oliveira Oliveira,luana.oliveira.oliveira.8138@example.com,Brasília,Gerente de tecnologia,68,86944733682
Gabriel Costa Nascimento,gabriel.costa.nascimento.8139@example.com,Joinville,Enfermeiro,32,45906274864
Débora Pereira Rodrigues,debora.pereira.rodrigues.8140@example.com,São Paulo,Supervisor de atendimento,68,93780281670
Gabriel Ribeiro Dias,gabriel.ribeiro.dias.8141@example.com,Joinville,Contador,46,12310452190
Priscila Carvalho Gomes,priscila.carvalho.gomes.8142@example.com,São Paulo,Assistente administrativo,20,09720136332
Patrícia Rocha Dias,patricia.rocha.dias.8143@example.com,Curitiba,Gerente comercial,60,04724357714
Sérgio Nascimento Gomes,sergio.nascimento.gomes.8144@example.com,Sorocaba,Analista de dados,40,93881694751
Henrique Gomes Carvalho,henrique.gomes.carvalho.8145@example.com,Campinas,Advogado,25,35391423276
Ricardo Dias Teixeira,ricardo.dias.teixeira.8146@example.com,Vitória,Arquiteto,50,14550497312
Gabriel Freitas Silva,gabriel.freitas.silva.8147@example.com,Goiânia,Engenheiro civil,58,16373184211
Eduardo Pereira Lima,eduardo.pereira.lima.8148@example.com,Recife,Jornalista,20,04279375773
Gabriela Ribeiro Castro,gabriela.ribeiro.castro.8149@example.com,Joinville,Recepcionista,31,28723255589
Lucas Barros Costa,lucas.barros.costa.8150@example.com,Natal,Líder de equipe,69,14864019118
Ana Barbosa Rocha,ana.barbosa.rocha.8151@example.com,Belém,Enfermeiro,44,05508760303
Luana Moreira Mendes,luana.moreira.mendes.8152@example.com,Rio de Janeiro,Enfermeiro,45,11659513594
Mariana Cardoso Santos,mariana.cardoso.santos.8153@example.com,Santos,Coordenador administrativo,53,60503844833
Rafael Alves Fernandes,rafael.alves.fernandes.8154@example.com,Londrina,Enfermeiro,26,33183812581
Sandra Mendes Rocha,sandra.mendes.rocha.8155@example.com,Belo Horizonte,Professor,39,50274897404
Carlos Teixeira Souza,carlos.teixeira.souza.8156@example.com,Londrina,Recepcionista,43,29845612654
Diego Oliveira Costa,diego.oliveira.costa.8157@example.com,Manaus,Auxiliar de produção,66,86489170475
Gabriel Barbosa Souza,gabriel.barbosa.souza.8158@example.com,Rio de Janeiro,Atendente,18,02270716222
Sandra Carvalho Rodrigues,sandra.carvalho.rodrigues.8159@example.com,Brasília,Comprador,30,23253666519
Sérgio Santos Costa,sergio.santos.costa.8160@example.com,Campo Grande,Arquiteto,25,02064173395
Carolina Souza Lima,carolina.souza.lima.8161@example.com,Dourados,Enfermeiro,37,78122855722
José Rocha Carvalho,jose.rocha.carvalho.8162@example.com,Campinas,Chefe de almoxarifado,25,15349375238
Pedro Cardoso Almeida,pedro.cardoso.almeida.8163@example.com,Rondonópolis,Chefe de almoxarifado,59,18643941530
João Rodrigues Mendes,joao.rodrigues.mendes.8164@example.com,Campinas,Mecânico,47,89420797865
Daniela Rodrigues Costa,daniela.rodrigues.costa.8165@example.com,Sorocaba,Diretor de operações,29,70561599039
Marcelo Barros Barbosa,marcelo.barros.barbosa.8166@example.com,Belo Horizonte,Gerente de tecnologia,38,42118769409
Carlos Martins Teixeira,carlos.martins.teixeira.8167@example.com,Maringá,Coordenador de logística,28,13486718150
José Moreira Teixeira,jose.moreira.teixeira.8168@example.com,Caxias do Sul,Gerente de tecnologia,21,14369109326
Larissa Castro Cardoso,larissa.castro.cardoso.8169@example.com,Joinville,Chefe de compras,59,48391035365
Simone Cardoso Rocha,simone.cardoso.rocha.8170@example.com,Belém,Advogado,23,39770868327
Lucas Monteiro Barbosa,lucas.monteiro.barbosa.8171@example.com,Joinville,Recepcionista,19,06875625310
Gustavo Almeida Dias,gustavo.almeida.dias.8172@example.com,Natal,Supervisor de atendimento,63,65617530577
Felipe Alves Pereira,felipe.alves.pereira.8173@example.com,Maringá,Vendedor,32,52097686224
Diego Almeida Silva,diego.almeida.silva.8174@example.com,Florianópolis,Assistente comercial,19,95853632385
Thiago Oliveira Dias,thiago.oliveira.dias.8175@example.com,Rio de Janeiro,Gerente de operações,50,49004027570
Beatriz Freitas Freitas,beatriz.freitas.freitas.8176@example.com,Rondonópolis,Gerente de operações,37,84352575180
Henrique Teixeira Ribeiro,henrique.teixeira.ribeiro.8177@example.com,Joinville,Professor,64,91498823662
Otávio Lima Martins,otavio.lima.martins.8178@example.com,Goiânia,Cozinheiro,68,73651098660
Tatiane Souza Pereira,tatiane.souza.pereira.8179@example.com,São Paulo,Analista de recursos humanos,62,21088053173
Mariana Teixeira Almeida,mariana.teixeira.almeida.8180@example.com,Dourados,Auxiliar de produção,20,18191914121
Camila Santos Dias,camila.santos.dias.8181@example.com,Goiânia,Encarregado de produção,65,82326009943
Henrique Oliveira Barbosa,henrique.oliveira.barbosa.8182@example.com,Maringá,Coordenador de produção,25,20047135238
Beatriz Moreira Pereira,beatriz.moreira.pereira.8183@example.com,Joinville,Programador,66,13408923388
Leonardo Rodrigues Lima,leonardo.rodrigues.lima.8184@example.com,Londrina,Assistente administrativo,47,44941710451
Sérgio Oliveira Oliveira,sergio.oliveira.oliveira.8185@example.com,Fortaleza,Chefe de almoxarifado,54,17547731314
Carolina Ribeiro Monteiro,carolina.ribeiro.monteiro.8186@example.com,Caxias do Sul,Supervisor de qualidade,65,11658176361
Gabriela Oliveira Costa,gabriela.oliveira.costa.8187@example.com,Belém,Gerente comercial,53,79841677750
Marcelo Rodrigues Barbosa,marcelo.rodrigues.barbosa.8188@example.com,Rondonópolis,Supervisor de atendimento,40,29517957128
Otávio Martins Teixeira,otavio.martins.teixeira.8189@example.com,Joinville,Encarregado de produção,57,57456479538
Vitória Nascimento Silva,vitoria.nascimento.silva.8190@example.com,Cuiabá,Supervisor de manutenção,26,18462202168
Letícia Silva Souza,leticia.silva.souza.8191@example.com,Goiânia,Técnico em informática,25,65006702424
Beatriz Castro Rocha,beatriz.castro.rocha.8192@example.com,Londrina,Coordenador de produção,29,63666487792
Vanessa Gomes Mendes,vanessa.gomes.mendes.8193@example.com,Campinas,Diretor de operações,43,38299324161
Diego Santos Cardoso,diego.santos.cardoso.8194@example.com,Recife,Supervisor de qualidade,21,87181293430
Otávio Carvalho Pereira,otavio.carvalho.pereira.8195@example.com,Recife,Gerente comercial,65,94388779135
João Almeida Barbosa,joao.almeida.barbosa.8196@example.com,Campo Grande,Designer gráfico,49,43406947192
Pedro Dias Fernandes,pedro.dias.fernandes.8197@example.com,Caxias do Sul,Diretor comercial,39,67449392118
Tatiane Teixeira Silva,tatiane.teixeira.silva.8198@example.com,Belém,Motorista,57,76255547630
Bruno Alves Rodrigues,bruno.alves.rodrigues.8199@example.com,Cuiabá,Corretor de imóveis,56,05450008022
Tatiane Almeida Gomes,tatiane.almeida.gomes.8200@example.com,Londrina,Fisioterapeuta,48,08516980549
José Rodrigues Teixeira,jose.rodrigues.teixeira.8201@example.com,Niterói,Supervisor de manutenção,44,96319703103
Simone Castro Barbosa,simone.castro.barbosa.8202@example.com,São Paulo,Arquiteto,61,20937743041
Vitória Martins Barros,vitoria.martins.barros.8203@example.com,Campinas,Gerente de operações,44,67124862279
Carolina Santos Gomes,carolina.santos.gomes.8204@example.com,Florianópolis,Coordenador administrativo,51,79965453940
Marcelo Freitas Mendes,marcelo.freitas.mendes.8205@example.com,Fortaleza,Gerente comercial,41,70903503593
Igor Carvalho Teixeira,igor.carvalho.teixeira.8206@example.com,Curitiba,Engenheiro civil,60,67240200219
João Rodrigues Martins,joao.rodrigues.martins.8207@example.com,Recife,Mecânico,22,75654698894
Luana Silva Costa,luana.silva.costa.8208@example.com,Florianópolis,Coordenador de logística,63,98010760973
Vitória Gomes Oliveira,vitoria.gomes.oliveira.8209@example.com,Belém,Coordenador de logística,53,31187401558
Vitória Freitas Gomes,vitoria.freitas.gomes.8210@example.com,Joinville,Arquiteto,44,99832259217
Bruno Nascimento Carvalho,bruno.nascimento.carvalho.8211@example.com,Caxias do Sul,Jornalista,53,14603745120
Diego Souza Mendes,diego.souza.mendes.8212@example.com,Natal,Diretor comercial,44,37656389042
Aline Monteiro Lima,aline.monteiro.lima.8213@example.com,Cuiabá,Diretor de operações,63,67253300192
Igor Dias Pereira,igor.dias.pereira.8214@example.com,Belo Horizonte,Cozinheiro,31,52272659873
Aline Santos Castro,aline.santos.castro.8215@example.com,Rio de Janeiro,Diretor comercial,47,29337213048
Leonardo Oliveira Cardoso,leonardo.oliveira.cardoso.8216@example.com,Niterói,Supervisor de qualidade,38,28726510877
Gabriel Cardoso Almeida,gabriel.cardoso.almeida.8217@example.com,Londrina,Coordenador administrativo,22,05439469398
João Costa Nascimento,joao.costa.nascimento.8218@example.com,Uberlândia,Supervisor de manutenção,59,70351141411
Lucas Castro Silva,lucas.castro.silva.8219@example.com,Campinas,Diretor de operações,52,65777889047
Juliana Ribeiro Barbosa,juliana.ribeiro.barbosa.8220@example.com,Santos,Técnico de segurança do trabalho,40,80827720933
Lucas Santos Castro,lucas.santos.castro.8221@example.com,São Paulo,Técnico de enfermagem,60,53179406018
Juliana Araújo Carvalho,juliana.araujo.carvalho.8222@example.com,Niterói,Fisioterapeuta,66,01468486904
Otávio Carvalho Dias,otavio.carvalho.dias.8223@example.com,Campo Grande,Enfermeiro,48,45623709638
Beatriz Cardoso Souza,beatriz.cardoso.souza.8224@example.com,Vitória,Diretor comercial,22,79232390714
Priscila Dias Santos,priscila.dias.santos.8225@example.com,Caxias do Sul,Pedreiro,22,05951017839
Amanda Oliveira Teixeira,amanda.oliveira.teixeira.8226@example.com,Goiânia,Recepcionista,23,05006374697
Simone Dias Oliveira,simone.dias.oliveira.8227@example.com,Dourados,Nutricionista,33,94288629992
Larissa Moreira Moreira,larissa.moreira.moreira.8228@example.com,São Paulo,Farmacêutico,45,82904724235
Sérgio Rocha Almeida,sergio.rocha.almeida.8229@example.com,Manaus,Analista de dados,34,06807557967
Otávio Ribeiro Alves,otavio.ribeiro.alves.8230@example.com,Florianópolis,Supervisor de atendimento,30,05918029018
Sérgio Fernandes Santos,sergio.fernandes.santos.8231@example.com,Maringá,Gerente de operações,49,81963336964
Otávio Nascimento Fernandes,otavio.nascimento.fernandes.8232@example.com,Caxias do Sul,Gerente de recursos humanos,45,22975663632
Beatriz Rocha Nascimento,beatriz.rocha.nascimento.8233@example.com,Brasília,Técnico em informática,51,34070424918
Vinícius Carvalho Santos,vinicius.carvalho.santos.8234@example.com,São Paulo,Coordenador de marketing,36,48884701850
Ricardo Souza Rocha,ricardo.souza.rocha.8235@example.com,Recife,Gerente financeiro,58,01936259816
Amanda Oliveira Barros,amanda.oliveira.barros.8236@example.com,Londrina,Fisioterapeuta,32,16390216611
Igor Lima Santos,igor.lima.santos.8237@example.com,Rondonópolis,Diretor comercial,49,82371673377
Sérgio Monteiro Ribeiro,sergio.monteiro.ribeiro.8238@example.com,São Paulo,Operador de caixa,52,01011480494
Rafael Barros Carvalho,rafael.barros.carvalho.8239@example.com,Brasília,Assistente administrativo,50,81566608714
Tatiane Teixeira Almeida,tatiane.teixeira.almeida.8240@example.com,Goiânia,Supervisor de manutenção,66,69487829658
Paulo Silva Santos,paulo.silva.santos.8241@example.com,Porto Alegre,Supervisor de qualidade,44,72769321028
Vanessa Rodrigues Oliveira,vanessa.rodrigues.oliveira.8242@example.com,Sorocaba,Analista de recursos humanos,26,22152770357
Carolina Barbosa Ribeiro,carolina.barbosa.ribeiro.8243@example.com,Niterói,Gerente de recursos humanos,42,01439300097
Vinícius Almeida Pereira,vinicius.almeida.pereira.8244@example.com,Cuiabá,Supervisor de manutenção,45,31170733724
Pedro Castro Moreira,pedro.castro.moreira.8245@example.com,Vitória,Supervisor de qualidade,44,74096676767
Ana Rocha Fernandes,ana.rocha.fernandes.8246@example.com,Joinville,Enfermeiro,62,49695193637
Camila Rodrigues Lima,camila.rodrigues.lima.8247@example.com,Salvador,Diretor comercial,67,87272176230
Camila Rodrigues Cardoso,camila.rodrigues.cardoso.8248@example.com,Vitória,Chefe de almoxarifado,41,62804745223
Juliana Fernandes Moreira,juliana.fernandes.moreira.8249@example.com,Campo Grande,Engenheiro civil,23,43196502473
Gabriela Mendes Freitas,gabriela.mendes.freitas.8250@example.com,Cuiabá,Gerente de tecnologia,64,53787096223
Rafael Mendes Gomes,rafael.mendes.gomes.8251@example.com,Rondonópolis,Chefe de compras,35,16378260442
Gabriela Barros Pereira,gabriela.barros.pereira.8252@example.com,Florianópolis,Advogado,55,04383328116
Larissa Almeida Pereira,larissa.almeida.pereira.8253@example.com,Natal,Analista financeiro,56,40177359022
Renata Mendes Fernandes,renata.mendes.fernandes.8254@example.com,Recife,Farmacêutico,51,88937534396
Felipe Teixeira Santos,felipe.teixeira.santos.8255@example.com,Brasília,Professor,66,58457523205
Juliana Teixeira Alves,juliana.teixeira.alves.8256@example.com,Caxias do Sul,Cozinheiro,50,38032595973
Simone Moreira Martins,simone.moreira.martins.8257@example.com,Fortaleza,Analista financeiro,46,07368558194
Ricardo Costa Nascimento,ricardo.costa.nascimento.8258@example.com,Porto Alegre,Técnico de segurança do trabalho,18,61513571313
Marcelo Nascimento Alves,marcelo.nascimento.alves.8259@example.com,Caxias do Sul,Assistente comercial,55,01001977785
Gabriel Teixeira Alves,gabriel.teixeira.alves.8260@example.com,Cuiabá,Chefe de compras,65,75685931238
Débora Pereira Fernandes,debora.pereira.fernandes.8261@example.com,Goiânia,Analista de marketing,29,74534203977
Fernanda Oliveira Fernandes,fernanda.oliveira.fernandes.8262@example.com,Rio de Janeiro,Gerente comercial,23,24504284221
Thiago Monteiro Monteiro,thiago.monteiro.monteiro.8263@example.com,Maringá,Analista de dados,28,80585589937
Beatriz Oliveira Carvalho,beatriz.oliveira.carvalho.8264@example.com,Cuiabá,Estoquista,40,33264450073
Pedro Freitas Araújo,pedro.freitas.araujo.8265@example.com,Londrina,Gerente de tecnologia,65,18998021771
Ricardo Teixeira Carvalho,ricardo.teixeira.carvalho.8266@example.com,Florianópolis,Comprador,48,99983981718
Luana Monteiro Rodrigues,luana.monteiro.rodrigues.8267@example.com,Londrina,Coordenador de logística,54,48530405914
Priscila Santos Martins,priscila.santos.martins.8268@example.com,Manaus,Atendente,63,63077954266
Sérgio Martins Freitas,sergio.martins.freitas.8269@example.com,Belo Horizonte,Analista de marketing,21,49464839664
Paulo Dias Alves,paulo.dias.alves.8270@example.com,Londrina,Pedreiro,42,05967938888
Letícia Freitas Moreira,leticia.freitas.moreira.8271@example.com,Fortaleza,Coordenador de produção,65,08020912897
Pedro Castro Monteiro,pedro.castro.monteiro.8272@example.com,Joinville,Corretor de imóveis,32,86813312369
Igor Mendes Oliveira,igor.mendes.oliveira.8273@example.com,Niterói,Operador de caixa,59,13400195841
Amanda Alves Ribeiro,amanda.alves.ribeiro.8274@example.com,Recife,Farmacêutico,34,58985796622
Igor Rodrigues Almeida,igor.rodrigues.almeida.8275@example.com,Joinville,Vendedor,31,46599598168
Larissa Nascimento Costa,larissa.nascimento.costa.8276@example.com,Cuiabá,Pedreiro,28,18630975694
Bruno Barros Araújo,bruno.barros.araujo.8277@example.com,Goiânia,Corretor de imóveis,54,22628197024
Leonardo Souza Alves,leonardo.souza.alves.8278@example.com,Porto Alegre,Analista de recursos humanos,57,28049772826
Henrique Souza Rodrigues,henrique.souza.rodrigues.8279@example.com,Vitória,Mecânico,49,22681311564
Beatriz Rodrigues Barros,beatriz.rodrigues.barros.8280@example.com,Dourados,Analista financeiro,41,05709582065
Sérgio Souza Freitas,sergio.souza.freitas.8281@example.com,Rondonópolis,Encarregado de produção,65,06893848998
Aline Pereira Alves,aline.pereira.alves.8282@example.com,Cuiabá,Gerente de recursos humanos,31,14844864237
Marcelo Pereira Alves,marcelo.pereira.alves.8283@example.com,Vitória,Recepcionista,27,08810296087
Luana Cardoso Barbosa,luana.cardoso.barbosa.8284@example.com,Dourados,Diretor de operações,50,41619686776
Letícia Pereira Monteiro,leticia.pereira.monteiro.8285@example.com,Santos,Estoquista,30,09743845753
Otávio Ribeiro Rocha,otavio.ribeiro.rocha.8286@example.com,Rio de Janeiro,Técnico de enfermagem,51,62965203672
Rafael Costa Barbosa,rafael.costa.barbosa.8287@example.com,Porto Alegre,Assistente administrativo,63,67076711714
Gustavo Almeida Fernandes,gustavo.almeida.fernandes.8288@example.com,Florianópolis,Recepcionista,22,08884158313
Ricardo Barros Mendes,ricardo.barros.mendes.8289@example.com,Vitória,Analista financeiro,64,62160278875
Mariana Monteiro Freitas,mariana.monteiro.freitas.8290@example.com,Dourados,Chefe de almoxarifado,43,43181190261
Leonardo Monteiro Cardoso,leonardo.monteiro.cardoso.8291@example.com,Rio de Janeiro,Coordenador de marketing,39,15502810333
Paulo Gomes Souza,paulo.gomes.souza.8292@example.com,Florianópolis,Operador de caixa,55,95456183389
Diego Mendes Rocha,diego.mendes.rocha.8293@example.com,Florianópolis,Recepcionista,24,82785834659
Gabriela Rodrigues Mendes,gabriela.rodrigues.mendes.8294@example.com,Porto Alegre,Nutricionista,24,26002717790
Carolina Moreira Cardoso,carolina.moreira.cardoso.8295@example.com,São Paulo,Farmacêutico,44,93984367507
Sérgio Carvalho Carvalho,sergio.carvalho.carvalho.8296@example.com,Rio de Janeiro,Eletricista,30,98401056456
Tatiane Lima Silva,tatiane.lima.silva.8297@example.com,Florianópolis,Supervisor de qualidade,45,42765552922
Lucas Araújo Monteiro,lucas.araujo.monteiro.8298@example.com,Niterói,Líder de equipe,21,19637810065
Vanessa Barbosa Lima,vanessa.barbosa.lima.8299@example.com,Cuiabá,Cozinheiro,51,27649270817
Renata Dias Barros,renata.dias.barros.8300@example.com,Uberlândia,Coordenador administrativo,44,04880535434
Tatiane Alves Barros,tatiane.alves.barros.8301@example.com,Joinville,Nutricionista,48,90417863785
Gabriela Moreira Almeida,gabriela.moreira.almeida.8302@example.com,Florianópolis,Advogado,36,86674686991
Diego Silva Moreira,diego.silva.moreira.8303@example.com,Vitória,Supervisor de manutenção,21,42123735560
Simone Araújo Fernandes,simone.araujo.fernandes.8304@example.com,Curitiba,Assistente comercial,63,38030846328
Gustavo Teixeira Rocha,gustavo.teixeira.rocha.8305@example.com,Joinville,Enfermeiro,63,32370336469
Ana Ribeiro Moreira,ana.ribeiro.moreira.8306@example.com,Goiânia,Chefe de almoxarifado,64,10845548282
Letícia Costa Alves,leticia.costa.alves.8307@example.com,Maringá,Vendedor,44,18364051596
Diego Oliveira Almeida,diego.oliveira.almeida.8308@example.com,Belo Horizonte,Gerente de recursos humanos,56,44061179796
Amanda Teixeira Nascimento,amanda.teixeira.nascimento.8309@example.com,Niterói,Farmacêutico,35,06452618196
Gustavo Barbosa Araújo,gustavo.barbosa.araujo.8310@example.com,Dourados,Jornalista,49,46433422511
Gabriel Fernandes Ribeiro,gabriel.fernandes.ribeiro.8311@example.com,Caxias do Sul,Coordenador de logística,42,68541157758
Aline Rocha Teixeira,aline.rocha.teixeira.8312@example.com,Santos,Diretor de operações,23,77496439325
Vinícius Cardoso Rodrigues,vinicius.cardoso.rodrigues.8313@example.com,Salvador,Analista de dados,18,99453832252
Gabriela Mendes Pereira,gabriela.mendes.pereira.8314@example.com,Recife,Analista de dados,24,27401716872
Eduardo Almeida Dias,eduardo.almeida.dias.8315@example.com,Natal,Técnico em informática,33,38615845838
Carolina Monteiro Carvalho,carolina.monteiro.carvalho.8316@example.com,Caxias do Sul,Analista de dados,32,11456187000
Juliana Souza Almeida,juliana.souza.almeida.8317@example.com,Joinville,Chefe de compras,58,34240127199
Ricardo Souza Almeida,ricardo.souza.almeida.8318@example.com,Sorocaba,Analista de marketing,20,76192780158
Marcelo Mendes Araújo,marcelo.mendes.araujo.8319@example.com,Fortaleza,Operador de caixa,35,87234997329
Ricardo Souza Pereira,ricardo.souza.pereira.8320@example.com,Maringá,Chefe de departamento pessoal,65,93645051054
Pedro Barros Costa,pedro.barros.costa.8321@example.com,Uberlândia,Analista financeiro,21,09931372740
Daniela Teixeira Souza,daniela.teixeira.souza.8322@example.com,Joinville,Farmacêutico,66,71857220844
Vitória Rocha Freitas,vitoria.rocha.freitas.8323@example.com,Brasília,Supervisor de vendas,51,69845185200
Tatiane Lima Alves,tatiane.lima.alves.8324@example.com,Joinville,Gerente de tecnologia,56,12414728299
Nicolas Costa Lima,nicolas.costa.lima.8325@example.com,Rio de Janeiro,Pedreiro,47,99085404427
Amanda Teixeira Castro,amanda.teixeira.castro.8326@example.com,São Paulo,Cozinheiro,42,43806841265
Gabriel Oliveira Dias,gabriel.oliveira.dias.8327@example.com,Niterói,Professor,70,07214972988
Eduardo Lima Oliveira,eduardo.lima.oliveira.8328@example.com,Maringá,Encarregado de produção,27,24288206023
Leonardo Freitas Santos,leonardo.freitas.santos.8329@example.com,Vitória,Cozinheiro,66,75438354771
Camila Moreira Pereira,camila.moreira.pereira.8330@example.com,Manaus,Recepcionista,28,03602773835
Priscila Costa Santos,priscila.costa.santos.8331@example.com,Recife,Gerente de recursos humanos,30,78968793499
Ana Silva Carvalho,ana.silva.carvalho.8332@example.com,Vitória,Vendedor,54,71590619021
Paulo Ribeiro Ribeiro,paulo.ribeiro.ribeiro.8333@example.com,Maringá,Analista de recursos humanos,18,29574394551
Patrícia Mendes Silva,patricia.mendes.silva.8334@example.com,Caxias do Sul,Analista de dados,27,07776164021
Vanessa Araújo Fernandes,vanessa.araujo.fernandes.8335@example.com,Fortaleza,Gerente comercial,37,34886045821
Ana Dias Cardoso,ana.dias.cardoso.8336@example.com,Belo Horizonte,Arquiteto,23,22758755613
Felipe Barbosa Souza,felipe.barbosa.souza.8337@example.com,Maringá,Gerente financeiro,40,82792444715
Priscila Rocha Monteiro,priscila.rocha.monteiro.8338@example.com,Curitiba,Operador de caixa,54,67547347835
Sérgio Moreira Lima,sergio.moreira.lima.8339@example.com,Niterói,Professor,51,26153662840
Nicolas Souza Pereira,nicolas.souza.pereira.8340@example.com,Joinville,Pedreiro,59,75316217084
João Freitas Mendes,joao.freitas.mendes.8341@example.com,Dourados,Supervisor de manutenção,65,66389644888
Igor Castro Dias,igor.castro.dias.8342@example.com,Porto Alegre,Corretor de imóveis,67,37578078293
Otávio Martins Cardoso,otavio.martins.cardoso.8343@example.com,São Paulo,Gerente de operações,28,04019941079
Otávio Fernandes Silva,otavio.fernandes.silva.8344@example.com,Campinas,Analista de dados,29,69938648278
Felipe Barbosa Rodrigues,felipe.barbosa.rodrigues.8345@example.com,Sorocaba,Programador,25,83737106920
Beatriz Fernandes Teixeira,beatriz.fernandes.teixeira.8346@example.com,Recife,Gerente comercial,30,53664550355
Ana Mendes Rodrigues,ana.mendes.rodrigues.8347@example.com,Uberlândia,Supervisor de manutenção,21,74341757738
Bruno Teixeira Lima,bruno.teixeira.lima.8348@example.com,Florianópolis,Recepcionista,23,38311917564
Ricardo Gomes Rodrigues,ricardo.gomes.rodrigues.8349@example.com,Belo Horizonte,Estoquista,57,93565237514
Felipe Araújo Araújo,felipe.araujo.araujo.8350@example.com,Belo Horizonte,Supervisor de qualidade,57,45333635850
Tatiane Nascimento Ribeiro,tatiane.nascimento.ribeiro.8351@example.com,Fortaleza,Assistente administrativo,53,80734273730
Letícia Ribeiro Rodrigues,leticia.ribeiro.rodrigues.8352@example.com,Santos,Coordenador administrativo,70,23588344988
Marcelo Dias Nascimento,marcelo.dias.nascimento.8353@example.com,Goiânia,Mecânico,50,73071771254
Letícia Silva Barros,leticia.silva.barros.8354@example.com,Niterói,Supervisor de manutenção,51,26205631568
Larissa Barros Lima,larissa.barros.lima.8355@example.com,Recife,Fisioterapeuta,45,12560487061
Ricardo Nascimento Silva,ricardo.nascimento.silva.8356@example.com,Goiânia,Encarregado de produção,67,86415752801
Marcelo Teixeira Oliveira,marcelo.teixeira.oliveira.8357@example.com,Brasília,Diretor comercial,65,12369254421
Letícia Freitas Lima,leticia.freitas.lima.8358@example.com,Dourados,Chefe de departamento pessoal,58,17060013778
Luana Fernandes Silva,luana.fernandes.silva.8359@example.com,Belém,Gerente de tecnologia,48,68492838068
Renata Rocha Fernandes,renata.rocha.fernandes.8360@example.com,Caxias do Sul,Corretor de imóveis,47,17431898476
Gabriel Rodrigues Barbosa,gabriel.rodrigues.barbosa.8361@example.com,Fortaleza,Estoquista,37,57494322030
Pedro Mendes Lima,pedro.mendes.lima.8362@example.com,Belo Horizonte,Líder de equipe,60,93190013947
Camila Teixeira Monteiro,camila.teixeira.monteiro.8363@example.com,Salvador,Analista financeiro,33,03459555277
João Costa Santos,joao.costa.santos.8364@example.com,Recife,Cozinheiro,25,80563288010
Sérgio Dias Fernandes,sergio.dias.fernandes.8365@example.com,Manaus,Gerente de operações,41,62816876942
Larissa Martins Dias,larissa.martins.dias.8366@example.com,São Paulo,Diretor de operações,45,09810581952
João Almeida Costa,joao.almeida.costa.8367@example.com,Brasília,Recepcionista,54,73647801177
Eduardo Ribeiro Freitas,eduardo.ribeiro.freitas.8368@example.com,Dourados,Cozinheiro,23,08281543005
Leonardo Barros Nascimento,leonardo.barros.nascimento.8369@example.com,Sorocaba,Engenheiro civil,47,77463097628
Thiago Nascimento Nascimento,thiago.nascimento.nascimento.8370@example.com,Londrina,Supervisor de atendimento,57,08039599732
Leonardo Oliveira Barros,leonardo.oliveira.barros.8371@example.com,Curitiba,Coordenador de logística,62,35856564032
Rafael Freitas Ribeiro,rafael.freitas.ribeiro.8372@example.com,Belo Horizonte,Gerente de operações,58,34609603565
Ana Mendes Carvalho,ana.mendes.carvalho.8373@example.com,Salvador,Vendedor,45,93063716708
Carlos Nascimento Silva,carlos.nascimento.silva.8374@example.com,Natal,Designer gráfico,48,46254748032
Beatriz Nascimento Rodrigues,beatriz.nascimento.rodrigues.8375@example.com,Rondonópolis,Corretor de imóveis,32,26346976733
Henrique Dias Martins,henrique.dias.martins.8376@example.com,Caxias do Sul,Programador,36,07272905068
João Barbosa Rocha,joao.barbosa.rocha.8377@example.com,Vitória,Supervisor de manutenção,45,86996374222
Camila Araújo Martins,camila.araujo.martins.8378@example.com,Recife,Contador,28,37217881257
Sandra Costa Ribeiro,sandra.costa.ribeiro.8379@example.com,Manaus,Engenheiro civil,35,20183813307
Gustavo Carvalho Nascimento,gustavo.carvalho.nascimento.8380@example.com,Santos,Coordenador administrativo,48,28680241303
Amanda Pereira Silva,amanda.pereira.silva.8381@example.com,Sorocaba,Analista de marketing,48,69444733766
Vinícius Carvalho Monteiro,vinicius.carvalho.monteiro.8382@example.com,Florianópolis,Enfermeiro,28,61496895988
Luana Monteiro Rodrigues,luana.monteiro.rodrigues.8383@example.com,Caxias do Sul,Gerente de operações,39,37459349033
Simone Dias Alves,simone.dias.alves.8384@example.com,Goiânia,Auxiliar de produção,48,17393628476
Camila Pereira Barbosa,camila.pereira.barbosa.8385@example.com,Joinville,Diretor comercial,70,75474765358
Rafael Gomes Barbosa,rafael.gomes.barbosa.8386@example.com,Sorocaba,Motorista,63,28700068701
Marcelo Rocha Monteiro,marcelo.rocha.monteiro.8387@example.com,Goiânia,Advogado,65,95742332358
João Costa Silva,joao.costa.silva.8388@example.com,Rio de Janeiro,Cozinheiro,32,24225369397
Ricardo Carvalho Santos,ricardo.carvalho.santos.8389@example.com,Natal,Técnico de segurança do trabalho,66,28109933478
Sérgio Gomes Barros,sergio.gomes.barros.8390@example.com,Campo Grande,Supervisor de atendimento,20,82719808172
Lucas Barbosa Gomes,lucas.barbosa.gomes.8391@example.com,Belo Horizonte,Corretor de imóveis,48,58379040674
Vitória Dias Dias,vitoria.dias.dias.8392@example.com,Maringá,Supervisor de atendimento,55,28697730767
Ricardo Carvalho Ribeiro,ricardo.carvalho.ribeiro.8393@example.com,Londrina,Pedreiro,53,14022635887
Ana Silva Martins,ana.silva.martins.8394@example.com,Londrina,Eletricista,18,26858125262
Débora Martins Alves,debora.martins.alves.8395@example.com,Goiânia,Analista de dados,20,22313408471
Gabriel Carvalho Barbosa,gabriel.carvalho.barbosa.8396@example.com,Belém,Encarregado de produção,19,94111421824
Ana Costa Mendes,ana.costa.mendes.8397@example.com,Florianópolis,Supervisor de manutenção,67,62579965162
Carolina Santos Moreira,carolina.santos.moreira.8398@example.com,Manaus,Técnico de segurança do trabalho,19,79374068654
Gabriela Souza Monteiro,gabriela.souza.monteiro.8399@example.com,Caxias do Sul,Atendente,41,30524124548
Débora Dias Dias,debora.dias.dias.8400@example.com,Joinville,Analista de recursos humanos,49,61136000586
João Nascimento Oliveira,joao.nascimento.oliveira.8401@example.com,Sorocaba,Professor,21,53779011435
Igor Costa Castro,igor.costa.castro.8402@example.com,Salvador,Nutricionista,63,21260733672
Nicolas Monteiro Souza,nicolas.monteiro.souza.8403@example.com,Rio de Janeiro,Corretor de imóveis,62,64067211311
Marcelo Barbosa Carvalho,marcelo.barbosa.carvalho.8404@example.com,Niterói,Estoquista,61,01184843816
Sérgio Moreira Silva,sergio.moreira.silva.8405@example.com,Niterói,Eletricista,39,29503516120
Ricardo Barbosa Oliveira,ricardo.barbosa.oliveira.8406@example.com,Porto Alegre,Diretor de operações,37,60042767550
Larissa Freitas Souza,larissa.freitas.souza.8407@example.com,Londrina,Arquiteto,55,90106396228
Lucas Santos Mendes,lucas.santos.mendes.8408@example.com,Campinas,Diretor comercial,25,46264712719
Larissa Alves Araújo,larissa.alves.araujo.8409@example.com,Rondonópolis,Eletricista,34,59978020919
Otávio Rodrigues Barbosa,otavio.rodrigues.barbosa.8410@example.com,Belo Horizonte,Técnico de segurança do trabalho,63,07387245207
Sérgio Castro Barros,sergio.castro.barros.8411@example.com,Recife,Professor,38,81782035445
Henrique Araújo Martins,henrique.araujo.martins.8412@example.com,Londrina,Supervisor de atendimento,52,26795484993
Carlos Pereira Monteiro,carlos.pereira.monteiro.8413@example.com,Manaus,Analista de marketing,41,74574049993
Patrícia Silva Cardoso,patricia.silva.cardoso.8414@example.com,Curitiba,Analista de marketing,69,76770328144
Sérgio Barros Lima,sergio.barros.lima.8415@example.com,Florianópolis,Gerente de operações,62,04637126285
Larissa Pereira Cardoso,larissa.pereira.cardoso.8416@example.com,Santos,Diretor comercial,41,47736612304
Camila Ribeiro Fernandes,camila.ribeiro.fernandes.8417@example.com,Brasília,Analista de dados,37,07421544452
Pedro Carvalho Teixeira,pedro.carvalho.teixeira.8418@example.com,Santos,Auxiliar de produção,30,45378095988
Felipe Lima Oliveira,felipe.lima.oliveira.8419@example.com,Niterói,Coordenador de marketing,27,07207221297
Amanda Ribeiro Alves,amanda.ribeiro.alves.8420@example.com,Belo Horizonte,Chefe de almoxarifado,60,14100210636
Letícia Barbosa Martins,leticia.barbosa.martins.8421@example.com,Londrina,Vendedor,32,73915690607
Carlos Barros Ribeiro,carlos.barros.ribeiro.8422@example.com,Goiânia,Assistente administrativo,39,76049300011
Marcelo Mendes Teixeira,marcelo.mendes.teixeira.8423@example.com,Curitiba,Coordenador administrativo,23,73546067264
Mariana Fernandes Teixeira,mariana.fernandes.teixeira.8424@example.com,Recife,Supervisor de atendimento,28,66591895936
Ricardo Barbosa Nascimento,ricardo.barbosa.nascimento.8425@example.com,Recife,Gerente de operações,36,74477546657
Sérgio Barbosa Fernandes,sergio.barbosa.fernandes.8426@example.com,Londrina,Corretor de imóveis,59,39503943238
Thiago Rocha Cardoso,thiago.rocha.cardoso.8427@example.com,Joinville,Engenheiro civil,54,80076936216
Bruno Mendes Araújo,bruno.mendes.araujo.8428@example.com,São Paulo,Advogado,27,94277272624
Gabriela Barros Oliveira,gabriela.barros.oliveira.8429@example.com,Niterói,Corretor de imóveis,23,93086806820
Carolina Alves Rocha,carolina.alves.rocha.8430@example.com,Goiânia,Líder de equipe,40,62742873344
Gabriel Alves Silva,gabriel.alves.silva.8431@example.com,Florianópolis,Supervisor de vendas,43,19459825686
Otávio Gomes Monteiro,otavio.gomes.monteiro.8432@example.com,Fortaleza,Enfermeiro,32,43311072649
Tatiane Oliveira Dias,tatiane.oliveira.dias.8433@example.com,Campo Grande,Arquiteto,23,55132749055
Beatriz Rocha Moreira,beatriz.rocha.moreira.8434@example.com,Campo Grande,Gerente de recursos humanos,31,72821550547
Gustavo Freitas Gomes,gustavo.freitas.gomes.8435@example.com,Natal,Farmacêutico,32,67662443291
Gabriel Mendes Barbosa,gabriel.mendes.barbosa.8436@example.com,Curitiba,Designer gráfico,32,65547286150
Vinícius Costa Oliveira,vinicius.costa.oliveira.8437@example.com,Curitiba,Assistente administrativo,43,11331737701
Lucas Barros Carvalho,lucas.barros.carvalho.8438@example.com,Florianópolis,Coordenador de marketing,60,63292295447
Daniela Castro Monteiro,daniela.castro.monteiro.8439@example.com,Joinville,Supervisor de manutenção,68,76838857874
Sandra Silva Fernandes,sandra.silva.fernandes.8440@example.com,Sorocaba,Técnico em informática,43,18140046382
Fernanda Barros Moreira,fernanda.barros.moreira.8441@example.com,Santos,Coordenador de produção,25,81408958739
Tatiane Barbosa Castro,tatiane.barbosa.castro.8442@example.com,Campo Grande,Engenheiro civil,20,22527001101
Renata Barbosa Pereira,renata.barbosa.pereira.8443@example.com,São Paulo,Chefe de departamento pessoal,61,56264079256
João Moreira Teixeira,joao.moreira.teixeira.8444@example.com,Londrina,Líder de equipe,33,90438258756
Camila Pereira Gomes,camila.pereira.gomes.8445@example.com,Londrina,Coordenador administrativo,20,91182879204
Carlos Dias Silva,carlos.dias.silva.8446@example.com,Campo Grande,Supervisor de vendas,33,27715994812
Henrique Lima Teixeira,henrique.lima.teixeira.8447@example.com,Goiânia,Operador de caixa,21,18387693868
Patrícia Cardoso Costa,patricia.cardoso.costa.8448@example.com,Caxias do Sul,Estoquista,31,16942153453
Tatiane Rodrigues Barros,tatiane.rodrigues.barros.8449@example.com,Campo Grande,Atendente,36,45913230823
Igor Oliveira Gomes,igor.oliveira.gomes.8450@example.com,Sorocaba,Gerente de operações,59,72378002844
Renata Araújo Rodrigues,renata.araujo.rodrigues.8451@example.com,Caxias do Sul,Supervisor de qualidade,38,82299896523
Gustavo Barros Mendes,gustavo.barros.mendes.8452@example.com,Rio de Janeiro,Pedreiro,63,31649068697
Diego Castro Castro,diego.castro.castro.8453@example.com,Florianópolis,Técnico em informática,64,09179655394
Gabriela Santos Silva,gabriela.santos.silva.8454@example.com,Manaus,Supervisor de atendimento,24,14727686669
Tatiane Pereira Araújo,tatiane.pereira.araujo.8455@example.com,São Paulo,Jornalista,39,88233241293
Leonardo Silva Barros,leonardo.silva.barros.8456@example.com,São Paulo,Mecânico,34,34577276513
Amanda Silva Araújo,amanda.silva.araujo.8457@example.com,Rio de Janeiro,Vendedor,33,92140743794
Nicolas Castro Rocha,nicolas.castro.rocha.8458@example.com,Curitiba,Comprador,41,24701390459
Gabriela Araújo Freitas,gabriela.araujo.freitas.8459@example.com,Goiânia,Coordenador de logística,43,59296685966
Diego Monteiro Freitas,diego.monteiro.freitas.8460@example.com,Belo Horizonte,Chefe de almoxarifado,44,81556009228
Camila Costa Santos,camila.costa.santos.8461@example.com,São Paulo,Comprador,47,75649941463
Larissa Cardoso Dias,larissa.cardoso.dias.8462@example.com,Niterói,Comprador,40,34556372720
Camila Dias Ribeiro,camila.dias.ribeiro.8463@example.com,Curitiba,Eletricista,25,36850754732
Vitória Fernandes Carvalho,vitoria.fernandes.carvalho.8464@example.com,Londrina,Nutricionista,54,97018387029
Igor Costa Castro,igor.costa.castro.8465@example.com,Porto Alegre,Gerente de operações,58,53135114293
Renata Santos Dias,renata.santos.dias.8466@example.com,Cuiabá,Jornalista,68,59333304185
Igor Alves Carvalho,igor.alves.carvalho.8467@example.com,Caxias do Sul,Professor,62,25296796680
Fernanda Rodrigues Lima,fernanda.rodrigues.lima.8468@example.com,Curitiba,Supervisor de qualidade,36,95566794215
Luana Araújo Almeida,luana.araujo.almeida.8469@example.com,Goiânia,Nutricionista,34,42890474882
Vitória Oliveira Alves,vitoria.oliveira.alves.8470@example.com,Fortaleza,Analista financeiro,53,49859347727
Sérgio Pereira Nascimento,sergio.pereira.nascimento.8471@example.com,Belém,Coordenador de logística,58,84269757104
Otávio Dias Pereira,otavio.dias.pereira.8472@example.com,Uberlândia,Chefe de almoxarifado,38,22657484008
Ana Dias Almeida,ana.dias.almeida.8473@example.com,Goiânia,Supervisor de atendimento,39,12017230191
Letícia Araújo Barbosa,leticia.araujo.barbosa.8474@example.com,Manaus,Analista de recursos humanos,50,61373852479
Daniela Rocha Araújo,daniela.rocha.araujo.8475@example.com,Rio de Janeiro,Analista financeiro,61,76647374653
Pedro Castro Oliveira,pedro.castro.oliveira.8476@example.com,Fortaleza,Farmacêutico,32,42571399334
Henrique Pereira Oliveira,henrique.pereira.oliveira.8477@example.com,Santos,Supervisor de manutenção,46,30998094666
Carolina Castro Nascimento,carolina.castro.nascimento.8478@example.com,Belo Horizonte,Enfermeiro,47,03489188595
Ricardo Barbosa Fernandes,ricardo.barbosa.fernandes.8479@example.com,Rondonópolis,Diretor comercial,59,39317772021
Igor Araújo Nascimento,igor.araujo.nascimento.8480@example.com,Rio de Janeiro,Assistente comercial,51,31702840121
Ricardo Alves Cardoso,ricardo.alves.cardoso.8481@example.com,Dourados,Corretor de imóveis,31,74749391212
Vanessa Lima Mendes,vanessa.lima.mendes.8482@example.com,Maringá,Gerente financeiro,22,47409972925
Renata Dias Mendes,renata.dias.mendes.8483@example.com,Florianópolis,Professor,45,80194920696
Luana Barbosa Cardoso,luana.barbosa.cardoso.8484@example.com,Brasília,Arquiteto,38,67519776026
Bruno Barbosa Dias,bruno.barbosa.dias.8485@example.com,Caxias do Sul,Estoquista,21,54994913495
Renata Dias Costa,renata.dias.costa.8486@example.com,Vitória,Coordenador de marketing,69,38373766216
Pedro Almeida Cardoso,pedro.almeida.cardoso.8487@example.com,Curitiba,Analista de dados,36,87374571246
Paulo Souza Cardoso,paulo.souza.cardoso.8488@example.com,Campinas,Fisioterapeuta,28,46309107705
Vanessa Rocha Nascimento,vanessa.rocha.nascimento.8489@example.com,Manaus,Programador,50,73174760496
Carolina Castro Ribeiro,carolina.castro.ribeiro.8490@example.com,Florianópolis,Supervisor de atendimento,38,92966150469
Leonardo Costa Rocha,leonardo.costa.rocha.8491@example.com,Rondonópolis,Auxiliar de produção,23,31337249887
Leonardo Dias Gomes,leonardo.dias.gomes.8492@example.com,Florianópolis,Contador,55,37236417237
Leonardo Mendes Cardoso,leonardo.mendes.cardoso.8493@example.com,Brasília,Técnico de enfermagem,40,64877916587
Igor Moreira Almeida,igor.moreira.almeida.8494@example.com,Salvador,Comprador,42,35521224258
Rafael Lima Barbosa,rafael.lima.barbosa.8495@example.com,Rio de Janeiro,Engenheiro civil,40,55005301222
José Teixeira Ribeiro,jose.teixeira.ribeiro.8496@example.com,Recife,Gerente comercial,29,13512385348
Nicolas Rocha Monteiro,nicolas.rocha.monteiro.8497@example.com,Recife,Coordenador administrativo,64,47941336020
Patrícia Pereira Martins,patricia.pereira.martins.8498@example.com,Campinas,Chefe de compras,20,33339568999
Eduardo Souza Araújo,eduardo.souza.araujo.8499@example.com,Londrina,Assistente comercial,65,82269867997
Felipe Gomes Pereira,felipe.gomes.pereira.8500@example.com,São Paulo,Padeiro,69,00445396214
Larissa Cardoso Barbosa,larissa.cardoso.barbosa.8501@example.com,São Paulo,Fisioterapeuta,65,55975309876
Sandra Lima Souza,sandra.lima.souza.8502@example.com,Recife,Coordenador administrativo,19,96154967412
Débora Silva Barros,debora.silva.barros.8503@example.com,Dourados,Chefe de compras,66,83008815583
Débora Teixeira Dias,debora.teixeira.dias.8504@example.com,Maringá,Atendente,24,79586082216
Ana Rocha Martins,ana.rocha.martins.8505@example.com,Belo Horizonte,Enfermeiro,45,50777757305
Beatriz Freitas Castro,beatriz.freitas.castro.8506@example.com,Santos,Analista de marketing,45,40774285024
Nicolas Castro Lima,nicolas.castro.lima.8507@example.com,Caxias do Sul,Técnico de enfermagem,32,70059921330
Nicolas Barbosa Oliveira,nicolas.barbosa.oliveira.8508@example.com,Uberlândia,Fisioterapeuta,24,17067845017
Leonardo Pereira Barbosa,leonardo.pereira.barbosa.8509@example.com,Belo Horizonte,Estoquista,46,36572914732
Gabriel Moreira Ribeiro,gabriel.moreira.ribeiro.8510@example.com,Maringá,Gerente financeiro,54,52505408625
Camila Barros Araújo,camila.barros.araujo.8511@example.com,Campo Grande,Corretor de imóveis,37,66830385004
Mariana Mendes Alves,mariana.mendes.alves.8512@example.com,Brasília,Engenheiro civil,37,88379948855
João Oliveira Ribeiro,joao.oliveira.ribeiro.8513@example.com,Cuiabá,Diretor de operações,69,67503605644
Bruno Martins Santos,bruno.martins.santos.8514@example.com,Curitiba,Coordenador de logística,23,21056178369
Beatriz Barros Souza,beatriz.barros.souza.8515@example.com,Belém,Técnico de enfermagem,18,29105087881
Gustavo Pereira Teixeira,gustavo.pereira.teixeira.8516@example.com,Fortaleza,Cozinheiro,41,58694343458
Ricardo Lima Mendes,ricardo.lima.mendes.8517@example.com,Uberlândia,Corretor de imóveis,38,45594546940
Carolina Barbosa Monteiro,carolina.barbosa.monteiro.8518@example.com,Vitória,Farmacêutico,48,26582127630
Vinícius Carvalho Gomes,vinicius.carvalho.gomes.8519@example.com,Vitória,Advogado,69,08089597664
Eduardo Dias Alves,eduardo.dias.alves.8520@example.com,Salvador,Designer gráfico,69,25851791042
Gustavo Rodrigues Barbosa,gustavo.rodrigues.barbosa.8521@example.com,Joinville,Advogado,28,91763063822
Ana Araújo Martins,ana.araujo.martins.8522@example.com,Belo Horizonte,Eletricista,60,12455680613
Juliana Pereira Barros,juliana.pereira.barros.8523@example.com,Belo Horizonte,Técnico em informática,61,49418146845
Larissa Freitas Costa,larissa.freitas.costa.8524@example.com,Rio de Janeiro,Vendedor,42,60718526178
Henrique Oliveira Rodrigues,henrique.oliveira.rodrigues.8525@example.com,Belém,Chefe de almoxarifado,65,70186647115
Daniela Ribeiro Oliveira,daniela.ribeiro.oliveira.8526@example.com,Campinas,Engenheiro civil,37,43391245054
Gabriela Oliveira Cardoso,gabriela.oliveira.cardoso.8527@example.com,Rio de Janeiro,Advogado,70,55376028490
Renata Rocha Araújo,renata.rocha.araujo.8528@example.com,Curitiba,Coordenador administrativo,57,02902570823
Lucas Oliveira Fernandes,lucas.oliveira.fernandes.8529@example.com,Dourados,Comprador,29,10959188977
Gustavo Souza Almeida,gustavo.souza.almeida.8530@example.com,Niterói,Corretor de imóveis,40,62464592265
Simone Oliveira Alves,simone.oliveira.alves.8531@example.com,Fortaleza,Atendente,50,53885728798
Letícia Barros Cardoso,leticia.barros.cardoso.8532@example.com,Belo Horizonte,Líder de equipe,36,24031260661
Gustavo Freitas Pereira,gustavo.freitas.pereira.8533@example.com,Sorocaba,Recepcionista,68,30919220538
Aline Carvalho Ribeiro,aline.carvalho.ribeiro.8534@example.com,Brasília,Técnico de segurança do trabalho,19,16180371001
Vanessa Santos Lima,vanessa.santos.lima.8535@example.com,Rondonópolis,Técnico em informática,33,71835428308
Beatriz Castro Teixeira,beatriz.castro.teixeira.8536@example.com,Rondonópolis,Chefe de compras,57,33480620352
Vanessa Alves Araújo,vanessa.alves.araujo.8537@example.com,Goiânia,Chefe de departamento pessoal,48,29263817705
Ana Martins Barbosa,ana.martins.barbosa.8538@example.com,Porto Alegre,Gerente comercial,34,48588554818
Vitória Silva Martins,vitoria.silva.martins.8539@example.com,Campinas,Assistente comercial,20,38854045104
Letícia Rocha Santos,leticia.rocha.santos.8540@example.com,São Paulo,Contador,44,79320021551
Thiago Fernandes Castro,thiago.fernandes.castro.8541@example.com,Porto Alegre,Arquiteto,68,04476677215
Vitória Rodrigues Carvalho,vitoria.rodrigues.carvalho.8542@example.com,Rio de Janeiro,Coordenador administrativo,50,48724991127
Sérgio Barros Cardoso,sergio.barros.cardoso.8543@example.com,Recife,Supervisor de atendimento,51,68330948329
Tatiane Lima Dias,tatiane.lima.dias.8544@example.com,Campo Grande,Vendedor,22,57723606352
Paulo Barbosa Silva,paulo.barbosa.silva.8545@example.com,Uberlândia,Motorista,38,53147762043
Thiago Carvalho Cardoso,thiago.carvalho.cardoso.8546@example.com,Campinas,Pedreiro,67,36843579530
Amanda Monteiro Almeida,amanda.monteiro.almeida.8547@example.com,Salvador,Padeiro,52,29399832197
Carolina Mendes Ribeiro,carolina.mendes.ribeiro.8548@example.com,Recife,Coordenador administrativo,53,37932446068
Débora Gomes Dias,debora.gomes.dias.8549@example.com,Niterói,Arquiteto,63,47610641283
Ricardo Teixeira Ribeiro,ricardo.teixeira.ribeiro.8550@example.com,Rondonópolis,Enfermeiro,31,17003766941
Felipe Fernandes Fernandes,felipe.fernandes.fernandes.8551@example.com,Uberlândia,Chefe de almoxarifado,24,51530194301
Lucas Pereira Nascimento,lucas.pereira.nascimento.8552@example.com,Curitiba,Coordenador de logística,61,12366046808
Thiago Almeida Teixeira,thiago.almeida.teixeira.8553@example.com,Uberlândia,Fisioterapeuta,39,27012056847
Sandra Ribeiro Barbosa,sandra.ribeiro.barbosa.8554@example.com,Uberlândia,Programador,68,12209285300
Marcelo Lima Dias,marcelo.lima.dias.8555@example.com,Porto Alegre,Chefe de almoxarifado,46,10072256592
Luana Rodrigues Araújo,luana.rodrigues.araujo.8556@example.com,Porto Alegre,Engenheiro civil,47,00272757261
Renata Almeida Fernandes,renata.almeida.fernandes.8557@example.com,Joinville,Contador,56,99894641622
Fernanda Oliveira Barbosa,fernanda.oliveira.barbosa.8558@example.com,Sorocaba,Assistente comercial,42,13298950328
Rafael Martins Souza,rafael.martins.souza.8559@example.com,Porto Alegre,Atendente,56,63663684590
Vanessa Costa Monteiro,vanessa.costa.monteiro.8560@example.com,Salvador,Supervisor de qualidade,26,86938338487
Sérgio Araújo Costa,sergio.araujo.costa.8561@example.com,Curitiba,Motorista,20,49369014988
Fernanda Fernandes Barros,fernanda.fernandes.barros.8562@example.com,Dourados,Analista de marketing,57,73294309103
Ana Moreira Nascimento,ana.moreira.nascimento.8563@example.com,Dourados,Gerente comercial,57,94757737137
Renata Dias Cardoso,renata.dias.cardoso.8564@example.com,Cuiabá,Estoquista,37,21253548110
Carolina Oliveira Teixeira,carolina.oliveira.teixeira.8565@example.com,Maringá,Técnico em informática,31,84478351663
Aline Alves Gomes,aline.alves.gomes.8566@example.com,Uberlândia,Assistente comercial,65,17426126115
Priscila Rodrigues Dias,priscila.rodrigues.dias.8567@example.com,Uberlândia,Padeiro,57,19118170075
Eduardo Monteiro Barros,eduardo.monteiro.barros.8568@example.com,Curitiba,Motorista,34,62878072544
Ana Monteiro Oliveira,ana.monteiro.oliveira.8569@example.com,Vitória,Gerente comercial,41,25991249461
Simone Freitas Nascimento,simone.freitas.nascimento.8570@example.com,Belém,Gerente de operações,53,33327714800
Pedro Mendes Barbosa,pedro.mendes.barbosa.8571@example.com,Porto Alegre,Analista de dados,58,51463336454
Mariana Barros Moreira,mariana.barros.moreira.8572@example.com,Vitória,Analista de marketing,60,92003787944
Igor Silva Cardoso,igor.silva.cardoso.8573@example.com,Goiânia,Engenheiro civil,61,68377684595
Amanda Alves Barros,amanda.alves.barros.8574@example.com,Manaus,Chefe de compras,36,39268832880
Leonardo Barbosa Monteiro,leonardo.barbosa.monteiro.8575@example.com,Caxias do Sul,Designer gráfico,22,68571110903
Gabriel Monteiro Nascimento,gabriel.monteiro.nascimento.8576@example.com,Campo Grande,Gerente de recursos humanos,48,30907795912
Priscila Pereira Martins,priscila.pereira.martins.8577@example.com,Vitória,Técnico de segurança do trabalho,20,49199334248
Ana Castro Araújo,ana.castro.araujo.8578@example.com,Florianópolis,Diretor de operações,33,57421298512
Larissa Silva Monteiro,larissa.silva.monteiro.8579@example.com,São Paulo,Supervisor de vendas,28,81887480844
Débora Souza Freitas,debora.souza.freitas.8580@example.com,Fortaleza,Supervisor de atendimento,58,08466926337
Ricardo Almeida Freitas,ricardo.almeida.freitas.8581@example.com,Rio de Janeiro,Cozinheiro,57,80822128795
Lucas Moreira Souza,lucas.moreira.souza.8582@example.com,Campo Grande,Técnico em informática,30,50256054124
Henrique Oliveira Pereira,henrique.oliveira.pereira.8583@example.com,Natal,Analista financeiro,60,30565403861
Letícia Costa Santos,leticia.costa.santos.8584@example.com,Goiânia,Gerente financeiro,26,70131527386
Mariana Castro Moreira,mariana.castro.moreira.8585@example.com,Caxias do Sul,Supervisor de vendas,27,97064114714
Otávio Oliveira Cardoso,otavio.oliveira.cardoso.8586@example.com,Santos,Estoquista,49,66824821064
Daniela Monteiro Costa,daniela.monteiro.costa.8587@example.com,Joinville,Diretor de operações,37,20215518243
João Pereira Carvalho,joao.pereira.carvalho.8588@example.com,Vitória,Vendedor,41,55999947023
Thiago Rodrigues Rocha,thiago.rodrigues.rocha.8589@example.com,Niterói,Analista de recursos humanos,35,81320960835
Beatriz Dias Teixeira,beatriz.dias.teixeira.8590@example.com,Vitória,Nutricionista,31,89373774114
Otávio Martins Dias,otavio.martins.dias.8591@example.com,Natal,Mecânico,37,48376171728
Sandra Ribeiro Santos,sandra.ribeiro.santos.8592@example.com,Curitiba,Coordenador de logística,35,40049497531
Aline Cardoso Monteiro,aline.cardoso.monteiro.8593@example.com,Curitiba,Recepcionista,40,30769337516
Sandra Ribeiro Teixeira,sandra.ribeiro.teixeira.8594@example.com,Joinville,Engenheiro civil,40,30166659344
Juliana Alves Almeida,juliana.alves.almeida.8595@example.com,Belo Horizonte,Eletricista,69,04416785232
Thiago Nascimento Silva,thiago.nascimento.silva.8596@example.com,Rio de Janeiro,Designer gráfico,33,42391779954
Eduardo Souza Moreira,eduardo.souza.moreira.8597@example.com,Brasília,Eletricista,54,40314571633
Pedro Gomes Silva,pedro.gomes.silva.8598@example.com,Londrina,Supervisor de atendimento,24,48227844652
Marcelo Fernandes Alves,marcelo.fernandes.alves.8599@example.com,Cuiabá,Coordenador de marketing,61,87084857282
Juliana Teixeira Cardoso,juliana.teixeira.cardoso.8600@example.com,Rondonópolis,Cozinheiro,50,08042857877
Amanda Mendes Rodrigues,amanda.mendes.rodrigues.8601@example.com,Campinas,Chefe de almoxarifado,67,07391947423
João Souza Rodrigues,joao.souza.rodrigues.8602@example.com,Manaus,Analista de recursos humanos,69,59628648588
Vinícius Ribeiro Alves,vinicius.ribeiro.alves.8603@example.com,Rio de Janeiro,Corretor de imóveis,44,26070855801
Marcelo Carvalho Barbosa,marcelo.carvalho.barbosa.8604@example.com,São Paulo,Coordenador de marketing,70,57285514542
Juliana Santos Barbosa,juliana.santos.barbosa.8605@example.com,Manaus,Contador,23,02282898975
Simone Costa Pereira,simone.costa.pereira.8606@example.com,Uberlândia,Atendente,45,86990992905
Larissa Oliveira Santos,larissa.oliveira.santos.8607@example.com,Curitiba,Gerente de tecnologia,37,08620824599
Lucas Moreira Araújo,lucas.moreira.araujo.8608@example.com,Sorocaba,Técnico de enfermagem,50,17712318822
Aline Martins Rodrigues,aline.martins.rodrigues.8609@example.com,Joinville,Coordenador administrativo,35,70272265946
Sandra Santos Alves,sandra.santos.alves.8610@example.com,Belém,Técnico em informática,22,29849496754
Bruno Martins Dias,bruno.martins.dias.8611@example.com,Sorocaba,Gerente de recursos humanos,54,73136175754
Camila Araújo Barbosa,camila.araujo.barbosa.8612@example.com,Porto Alegre,Estoquista,62,87767700609
Daniela Barros Castro,daniela.barros.castro.8613@example.com,Recife,Técnico de segurança do trabalho,30,97318950165
Nicolas Santos Fernandes,nicolas.santos.fernandes.8614@example.com,Caxias do Sul,Vendedor,57,28931897348
Patrícia Almeida Fernandes,patricia.almeida.fernandes.8615@example.com,Curitiba,Padeiro,60,06136669773
Daniela Teixeira Fernandes,daniela.teixeira.fernandes.8616@example.com,Goiânia,Supervisor de manutenção,29,12741447243
Carlos Rocha Freitas,carlos.rocha.freitas.8617@example.com,Niterói,Assistente comercial,28,68279605397
Felipe Pereira Moreira,felipe.pereira.moreira.8618@example.com,Uberlândia,Analista de dados,21,01814918808
Pedro Ribeiro Pereira,pedro.ribeiro.pereira.8619@example.com,Uberlândia,Diretor de operações,57,10704118069
Ana Dias Nascimento,ana.dias.nascimento.8620@example.com,Porto Alegre,Mecânico,45,42515786987
Eduardo Teixeira Teixeira,eduardo.teixeira.teixeira.8621@example.com,Vitória,Corretor de imóveis,35,18121205531
Eduardo Almeida Costa,eduardo.almeida.costa.8622@example.com,Vitória,Corretor de imóveis,47,35823343204
Débora Araújo Ribeiro,debora.araujo.ribeiro.8623@example.com,Florianópolis,Vendedor,42,73013271464
Henrique Rodrigues Barbosa,henrique.rodrigues.barbosa.8624@example.com,Belém,Estoquista,40,46604298466
Ana Pereira Moreira,ana.pereira.moreira.8625@example.com,Uberlândia,Analista de dados,23,56450740848
Simone Araújo Silva,simone.araujo.silva.8626@example.com,Curitiba,Coordenador administrativo,58,58846177438
Paulo Monteiro Carvalho,paulo.monteiro.carvalho.8627@example.com,Brasília,Corretor de imóveis,65,88806750759
Ricardo Dias Gomes,ricardo.dias.gomes.8628@example.com,Campinas,Líder de equipe,66,28020478922
Gabriel Fernandes Barros,gabriel.fernandes.barros.8629@example.com,Manaus,Enfermeiro,57,80781066547
Juliana Barros Teixeira,juliana.barros.teixeira.8630@example.com,Recife,Professor,27,39532556282
José Moreira Costa,jose.moreira.costa.8631@example.com,Goiânia,Diretor comercial,40,70191707259
Marcelo Fernandes Rocha,marcelo.fernandes.rocha.8632@example.com,Caxias do Sul,Gerente comercial,39,11988937716
Renata Almeida Ribeiro,renata.almeida.ribeiro.8633@example.com,Santos,Encarregado de produção,46,05030348197
Nicolas Rodrigues Mendes,nicolas.rodrigues.mendes.8634@example.com,Maringá,Programador,56,52044857877
Rafael Freitas Monteiro,rafael.freitas.monteiro.8635@example.com,Belém,Professor,28,66835497023
Felipe Fernandes Araújo,felipe.fernandes.araujo.8636@example.com,Florianópolis,Líder de equipe,29,75640689943
Débora Santos Barbosa,debora.santos.barbosa.8637@example.com,Sorocaba,Gerente de operações,45,47366136263
Priscila Mendes Freitas,priscila.mendes.freitas.8638@example.com,Santos,Gerente de recursos humanos,18,03077270796
Sérgio Nascimento Ribeiro,sergio.nascimento.ribeiro.8639@example.com,Salvador,Mecânico,41,51792006392
Débora Rocha Rodrigues,debora.rocha.rodrigues.8640@example.com,Goiânia,Gerente de recursos humanos,70,81299974088
Carlos Freitas Ribeiro,carlos.freitas.ribeiro.8641@example.com,Rio de Janeiro,Arquiteto,18,67544818560
Pedro Rocha Silva,pedro.rocha.silva.8642@example.com,Rio de Janeiro,Chefe de departamento pessoal,68,35554357357
Vanessa Monteiro Silva,vanessa.monteiro.silva.8643@example.com,Goiânia,Líder de equipe,21,02014679487
Priscila Monteiro Rodrigues,priscila.monteiro.rodrigues.8644@example.com,Londrina,Motorista,35,54731262316
Camila Oliveira Alves,camila.oliveira.alves.8645@example.com,São Paulo,Operador de caixa,34,82216244194
Daniela Ribeiro Moreira,daniela.ribeiro.moreira.8646@example.com,Dourados,Vendedor,46,81608477583
Gabriel Mendes Castro,gabriel.mendes.castro.8647@example.com,Dourados,Enfermeiro,61,18156227872
Felipe Carvalho Oliveira,felipe.carvalho.oliveira.8648@example.com,Rio de Janeiro,Gerente de recursos humanos,31,97144795089
Amanda Santos Mendes,amanda.santos.mendes.8649@example.com,Salvador,Gerente de tecnologia,65,72134788129
Daniela Rocha Freitas,daniela.rocha.freitas.8650@example.com,Porto Alegre,Analista financeiro,34,31369117133
Vanessa Alves Teixeira,vanessa.alves.teixeira.8651@example.com,Natal,Nutricionista,57,37209546583
Thiago Barbosa Silva,thiago.barbosa.silva.8652@example.com,Goiânia,Operador de caixa,68,61607468118
Bruno Monteiro Araújo,bruno.monteiro.araujo.8653@example.com,Joinville,Analista de dados,66,52580264267
Larissa Mendes Alves,larissa.mendes.alves.8654@example.com,Natal,Comprador,28,49815325142
Nicolas Cardoso Silva,nicolas.cardoso.silva.8655@example.com,Belém,Professor,57,65951262389
Rafael Cardoso Cardoso,rafael.cardoso.cardoso.8656@example.com,Rio de Janeiro,Diretor de operações,56,55556742073
Ricardo Nascimento Barbosa,ricardo.nascimento.barbosa.8657@example.com,Vitória,Coordenador de marketing,40,26186753197
Gabriel Araújo Almeida,gabriel.araujo.almeida.8658@example.com,Joinville,Coordenador de produção,53,74346293695
Carlos Almeida Araújo,carlos.almeida.araujo.8659@example.com,Recife,Coordenador de produção,27,76749300240
Daniela Souza Oliveira,daniela.souza.oliveira.8660@example.com,Manaus,Encarregado de produção,46,84957829479
Beatriz Lima Lima,beatriz.lima.lima.8661@example.com,Cuiabá,Gerente de operações,35,67256821716
Fernanda Barros Teixeira,fernanda.barros.teixeira.8662@example.com,Florianópolis,Motorista,28,14419294915
Otávio Freitas Souza,otavio.freitas.souza.8663@example.com,Santos,Técnico em informática,27,18098673907
Mariana Alves Teixeira,mariana.alves.teixeira.8664@example.com,Brasília,Supervisor de qualidade,30,54243790953
Thiago Souza Monteiro,thiago.souza.monteiro.8665@example.com,Campo Grande,Comprador,65,53544283140
Rafael Freitas Martins,rafael.freitas.martins.8666@example.com,Cuiabá,Recepcionista,45,73195331323
José Fernandes Alves,jose.fernandes.alves.8667@example.com,São Paulo,Eletricista,39,25692714282
José Santos Araújo,jose.santos.araujo.8668@example.com,Belo Horizonte,Chefe de compras,51,31196045380
Larissa Castro Souza,larissa.castro.souza.8669@example.com,Goiânia,Atendente,54,48010959243
Lucas Castro Mendes,lucas.castro.mendes.8670@example.com,Natal,Motorista,19,71433148222
Sandra Alves Alves,sandra.alves.alves.8671@example.com,Belo Horizonte,Corretor de imóveis,51,31455733196
Letícia Costa Pereira,leticia.costa.pereira.8672@example.com,Florianópolis,Engenheiro civil,24,18968040388
Beatriz Carvalho Monteiro,beatriz.carvalho.monteiro.8673@example.com,Belém,Comprador,26,10802027057
Thiago Pereira Araújo,thiago.pereira.araujo.8674@example.com,Joinville,Coordenador administrativo,53,65416592515
Gustavo Santos Cardoso,gustavo.santos.cardoso.8675@example.com,Recife,Supervisor de qualidade,23,32041931843
Luana Oliveira Moreira,luana.oliveira.moreira.8676@example.com,Santos,Analista financeiro,59,80354925010
Vinícius Almeida Dias,vinicius.almeida.dias.8677@example.com,Campo Grande,Supervisor de manutenção,60,14600797798
Gustavo Nascimento Nascimento,gustavo.nascimento.nascimento.8678@example.com,Belo Horizonte,Gerente de recursos humanos,64,31979500078
Carolina Carvalho Silva,carolina.carvalho.silva.8679@example.com,Porto Alegre,Vendedor,37,03685300286
Juliana Carvalho Rodrigues,juliana.carvalho.rodrigues.8680@example.com,São Paulo,Analista de marketing,27,91817653881
Felipe Castro Freitas,felipe.castro.freitas.8681@example.com,Cuiabá,Estoquista,29,22590221636
Juliana Castro Costa,juliana.castro.costa.8682@example.com,Campinas,Operador de caixa,47,09884834428
Diego Nascimento Gomes,diego.nascimento.gomes.8683@example.com,Manaus,Chefe de almoxarifado,43,58841466854
Vanessa Freitas Pereira,vanessa.freitas.pereira.8684@example.com,Sorocaba,Técnico em informática,59,90658681225
Lucas Dias Barros,lucas.dias.barros.8685@example.com,Vitória,Diretor comercial,66,49072801182
Diego Moreira Dias,diego.moreira.dias.8686@example.com,Londrina,Técnico de enfermagem,35,81022375457
Daniela Pereira Gomes,daniela.pereira.gomes.8687@example.com,Niterói,Coordenador de produção,54,88419047440
Igor Freitas Oliveira,igor.freitas.oliveira.8688@example.com,Vitória,Auxiliar de produção,70,27012257507
João Moreira Castro,joao.moreira.castro.8689@example.com,São Paulo,Professor,48,24581863604
Gustavo Ribeiro Monteiro,gustavo.ribeiro.monteiro.8690@example.com,Rio de Janeiro,Professor,63,72574471178
Tatiane Almeida Moreira,tatiane.almeida.moreira.8691@example.com,Uberlândia,Técnico de segurança do trabalho,67,37247474926
Tatiane Lima Lima,tatiane.lima.lima.8692@example.com,Manaus,Fisioterapeuta,47,70904470694
Vitória Ribeiro Barbosa,vitoria.ribeiro.barbosa.8693@example.com,Porto Alegre,Estoquista,62,47450057313
Diego Santos Alves,diego.santos.alves.8694@example.com,São Paulo,Gerente de tecnologia,68,06604710736
José Cardoso Moreira,jose.cardoso.moreira.8695@example.com,Caxias do Sul,Pedreiro,28,50159435673
Carolina Carvalho Cardoso,carolina.carvalho.cardoso.8696@example.com,Goiânia,Auxiliar de produção,22,14929425383
Débora Freitas Mendes,debora.freitas.mendes.8697@example.com,Belém,Gerente comercial,58,37491124849
José Costa Castro,jose.costa.castro.8698@example.com,Porto Alegre,Diretor comercial,51,89524610597
Larissa Costa Castro,larissa.costa.castro.8699@example.com,Cuiabá,Gerente comercial,29,58821549867
Vinícius Costa Fernandes,vinicius.costa.fernandes.8700@example.com,Brasília,Analista de recursos humanos,50,68775376841
Otávio Martins Lima,otavio.martins.lima.8701@example.com,Natal,Assistente comercial,45,85629853661
Sandra Pereira Carvalho,sandra.pereira.carvalho.8702@example.com,Porto Alegre,Supervisor de qualidade,62,48433839623
Simone Rodrigues Monteiro,simone.rodrigues.monteiro.8703@example.com,Florianópolis,Motorista,64,57790090987
Mariana Mendes Rodrigues,mariana.mendes.rodrigues.8704@example.com,Niterói,Analista de dados,60,32734924437
Felipe Rodrigues Pereira,felipe.rodrigues.pereira.8705@example.com,Santos,Assistente comercial,37,67672951276
Simone Martins Nascimento,simone.martins.nascimento.8706@example.com,Fortaleza,Técnico de enfermagem,70,39725393127
Sandra Lima Santos,sandra.lima.santos.8707@example.com,Manaus,Diretor de operações,19,22046417549
Carlos Lima Costa,carlos.lima.costa.8708@example.com,Brasília,Vendedor,50,39571617035
Beatriz Souza Dias,beatriz.souza.dias.8709@example.com,Curitiba,Encarregado de produção,39,12629659698
Simone Freitas Mendes,simone.freitas.mendes.8710@example.com,Florianópolis,Jornalista,39,70738852773
Gustavo Cardoso Silva,gustavo.cardoso.silva.8711@example.com,Belém,Analista de marketing,63,96805218187
Carlos Araújo Alves,carlos.araujo.alves.8712@example.com,Belo Horizonte,Professor,68,72495533400
Renata Fernandes Freitas,renata.fernandes.freitas.8713@example.com,Cuiabá,Designer gráfico,19,93166653558
Sérgio Oliveira Moreira,sergio.oliveira.moreira.8714@example.com,Curitiba,Assistente administrativo,59,35413552975
Vanessa Martins Silva,vanessa.martins.silva.8715@example.com,Brasília,Nutricionista,70,99224371306
Ana Silva Cardoso,ana.silva.cardoso.8716@example.com,Sorocaba,Designer gráfico,30,22438495769
Felipe Castro Costa,felipe.castro.costa.8717@example.com,Dourados,Gerente financeiro,20,77006693358
Amanda Lima Cardoso,amanda.lima.cardoso.8718@example.com,Recife,Estoquista,53,51254566056
Eduardo Alves Castro,eduardo.alves.castro.8719@example.com,Vitória,Comprador,61,21370672987
Marcelo Ribeiro Almeida,marcelo.ribeiro.almeida.8720@example.com,Fortaleza,Técnico de enfermagem,67,43456650964
Vanessa Martins Moreira,vanessa.martins.moreira.8721@example.com,Rondonópolis,Diretor comercial,27,25592575586
Igor Pereira Lima,igor.pereira.lima.8722@example.com,Cuiabá,Cozinheiro,56,70382598316
Igor Nascimento Almeida,igor.nascimento.almeida.8723@example.com,Curitiba,Comprador,20,32211183803
Daniela Silva Mendes,daniela.silva.mendes.8724@example.com,Londrina,Corretor de imóveis,20,97226676679
Priscila Dias Costa,priscila.dias.costa.8725@example.com,Santos,Comprador,31,73655871452
José Moreira Monteiro,jose.moreira.monteiro.8726@example.com,Florianópolis,Líder de equipe,34,27383329878
Carlos Castro Castro,carlos.castro.castro.8727@example.com,Dourados,Gerente comercial,64,84996570091
Juliana Gomes Gomes,juliana.gomes.gomes.8728@example.com,Manaus,Analista de marketing,70,01459430107
Mariana Costa Dias,mariana.costa.dias.8729@example.com,Caxias do Sul,Gerente financeiro,28,92303394196
Vitória Ribeiro Barbosa,vitoria.ribeiro.barbosa.8730@example.com,Natal,Chefe de departamento pessoal,60,63963596330
Juliana Castro Costa,juliana.castro.costa.8731@example.com,Dourados,Operador de caixa,28,86820435131
Vanessa Santos Mendes,vanessa.santos.mendes.8732@example.com,Rondonópolis,Analista de dados,33,93068051338
Eduardo Martins Monteiro,eduardo.martins.monteiro.8733@example.com,Curitiba,Analista financeiro,54,63956841110
Ricardo Pereira Barbosa,ricardo.pereira.barbosa.8734@example.com,Vitória,Contador,42,04974658932
Paulo Mendes Ribeiro,paulo.mendes.ribeiro.8735@example.com,Belo Horizonte,Contador,61,70535871158
Priscila Gomes Oliveira,priscila.gomes.oliveira.8736@example.com,Fortaleza,Pedreiro,56,80469209731
Paulo Martins Monteiro,paulo.martins.monteiro.8737@example.com,Niterói,Recepcionista,27,67122455199
João Alves Almeida,joao.alves.almeida.8738@example.com,Dourados,Nutricionista,28,63272266546
Vitória Lima Barros,vitoria.lima.barros.8739@example.com,Santos,Comprador,46,08579954039
Larissa Carvalho Carvalho,larissa.carvalho.carvalho.8740@example.com,Rio de Janeiro,Analista financeiro,21,26672943656
Camila Martins Fernandes,camila.martins.fernandes.8741@example.com,São Paulo,Professor,23,59740125263
Gabriela Silva Ribeiro,gabriela.silva.ribeiro.8742@example.com,Natal,Coordenador de produção,52,73728043904
Amanda Costa Freitas,amanda.costa.freitas.8743@example.com,Natal,Encarregado de produção,35,43279192369
Eduardo Dias Nascimento,eduardo.dias.nascimento.8744@example.com,Brasília,Fisioterapeuta,46,23547704746
José Santos Barros,jose.santos.barros.8745@example.com,Caxias do Sul,Gerente de recursos humanos,29,92474324213
Camila Monteiro Barbosa,camila.monteiro.barbosa.8746@example.com,Caxias do Sul,Atendente,35,44802861801
Paulo Mendes Oliveira,paulo.mendes.oliveira.8747@example.com,Cuiabá,Atendente,56,39913927059
Gustavo Freitas Souza,gustavo.freitas.souza.8748@example.com,Fortaleza,Diretor comercial,25,76955901890
Felipe Araújo Carvalho,felipe.araujo.carvalho.8749@example.com,Caxias do Sul,Estoquista,46,48119350372
Ricardo Freitas Mendes,ricardo.freitas.mendes.8750@example.com,Niterói,Chefe de departamento pessoal,60,16420947531
Fernanda Moreira Martins,fernanda.moreira.martins.8751@example.com,Fortaleza,Professor,66,77468582837
Vitória Martins Castro,vitoria.martins.castro.8752@example.com,São Paulo,Chefe de departamento pessoal,23,85736204701
Igor Monteiro Souza,igor.monteiro.souza.8753@example.com,Sorocaba,Arquiteto,57,89919857736
Paulo Nascimento Gomes,paulo.nascimento.gomes.8754@example.com,Campinas,Chefe de departamento pessoal,35,25083590233
Sérgio Teixeira Moreira,sergio.teixeira.moreira.8755@example.com,Porto Alegre,Supervisor de vendas,25,60653265484
Vinícius Santos Martins,vinicius.santos.martins.8756@example.com,Dourados,Engenheiro civil,65,61295428253
Pedro Oliveira Gomes,pedro.oliveira.gomes.8757@example.com,Belo Horizonte,Pedreiro,66,01536929245
Vitória Castro Dias,vitoria.castro.dias.8758@example.com,Belo Horizonte,Coordenador administrativo,26,77151542925
Tatiane Freitas Rodrigues,tatiane.freitas.rodrigues.8759@example.com,Manaus,Líder de equipe,20,65528326809
Marcelo Almeida Barros,marcelo.almeida.barros.8760@example.com,Joinville,Diretor de operações,30,69064587922
Renata Fernandes Fernandes,renata.fernandes.fernandes.8761@example.com,Londrina,Atendente,67,85013345281
Ricardo Cardoso Santos,ricardo.cardoso.santos.8762@example.com,Belo Horizonte,Chefe de almoxarifado,39,19246695462
Leonardo Pereira Martins,leonardo.pereira.martins.8763@example.com,Belém,Analista de recursos humanos,60,19831980546
Juliana Costa Mendes,juliana.costa.mendes.8764@example.com,Fortaleza,Estoquista,61,37365859291
Felipe Pereira Rocha,felipe.pereira.rocha.8765@example.com,Brasília,Gerente comercial,38,72613728550
Tatiane Ribeiro Moreira,tatiane.ribeiro.moreira.8766@example.com,Campo Grande,Designer gráfico,42,05639575534
Patrícia Castro Alves,patricia.castro.alves.8767@example.com,Londrina,Técnico de enfermagem,49,31814961324
Ana Cardoso Cardoso,ana.cardoso.cardoso.8768@example.com,Uberlândia,Técnico de enfermagem,27,03470693624
Luana Fernandes Castro,luana.fernandes.castro.8769@example.com,Recife,Enfermeiro,61,13054555541
Amanda Mendes Dias,amanda.mendes.dias.8770@example.com,Joinville,Analista de dados,19,80737447138
Thiago Rocha Ribeiro,thiago.rocha.ribeiro.8771@example.com,Sorocaba,Professor,43,06844209830
João Ribeiro Rodrigues,joao.ribeiro.rodrigues.8772@example.com,Londrina,Operador de caixa,22,99119580681
Eduardo Silva Rocha,eduardo.silva.rocha.8773@example.com,Porto Alegre,Atendente,53,06716882492
Marcelo Gomes Freitas,marcelo.gomes.freitas.8774@example.com,Brasília,Estoquista,32,06553329030
Pedro Alves Lima,pedro.alves.lima.8775@example.com,Vitória,Gerente de tecnologia,64,77077622398
Priscila Souza Lima,priscila.souza.lima.8776@example.com,Santos,Coordenador de logística,39,34231596858
Larissa Barbosa Gomes,larissa.barbosa.gomes.8777@example.com,Campo Grande,Analista financeiro,38,05249427171
Pedro Gomes Almeida,pedro.gomes.almeida.8778@example.com,Campo Grande,Gerente financeiro,36,89219072270
Mariana Carvalho Alves,mariana.carvalho.alves.8779@example.com,Fortaleza,Eletricista,53,17887715721
Paulo Rocha Silva,paulo.rocha.silva.8780@example.com,Joinville,Professor,54,60505294863
Aline Santos Gomes,aline.santos.gomes.8781@example.com,Londrina,Pedreiro,31,02877559358
Patrícia Freitas Carvalho,patricia.freitas.carvalho.8782@example.com,Belém,Auxiliar de produção,60,27527415469
Eduardo Lima Barbosa,eduardo.lima.barbosa.8783@example.com,Sorocaba,Coordenador de logística,63,69281067443
Ricardo Barbosa Castro,ricardo.barbosa.castro.8784@example.com,Belém,Diretor comercial,21,88198396304
Gustavo Carvalho Alves,gustavo.carvalho.alves.8785@example.com,Florianópolis,Analista de marketing,28,90366923840
Thiago Barros Monteiro,thiago.barros.monteiro.8786@example.com,Niterói,Corretor de imóveis,52,58698635999
Daniela Gomes Almeida,daniela.gomes.almeida.8787@example.com,Curitiba,Comprador,32,53705469273
Eduardo Costa Monteiro,eduardo.costa.monteiro.8788@example.com,Londrina,Analista de marketing,27,07218653657
Vitória Monteiro Fernandes,vitoria.monteiro.fernandes.8789@example.com,Campinas,Analista de dados,54,35216290449
Fernanda Freitas Ribeiro,fernanda.freitas.ribeiro.8790@example.com,Vitória,Vendedor,57,85117140499
Bruno Rodrigues Souza,bruno.rodrigues.souza.8791@example.com,Niterói,Supervisor de atendimento,23,64584194058
Aline Teixeira Carvalho,aline.teixeira.carvalho.8792@example.com,São Paulo,Jornalista,61,61971006058
Bruno Ribeiro Mendes,bruno.ribeiro.mendes.8793@example.com,Campo Grande,Professor,56,79539872720
Marcelo Martins Gomes,marcelo.martins.gomes.8794@example.com,Belém,Estoquista,67,97010806167
Vitória Alves Nascimento,vitoria.alves.nascimento.8795@example.com,Belo Horizonte,Coordenador de produção,69,01123421895
Luana Castro Freitas,luana.castro.freitas.8796@example.com,Salvador,Coordenador de marketing,28,07571299045
Luana Freitas Silva,luana.freitas.silva.8797@example.com,Caxias do Sul,Professor,20,88644467760
Amanda Ribeiro Martins,amanda.ribeiro.martins.8798@example.com,Salvador,Cozinheiro,67,00288360954
Luana Cardoso Rocha,luana.cardoso.rocha.8799@example.com,Sorocaba,Coordenador de logística,29,33358420217
Nicolas Araújo Araújo,nicolas.araujo.araujo.8800@example.com,Fortaleza,Analista de marketing,67,62525589562
Diego Souza Pereira,diego.souza.pereira.8801@example.com,Curitiba,Técnico de segurança do trabalho,37,06147820585
Otávio Dias Moreira,otavio.dias.moreira.8802@example.com,Fortaleza,Coordenador de marketing,57,52271884015
Diego Alves Rocha,diego.alves.rocha.8803@example.com,Niterói,Gerente de tecnologia,43,30495423795
Tatiane Almeida Monteiro,tatiane.almeida.monteiro.8804@example.com,Santos,Analista de marketing,54,84000222623
Patrícia Cardoso Mendes,patricia.cardoso.mendes.8805@example.com,São Paulo,Nutricionista,34,71219527764
Simone Santos Almeida,simone.santos.almeida.8806@example.com,Fortaleza,Diretor comercial,25,12698427409
Camila Barbosa Santos,camila.barbosa.santos.8807@example.com,Vitória,Chefe de departamento pessoal,59,88389313045
Renata Rodrigues Carvalho,renata.rodrigues.carvalho.8808@example.com,Salvador,Fisioterapeuta,61,81376646045
Henrique Souza Carvalho,henrique.souza.carvalho.8809@example.com,Cuiabá,Pedreiro,37,47804635496
Ricardo Ribeiro Rocha,ricardo.ribeiro.rocha.8810@example.com,Belo Horizonte,Motorista,50,34772126306
Débora Martins Lima,debora.martins.lima.8811@example.com,Natal,Arquiteto,53,64282237636
Mariana Souza Souza,mariana.souza.souza.8812@example.com,Cuiabá,Corretor de imóveis,18,90499799154
Marcelo Oliveira Araújo,marcelo.oliveira.araujo.8813@example.com,Florianópolis,Coordenador de marketing,46,06892162664
Pedro Pereira Pereira,pedro.pereira.pereira.8814@example.com,Florianópolis,Arquiteto,59,56574014256
Fernanda Rodrigues Moreira,fernanda.rodrigues.moreira.8815@example.com,Fortaleza,Corretor de imóveis,20,23982297203
Aline Mendes Lima,aline.mendes.lima.8816@example.com,Manaus,Motorista,49,24900932751
Simone Souza Barbosa,simone.souza.barbosa.8817@example.com,Cuiabá,Farmacêutico,22,67746424507
Beatriz Nascimento Castro,beatriz.nascimento.castro.8818@example.com,Rondonópolis,Analista de marketing,55,25364804594
Camila Rocha Moreira,camila.rocha.moreira.8819@example.com,Brasília,Gerente financeiro,41,75662554527
Vinícius Gomes Oliveira,vinicius.gomes.oliveira.8820@example.com,Cuiabá,Advogado,33,83412319238
Luana Rodrigues Ribeiro,luana.rodrigues.ribeiro.8821@example.com,Caxias do Sul,Assistente administrativo,56,25829723899
Gustavo Barbosa Souza,gustavo.barbosa.souza.8822@example.com,Campinas,Gerente de tecnologia,27,76749825376
Débora Moreira Martins,debora.moreira.martins.8823@example.com,São Paulo,Coordenador administrativo,55,49103239961
Daniela Carvalho Alves,daniela.carvalho.alves.8824@example.com,Uberlândia,Chefe de almoxarifado,26,54186825563
Tatiane Ribeiro Gomes,tatiane.ribeiro.gomes.8825@example.com,Belém,Eletricista,62,02069405069
Ricardo Teixeira Nascimento,ricardo.teixeira.nascimento.8826@example.com,Caxias do Sul,Diretor de operações,51,99961799758
Diego Alves Ribeiro,diego.alves.ribeiro.8827@example.com,Belo Horizonte,Coordenador administrativo,54,58540753089
Vitória Cardoso Cardoso,vitoria.cardoso.cardoso.8828@example.com,Joinville,Coordenador de marketing,39,49024513786
Gabriela Lima Almeida,gabriela.lima.almeida.8829@example.com,Sorocaba,Estoquista,45,07371237033
Gabriel Rocha Alves,gabriel.rocha.alves.8830@example.com,Curitiba,Motorista,59,69707536320
Bruno Pereira Rodrigues,bruno.pereira.rodrigues.8831@example.com,Belém,Eletricista,34,41142671764
Pedro Silva Dias,pedro.silva.dias.8832@example.com,Salvador,Assistente comercial,61,15758128074
Leonardo Martins Nascimento,leonardo.martins.nascimento.8833@example.com,Joinville,Coordenador de produção,40,54581160617
Amanda Fernandes Ribeiro,amanda.fernandes.ribeiro.8834@example.com,Rio de Janeiro,Técnico de enfermagem,64,72765489619
Luana Santos Lima,luana.santos.lima.8835@example.com,Campo Grande,Operador de caixa,69,89872886566
Nicolas Freitas Moreira,nicolas.freitas.moreira.8836@example.com,Londrina,Pedreiro,18,54644649427
Paulo Souza Freitas,paulo.souza.freitas.8837@example.com,Belém,Designer gráfico,70,03078215732
Vinícius Dias Cardoso,vinicius.dias.cardoso.8838@example.com,Joinville,Assistente comercial,54,99550314622
Pedro Alves Costa,pedro.alves.costa.8839@example.com,Belo Horizonte,Advogado,48,37351765240
Nicolas Monteiro Castro,nicolas.monteiro.castro.8840@example.com,Dourados,Nutricionista,29,58567381873
Diego Teixeira Barros,diego.teixeira.barros.8841@example.com,Londrina,Eletricista,29,80633018384
Juliana Rodrigues Teixeira,juliana.rodrigues.teixeira.8842@example.com,Joinville,Supervisor de atendimento,57,85662750210
Patrícia Pereira Santos,patricia.pereira.santos.8843@example.com,Manaus,Mecânico,36,38162164599
Vanessa Almeida Castro,vanessa.almeida.castro.8844@example.com,Recife,Assistente comercial,43,72817673441
Vitória Monteiro Fernandes,vitoria.monteiro.fernandes.8845@example.com,Goiânia,Gerente de operações,31,17146471420
Vinícius Moreira Ribeiro,vinicius.moreira.ribeiro.8846@example.com,Manaus,Coordenador administrativo,51,50064051017
Priscila Gomes Dias,priscila.gomes.dias.8847@example.com,Salvador,Farmacêutico,58,63606847666
Débora Costa Castro,debora.costa.castro.8848@example.com,Rondonópolis,Gerente de operações,47,50182335674
Luana Araújo Rocha,luana.araujo.rocha.8849@example.com,Sorocaba,Recepcionista,68,21668009521
Mariana Moreira Silva,mariana.moreira.silva.8850@example.com,Rio de Janeiro,Nutricionista,27,61959024896
Beatriz Alves Dias,beatriz.alves.dias.8851@example.com,Fortaleza,Nutricionista,38,12030576418
Daniela Gomes Carvalho,daniela.gomes.carvalho.8852@example.com,Manaus,Gerente comercial,47,25297504668
Ana Santos Castro,ana.santos.castro.8853@example.com,Curitiba,Coordenador de logística,23,21813924217
Tatiane Monteiro Pereira,tatiane.monteiro.pereira.8854@example.com,Caxias do Sul,Assistente administrativo,53,24128665556
Juliana Costa Santos,juliana.costa.santos.8855@example.com,Caxias do Sul,Comprador,70,95730154489
Carlos Alves Barros,carlos.alves.barros.8856@example.com,Porto Alegre,Mecânico,28,41507702234
Bruno Castro Teixeira,bruno.castro.teixeira.8857@example.com,Santos,Gerente financeiro,20,49160449938
Carolina Monteiro Barbosa,carolina.monteiro.barbosa.8858@example.com,Recife,Gerente financeiro,45,34350141337
Eduardo Silva Costa,eduardo.silva.costa.8859@example.com,Rondonópolis,Contador,59,69261078486
Juliana Silva Monteiro,juliana.silva.monteiro.8860@example.com,Sorocaba,Cozinheiro,58,65301475648
Renata Araújo Costa,renata.araujo.costa.8861@example.com,São Paulo,Auxiliar de produção,40,68993603387
Carolina Fernandes Teixeira,carolina.fernandes.teixeira.8862@example.com,Brasília,Analista de recursos humanos,57,06425617034
Bruno Barros Carvalho,bruno.barros.carvalho.8863@example.com,Belém,Líder de equipe,52,57487617127
Gabriel Fernandes Moreira,gabriel.fernandes.moreira.8864@example.com,São Paulo,Diretor comercial,48,11427809190
Larissa Moreira Almeida,larissa.moreira.almeida.8865@example.com,Natal,Diretor de operações,42,81265553405
Ricardo Alves Teixeira,ricardo.alves.teixeira.8866@example.com,Salvador,Supervisor de manutenção,48,69116002355
Bruno Cardoso Monteiro,bruno.cardoso.monteiro.8867@example.com,Goiânia,Técnico de enfermagem,52,28973837575
Thiago Martins Santos,thiago.martins.santos.8868@example.com,Recife,Comprador,29,85756420920
João Rodrigues Oliveira,joao.rodrigues.oliveira.8869@example.com,Rio de Janeiro,Chefe de departamento pessoal,31,37543180616
Nicolas Monteiro Gomes,nicolas.monteiro.gomes.8870@example.com,Dourados,Engenheiro civil,24,86169195799
Tatiane Rodrigues Fernandes,tatiane.rodrigues.fernandes.8871@example.com,Rio de Janeiro,Cozinheiro,65,36012530904
Letícia Silva Costa,leticia.silva.costa.8872@example.com,Natal,Atendente,30,65159970126
Tatiane Costa Oliveira,tatiane.costa.oliveira.8873@example.com,Caxias do Sul,Chefe de compras,67,54833693466
Débora Moreira Teixeira,debora.moreira.teixeira.8874@example.com,Goiânia,Analista de dados,24,64085492002
Amanda Monteiro Martins,amanda.monteiro.martins.8875@example.com,Rondonópolis,Supervisor de vendas,63,36304381493
Carlos Dias Araújo,carlos.dias.araujo.8876@example.com,Porto Alegre,Gerente comercial,68,98585868565
Leonardo Oliveira Dias,leonardo.oliveira.dias.8877@example.com,Rondonópolis,Supervisor de manutenção,39,76066501632
Felipe Lima Barros,felipe.lima.barros.8878@example.com,Uberlândia,Supervisor de vendas,31,98011134819
Paulo Araújo Barros,paulo.araujo.barros.8879@example.com,Londrina,Encarregado de produção,45,88240779794
Bruno Moreira Dias,bruno.moreira.dias.8880@example.com,Campo Grande,Designer gráfico,45,61777418443
Nicolas Souza Gomes,nicolas.souza.gomes.8881@example.com,Uberlândia,Supervisor de vendas,54,89918793663
José Lima Lima,jose.lima.lima.8882@example.com,Brasília,Gerente de operações,50,40630836749
Gabriel Teixeira Cardoso,gabriel.teixeira.cardoso.8883@example.com,Curitiba,Supervisor de atendimento,31,74596122268
Bruno Rocha Almeida,bruno.rocha.almeida.8884@example.com,Salvador,Gerente de operações,42,70600986875
Henrique Martins Almeida,henrique.martins.almeida.8885@example.com,Campo Grande,Fisioterapeuta,26,26081778526
Mariana Ribeiro Castro,mariana.ribeiro.castro.8886@example.com,Natal,Supervisor de vendas,52,68554754862
Igor Moreira Monteiro,igor.moreira.monteiro.8887@example.com,Joinville,Encarregado de produção,36,09597786147
Felipe Dias Castro,felipe.dias.castro.8888@example.com,Rio de Janeiro,Coordenador de produção,63,47939136641
Rafael Martins Freitas,rafael.martins.freitas.8889@example.com,Campo Grande,Estoquista,41,70208412022
Carlos Oliveira Silva,carlos.oliveira.silva.8890@example.com,Dourados,Corretor de imóveis,44,42926339951
Pedro Silva Lima,pedro.silva.lima.8891@example.com,Londrina,Analista de recursos humanos,28,50621119804
Thiago Rodrigues Silva,thiago.rodrigues.silva.8892@example.com,Brasília,Recepcionista,52,56884110245
Eduardo Fernandes Almeida,eduardo.fernandes.almeida.8893@example.com,Joinville,Fisioterapeuta,56,42306172228
Otávio Teixeira Dias,otavio.teixeira.dias.8894@example.com,Brasília,Vendedor,25,08029747805
Felipe Costa Nascimento,felipe.costa.nascimento.8895@example.com,Maringá,Motorista,26,20458387729
Nicolas Mendes Rocha,nicolas.mendes.rocha.8896@example.com,Florianópolis,Encarregado de produção,34,83186369521
Carlos Dias Cardoso,carlos.dias.cardoso.8897@example.com,Curitiba,Professor,56,83652268048
Paulo Souza Rocha,paulo.souza.rocha.8898@example.com,Florianópolis,Mecânico,23,03993254609
Amanda Almeida Ribeiro,amanda.almeida.ribeiro.8899@example.com,Brasília,Arquiteto,21,34439942146
Tatiane Lima Freitas,tatiane.lima.freitas.8900@example.com,Santos,Vendedor,48,62822777164
Vanessa Lima Souza,vanessa.lima.souza.8901@example.com,Curitiba,Designer gráfico,53,30177300682
Aline Gomes Mendes,aline.gomes.mendes.8902@example.com,Rio de Janeiro,Fisioterapeuta,19,41506809559
Vanessa Barros Mendes,vanessa.barros.mendes.8903@example.com,Belo Horizonte,Supervisor de atendimento,48,53075158479
Pedro Nascimento Carvalho,pedro.nascimento.carvalho.8904@example.com,Florianópolis,Coordenador de marketing,19,01432562476
Rafael Araújo Souza,rafael.araujo.souza.8905@example.com,Caxias do Sul,Coordenador administrativo,31,33280002640
Fernanda Costa Nascimento,fernanda.costa.nascimento.8906@example.com,Londrina,Advogado,21,30702027487
Vitória Moreira Barbosa,vitoria.moreira.barbosa.8907@example.com,Dourados,Pedreiro,36,54631130978
Thiago Souza Gomes,thiago.souza.gomes.8908@example.com,Campinas,Chefe de almoxarifado,19,33261024849
Gabriela Dias Nascimento,gabriela.dias.nascimento.8909@example.com,Maringá,Comprador,32,95302006862
Larissa Costa Costa,larissa.costa.costa.8910@example.com,Sorocaba,Enfermeiro,56,88911119224
Daniela Castro Rodrigues,daniela.castro.rodrigues.8911@example.com,Dourados,Analista de dados,23,64578358025
Beatriz Teixeira Souza,beatriz.teixeira.souza.8912@example.com,Rio de Janeiro,Supervisor de vendas,44,43306540571
Pedro Moreira Moreira,pedro.moreira.moreira.8913@example.com,Rio de Janeiro,Arquiteto,24,98539947001
Letícia Silva Gomes,leticia.silva.gomes.8914@example.com,Londrina,Coordenador administrativo,61,70165749340
Priscila Lima Dias,priscila.lima.dias.8915@example.com,Caxias do Sul,Fisioterapeuta,53,35467373563
Sandra Alves Cardoso,sandra.alves.cardoso.8916@example.com,Santos,Corretor de imóveis,39,73911841916
Diego Castro Santos,diego.castro.santos.8917@example.com,Dourados,Estoquista,19,70252594982
Mariana Monteiro Moreira,mariana.monteiro.moreira.8918@example.com,Curitiba,Jornalista,23,34877128975
Gabriela Moreira Teixeira,gabriela.moreira.teixeira.8919@example.com,Belo Horizonte,Farmacêutico,41,26998831890
Simone Moreira Barbosa,simone.moreira.barbosa.8920@example.com,Fortaleza,Diretor de operações,59,09020851402
Thiago Nascimento Nascimento,thiago.nascimento.nascimento.8921@example.com,Rondonópolis,Programador,32,32073942324
Igor Santos Alves,igor.santos.alves.8922@example.com,Vitória,Supervisor de manutenção,69,51668908299
Lucas Pereira Barbosa,lucas.pereira.barbosa.8923@example.com,Campinas,Recepcionista,26,14021877559
Sandra Oliveira Rodrigues,sandra.oliveira.rodrigues.8924@example.com,Campinas,Pedreiro,28,70521646140
Gabriela Rodrigues Ribeiro,gabriela.rodrigues.ribeiro.8925@example.com,Santos,Eletricista,57,30467977410
Lucas Costa Souza,lucas.costa.souza.8926@example.com,Brasília,Mecânico,38,30611442521
Aline Nascimento Monteiro,aline.nascimento.monteiro.8927@example.com,Vitória,Encarregado de produção,62,74279300042
Renata Moreira Rocha,renata.moreira.rocha.8928@example.com,Fortaleza,Supervisor de vendas,32,61799640599
Igor Alves Mendes,igor.alves.mendes.8929@example.com,Joinville,Mecânico,34,96433540743
Simone Costa Rodrigues,simone.costa.rodrigues.8930@example.com,Rio de Janeiro,Coordenador de logística,31,05447163479
Gabriel Barros Dias,gabriel.barros.dias.8931@example.com,Cuiabá,Programador,43,00777250158
Pedro Carvalho Barbosa,pedro.carvalho.barbosa.8932@example.com,Uberlândia,Cozinheiro,35,07214582243
Renata Santos Martins,renata.santos.martins.8933@example.com,Salvador,Gerente de operações,55,23423712736
Camila Gomes Castro,camila.gomes.castro.8934@example.com,Recife,Programador,39,84065735666
Vanessa Ribeiro Gomes,vanessa.ribeiro.gomes.8935@example.com,Cuiabá,Técnico em informática,35,91844124159
Patrícia Araújo Mendes,patricia.araujo.mendes.8936@example.com,Curitiba,Gerente de recursos humanos,28,50317150199
Henrique Freitas Almeida,henrique.freitas.almeida.8937@example.com,Maringá,Analista de marketing,41,08982645106
Sérgio Santos Teixeira,sergio.santos.teixeira.8938@example.com,Campo Grande,Técnico de enfermagem,43,72537870758
Leonardo Barbosa Mendes,leonardo.barbosa.mendes.8939@example.com,Recife,Analista de marketing,35,70319587972
Vitória Barbosa Almeida,vitoria.barbosa.almeida.8940@example.com,Porto Alegre,Gerente financeiro,69,36416044556
Gabriela Barros Oliveira,gabriela.barros.oliveira.8941@example.com,Rio de Janeiro,Atendente,62,79509851506
Carolina Almeida Souza,carolina.almeida.souza.8942@example.com,Joinville,Chefe de almoxarifado,58,99469835127
Bruno Souza Freitas,bruno.souza.freitas.8943@example.com,Natal,Coordenador de logística,61,84352484079
José Moreira Souza,jose.moreira.souza.8944@example.com,Belém,Gerente de tecnologia,31,27292777693
Lucas Carvalho Ribeiro,lucas.carvalho.ribeiro.8945@example.com,Santos,Diretor de operações,39,72118427035
Gabriel Mendes Barros,gabriel.mendes.barros.8946@example.com,Dourados,Cozinheiro,50,23123171985
Gabriela Monteiro Santos,gabriela.monteiro.santos.8947@example.com,Londrina,Nutricionista,54,87904875081
Camila Rodrigues Rocha,camila.rodrigues.rocha.8948@example.com,São Paulo,Gerente financeiro,24,97559110536
Diego Fernandes Araújo,diego.fernandes.araujo.8949@example.com,Natal,Operador de caixa,52,40353324162
Larissa Santos Ribeiro,larissa.santos.ribeiro.8950@example.com,Londrina,Assistente comercial,51,00633843335
Luana Castro Carvalho,luana.castro.carvalho.8951@example.com,Curitiba,Chefe de compras,40,69689121897
Felipe Costa Souza,felipe.costa.souza.8952@example.com,Vitória,Farmacêutico,31,68763671757
Igor Rocha Moreira,igor.rocha.moreira.8953@example.com,Goiânia,Analista de marketing,46,68395548209
Igor Souza Teixeira,igor.souza.teixeira.8954@example.com,Joinville,Farmacêutico,23,25229779325
Nicolas Costa Lima,nicolas.costa.lima.8955@example.com,Campinas,Gerente de recursos humanos,65,19936795118
Igor Barros Souza,igor.barros.souza.8956@example.com,Cuiabá,Cozinheiro,37,05316193479
Sérgio Souza Castro,sergio.souza.castro.8957@example.com,Rondonópolis,Comprador,23,22555607598
Thiago Fernandes Barros,thiago.fernandes.barros.8958@example.com,Sorocaba,Padeiro,46,79965234613
Débora Santos Santos,debora.santos.santos.8959@example.com,Curitiba,Gerente de recursos humanos,26,21786549562
Pedro Alves Barros,pedro.alves.barros.8960@example.com,Belém,Fisioterapeuta,53,84420260412
Mariana Gomes Santos,mariana.gomes.santos.8961@example.com,Belo Horizonte,Auxiliar de produção,53,52317429461
Débora Freitas Barbosa,debora.freitas.barbosa.8962@example.com,São Paulo,Motorista,55,01757558687
Diego Pereira Freitas,diego.pereira.freitas.8963@example.com,Recife,Supervisor de manutenção,62,19707479846
Ricardo Oliveira Silva,ricardo.oliveira.silva.8964@example.com,Cuiabá,Padeiro,61,17553420294
Ana Fernandes Dias,ana.fernandes.dias.8965@example.com,Maringá,Coordenador de produção,47,54108843055
Débora Nascimento Freitas,debora.nascimento.freitas.8966@example.com,Rio de Janeiro,Designer gráfico,28,52144131460
Pedro Barbosa Barros,pedro.barbosa.barros.8967@example.com,Goiânia,Chefe de departamento pessoal,28,66686672209
Otávio Castro Souza,otavio.castro.souza.8968@example.com,Recife,Enfermeiro,26,32132908399
Nicolas Souza Barros,nicolas.souza.barros.8969@example.com,Florianópolis,Mecânico,25,01136265220
Eduardo Alves Mendes,eduardo.alves.mendes.8970@example.com,São Paulo,Contador,24,34499421124
Carolina Pereira Barbosa,carolina.pereira.barbosa.8971@example.com,Maringá,Coordenador de marketing,18,81992331061
Luana Freitas Alves,luana.freitas.alves.8972@example.com,Rondonópolis,Corretor de imóveis,70,88209765468
Daniela Monteiro Freitas,daniela.monteiro.freitas.8973@example.com,Fortaleza,Recepcionista,31,53986073899
José Santos Oliveira,jose.santos.oliveira.8974@example.com,Brasília,Gerente de tecnologia,26,93883249543
Juliana Araújo Dias,juliana.araujo.dias.8975@example.com,Maringá,Coordenador de marketing,69,95065008236
Rafael Moreira Alves,rafael.moreira.alves.8976@example.com,Londrina,Analista de marketing,70,16443791896
Marcelo Rodrigues Monteiro,marcelo.rodrigues.monteiro.8977@example.com,Niterói,Analista de dados,44,47466450164
Amanda Martins Teixeira,amanda.martins.teixeira.8978@example.com,Campinas,Analista de recursos humanos,65,75145455253
Eduardo Castro Barros,eduardo.castro.barros.8979@example.com,Recife,Farmacêutico,47,79994143932
Amanda Castro Rocha,amanda.castro.rocha.8980@example.com,Salvador,Arquiteto,41,71777903559
Nicolas Oliveira Santos,nicolas.oliveira.santos.8981@example.com,Rio de Janeiro,Coordenador de marketing,21,10869676633
Nicolas Souza Mendes,nicolas.souza.mendes.8982@example.com,Dourados,Supervisor de qualidade,37,80351970693
Daniela Teixeira Rocha,daniela.teixeira.rocha.8983@example.com,Goiânia,Analista financeiro,66,04081413493
Lucas Carvalho Carvalho,lucas.carvalho.carvalho.8984@example.com,Rondonópolis,Nutricionista,50,11884373677
Renata Cardoso Carvalho,renata.cardoso.carvalho.8985@example.com,Fortaleza,Técnico de segurança do trabalho,24,52539294351
Felipe Mendes Monteiro,felipe.mendes.monteiro.8986@example.com,Santos,Professor,42,83449227895
João Freitas Monteiro,joao.freitas.monteiro.8987@example.com,Belo Horizonte,Arquiteto,19,59520647261
José Santos Teixeira,jose.santos.teixeira.8988@example.com,Florianópolis,Professor,63,92403881387
Aline Ribeiro Oliveira,aline.ribeiro.oliveira.8989@example.com,Belo Horizonte,Técnico de enfermagem,69,09994854786
Vanessa Lima Rocha,vanessa.lima.rocha.8990@example.com,Uberlândia,Enfermeiro,23,31113714033
Henrique Freitas Santos,henrique.freitas.santos.8991@example.com,Manaus,Advogado,48,95621081370
Marcelo Barros Dias,marcelo.barros.dias.8992@example.com,Natal,Analista financeiro,24,51246821113
Nicolas Fernandes Barbosa,nicolas.fernandes.barbosa.8993@example.com,Curitiba,Técnico em informática,54,79042309496
Thiago Mendes Santos,thiago.mendes.santos.8994@example.com,Rio de Janeiro,Analista de marketing,62,95394586345
Ana Nascimento Santos,ana.nascimento.santos.8995@example.com,Rio de Janeiro,Gerente comercial,64,10535966053
Vitória Monteiro Martins,vitoria.monteiro.martins.8996@example.com,Sorocaba,Padeiro,53,06805651613
Tatiane Gomes Rodrigues,tatiane.gomes.rodrigues.8997@example.com,Campinas,Analista de dados,38,96555598225
Sérgio Barbosa Barbosa,sergio.barbosa.barbosa.8998@example.com,Campinas,Técnico em informática,52,91995150413
Gabriel Lima Oliveira,gabriel.lima.oliveira.8999@example.com,Belém,Coordenador administrativo,56,43931566830
Daniela Ribeiro Martins,daniela.ribeiro.martins.9000@example.com,Joinville,Chefe de compras,28,02237932188
