nome,email,cidade,profissao,idade,cpf
Eduardo Pereira Barros,eduardo.pereira.barros.3001@example.com,São Paulo,Programador,22,02001327650
Pedro Monteiro Moreira,pedro.monteiro.moreira.3002@example.com,Maringá,Atendente,18,04859529045
Gabriel Rodrigues Castro,gabriel.rodrigues.castro.3003@example.com,Curitiba,Analista financeiro,26,02501471269
Diego Santos Cardoso,diego.santos.cardoso.3004@example.com,Rio de Janeiro,Analista de marketing,42,24554417932
Renata Barros Santos,renata.barros.santos.3005@example.com,Brasília,Designer gráfico,20,65713106304
Igor Ribeiro Dias,igor.ribeiro.dias.3006@example.com,Vitória,Diretor de operações,28,41053128689
Priscila Rocha Souza,priscila.rocha.souza.3007@example.com,Vitória,Coordenador de produção,53,24209429504
Vitória Oliveira Almeida,vitoria.oliveira.almeida.3008@example.com,Belém,Gerente comercial,52,53302158023
Felipe Nascimento Mendes,felipe.nascimento.mendes.3009@example.com,Campinas,Mecânico,48,41825513278
Gustavo Silva Ribeiro,gustavo.silva.ribeiro.3010@example.com,Sorocaba,Coordenador administrativo,43,10785851141
Letícia Rocha Ribeiro,leticia.rocha.ribeiro.3011@example.com,Belém,Professor,34,39863473684
Vanessa Fernandes Lima,vanessa.fernandes.lima.3012@example.com,Curitiba,Eletricista,70,48616467569
Marcelo Teixeira Fernandes,marcelo.teixeira.fernandes.3013@example.com,Natal,Enfermeiro,69,43967517407
Vinícius Rocha Araújo,vinicius.rocha.araujo.3014@example.com,Recife,Coordenador administrativo,24,15898747330
Simone Souza Monteiro,simone.souza.monteiro.3015@example.com,Goiânia,Coordenador administrativo,68,10720560681
Simone Mendes Gomes,simone.mendes.gomes.3016@example.com,Rio de Janeiro,Gerente financeiro,58,59677703958
Vinícius Souza Freitas,vinicius.souza.freitas.3017@example.com,Rondonópolis,Farmacêutico,53,71849734524
Carlos Castro Araújo,carlos.castro.araujo.3018@example.com,Caxias do Sul,Farmacêutico,55,29411909629
José Rodrigues Rocha,jose.rodrigues.rocha.3019@example.com,Rondonópolis,Padeiro,37,19958383041
Gustavo Gomes Almeida,gustavo.gomes.almeida.3020@example.com,Santos,Diretor comercial,34,51845177545
José Pereira Pereira,jose.pereira.pereira.3021@example.com,Londrina,Engenheiro civil,37,18559699663
Mariana Mendes Silva,mariana.mendes.silva.3022@example.com,Porto Alegre,Eletricista,58,87443746330
Rafael Fernandes Carvalho,rafael.fernandes.carvalho.3023@example.com,Curitiba,Professor,32,04550520474
Fernanda Ribeiro Gomes,fernanda.ribeiro.gomes.3024@example.com,Goiânia,Analista de recursos humanos,50,92366873407
Amanda Pereira Carvalho,amanda.pereira.carvalho.3025@example.com,Fortaleza,Analista de marketing,61,56434247404
Eduardo Fernandes Gomes,eduardo.fernandes.gomes.3026@example.com,Caxias do Sul,Analista de recursos humanos,61,76941452508
Lucas Martins Santos,lucas.martins.santos.3027@example.com,Campo Grande,Supervisor de vendas,65,69343890603
Otávio Ribeiro Rocha,otavio.ribeiro.rocha.3028@example.com,Dourados,Analista financeiro,43,17091469320
Carlos Rocha Barros,carlos.rocha.barros.3029@example.com,Rio de Janeiro,Analista de recursos humanos,36,64579628113
Amanda Souza Mendes,amanda.souza.mendes.3030@example.com,São Paulo,Corretor de imóveis,26,63951040505
Eduardo Araújo Barros,eduardo.araujo.barros.3031@example.com,Uberlândia,Atendente,57,31892295476
Larissa Alves Nascimento,larissa.alves.nascimento.3032@example.com,Goiânia,Analista financeiro,27,15473937541
Diego Fernandes Rocha,diego.fernandes.rocha.3033@example.com,Cuiabá,Cozinheiro,19,82934098028
Juliana Almeida Lima,juliana.almeida.lima.3034@example.com,Cuiabá,Mecânico,24,76780306991
Carlos Santos Rodrigues,carlos.santos.rodrigues.3035@example.com,Cuiabá,Pedreiro,20,27545816404
Débora Fernandes Almeida,debora.fernandes.almeida.3036@example.com,Goiânia,Padeiro,35,99852050557
Camila Freitas Lima,camila.freitas.lima.3037@example.com,Florianópolis,Eletricista,64,21575722984
Renata Cardoso Freitas,renata.cardoso.freitas.3038@example.com,Recife,Corretor de imóveis,23,05483880598
Nicolas Cardoso Gomes,nicolas.cardoso.gomes.3039@example.com,Florianópolis,Professor,44,95265788078
Eduardo Freitas Cardoso,eduardo.freitas.cardoso.3040@example.com,Brasília,Nutricionista,66,86521189471
Diego Moreira Martins,diego.moreira.martins.3041@example.com,Caxias do Sul,Arquiteto,47,91653830448
Vanessa Lima Lima,vanessa.lima.lima.3042@example.com,Joinville,Operador de caixa,27,03174033940
Eduardo Cardoso Barbosa,eduardo.cardoso.barbosa.3043@example.com,Campinas,Analista financeiro,57,38282829699
Carlos Martins Martins,carlos.martins.martins.3044@example.com,Recife,Diretor comercial,64,26518155344
Gabriela Mendes Gomes,gabriela.mendes.gomes.3045@example.com,Vitória,Coordenador administrativo,32,92206391677
Simone Monteiro Araújo,simone.monteiro.araujo.3046@example.com,Goiânia,Chefe de departamento pessoal,48,90427695990
Henrique Alves Cardoso,henrique.alves.cardoso.3047@example.com,Porto Alegre,Chefe de departamento pessoal,34,30194896750
Fernanda Alves Monteiro,fernanda.alves.monteiro.3048@example.com,Campinas,Técnico de enfermagem,23,57842988681
Larissa Carvalho Silva,larissa.carvalho.silva.3049@example.com,Curitiba,Supervisor de manutenção,32,03884269740
Thiago Mendes Souza,thiago.mendes.souza.3050@example.com,Fortaleza,Professor,67,77260844653
Mariana Oliveira Martins,mariana.oliveira.martins.3051@example.com,Sorocaba,Nutricionista,40,76046503150
Paulo Teixeira Silva,paulo.teixeira.silva.3052@example.com,Belém,Enfermeiro,36,13070889940
Rafael Almeida Costa,rafael.almeida.costa.3053@example.com,Londrina,Técnico de segurança do trabalho,68,02810428140
Marcelo Barbosa Nascimento,marcelo.barbosa.nascimento.3054@example.com,Salvador,Técnico de enfermagem,27,23691409977
Felipe Cardoso Rodrigues,felipe.cardoso.rodrigues.3055@example.com,São Paulo,Operador de caixa,48,56540437533
Fernanda Silva Pereira,fernanda.silva.pereira.3056@example.com,Fortaleza,Gerente financeiro,60,71936707380
Marcelo Souza Freitas,marcelo.souza.freitas.3057@example.com,Sorocaba,Analista financeiro,57,35088345588
Amanda Nascimento Nascimento,amanda.nascimento.nascimento.3058@example.com,Vitória,Designer gráfico,70,23062898162
Marcelo Araújo Rocha,marcelo.araujo.rocha.3059@example.com,Dourados,Técnico de segurança do trabalho,36,08107109492
Débora Monteiro Souza,debora.monteiro.souza.3060@example.com,Dourados,Coordenador de logística,50,82411752545
Ricardo Alves Rocha,ricardo.alves.rocha.3061@example.com,Manaus,Coordenador administrativo,63,95646122022
Felipe Ribeiro Santos,felipe.ribeiro.santos.3062@example.com,Vitória,Diretor de operações,60,90537103802
Diego Santos Gomes,diego.santos.gomes.3063@example.com,Fortaleza,Analista de marketing,69,48225674150
Ricardo Moreira Fernandes,ricardo.moreira.fernandes.3064@example.com,Vitória,Cozinheiro,59,50238426942
Thiago Carvalho Carvalho,thiago.carvalho.carvalho.3065@example.com,Cuiabá,Cozinheiro,60,20814322718
Vanessa Castro Fernandes,vanessa.castro.fernandes.3066@example.com,Recife,Diretor comercial,27,73568396922
Camila Carvalho Oliveira,camila.carvalho.oliveira.3067@example.com,Goiânia,Analista de recursos humanos,37,10851115702
Letícia Santos Almeida,leticia.santos.almeida.3068@example.com,Sorocaba,Chefe de departamento pessoal,25,95135232054
Gabriela Ribeiro Pereira,gabriela.ribeiro.pereira.3069@example.com,Sorocaba,Assistente administrativo,70,85629619083
José Ribeiro Araújo,jose.ribeiro.araujo.3070@example.com,Brasília,Diretor de operações,61,91055257743
Igor Teixeira Moreira,igor.teixeira.moreira.3071@example.com,Brasília,Motorista,43,22193493518
Diego Rodrigues Mendes,diego.rodrigues.mendes.3072@example.com,Vitória,Gerente comercial,45,27978290165
Renata Dias Santos,renata.dias.santos.3073@example.com,Florianópolis,Diretor de operações,59,86430916309
Gustavo Costa Rodrigues,gustavo.costa.rodrigues.3074@example.com,Salvador,Estoquista,31,01405120917
Vinícius Dias Pereira,vinicius.dias.pereira.3075@example.com,São Paulo,Diretor de operações,38,98959775401
Bruno Nascimento Ribeiro,bruno.nascimento.ribeiro.3076@example.com,Vitória,Nutricionista,36,09074857774
Patrícia Oliveira Moreira,patricia.oliveira.moreira.3077@example.com,Londrina,Designer gráfico,45,86663259518
Larissa Souza Teixeira,larissa.souza.teixeira.3078@example.com,Uberlândia,Técnico de enfermagem,46,69177668978
Camila Almeida Barbosa,camila.almeida.barbosa.3079@example.com,Goiânia,Coordenador de produção,37,25662881321
José Moreira Nascimento,jose.moreira.nascimento.3080@example.com,Caxias do Sul,Assistente comercial,48,71556768349
Mariana Castro Costa,mariana.castro.costa.3081@example.com,Belém,Pedreiro,52,02464241782
Gabriela Souza Monteiro,gabriela.souza.monteiro.3082@example.com,Maringá,Eletricista,33,68082593167
Priscila Silva Nascimento,priscila.silva.nascimento.3083@example.com,Belo Horizonte,Gerente comercial,53,44947406941
Camila Freitas Silva,camila.freitas.silva.3084@example.com,Goiânia,Técnico de enfermagem,61,47657797121
Igor Moreira Costa,igor.moreira.costa.3085@example.com,Sorocaba,Operador de caixa,51,83863978250
Eduardo Ribeiro Souza,eduardo.ribeiro.souza.3086@example.com,Natal,Motorista,42,74103313019
Fernanda Dias Pereira,fernanda.dias.pereira.3087@example.com,Brasília,Operador de caixa,62,17220436955
Tatiane Souza Lima,tatiane.souza.lima.3088@example.com,Porto Alegre,Pedreiro,37,66884711423
Marcelo Almeida Silva,marcelo.almeida.silva.3089@example.com,Campo Grande,Chefe de departamento pessoal,38,42915695181
Sandra Barbosa Freitas,sandra.barbosa.freitas.3090@example.com,Londrina,Gerente de operações,52,35973054122
Carlos Barbosa Mendes,carlos.barbosa.mendes.3091@example.com,Goiânia,Supervisor de manutenção,67,15535862786
Ana Almeida Fernandes,ana.almeida.fernandes.3092@example.com,Rio de Janeiro,Supervisor de atendimento,62,19779836594
Lucas Barros Freitas,lucas.barros.freitas.3093@example.com,Niterói,Contador,67,31204557359
Otávio Castro Gomes,otavio.castro.gomes.3094@example.com,Londrina,Coordenador de logística,35,95111911324
Aline Barros Costa,aline.barros.costa.3095@example.com,Niterói,Coordenador de logística,46,42217098426
Gabriela Gomes Costa,gabriela.gomes.costa.3096@example.com,Recife,Advogado,22,36914662835
Lucas Martins Ribeiro,lucas.martins.ribeiro.3097@example.com,Londrina,Supervisor de atendimento,65,08776791388
Beatriz Fernandes Castro,beatriz.fernandes.castro.3098@example.com,Maringá,Diretor de operações,35,27567387456
Otávio Mendes Moreira,otavio.mendes.moreira.3099@example.com,Natal,Nutricionista,34,89397337379
Larissa Moreira Barbosa,larissa.moreira.barbosa.3100@example.com,Caxias do Sul,Chefe de compras,70,20173098600
Débora Moreira Santos,debora.moreira.santos.3101@example.com,Florianópolis,Supervisor de qualidade,68,99390514139
Patrícia Martins Almeida,patricia.martins.almeida.3102@example.com,Campo Grande,Motorista,66,02215721235
Carlos Fernandes Oliveira,carlos.fernandes.oliveira.3103@example.com,Niterói,Vendedor,69,41966351747
Mariana Ribeiro Barbosa,mariana.ribeiro.barbosa.3104@example.com,Rio de Janeiro,Analista de marketing,45,41219978518
Mariana Santos Monteiro,mariana.santos.monteiro.3105@example.com,Londrina,Contador,52,94495158770
Pedro Silva Silva,pedro.silva.silva.3106@example.com,Joinville,Analista de marketing,21,58708132967
Beatriz Costa Nascimento,beatriz.costa.nascimento.3107@example.com,Campinas,Coordenador de produção,68,09676150091
Priscila Freitas Mendes,priscila.freitas.mendes.3108@example.com,Brasília,Técnico de segurança do trabalho,32,57870726995
Sandra Rocha Castro,sandra.rocha.castro.3109@example.com,Campinas,Analista de recursos humanos,65,31584312998
Aline Souza Monteiro,aline.souza.monteiro.3110@example.com,Campinas,Analista de marketing,57,34274846540
Henrique Castro Fernandes,henrique.castro.fernandes.3111@example.com,Fortaleza,Gerente financeiro,39,58266464612
Carlos Costa Santos,carlos.costa.santos.3112@example.com,Manaus,Mecânico,33,43204119686
João Santos Almeida,joao.santos.almeida.3113@example.com,Belo Horizonte,Atendente,61,10189012084
Thiago Araújo Alves,thiago.araujo.alves.3114@example.com,Florianópolis,Engenheiro civil,68,76119457898
Eduardo Gomes Alves,eduardo.gomes.alves.3115@example.com,Recife,Supervisor de qualidade,41,36392447030
Amanda Costa Teixeira,amanda.costa.teixeira.3116@example.com,Sorocaba,Vendedor,45,60015856676
Aline Alves Alves,aline.alves.alves.3117@example.com,Dourados,Supervisor de qualidade,32,93400096966
José Dias Costa,jose.dias.costa.3118@example.com,Uberlândia,Enfermeiro,22,48216052941
Ricardo Dias Moreira,ricardo.dias.moreira.3119@example.com,Goiânia,Gerente de recursos humanos,28,44641320525
Gustavo Gomes Moreira,gustavo.gomes.moreira.3120@example.com,Rondonópolis,Coordenador de logística,35,99488885968
Felipe Nascimento Freitas,felipe.nascimento.freitas.3121@example.com,Vitória,Chefe de compras,63,33450144561
Tatiane Barbosa Barros,tatiane.barbosa.barros.3122@example.com,Recife,Analista financeiro,30,84757844161
Gabriel Oliveira Barros,gabriel.oliveira.barros.3123@example.com,Recife,Diretor comercial,49,54932501993
Felipe Monteiro Barros,felipe.monteiro.barros.3124@example.com,Uberlândia,Gerente de recursos humanos,34,33558388028
Rafael Gomes Dias,rafael.gomes.dias.3125@example.com,Rio de Janeiro,Advogado,39,60328673574
Luana Fernandes Dias,luana.fernandes.dias.3126@example.com,Caxias do Sul,Fisioterapeuta,63,60259662510
Igor Silva Martins,igor.silva.martins.3127@example.com,Uberlândia,Encarregado de produção,32,41016673144
Letícia Alves Souza,leticia.alves.souza.3128@example.com,Recife,Coordenador de marketing,24,13471971259
Amanda Dias Barbosa,amanda.dias.barbosa.3129@example.com,Joinville,Fisioterapeuta,52,68816198476
Priscila Barbosa Pereira,priscila.barbosa.pereira.3130@example.com,Joinville,Advogado,22,85324194139
Otávio Ribeiro Santos,otavio.ribeiro.santos.3131@example.com,Florianópolis,Técnico em informática,32,76692102559
Igor Ribeiro Castro,igor.ribeiro.castro.3132@example.com,Uberlândia,Auxiliar de produção,33,52546677540
José Gomes Martins,jose.gomes.martins.3133@example.com,Florianópolis,Técnico de enfermagem,28,93596236760
Larissa Barros Dias,larissa.barros.dias.3134@example.com,Maringá,Gerente de recursos humanos,40,06349900808
Igor Fernandes Santos,igor.fernandes.santos.3135@example.com,Joinville,Contador,56,14702276650
Gabriel Mendes Freitas,gabriel.mendes.freitas.3136@example.com,Manaus,Eletricista,66,58362613762
Larissa Freitas Oliveira,larissa.freitas.oliveira.3137@example.com,Joinville,Técnico de segurança do trabalho,68,28448259361
Ana Lima Alves,ana.lima.alves.3138@example.com,Campo Grande,Contador,18,06256552320
Beatriz Rocha Rocha,beatriz.rocha.rocha.3139@example.com,Porto Alegre,Cozinheiro,47,21659349250
Diego Lima Rodrigues,diego.lima.rodrigues.3140@example.com,Recife,Assistente comercial,33,76171399467
Vanessa Rocha Rodrigues,vanessa.rocha.rodrigues.3141@example.com,Rondonópolis,Técnico de segurança do trabalho,66,51702476001
Sérgio Fernandes Barbosa,sergio.fernandes.barbosa.3142@example.com,Sorocaba,Supervisor de qualidade,58,29041255723
Diego Mendes Dias,diego.mendes.dias.3143@example.com,Campinas,Técnico de segurança do trabalho,59,70799917854
Vitória Costa Barbosa,vitoria.costa.barbosa.3144@example.com,Curitiba,Analista de dados,32,87348101080
Daniela Mendes Martins,daniela.mendes.martins.3145@example.com,Santos,Corretor de imóveis,24,10091009721
Patrícia Alves Martins,patricia.alves.martins.3146@example.com,Londrina,Diretor comercial,23,52847188834
Sandra Martins Cardoso,sandra.martins.cardoso.3147@example.com,Florianópolis,Auxiliar de produção,33,01140457958
Marcelo Fernandes Martins,marcelo.fernandes.martins.3148@example.com,Niterói,Gerente de operações,44,46689777372
Henrique Fernandes Martins,henrique.fernandes.martins.3149@example.com,Salvador,Farmacêutico,49,06449409885
Ricardo Santos Silva,ricardo.santos.silva.3150@example.com,Belo Horizonte,Nutricionista,56,74251892130
Mariana Moreira Castro,mariana.moreira.castro.3151@example.com,Londrina,Líder de equipe,22,46630657261
Paulo Barros Moreira,paulo.barros.moreira.3152@example.com,Natal,Analista financeiro,36,90269580259
Beatriz Rodrigues Pereira,beatriz.rodrigues.pereira.3153@example.com,Porto Alegre,Gerente comercial,48,35082330351
Carolina Mendes Cardoso,carolina.mendes.cardoso.3154@example.com,Londrina,Assistente comercial,49,58930327014
Gustavo Mendes Fernandes,gustavo.mendes.fernandes.3155@example.com,Londrina,Gerente de tecnologia,70,16564538209
Igor Mendes Silva,igor.mendes.silva.3156@example.com,Niterói,Professor,62,06810497009
Gabriela Carvalho Lima,gabriela.carvalho.lima.3157@example.com,Dourados,Gerente de tecnologia,58,89272662076
Débora Teixeira Nascimento,debora.teixeira.nascimento.3158@example.com,Natal,Estoquista,63,67917038117
Ana Lima Mendes,ana.lima.mendes.3159@example.com,Manaus,Auxiliar de produção,45,84456016684
Priscila Barros Gomes,priscila.barros.gomes.3160@example.com,Florianópolis,Corretor de imóveis,65,11608234285
Vanessa Pereira Freitas,vanessa.pereira.freitas.3161@example.com,Rondonópolis,Supervisor de qualidade,21,33643638337
Gabriela Mendes Gomes,gabriela.mendes.gomes.3162@example.com,Caxias do Sul,Operador de caixa,38,73392574311
Igor Costa Oliveira,igor.costa.oliveira.3163@example.com,Natal,Gerente financeiro,70,65719556925
Camila Rodrigues Rocha,camila.rodrigues.rocha.3164@example.com,Maringá,Diretor de operações,59,63959378978
Aline Freitas Moreira,aline.freitas.moreira.3165@example.com,Santos,Coordenador de produção,32,95934035768
Aline Monteiro Almeida,aline.monteiro.almeida.3166@example.com,São Paulo,Jornalista,29,43828402026
Renata Moreira Barbosa,renata.moreira.barbosa.3167@example.com,Campo Grande,Motorista,30,91412893694
Gustavo Fernandes Costa,gustavo.fernandes.costa.3168@example.com,Dourados,Chefe de almoxarifado,38,41475921538
Thiago Cardoso Oliveira,thiago.cardoso.oliveira.3169@example.com,Belém,Gerente financeiro,36,84193078348
Otávio Souza Gomes,otavio.souza.gomes.3170@example.com,Maringá,Supervisor de qualidade,20,87550269423
Ricardo Ribeiro Alves,ricardo.ribeiro.alves.3171@example.com,Campinas,Gerente de tecnologia,36,48155768855
Vitória Barbosa Costa,vitoria.barbosa.costa.3172@example.com,Caxias do Sul,Gerente de tecnologia,22,74807315299
Débora Mendes Carvalho,debora.mendes.carvalho.3173@example.com,Belo Horizonte,Analista de recursos humanos,28,38634253216
Camila Costa Teixeira,camila.costa.teixeira.3174@example.com,Londrina,Padeiro,39,60494199077
Gabriela Dias Gomes,gabriela.dias.gomes.3175@example.com,Goiânia,Eletricista,35,50534583162
Débora Souza Barros,debora.souza.barros.3176@example.com,Vitória,Eletricista,26,58862516036
Rafael Silva Araújo,rafael.silva.araujo.3177@example.com,Salvador,Coordenador administrativo,54,26695460863
Lucas Nascimento Lima,lucas.nascimento.lima.3178@example.com,Goiânia,Analista financeiro,34,18574574981
Diego Silva Pereira,diego.silva.pereira.3179@example.com,Brasília,Supervisor de qualidade,26,44655024619
Larissa Costa Castro,larissa.costa.castro.3180@example.com,Belo Horizonte,Técnico de enfermagem,28,83786555632
Patrícia Monteiro Lima,patricia.monteiro.lima.3181@example.com,Joinville,Coordenador de logística,30,00217487325
Carolina Gomes Cardoso,carolina.gomes.cardoso.3182@example.com,São Paulo,Programador,57,04092757907
Marcelo Dias Nascimento,marcelo.dias.nascimento.3183@example.com,Belo Horizonte,Programador,38,66743879340
Sandra Oliveira Cardoso,sandra.oliveira.cardoso.3184@example.com,Sorocaba,Vendedor,18,70145872497
Beatriz Silva Silva,beatriz.silva.silva.3185@example.com,Recife,Líder de equipe,48,33005836572
Otávio Monteiro Rocha,otavio.monteiro.rocha.3186@example.com,Rio de Janeiro,Operador de caixa,61,34314734426
João Lima Rodrigues,joao.lima.rodrigues.3187@example.com,Florianópolis,Recepcionista,67,64107521811
Beatriz Barros Ribeiro,beatriz.barros.ribeiro.3188@example.com,Cuiabá,Assistente comercial,47,95426144650
Renata Martins Oliveira,renata.martins.oliveira.3189@example.com,Maringá,Eletricista,32,55541745860
Diego Araújo Pereira,diego.araujo.pereira.3190@example.com,Rio de Janeiro,Atendente,43,54428646974
Juliana Souza Rodrigues,juliana.souza.rodrigues.3191@example.com,Rio de Janeiro,Chefe de compras,35,14464298633
Gustavo Castro Rodrigues,gustavo.castro.rodrigues.3192@example.com,Rio de Janeiro,Comprador,44,12682842643
Carolina Castro Silva,carolina.castro.silva.3193@example.com,Campo Grande,Programador,69,14636411133
Amanda Almeida Souza,amanda.almeida.souza.3194@example.com,Natal,Supervisor de vendas,47,93384826752
Beatriz Souza Oliveira,beatriz.souza.oliveira.3195@example.com,Salvador,Jornalista,33,64597560086
Camila Dias Carvalho,camila.dias.carvalho.3196@example.com,Manaus,Fisioterapeuta,22,32426410471
Pedro Lima Dias,pedro.lima.dias.3197@example.com,São Paulo,Líder de equipe,62,69938033609
Tatiane Barros Carvalho,tatiane.barros.carvalho.3198@example.com,Salvador,Gerente de tecnologia,69,52335482558
Carolina Rocha Teixeira,carolina.rocha.teixeira.3199@example.com,Maringá,Farmacêutico,62,50138939314
Daniela Pereira Silva,daniela.pereira.silva.3200@example.com,Natal,Gerente de tecnologia,67,03435465686
Lucas Costa Silva,lucas.costa.silva.3201@example.com,Fortaleza,Jornalista,28,50996257190
Rafael Mendes Barbosa,rafael.mendes.barbosa.3202@example.com,São Paulo,Coordenador de produção,48,45651412625
Fernanda Silva Pereira,fernanda.silva.pereira.3203@example.com,Recife,Técnico em informática,58,01589400644
Juliana Lima Moreira,juliana.lima.moreira.3204@example.com,Campinas,Diretor de operações,54,17484421106
Carolina Castro Martins,carolina.castro.martins.3205@example.com,Santos,Gerente de operações,70,44807958107
Sandra Teixeira Silva,sandra.teixeira.silva.3206@example.com,Rondonópolis,Gerente comercial,50,36167250004
Patrícia Costa Araújo,patricia.costa.araujo.3207@example.com,Belém,Cozinheiro,47,78035111957
Felipe Barbosa Lima,felipe.barbosa.lima.3208@example.com,Sorocaba,Chefe de compras,56,33582436528
Vanessa Araújo Silva,vanessa.araujo.silva.3209@example.com,Cuiabá,Analista financeiro,26,80955363123
Ana Freitas Carvalho,ana.freitas.carvalho.3210@example.com,Dourados,Estoquista,60,09642126000
Bruno Mendes Fernandes,bruno.mendes.fernandes.3211@example.com,Joinville,Cozinheiro,48,76150364632
Letícia Rocha Silva,leticia.rocha.silva.3212@example.com,Londrina,Mecânico,29,85845885155
Vitória Carvalho Ribeiro,vitoria.carvalho.ribeiro.3213@example.com,Joinville,Gerente comercial,56,27772751775
Rafael Fernandes Rodrigues,rafael.fernandes.rodrigues.3214@example.com,Belo Horizonte,Coordenador de logística,23,93654976225
Patrícia Martins Alves,patricia.martins.alves.3215@example.com,Brasília,Arquiteto,61,65752520999
João Moreira Martins,joao.moreira.martins.3216@example.com,São Paulo,Analista de recursos humanos,64,16817069662
Pedro Souza Araújo,pedro.souza.araujo.3217@example.com,Rio de Janeiro,Nutricionista,32,95468771644
Ricardo Fernandes Pereira,ricardo.fernandes.pereira.3218@example.com,Rio de Janeiro,Designer gráfico,18,28556430816
Felipe Mendes Gomes,felipe.mendes.gomes.3219@example.com,Belo Horizonte,Assistente administrativo,35,53908835404
Pedro Teixeira Souza,pedro.teixeira.souza.3220@example.com,Brasília,Gerente de tecnologia,24,94006480442
Simone Costa Almeida,simone.costa.almeida.3221@example.com,Niterói,Técnico em informática,29,96587262030
Amanda Pereira Barros,amanda.pereira.barros.3222@example.com,Sorocaba,Recepcionista,49,74136056625
Aline Carvalho Alves,aline.carvalho.alves.3223@example.com,Santos,Operador de caixa,32,84275973405
Paulo Carvalho Lima,paulo.carvalho.lima.3224@example.com,Cuiabá,Advogado,22,38928671555
Vinícius Castro Castro,vinicius.castro.castro.3225@example.com,Londrina,Encarregado de produção,69,05617535334
Sérgio Oliveira Mendes,sergio.oliveira.mendes.3226@example.com,Uberlândia,Programador,23,41781036506
Carolina Fernandes Souza,carolina.fernandes.souza.3227@example.com,Joinville,Supervisor de atendimento,30,28357801253
Larissa Alves Freitas,larissa.alves.freitas.3228@example.com,Santos,Designer gráfico,45,06143195086
Patrícia Cardoso Carvalho,patricia.cardoso.carvalho.3229@example.com,Caxias do Sul,Fisioterapeuta,21,90135352157
Daniela Araújo Costa,daniela.araujo.costa.3230@example.com,Curitiba,Designer gráfico,61,97739051911
Marcelo Rodrigues Pereira,marcelo.rodrigues.pereira.3231@example.com,Uberlândia,Operador de caixa,59,39340293959
Leonardo Araújo Castro,leonardo.araujo.castro.3232@example.com,Campinas,Comprador,31,02492373419
Rafael Carvalho Mendes,rafael.carvalho.mendes.3233@example.com,Joinville,Diretor de operações,67,38363372415
Pedro Rocha Castro,pedro.rocha.castro.3234@example.com,Campo Grande,Fisioterapeuta,56,98919032638
Gabriel Mendes Cardoso,gabriel.mendes.cardoso.3235@example.com,Porto Alegre,Fisioterapeuta,42,24118421280
Sandra Nascimento Mendes,sandra.nascimento.mendes.3236@example.com,Sorocaba,Chefe de almoxarifado,58,08606214290
Juliana Oliveira Silva,juliana.oliveira.silva.3237@example.com,Goiânia,Professor,62,29135181078
Mariana Fernandes Costa,mariana.fernandes.costa.3238@example.com,Niterói,Atendente,54,33883684715
Aline Barros Mendes,aline.barros.mendes.3239@example.com,Natal,Gerente de operações,66,64516930939
Leonardo Nascimento Rodrigues,leonardo.nascimento.rodrigues.3240@example.com,Belém,Auxiliar de produção,57,18885379824
Igor Barbosa Santos,igor.barbosa.santos.3241@example.com,Florianópolis,Chefe de compras,65,71881415886
Daniela Martins Moreira,daniela.martins.moreira.3242@example.com,São Paulo,Coordenador de marketing,21,03928117165
Simone Monteiro Martins,simone.monteiro.martins.3243@example.com,Brasília,Estoquista,58,74167424840
Débora Santos Cardoso,debora.santos.cardoso.3244@example.com,Niterói,Cozinheiro,25,67192400921
Mariana Cardoso Souza,mariana.cardoso.souza.3245@example.com,Goiânia,Analista financeiro,39,35565421798
Renata Barros Silva,renata.barros.silva.3246@example.com,Sorocaba,Engenheiro civil,34,00965734448
Juliana Teixeira Alves,juliana.teixeira.alves.3247@example.com,Joinville,Engenheiro civil,36,63981590034
Gustavo Barros Nascimento,gustavo.barros.nascimento.3248@example.com,Natal,Recepcionista,32,10207057967
Thiago Martins Alves,thiago.martins.alves.3249@example.com,Sorocaba,Supervisor de atendimento,33,26442047437
Thiago Rodrigues Costa,thiago.rodrigues.costa.3250@example.com,Campinas,Analista de marketing,21,60469082045
Felipe Castro Rocha,felipe.castro.rocha.3251@example.com,Fortaleza,Professor,55,74978091973
Amanda Freitas Pereira,amanda.freitas.pereira.3252@example.com,Brasília,Professor,46,93303446100
Beatriz Freitas Moreira,beatriz.freitas.moreira.3253@example.com,Uberlândia,Padeiro,42,04030705649
Nicolas Mendes Monteiro,nicolas.mendes.monteiro.3254@example.com,São Paulo,Padeiro,53,61440088993
Leonardo Mendes Freitas,leonardo.mendes.freitas.3255@example.com,Goiânia,Analista de recursos humanos,56,14463586292
Henrique Santos Alves,henrique.santos.alves.3256@example.com,Belém,Eletricista,61,52022627792
Vitória Dias Rocha,vitoria.dias.rocha.3257@example.com,Uberlândia,Analista de recursos humanos,45,74517018817
Felipe Souza Rocha,felipe.souza.rocha.3258@example.com,Joinville,Diretor comercial,62,71086293002
Larissa Silva Oliveira,larissa.silva.oliveira.3259@example.com,Sorocaba,Pedreiro,45,29040999729
Aline Martins Pereira,aline.martins.pereira.3260@example.com,Curitiba,Mecânico,41,12547376589
Igor Martins Oliveira,igor.martins.oliveira.3261@example.com,Brasília,Contador,25,99777936635
João Santos Freitas,joao.santos.freitas.3262@example.com,Salvador,Designer gráfico,41,12347005372
Patrícia Araújo Pereira,patricia.araujo.pereira.3263@example.com,Uberlândia,Comprador,44,12903209405
Fernanda Barros Rocha,fernanda.barros.rocha.3264@example.com,Campinas,Analista de marketing,42,95214970507
Fernanda Dias Monteiro,fernanda.dias.monteiro.3265@example.com,Caxias do Sul,Assistente administrativo,53,99351057429
Lucas Costa Barros,lucas.costa.barros.3266@example.com,Campinas,Técnico de segurança do trabalho,36,83520128036
Otávio Teixeira Oliveira,otavio.teixeira.oliveira.3267@example.com,Belo Horizonte,Analista de recursos humanos,61,31076460740
Nicolas Gomes Barros,nicolas.gomes.barros.3268@example.com,Porto Alegre,Coordenador de logística,23,16051557249
Juliana Fernandes Oliveira,juliana.fernandes.oliveira.3269@example.com,Cuiabá,Arquiteto,26,99706320955
Tatiane Almeida Lima,tatiane.almeida.lima.3270@example.com,Goiânia,Corretor de imóveis,65,01079486562
Vinícius Rocha Mendes,vinicius.rocha.mendes.3271@example.com,Joinville,Assistente administrativo,69,64709604266
Carolina Araújo Silva,carolina.araujo.silva.3272@example.com,Niterói,Técnico de segurança do trabalho,51,78163073357
Otávio Teixeira Alves,otavio.teixeira.alves.3273@example.com,Dourados,Analista de dados,46,21902404073
Luana Barbosa Barros,luana.barbosa.barros.3274@example.com,Florianópolis,Analista financeiro,53,30049449238
Lucas Dias Carvalho,lucas.dias.carvalho.3275@example.com,Londrina,Analista de marketing,50,71248755526
Mariana Mendes Costa,mariana.mendes.costa.3276@example.com,Campo Grande,Cozinheiro,18,73542857135
Beatriz Ribeiro Moreira,beatriz.ribeiro.moreira.3277@example.com,Belém,Chefe de almoxarifado,23,95028223984
Gabriel Barros Monteiro,gabriel.barros.monteiro.3278@example.com,Salvador,Padeiro,21,49283836007
Juliana Rodrigues Teixeira,juliana.rodrigues.teixeira.3279@example.com,Campo Grande,Coordenador de logística,62,33873120527
Débora Pereira Mendes,debora.pereira.mendes.3280@example.com,São Paulo,Técnico de segurança do trabalho,35,24734628479
Camila Pereira Souza,camila.pereira.souza.3281@example.com,Campo Grande,Engenheiro civil,48,35123018623
Henrique Mendes Costa,henrique.mendes.costa.3282@example.com,Recife,Diretor comercial,21,81647107804
Juliana Lima Almeida,juliana.lima.almeida.3283@example.com,Dourados,Gerente de tecnologia,57,72132664646
Vinícius Lima Monteiro,vinicius.lima.monteiro.3284@example.com,Brasília,Enfermeiro,42,59235097290
Leonardo Freitas Araújo,leonardo.freitas.araujo.3285@example.com,Sorocaba,Coordenador administrativo,55,49002949838
Letícia Dias Martins,leticia.dias.martins.3286@example.com,Londrina,Recepcionista,25,51644806237
Thiago Costa Pereira,thiago.costa.pereira.3287@example.com,São Paulo,Analista financeiro,32,59799433788
Camila Teixeira Araújo,camila.teixeira.araujo.3288@example.com,Santos,Comprador,29,92996164758
Vanessa Gomes Rocha,vanessa.gomes.rocha.3289@example.com,Uberlândia,Supervisor de qualidade,37,70376894124
Luana Silva Cardoso,luana.silva.cardoso.3290@example.com,Belo Horizonte,Gerente de operações,42,30732625582
Carolina Rocha Carvalho,carolina.rocha.carvalho.3291@example.com,Dourados,Chefe de departamento pessoal,46,78389408098
Amanda Ribeiro Carvalho,amanda.ribeiro.carvalho.3292@example.com,Belém,Técnico de enfermagem,52,59602045643
Aline Rocha Moreira,aline.rocha.moreira.3293@example.com,Brasília,Coordenador de produção,38,73476952742
Paulo Freitas Nascimento,paulo.freitas.nascimento.3294@example.com,Manaus,Assistente comercial,63,29173312069
Juliana Alves Mendes,juliana.alves.mendes.3295@example.com,Salvador,Mecânico,38,73097051894
Renata Silva Rocha,renata.silva.rocha.3296@example.com,Uberlândia,Assistente comercial,53,77326702565
Sérgio Lima Rocha,sergio.lima.rocha.3297@example.com,São Paulo,Gerente financeiro,30,43430371959
Larissa Fernandes Carvalho,larissa.fernandes.carvalho.3298@example.com,Salvador,Comprador,42,40246851789
Letícia Monteiro Martins,leticia.monteiro.martins.3299@example.com,Brasília,Contador,35,46960341451
Camila Rocha Mendes,camila.rocha.mendes.3300@example.com,Campinas,Assistente administrativo,34,26532557065
Luana Ribeiro Martins,luana.ribeiro.martins.3301@example.com,Cuiabá,Técnico em informática,57,26971517617
Tatiane Barbosa Castro,tatiane.barbosa.castro.3302@example.com,Campo Grande,Farmacêutico,27,81050320936
Gustavo Rodrigues Lima,gustavo.rodrigues.lima.3303@example.com,Rondonópolis,Contador,51,05122903316
Luana Castro Souza,luana.castro.souza.3304@example.com,Curitiba,Analista de dados,58,04960884430
João Araújo Lima,joao.araujo.lima.3305@example.com,Campo Grande,Assistente administrativo,56,12504693997
Vanessa Carvalho Dias,vanessa.carvalho.dias.3306@example.com,Rio de Janeiro,Coordenador administrativo,63,77474835734
Henrique Araújo Freitas,henrique.araujo.freitas.3307@example.com,Cuiabá,Coordenador administrativo,51,15645772775
Gabriel Ribeiro Santos,gabriel.ribeiro.santos.3308@example.com,Belo Horizonte,Encarregado de produção,52,49773428795
Igor Teixeira Lima,igor.teixeira.lima.3309@example.com,Recife,Assistente administrativo,24,12056084792
Fernanda Barros Souza,fernanda.barros.souza.3310@example.com,Manaus,Designer gráfico,31,10529704134
Gabriela Costa Pereira,gabriela.costa.pereira.3311@example.com,Maringá,Nutricionista,64,74102919237
Felipe Ribeiro Gomes,felipe.ribeiro.gomes.3312@example.com,Recife,Diretor de operações,32,56769550546
Renata Carvalho Costa,renata.carvalho.costa.3313@example.com,São Paulo,Líder de equipe,57,65683896181
Bruno Carvalho Silva,bruno.carvalho.silva.3314@example.com,Porto Alegre,Arquiteto,56,52687367486
Rafael Souza Costa,rafael.souza.costa.3315@example.com,Campinas,Designer gráfico,33,92409837643
Vitória Rocha Oliveira,vitoria.rocha.oliveira.3316@example.com,Brasília,Chefe de departamento pessoal,57,99290738439
Eduardo Mendes Pereira,eduardo.mendes.pereira.3317@example.com,São Paulo,Coordenador de marketing,60,61927432444
Nicolas Almeida Monteiro,nicolas.almeida.monteiro.3318@example.com,Manaus,Supervisor de qualidade,34,97724078052
Gabriela Araújo Nascimento,gabriela.araujo.nascimento.3319@example.com,Belo Horizonte,Mecânico,32,25114425841
Gabriel Souza Rocha,gabriel.souza.rocha.3320@example.com,Belém,Farmacêutico,21,68463985081
Lucas Souza Teixeira,lucas.souza.teixeira.3321@example.com,Belo Horizonte,Supervisor de vendas,62,80465777408
Felipe Moreira Lima,felipe.moreira.lima.3322@example.com,Rondonópolis,Técnico de segurança do trabalho,70,40829870144
João Lima Lima,joao.lima.lima.3323@example.com,Fortaleza,Líder de equipe,59,07741848846
Simone Araújo Mendes,simone.araujo.mendes.3324@example.com,Curitiba,Pedreiro,47,66591052593
Luana Souza Moreira,luana.souza.moreira.3325@example.com,Rio de Janeiro,Chefe de compras,23,37188253223
Bruno Mendes Moreira,bruno.mendes.moreira.3326@example.com,Natal,Padeiro,44,14494582257
Sérgio Almeida Gomes,sergio.almeida.gomes.3327@example.com,Dourados,Gerente financeiro,23,75562292251
Camila Dias Moreira,camila.dias.moreira.3328@example.com,Niterói,Jornalista,48,70993781899
Mariana Almeida Ribeiro,mariana.almeida.ribeiro.3329@example.com,Dourados,Gerente de operações,38,84532261104
Camila Santos Fernandes,camila.santos.fernandes.3330@example.com,Belém,Gerente de tecnologia,63,73082177397
Vinícius Pereira Barbosa,vinicius.pereira.barbosa.3331@example.com,Porto Alegre,Corretor de imóveis,23,52078460211
José Castro Pereira,jose.castro.pereira.3332@example.com,Recife,Analista financeiro,50,14692239662
Patrícia Silva Oliveira,patricia.silva.oliveira.3333@example.com,Florianópolis,Técnico de segurança do trabalho,25,71242355950
Mariana Oliveira Carvalho,mariana.oliveira.carvalho.3334@example.com,São Paulo,Arquiteto,60,94187163554
Thiago Araújo Rocha,thiago.araujo.rocha.3335@example.com,Salvador,Estoquista,46,28239515484
Juliana Teixeira Fernandes,juliana.teixeira.fernandes.3336@example.com,Niterói,Chefe de almoxarifado,23,90702344438
Nicolas Martins Ribeiro,nicolas.martins.ribeiro.3337@example.com,São Paulo,Arquiteto,55,14600635635
Beatriz Oliveira Araújo,beatriz.oliveira.araujo.3338@example.com,Santos,Estoquista,51,79776182741
Otávio Lima Souza,otavio.lima.souza.3339@example.com,Maringá,Coordenador administrativo,39,16897382619
Carolina Mendes Almeida,carolina.mendes.almeida.3340@example.com,Natal,Gerente financeiro,37,14361016454
Sérgio Gomes Almeida,sergio.gomes.almeida.3341@example.com,Curitiba,Comprador,55,86368796499
Gabriela Cardoso Gomes,gabriela.cardoso.gomes.3342@example.com,Curitiba,Corretor de imóveis,45,58213399637
Débora Cardoso Barbosa,debora.cardoso.barbosa.3343@example.com,Dourados,Programador,36,91086913250
Beatriz Carvalho Souza,beatriz.carvalho.souza.3344@example.com,Fortaleza,Jornalista,22,41661863424
Luana Barros Barbosa,luana.barros.barbosa.3345@example.com,Natal,Advogado,41,09876026526
Sérgio Barbosa Rocha,sergio.barbosa.rocha.3346@example.com,Joinville,Programador,41,16966265643
Gabriel Almeida Gomes,gabriel.almeida.gomes.3347@example.com,Fortaleza,Gerente de tecnologia,42,18951972879
Otávio Teixeira Martins,otavio.teixeira.martins.3348@example.com,Rondonópolis,Nutricionista,63,02570412382
Nicolas Santos Carvalho,nicolas.santos.carvalho.3349@example.com,Londrina,Engenheiro civil,51,00397162708
Luana Fernandes Oliveira,luana.fernandes.oliveira.3350@example.com,Niterói,Fisioterapeuta,70,53812614346
Ricardo Pereira Gomes,ricardo.pereira.gomes.3351@example.com,Fortaleza,Supervisor de vendas,70,39376041164
Beatriz Costa Mendes,beatriz.costa.mendes.3352@example.com,Belém,Coordenador administrativo,68,62847564855
José Dias Souza,jose.dias.souza.3353@example.com,Salvador,Chefe de compras,61,22379589979
Beatriz Silva Teixeira,beatriz.silva.teixeira.3354@example.com,Belém,Jornalista,49,15808956636
Ana Araújo Teixeira,ana.araujo.teixeira.3355@example.com,Florianópolis,Supervisor de qualidade,19,96696453385
Bruno Cardoso Castro,bruno.cardoso.castro.3356@example.com,Maringá,Líder de equipe,41,08929163383
Bruno Monteiro Cardoso,bruno.monteiro.cardoso.3357@example.com,Manaus,Gerente de tecnologia,60,80464950795
Renata Barros Teixeira,renata.barros.teixeira.3358@example.com,São Paulo,Programador,70,12771471992
Gustavo Carvalho Lima,gustavo.carvalho.lima.3359@example.com,São Paulo,Estoquista,32,30228873979
Lucas Santos Souza,lucas.santos.souza.3360@example.com,Manaus,Supervisor de qualidade,67,66403127679
Amanda Cardoso Barbosa,amanda.cardoso.barbosa.3361@example.com,Florianópolis,Operador de caixa,51,32057163802
Aline Oliveira Monteiro,aline.oliveira.monteiro.3362@example.com,Manaus,Supervisor de vendas,37,18987129825
Carolina Santos Castro,carolina.santos.castro.3363@example.com,Londrina,Analista de marketing,21,18000681845
José Silva Rodrigues,jose.silva.rodrigues.3364@example.com,Porto Alegre,Chefe de compras,29,74317350241
Diego Ribeiro Fernandes,diego.ribeiro.fernandes.3365@example.com,Natal,Estoquista,26,10889768228
Luana Nascimento Barbosa,luana.nascimento.barbosa.3366@example.com,São Paulo,Enfermeiro,26,18121952407
Nicolas Rocha Barros,nicolas.rocha.barros.3367@example.com,Belo Horizonte,Analista financeiro,43,58280257328
Rafael Freitas Monteiro,rafael.freitas.monteiro.3368@example.com,Salvador,Gerente de recursos humanos,44,66268774780
Gabriela Oliveira Freitas,gabriela.oliveira.freitas.3369@example.com,Campo Grande,Diretor de operações,48,33602029436
Carlos Moreira Santos,carlos.moreira.santos.3370@example.com,Rondonópolis,Contador,55,71074227455
Priscila Alves Souza,priscila.alves.souza.3371@example.com,Maringá,Encarregado de produção,47,54429648304
Letícia Freitas Gomes,leticia.freitas.gomes.3372@example.com,Joinville,Supervisor de qualidade,48,53494836496
Ana Martins Teixeira,ana.martins.teixeira.3373@example.com,Joinville,Nutricionista,69,08103103809
João Mendes Castro,joao.mendes.castro.3374@example.com,Porto Alegre,Analista de dados,22,03235166709
Fernanda Santos Gomes,fernanda.santos.gomes.3375@example.com,Niterói,Pedreiro,68,46128129348
Pedro Nascimento Silva,pedro.nascimento.silva.3376@example.com,Maringá,Coordenador de marketing,61,40283584173
Ricardo Souza Monteiro,ricardo.souza.monteiro.3377@example.com,Joinville,Coordenador de marketing,28,16214118303
Lucas Santos Dias,lucas.santos.dias.3378@example.com,Vitória,Designer gráfico,36,84671995752
Ricardo Cardoso Silva,ricardo.cardoso.silva.3379@example.com,São Paulo,Gerente financeiro,60,26829561323
Igor Dias Gomes,igor.dias.gomes.3380@example.com,Londrina,Supervisor de vendas,32,69987048270
Gabriela Lima Barros,gabriela.lima.barros.3381@example.com,Vitória,Chefe de compras,34,63396057963
Rafael Oliveira Araújo,rafael.oliveira.araujo.3382@example.com,Vitória,Cozinheiro,48,03187515879
Marcelo Carvalho Dias,marcelo.carvalho.dias.3383@example.com,Manaus,Técnico em informática,50,70767523117
Aline Santos Freitas,aline.santos.freitas.3384@example.com,Rondonópolis,Arquiteto,31,19633149709
Priscila Oliveira Martins,priscila.oliveira.martins.3385@example.com,Cuiabá,Supervisor de vendas,41,22883808661
Carlos Freitas Monteiro,carlos.freitas.monteiro.3386@example.com,Campo Grande,Analista de marketing,50,87042780868
Diego Fernandes Alves,diego.fernandes.alves.3387@example.com,Florianópolis,Programador,33,97208699721
Diego Araújo Santos,diego.araujo.santos.3388@example.com,Londrina,Líder de equipe,62,39332667694
Amanda Lima Souza,amanda.lima.souza.3389@example.com,Sorocaba,Contador,42,62905612840
Ana Moreira Mendes,ana.moreira.mendes.3390@example.com,Brasília,Comprador,70,24524564463
Priscila Barbosa Silva,priscila.barbosa.silva.3391@example.com,Rondonópolis,Atendente,61,68346151522
Eduardo Fernandes Gomes,eduardo.fernandes.gomes.3392@example.com,Niterói,Gerente de recursos humanos,26,05595364263
Igor Lima Pereira,igor.lima.pereira.3393@example.com,Florianópolis,Técnico de enfermagem,66,45011535764
Leonardo Carvalho Oliveira,leonardo.carvalho.oliveira.3394@example.com,Rondonópolis,Vendedor,29,76587898547
Renata Oliveira Freitas,renata.oliveira.freitas.3395@example.com,Curitiba,Gerente de recursos humanos,56,93362343156
Vitória Carvalho Teixeira,vitoria.carvalho.teixeira.3396@example.com,Niterói,Comprador,64,13380936483
Lucas Moreira Barros,lucas.moreira.barros.3397@example.com,Londrina,Nutricionista,70,72707450099
Amanda Moreira Nascimento,amanda.moreira.nascimento.3398@example.com,Santos,Coordenador de produção,59,16935125985
José Araújo Ribeiro,jose.araujo.ribeiro.3399@example.com,Londrina,Professor,51,52676422888
Pedro Mendes Mendes,pedro.mendes.mendes.3400@example.com,Salvador,Assistente administrativo,28,89994874093
Priscila Cardoso Araújo,priscila.cardoso.araujo.3401@example.com,Manaus,Encarregado de produção,64,46541498686
Vinícius Alves Souza,vinicius.alves.souza.3402@example.com,Vitória,Líder de equipe,29,94285169099
Bruno Araújo Oliveira,bruno.araujo.oliveira.3403@example.com,Brasília,Auxiliar de produção,21,19707403156
Beatriz Barbosa Souza,beatriz.barbosa.souza.3404@example.com,Uberlândia,Enfermeiro,45,81586663227
João Barbosa Nascimento,joao.barbosa.nascimento.3405@example.com,São Paulo,Atendente,35,16680126898
Renata Mendes Rocha,renata.mendes.rocha.3406@example.com,Campinas,Nutricionista,61,89714242877
Daniela Castro Araújo,daniela.castro.araujo.3407@example.com,Vitória,Contador,65,39026282965
Leonardo Pereira Souza,leonardo.pereira.souza.3408@example.com,Recife,Designer gráfico,36,80040974918
Renata Teixeira Silva,renata.teixeira.silva.3409@example.com,Niterói,Engenheiro civil,63,26188749848
Luana Dias Oliveira,luana.dias.oliveira.3410@example.com,Caxias do Sul,Atendente,34,39410760647
Rafael Mendes Costa,rafael.mendes.costa.3411@example.com,Santos,Supervisor de qualidade,25,60689629901
Thiago Nascimento Freitas,thiago.nascimento.freitas.3412@example.com,Joinville,Eletricista,21,45816959795
Camila Teixeira Barros,camila.teixeira.barros.3413@example.com,Brasília,Chefe de compras,43,56183683984
Tatiane Alves Rodrigues,tatiane.alves.rodrigues.3414@example.com,Manaus,Estoquista,41,60402586857
Patrícia Teixeira Monteiro,patricia.teixeira.monteiro.3415@example.com,Sorocaba,Eletricista,42,54310900008
Ana Silva Monteiro,ana.silva.monteiro.3416@example.com,Recife,Supervisor de vendas,25,45289504230
José Costa Pereira,jose.costa.pereira.3417@example.com,Santos,Analista de dados,59,94067000779
Juliana Moreira Silva,juliana.moreira.silva.3418@example.com,Vitória,Gerente comercial,20,19355971775
Gabriela Gomes Gomes,gabriela.gomes.gomes.3419@example.com,Cuiabá,Fisioterapeuta,32,34227533693
Gabriela Castro Silva,gabriela.castro.silva.3420@example.com,Vitória,Supervisor de vendas,29,69355645113
Juliana Rodrigues Monteiro,juliana.rodrigues.monteiro.3421@example.com,Belo Horizonte,Supervisor de qualidade,18,37667658860
Igor Dias Alves,igor.dias.alves.3422@example.com,Londrina,Coordenador de marketing,55,93485607937
Renata Santos Ribeiro,renata.santos.ribeiro.3423@example.com,São Paulo,Auxiliar de produção,65,95633099885
Mariana Teixeira Teixeira,mariana.teixeira.teixeira.3424@example.com,Goiânia,Gerente financeiro,49,29490092664
Vitória Rodrigues Castro,vitoria.rodrigues.castro.3425@example.com,Niterói,Técnico em informática,38,86205151786
Aline Dias Almeida,aline.dias.almeida.3426@example.com,Salvador,Cozinheiro,61,72269807208
Beatriz Carvalho Castro,beatriz.carvalho.castro.3427@example.com,Uberlândia,Corretor de imóveis,44,04102222039
Diego Monteiro Carvalho,diego.monteiro.carvalho.3428@example.com,Maringá,Coordenador administrativo,64,15351533361
Simone Mendes Araújo,simone.mendes.araujo.3429@example.com,Campo Grande,Farmacêutico,56,45439837534
Mariana Martins Souza,mariana.martins.souza.3430@example.com,Cuiabá,Gerente de operações,21,58167832067
Gustavo Fernandes Gomes,gustavo.fernandes.gomes.3431@example.com,Santos,Jornalista,40,51000086832
José Rodrigues Araújo,jose.rodrigues.araujo.3432@example.com,Belo Horizonte,Designer gráfico,58,24573393972
Otávio Monteiro Castro,otavio.monteiro.castro.3433@example.com,Campinas,Contador,20,25601684026
Bruno Lima Carvalho,bruno.lima.carvalho.3434@example.com,São Paulo,Gerente de recursos humanos,70,48922083296
Renata Pereira Gomes,renata.pereira.gomes.3435@example.com,Brasília,Diretor comercial,41,04485932836
Rafael Freitas Freitas,rafael.freitas.freitas.3436@example.com,Manaus,Gerente de tecnologia,39,29577001857
Letícia Souza Pereira,leticia.souza.pereira.3437@example.com,Campo Grande,Chefe de compras,28,24537957344
Leonardo Gomes Araújo,leonardo.gomes.araujo.3438@example.com,Uberlândia,Supervisor de vendas,70,36817441304
Larissa Gomes Costa,larissa.gomes.costa.3439@example.com,Porto Alegre,Diretor comercial,24,69027676279
Gustavo Teixeira Rodrigues,gustavo.teixeira.rodrigues.3440@example.com,Recife,Contador,45,49396748101
Patrícia Lima Santos,patricia.lima.santos.3441@example.com,Vitória,Recepcionista,51,27157700671
Eduardo Mendes Fernandes,eduardo.mendes.fernandes.3442@example.com,Rondonópolis,Analista de recursos humanos,30,01025820426
Diego Oliveira Castro,diego.oliveira.castro.3443@example.com,São Paulo,Coordenador administrativo,54,14460013677
Mariana Araújo Barros,mariana.araujo.barros.3444@example.com,Belém,Gerente financeiro,34,84238073257
Vanessa Martins Lima,vanessa.martins.lima.3445@example.com,Niterói,Pedreiro,26,21149588424
Paulo Dias Gomes,paulo.dias.gomes.3446@example.com,Cuiabá,Fisioterapeuta,57,21872498496
Fernanda Souza Almeida,fernanda.souza.almeida.3447@example.com,Goiânia,Técnico de enfermagem,46,26840655179
Luana Gomes Martins,luana.gomes.martins.3448@example.com,Goiânia,Técnico de segurança do trabalho,35,03803464616
Diego Carvalho Dias,diego.carvalho.dias.3449@example.com,São Paulo,Operador de caixa,59,39388694216
Nicolas Monteiro Nascimento,nicolas.monteiro.nascimento.3450@example.com,Rondonópolis,Técnico de enfermagem,35,69150198738
Felipe Pereira Lima,felipe.pereira.lima.3451@example.com,São Paulo,Comprador,62,03397342397
Marcelo Carvalho Dias,marcelo.carvalho.dias.3452@example.com,Maringá,Programador,39,67848966746
Felipe Pereira Carvalho,felipe.pereira.carvalho.3453@example.com,Manaus,Enfermeiro,37,22180707890
Thiago Barbosa Fernandes,thiago.barbosa.fernandes.3454@example.com,Fortaleza,Coordenador de marketing,44,16274433634
Juliana Barros Silva,juliana.barros.silva.3455@example.com,Porto Alegre,Chefe de almoxarifado,58,82727690679
Felipe Santos Barros,felipe.santos.barros.3456@example.com,Niterói,Advogado,36,66650873684
Amanda Santos Monteiro,amanda.santos.monteiro.3457@example.com,Recife,Líder de equipe,56,86636066724
Carlos Nascimento Alves,carlos.nascimento.alves.3458@example.com,Curitiba,Analista de dados,61,81174965698
José Cardoso Araújo,jose.cardoso.araujo.3459@example.com,Brasília,Chefe de almoxarifado,18,61333430284
Tatiane Teixeira Martins,tatiane.teixeira.martins.3460@example.com,Recife,Jornalista,28,80890532079
Felipe Barbosa Cardoso,felipe.barbosa.cardoso.3461@example.com,Santos,Técnico de segurança do trabalho,60,99691108969
Renata Araújo Pereira,renata.araujo.pereira.3462@example.com,Porto Alegre,Arquiteto,50,08776845661
Beatriz Oliveira Ribeiro,beatriz.oliveira.ribeiro.3463@example.com,Rondonópolis,Programador,53,87684483054
Sérgio Araújo Gomes,sergio.araujo.gomes.3464@example.com,Maringá,Contador,61,24787891568
Felipe Oliveira Moreira,felipe.oliveira.moreira.3465@example.com,Uberlândia,Chefe de almoxarifado,48,63679378609
Débora Dias Araújo,debora.dias.araujo.3466@example.com,Campinas,Engenheiro civil,43,88808978324
Henrique Fernandes Costa,henrique.fernandes.costa.3467@example.com,Manaus,Enfermeiro,49,64111119354
Luana Oliveira Costa,luana.oliveira.costa.3468@example.com,Niterói,Chefe de almoxarifado,52,75398097704
José Santos Mendes,jose.santos.mendes.3469@example.com,Curitiba,Supervisor de manutenção,64,71837646477
Patrícia Monteiro Cardoso,patricia.monteiro.cardoso.3470@example.com,Santos,Técnico em informática,52,75203198421
Gustavo Gomes Fernandes,gustavo.gomes.fernandes.3471@example.com,São Paulo,Técnico em informática,27,38827819865
Igor Carvalho Silva,igor.carvalho.silva.3472@example.com,São Paulo,Contador,36,51111137946
Patrícia Barbosa Silva,patricia.barbosa.silva.3473@example.com,Belo Horizonte,Nutricionista,54,58118547175
Nicolas Alves Monteiro,nicolas.alves.monteiro.3474@example.com,Dourados,Encarregado de produção,46,23809150028
Patrícia Costa Rodrigues,patricia.costa.rodrigues.3475@example.com,Londrina,Analista de recursos humanos,34,66302115792
Daniela Almeida Cardoso,daniela.almeida.cardoso.3476@example.com,Belo Horizonte,Analista de marketing,23,93303930813
Simone Teixeira Cardoso,simone.teixeira.cardoso.3477@example.com,Sorocaba,Jornalista,70,15400780426
Aline Carvalho Mendes,aline.carvalho.mendes.3478@example.com,Sorocaba,Gerente de tecnologia,29,13571003124
Vanessa Araújo Nascimento,vanessa.araujo.nascimento.3479@example.com,Fortaleza,Analista de marketing,31,89120308251
Patrícia Souza Rocha,patricia.souza.rocha.3480@example.com,Campinas,Analista financeiro,43,18527326359
Henrique Rodrigues Pereira,henrique.rodrigues.pereira.3481@example.com,Campinas,Gerente de operações,30,00688793775
Tatiane Ribeiro Teixeira,tatiane.ribeiro.teixeira.3482@example.com,Rio de Janeiro,Técnico de segurança do trabalho,42,19988768073
Débora Souza Martins,debora.souza.martins.3483@example.com,Rondonópolis,Coordenador de logística,30,89635133036
Leonardo Santos Santos,leonardo.santos.santos.3484@example.com,Vitória,Designer gráfico,60,09080440696
Renata Dias Silva,renata.dias.silva.3485@example.com,Brasília,Nutricionista,60,69269056186
Pedro Martins Mendes,pedro.martins.mendes.3486@example.com,Fortaleza,Coordenador de produção,26,64056358662
Amanda Oliveira Santos,amanda.oliveira.santos.3487@example.com,Uberlândia,Líder de equipe,42,80942358086
Camila Oliveira Silva,camila.oliveira.silva.3488@example.com,Manaus,Líder de equipe,68,94059907442
Tatiane Dias Martins,tatiane.dias.martins.3489@example.com,Belo Horizonte,Diretor comercial,32,36085643640
Camila Rodrigues Pereira,camila.rodrigues.pereira.3490@example.com,Maringá,Estoquista,33,73069136886
Felipe Nascimento Mendes,felipe.nascimento.mendes.3491@example.com,Caxias do Sul,Comprador,37,54205394915
Bruno Carvalho Rodrigues,bruno.carvalho.rodrigues.3492@example.com,Florianópolis,Auxiliar de produção,69,34945242582
Simone Carvalho Freitas,simone.carvalho.freitas.3493@example.com,Manaus,Recepcionista,51,43704391270
Sandra Teixeira Cardoso,sandra.teixeira.cardoso.3494@example.com,Goiânia,Padeiro,57,14930903969
Amanda Fernandes Nascimento,amanda.fernandes.nascimento.3495@example.com,Dourados,Gerente financeiro,41,82655222726
Vitória Mendes Freitas,vitoria.mendes.freitas.3496@example.com,Londrina,Pedreiro,18,27925356345
Lucas Moreira Araújo,lucas.moreira.araujo.3497@example.com,Londrina,Coordenador de marketing,54,00204241763
Vinícius Nascimento Martins,vinicius.nascimento.martins.3498@example.com,Sorocaba,Motorista,26,02593092815
Pedro Silva Costa,pedro.silva.costa.3499@example.com,Porto Alegre,Auxiliar de produção,51,00047862220
Felipe Dias Rocha,felipe.dias.rocha.3500@example.com,Niterói,Líder de equipe,63,53633893031
Juliana Lima Mendes,juliana.lima.mendes.3501@example.com,Campinas,Supervisor de qualidade,70,16194326482
Gustavo Costa Freitas,gustavo.costa.freitas.3502@example.com,Belém,Líder de equipe,41,38375521455
Vitória Cardoso Freitas,vitoria.cardoso.freitas.3503@example.com,Londrina,Mecânico,55,02751073871
Patrícia Rodrigues Barbosa,patricia.rodrigues.barbosa.3504@example.com,Belém,Enfermeiro,43,07820682678
Rafael Teixeira Rodrigues,rafael.teixeira.rodrigues.3505@example.com,Belém,Técnico em informática,21,15919991691
Débora Teixeira Costa,debora.teixeira.costa.3506@example.com,Goiânia,Gerente de operações,62,26766800084
Nicolas Nascimento Gomes,nicolas.nascimento.gomes.3507@example.com,Salvador,Programador,68,44818496303
Gabriela Oliveira Mendes,gabriela.oliveira.mendes.3508@example.com,Belém,Líder de equipe,65,29192967013
Renata Gomes Freitas,renata.gomes.freitas.3509@example.com,Cuiabá,Enfermeiro,45,07965652071
Aline Rodrigues Castro,aline.rodrigues.castro.3510@example.com,Joinville,Diretor de operações,51,76586587116
Igor Alves Cardoso,igor.alves.cardoso.3511@example.com,Salvador,Programador,47,95003496461
Rafael Fernandes Freitas,rafael.fernandes.freitas.3512@example.com,Londrina,Encarregado de produção,34,78669286555
Mariana Castro Gomes,mariana.castro.gomes.3513@example.com,Natal,Operador de caixa,24,27563727093
José Gomes Costa,jose.gomes.costa.3514@example.com,Sorocaba,Enfermeiro,64,51589584924
Ana Martins Oliveira,ana.martins.oliveira.3515@example.com,Brasília,Técnico de segurança do trabalho,21,55482117522
Carlos Oliveira Carvalho,carlos.oliveira.carvalho.3516@example.com,Sorocaba,Analista financeiro,26,11381765169
Ricardo Monteiro Nascimento,ricardo.monteiro.nascimento.3517@example.com,Fortaleza,Chefe de almoxarifado,60,59618286964
Amanda Araújo Oliveira,amanda.araujo.oliveira.3518@example.com,Goiânia,Eletricista,24,01995629694
Amanda Freitas Dias,amanda.freitas.dias.3519@example.com,Belo Horizonte,Chefe de departamento pessoal,29,61487557600
Vinícius Castro Dias,vinicius.castro.dias.3520@example.com,Porto Alegre,Chefe de departamento pessoal,19,47093717270
João Monteiro Carvalho,joao.monteiro.carvalho.3521@example.com,Florianópolis,Nutricionista,19,00041787209
Larissa Barbosa Costa,larissa.barbosa.costa.3522@example.com,São Paulo,Padeiro,63,12161589499
Ana Oliveira Monteiro,ana.oliveira.monteiro.3523@example.com,Londrina,Cozinheiro,20,54403579206
Eduardo Monteiro Alves,eduardo.monteiro.alves.3524@example.com,Rondonópolis,Chefe de compras,54,56805003575
Renata Costa Barros,renata.costa.barros.3525@example.com,Fortaleza,Fisioterapeuta,23,72275825218
Amanda Freitas Rodrigues,amanda.freitas.rodrigues.3526@example.com,Recife,Gerente comercial,53,73501741869
Carlos Carvalho Silva,carlos.carvalho.silva.3527@example.com,Fortaleza,Analista de dados,66,77724391970
Vitória Santos Dias,vitoria.santos.dias.3528@example.com,Salvador,Diretor de operações,46,40879401094
Daniela Carvalho Costa,daniela.carvalho.costa.3529@example.com,Santos,Gerente comercial,58,57784383247
Letícia Dias Alves,leticia.dias.alves.3530@example.com,Belém,Vendedor,42,13649580160
Igor Santos Pereira,igor.santos.pereira.3531@example.com,São Paulo,Professor,27,18486420091
Carolina Fernandes Oliveira,carolina.fernandes.oliveira.3532@example.com,Niterói,Chefe de compras,22,34621021972
Larissa Rocha Rodrigues,larissa.rocha.rodrigues.3533@example.com,Santos,Arquiteto,27,64649224306
Marcelo Silva Ribeiro,marcelo.silva.ribeiro.3534@example.com,Londrina,Jornalista,37,24184373738
Lucas Alves Martins,lucas.alves.martins.3535@example.com,Vitória,Farmacêutico,41,51549008944
Vinícius Rocha Carvalho,vinicius.rocha.carvalho.3536@example.com,Campinas,Motorista,54,73619301510
Aline Mendes Fernandes,aline.mendes.fernandes.3537@example.com,Campo Grande,Supervisor de manutenção,49,65161918524
Beatriz Carvalho Fernandes,beatriz.carvalho.fernandes.3538@example.com,Salvador,Engenheiro civil,51,88898880361
Thiago Monteiro Lima,thiago.monteiro.lima.3539@example.com,Fortaleza,Gerente comercial,52,98267137213
Renata Castro Castro,renata.castro.castro.3540@example.com,Dourados,Supervisor de manutenção,65,73506328501
Patrícia Ribeiro Moreira,patricia.ribeiro.moreira.3541@example.com,Cuiabá,Supervisor de manutenção,70,33693426877
Tatiane Teixeira Monteiro,tatiane.teixeira.monteiro.3542@example.com,Sorocaba,Gerente de tecnologia,46,55032412213
Simone Santos Fernandes,simone.santos.fernandes.3543@example.com,Natal,Analista de dados,32,07604167553
Priscila Dias Carvalho,priscila.dias.carvalho.3544@example.com,Curitiba,Coordenador administrativo,43,40568986121
Amanda Pereira Moreira,amanda.pereira.moreira.3545@example.com,Dourados,Enfermeiro,61,12923892997
Amanda Almeida Barbosa,amanda.almeida.barbosa.3546@example.com,Curitiba,Corretor de imóveis,64,54786662483
João Almeida Martins,joao.almeida.martins.3547@example.com,Salvador,Técnico de enfermagem,65,81677171797
Otávio Carvalho Araújo,otavio.carvalho.araujo.3548@example.com,Sorocaba,Chefe de compras,50,03053012492
Vinícius Silva Barbosa,vinicius.silva.barbosa.3549@example.com,Porto Alegre,Supervisor de atendimento,22,28374858175
Carolina Fernandes Alves,carolina.fernandes.alves.3550@example.com,Manaus,Farmacêutico,30,24890661776
Débora Nascimento Gomes,debora.nascimento.gomes.3551@example.com,Curitiba,Analista de dados,53,76871338317
Priscila Barros Souza,priscila.barros.souza.3552@example.com,Recife,Operador de caixa,69,91316699515
Felipe Barbosa Mendes,felipe.barbosa.mendes.3553@example.com,Campo Grande,Gerente de operações,25,17646364527
Vinícius Mendes Dias,vinicius.mendes.dias.3554@example.com,Cuiabá,Recepcionista,58,33005763607
Nicolas Martins Freitas,nicolas.martins.freitas.3555@example.com,Belo Horizonte,Analista de dados,50,58358932712
Felipe Moreira Araújo,felipe.moreira.araujo.3556@example.com,Maringá,Engenheiro civil,29,65707571795
Amanda Costa Costa,amanda.costa.costa.3557@example.com,Niterói,Arquiteto,62,67563661066
Sandra Castro Cardoso,sandra.castro.cardoso.3558@example.com,Natal,Recepcionista,20,32328823543
Camila Monteiro Castro,camila.monteiro.castro.3559@example.com,Fortaleza,Nutricionista,21,39931193518
Ricardo Oliveira Monteiro,ricardo.oliveira.monteiro.3560@example.com,Manaus,Designer gráfico,55,48438095328
José Rocha Moreira,jose.rocha.moreira.3561@example.com,Curitiba,Diretor comercial,52,67406425792
Letícia Ribeiro Souza,leticia.ribeiro.souza.3562@example.com,Joinville,Motorista,34,18424504144
Lucas Freitas Nascimento,lucas.freitas.nascimento.3563@example.com,Belém,Analista de recursos humanos,57,61454332204
Nicolas Silva Alves,nicolas.silva.alves.3564@example.com,Caxias do Sul,Operador de caixa,56,00168215580
Gabriel Moreira Ribeiro,gabriel.moreira.ribeiro.3565@example.com,Fortaleza,Líder de equipe,31,90650285044
Gustavo Monteiro Santos,gustavo.monteiro.santos.3566@example.com,Campo Grande,Supervisor de atendimento,42,51011442378
Marcelo Pereira Costa,marcelo.pereira.costa.3567@example.com,Campinas,Comprador,29,66889876165
Débora Pereira Martins,debora.pereira.martins.3568@example.com,Porto Alegre,Gerente comercial,66,06032115380
Gustavo Rocha Oliveira,gustavo.rocha.oliveira.3569@example.com,Dourados,Técnico de enfermagem,23,30579922500
Sérgio Barros Santos,sergio.barros.santos.3570@example.com,Manaus,Pedreiro,51,17613876808
Thiago Barros Fernandes,thiago.barros.fernandes.3571@example.com,Londrina,Coordenador de marketing,28,25326757792
Ricardo Santos Rocha,ricardo.santos.rocha.3572@example.com,Porto Alegre,Recepcionista,37,19230271583
José Lima Rodrigues,jose.lima.rodrigues.3573@example.com,Salvador,Chefe de compras,21,81562528370
Carlos Oliveira Costa,carlos.oliveira.costa.3574@example.com,Rio de Janeiro,Diretor de operações,67,93099137149
Carolina Santos Barros,carolina.santos.barros.3575@example.com,Belo Horizonte,Fisioterapeuta,69,35231609305
Simone Araújo Souza,simone.araujo.souza.3576@example.com,Caxias do Sul,Supervisor de atendimento,18,29705286176
Felipe Fernandes Barbosa,felipe.fernandes.barbosa.3577@example.com,Fortaleza,Líder de equipe,58,44921557789
Otávio Lima Nascimento,otavio.lima.nascimento.3578@example.com,Campinas,Supervisor de qualidade,70,90982400600
Débora Moreira Mendes,debora.moreira.mendes.3579@example.com,Niterói,Enfermeiro,21,08146288988
João Moreira Souza,joao.moreira.souza.3580@example.com,Joinville,Analista de marketing,55,80033308563
Letícia Oliveira Fernandes,leticia.oliveira.fernandes.3581@example.com,Goiânia,Encarregado de produção,61,75058055832
Larissa Araújo Moreira,larissa.araujo.moreira.3582@example.com,Manaus,Técnico em informática,48,67994877017
Fernanda Cardoso Monteiro,fernanda.cardoso.monteiro.3583@example.com,Fortaleza,Chefe de departamento pessoal,19,54626872327
Otávio Dias Gomes,otavio.dias.gomes.3584@example.com,Dourados,Supervisor de vendas,62,73034499401
Nicolas Santos Costa,nicolas.santos.costa.3585@example.com,Dourados,Supervisor de atendimento,57,84382985789
Carlos Santos Silva,carlos.santos.silva.3586@example.com,Fortaleza,Gerente financeiro,66,08483822201
Vanessa Rodrigues Freitas,vanessa.rodrigues.freitas.3587@example.com,Salvador,Coordenador de logística,49,87319146172
Otávio Barbosa Monteiro,otavio.barbosa.monteiro.3588@example.com,Belém,Engenheiro civil,54,08853664962
Paulo Rocha Barros,paulo.rocha.barros.3589@example.com,Natal,Diretor de operações,31,93848300986
Priscila Monteiro Santos,priscila.monteiro.santos.3590@example.com,Caxias do Sul,Auxiliar de produção,39,42822470660
Eduardo Barbosa Dias,eduardo.barbosa.dias.3591@example.com,Brasília,Comprador,47,59246300948
Vitória Lima Martins,vitoria.lima.martins.3592@example.com,Fortaleza,Analista financeiro,51,77244795008
Lucas Silva Freitas,lucas.silva.freitas.3593@example.com,Maringá,Cozinheiro,34,19076909589
Fernanda Silva Freitas,fernanda.silva.freitas.3594@example.com,Porto Alegre,Motorista,67,23013149388
Priscila Castro Santos,priscila.castro.santos.3595@example.com,Rio de Janeiro,Farmacêutico,40,70491537212
Carlos Santos Alves,carlos.santos.alves.3596@example.com,Rio de Janeiro,Farmacêutico,21,27918858577
Débora Moreira Santos,debora.moreira.santos.3597@example.com,Uberlândia,Técnico de segurança do trabalho,60,63263898001
Luana Castro Monteiro,luana.castro.monteiro.3598@example.com,Recife,Designer gráfico,51,02127500463
Débora Martins Oliveira,debora.martins.oliveira.3599@example.com,Cuiabá,Contador,23,22234601693
Henrique Moreira Araújo,henrique.moreira.araujo.3600@example.com,Brasília,Gerente comercial,21,19598174845
Rafael Dias Ribeiro,rafael.dias.ribeiro.3601@example.com,Campinas,Coordenador de marketing,45,52525250389
Aline Costa Rocha,aline.costa.rocha.3602@example.com,Caxias do Sul,Líder de equipe,66,08328874521
Ricardo Carvalho Oliveira,ricardo.carvalho.oliveira.3603@example.com,Vitória,Coordenador de logística,38,92900819040
Tatiane Araújo Oliveira,tatiane.araujo.oliveira.3604@example.com,Santos,Coordenador de logística,53,57782755546
Aline Freitas Cardoso,aline.freitas.cardoso.3605@example.com,Londrina,Estoquista,50,18655331518
Luana Dias Araújo,luana.dias.araujo.3606@example.com,Belo Horizonte,Motorista,59,41654202360
Leonardo Barros Freitas,leonardo.barros.freitas.3607@example.com,Brasília,Chefe de almoxarifado,39,41744212623
Patrícia Monteiro Monteiro,patricia.monteiro.monteiro.3608@example.com,Brasília,Enfermeiro,26,35623003011
Paulo Araújo Teixeira,paulo.araujo.teixeira.3609@example.com,Florianópolis,Encarregado de produção,70,89252502360
Larissa Silva Gomes,larissa.silva.gomes.3610@example.com,Vitória,Atendente,41,00262256918
Luana Cardoso Moreira,luana.cardoso.moreira.3611@example.com,Vitória,Líder de equipe,37,76848662875
Otávio Fernandes Fernandes,otavio.fernandes.fernandes.3612@example.com,Goiânia,Jornalista,48,40856075717
Renata Freitas Rodrigues,renata.freitas.rodrigues.3613@example.com,Goiânia,Recepcionista,67,57848684632
Simone Teixeira Nascimento,simone.teixeira.nascimento.3614@example.com,Caxias do Sul,Chefe de departamento pessoal,65,47590996544
Patrícia Moreira Rocha,patricia.moreira.rocha.3615@example.com,Uberlândia,Auxiliar de produção,68,11345944449
Simone Monteiro Lima,simone.monteiro.lima.3616@example.com,Londrina,Engenheiro civil,52,93257603350
Felipe Barbosa Monteiro,felipe.barbosa.monteiro.3617@example.com,Brasília,Assistente comercial,46,25473755826
João Oliveira Mendes,joao.oliveira.mendes.3618@example.com,Santos,Analista financeiro,37,07022842400
Otávio Barros Pereira,otavio.barros.pereira.3619@example.com,Manaus,Jornalista,27,35075803648
Igor Costa Alves,igor.costa.alves.3620@example.com,Belém,Analista de recursos humanos,46,61153076052
Carlos Mendes Araújo,carlos.mendes.araujo.3621@example.com,Goiânia,Corretor de imóveis,24,01431656398
Otávio Carvalho Araújo,otavio.carvalho.araujo.3622@example.com,Santos,Jornalista,54,87098650968
Nicolas Silva Costa,nicolas.silva.costa.3623@example.com,Cuiabá,Coordenador administrativo,48,18305383457
Gabriel Rocha Fernandes,gabriel.rocha.fernandes.3624@example.com,Niterói,Supervisor de vendas,65,84539324343
Carolina Araújo Teixeira,carolina.araujo.teixeira.3625@example.com,Fortaleza,Gerente de operações,39,89775449769
Ana Lima Martins,ana.lima.martins.3626@example.com,Porto Alegre,Gerente comercial,33,29671953252
Priscila Oliveira Rodrigues,priscila.oliveira.rodrigues.3627@example.com,Belém,Assistente comercial,58,81029099193
José Mendes Alves,jose.mendes.alves.3628@example.com,Niterói,Advogado,67,24324552319
Carolina Cardoso Barbosa,carolina.cardoso.barbosa.3629@example.com,Maringá,Gerente de recursos humanos,46,75522318244
Daniela Rodrigues Cardoso,daniela.rodrigues.cardoso.3630@example.com,Brasília,Chefe de compras,36,00557149313
Igor Barbosa Monteiro,igor.barbosa.monteiro.3631@example.com,Recife,Analista de dados,50,11670242022
Pedro Martins Costa,pedro.martins.costa.3632@example.com,Rondonópolis,Arquiteto,44,14243671806
Priscila Nascimento Fernandes,priscila.nascimento.fernandes.3633@example.com,Belo Horizonte,Técnico de enfermagem,45,58447118150
Fernanda Freitas Freitas,fernanda.freitas.freitas.3634@example.com,Curitiba,Estoquista,37,91807906439
Priscila Souza Freitas,priscila.souza.freitas.3635@example.com,Salvador,Vendedor,44,73151533785
Carolina Teixeira Martins,carolina.teixeira.martins.3636@example.com,Londrina,Mecânico,42,58093649210
Igor Mendes Dias,igor.mendes.dias.3637@example.com,Belo Horizonte,Chefe de departamento pessoal,45,18509982908
Camila Dias Ribeiro,camila.dias.ribeiro.3638@example.com,Brasília,Pedreiro,20,74772346986
Eduardo Lima Fernandes,eduardo.lima.fernandes.3639@example.com,Maringá,Analista de dados,49,69147559135
Luana Cardoso Monteiro,luana.cardoso.monteiro.3640@example.com,Belo Horizonte,Coordenador administrativo,41,06523965992
Beatriz Cardoso Cardoso,beatriz.cardoso.cardoso.3641@example.com,Rondonópolis,Encarregado de produção,55,96546195892
Vitória Moreira Rocha,vitoria.moreira.rocha.3642@example.com,Joinville,Atendente,47,45084793017
Lucas Barbosa Fernandes,lucas.barbosa.fernandes.3643@example.com,São Paulo,Farmacêutico,42,84302024569
Leonardo Carvalho Mendes,leonardo.carvalho.mendes.3644@example.com,Vitória,Operador de caixa,20,49839620778
Carolina Martins Rodrigues,carolina.martins.rodrigues.3645@example.com,Sorocaba,Auxiliar de produção,53,90777098988
Henrique Teixeira Almeida,henrique.teixeira.almeida.3646@example.com,Joinville,Advogado,21,72687438056
Paulo Rodrigues Freitas,paulo.rodrigues.freitas.3647@example.com,Salvador,Cozinheiro,28,88728554794
Carolina Gomes Fernandes,carolina.gomes.fernandes.3648@example.com,Sorocaba,Advogado,66,95637270360
José Martins Almeida,jose.martins.almeida.3649@example.com,Recife,Operador de caixa,25,41845384769
Paulo Oliveira Freitas,paulo.oliveira.freitas.3650@example.com,Brasília,Líder de equipe,26,27750176478
Sandra Lima Moreira,sandra.lima.moreira.3651@example.com,Florianópolis,Supervisor de manutenção,57,10501667762
Simone Rodrigues Castro,simone.rodrigues.castro.3652@example.com,Cuiabá,Líder de equipe,60,39985760535
Larissa Martins Costa,larissa.martins.costa.3653@example.com,Rio de Janeiro,Estoquista,55,61462573386
Tatiane Rocha Dias,tatiane.rocha.dias.3654@example.com,Manaus,Chefe de departamento pessoal,23,23493044284
Lucas Lima Santos,lucas.lima.santos.3655@example.com,Salvador,Contador,61,20684267715
Carlos Alves Monteiro,carlos.alves.monteiro.3656@example.com,Campinas,Analista financeiro,20,98907510619
Pedro Lima Souza,pedro.lima.souza.3657@example.com,Sorocaba,Assistente comercial,53,50555586473
Ana Costa Almeida,ana.costa.almeida.3658@example.com,Campo Grande,Estoquista,55,06572762004
Marcelo Gomes Oliveira,marcelo.gomes.oliveira.3659@example.com,Niterói,Pedreiro,64,29208856981
Otávio Carvalho Teixeira,otavio.carvalho.teixeira.3660@example.com,Fortaleza,Enfermeiro,46,71232418277
Lucas Monteiro Rodrigues,lucas.monteiro.rodrigues.3661@example.com,Salvador,Arquiteto,53,87399420305
Gustavo Nascimento Silva,gustavo.nascimento.silva.3662@example.com,Rondonópolis,Gerente de operações,57,35973435284
Ricardo Gomes Santos,ricardo.gomes.santos.3663@example.com,Cuiabá,Diretor comercial,49,31546572465
Ricardo Mendes Dias,ricardo.mendes.dias.3664@example.com,Porto Alegre,Analista financeiro,60,66922706479
Amanda Barbosa Barros,amanda.barbosa.barros.3665@example.com,Brasília,Técnico de enfermagem,60,31027871626
Gustavo Moreira Santos,gustavo.moreira.santos.3666@example.com,Florianópolis,Atendente,50,01613920162
Paulo Martins Moreira,paulo.martins.moreira.3667@example.com,Londrina,Coordenador administrativo,54,52066251508
Felipe Fernandes Castro,felipe.fernandes.castro.3668@example.com,Natal,Auxiliar de produção,30,82878627250
Simone Santos Carvalho,simone.santos.carvalho.3669@example.com,Campinas,Recepcionista,69,52333905461
Aline Souza Martins,aline.souza.martins.3670@example.com,Curitiba,Eletricista,34,09325663146
Beatriz Freitas Silva,beatriz.freitas.silva.3671@example.com,Rio de Janeiro,Analista de recursos humanos,25,14722886973
Bruno Moreira Costa,bruno.moreira.costa.3672@example.com,Porto Alegre,Chefe de compras,29,97084536033
Letícia Moreira Araújo,leticia.moreira.araujo.3673@example.com,Vitória,Diretor comercial,20,33782413475
Vinícius Araújo Monteiro,vinicius.araujo.monteiro.3674@example.com,Brasília,Assistente comercial,47,91991909251
Débora Barbosa Gomes,debora.barbosa.gomes.3675@example.com,Porto Alegre,Analista financeiro,35,69334180850
Débora Almeida Oliveira,debora.almeida.oliveira.3676@example.com,Belo Horizonte,Operador de caixa,45,88809583879
Paulo Freitas Barros,paulo.freitas.barros.3677@example.com,Niterói,Supervisor de vendas,46,26841641053
Marcelo Silva Dias,marcelo.silva.dias.3678@example.com,Goiânia,Farmacêutico,47,64936817563
Paulo Castro Alves,paulo.castro.alves.3679@example.com,Santos,Eletricista,25,55468087751
Letícia Rocha Rocha,leticia.rocha.rocha.3680@example.com,Rio de Janeiro,Gerente comercial,25,81196208151
Rafael Nascimento Barros,rafael.nascimento.barros.3681@example.com,Vitória,Coordenador de marketing,34,61554790192
Daniela Silva Rocha,daniela.silva.rocha.3682@example.com,Caxias do Sul,Recepcionista,46,70427542995
Igor Rocha Almeida,igor.rocha.almeida.3683@example.com,Londrina,Chefe de compras,36,61616095497
Renata Souza Almeida,renata.souza.almeida.3684@example.com,Belém,Chefe de compras,57,08068651900
Letícia Gomes Freitas,leticia.gomes.freitas.3685@example.com,Rondonópolis,Supervisor de qualidade,62,22387889544
Beatriz Barros Santos,beatriz.barros.santos.3686@example.com,Caxias do Sul,Auxiliar de produção,50,42073281953
Sérgio Teixeira Martins,sergio.teixeira.martins.3687@example.com,Cuiabá,Assistente comercial,51,88364328384
Fernanda Gomes Alves,fernanda.gomes.alves.3688@example.com,Belo Horizonte,Jornalista,49,77475963478
Rafael Silva Rocha,rafael.silva.rocha.3689@example.com,Belém,Operador de caixa,60,44761571871
Diego Fernandes Carvalho,diego.fernandes.carvalho.3690@example.com,Londrina,Supervisor de qualidade,64,07682102648
Renata Araújo Mendes,renata.araujo.mendes.3691@example.com,Manaus,Chefe de compras,37,71264435874
Amanda Oliveira Dias,amanda.oliveira.dias.3692@example.com,Natal,Engenheiro civil,25,31174237267
Eduardo Barbosa Castro,eduardo.barbosa.castro.3693@example.com,Manaus,Supervisor de atendimento,48,98148701927
Renata Lima Santos,renata.lima.santos.3694@example.com,Salvador,Cozinheiro,67,90074545284
Juliana Barros Oliveira,juliana.barros.oliveira.3695@example.com,Fortaleza,Assistente comercial,55,97669222638
Luana Pereira Rodrigues,luana.pereira.rodrigues.3696@example.com,Joinville,Fisioterapeuta,54,08796661506
Tatiane Silva Dias,tatiane.silva.dias.3697@example.com,Recife,Corretor de imóveis,23,48030397660
Thiago Fernandes Almeida,thiago.fernandes.almeida.3698@example.com,Florianópolis,Analista de marketing,48,61201913306
Thiago Almeida Rodrigues,thiago.almeida.rodrigues.3699@example.com,Fortaleza,Operador de caixa,19,39596467689
Eduardo Silva Souza,eduardo.silva.souza.3700@example.com,Cuiabá,Analista de recursos humanos,36,34247859156
José Pereira Carvalho,jose.pereira.carvalho.3701@example.com,Fortaleza,Assistente administrativo,64,00314235688
Nicolas Santos Fernandes,nicolas.santos.fernandes.3702@example.com,Campo Grande,Supervisor de atendimento,41,55324315829
Letícia Santos Dias,leticia.santos.dias.3703@example.com,Rio de Janeiro,Coordenador de marketing,22,96255576547
Fernanda Alves Araújo,fernanda.alves.araujo.3704@example.com,Goiânia,Contador,45,69226528354
Pedro Almeida Rodrigues,pedro.almeida.rodrigues.3705@example.com,Belo Horizonte,Coordenador de logística,52,55506939774
Vanessa Rocha Costa,vanessa.rocha.costa.3706@example.com,Curitiba,Coordenador de marketing,39,98994588027
Vinícius Dias Dias,vinicius.dias.dias.3707@example.com,Brasília,Cozinheiro,49,27490831579
Felipe Ribeiro Carvalho,felipe.ribeiro.carvalho.3708@example.com,Joinville,Assistente comercial,36,62773278359
Letícia Barros Costa,leticia.barros.costa.3709@example.com,Belém,Auxiliar de produção,52,22040759430
Ricardo Cardoso Lima,ricardo.cardoso.lima.3710@example.com,Natal,Vendedor,43,43966477300
Luana Monteiro Freitas,luana.monteiro.freitas.3711@example.com,Niterói,Pedreiro,29,61268829724
Lucas Almeida Teixeira,lucas.almeida.teixeira.3712@example.com,Campo Grande,Coordenador de logística,25,06335373039
Priscila Freitas Carvalho,priscila.freitas.carvalho.3713@example.com,Sorocaba,Nutricionista,26,46749676708
Camila Gomes Lima,camila.gomes.lima.3714@example.com,Manaus,Gerente de operações,52,80570715955
Daniela Ribeiro Cardoso,daniela.ribeiro.cardoso.3715@example.com,Belém,Jornalista,58,46657800361
Fernanda Freitas Ribeiro,fernanda.freitas.ribeiro.3716@example.com,Belém,Coordenador administrativo,33,63638887406
Renata Barbosa Almeida,renata.barbosa.almeida.3717@example.com,Salvador,Arquiteto,26,26258975820
Vanessa Costa Freitas,vanessa.costa.freitas.3718@example.com,Maringá,Analista de dados,28,96822606681
Aline Cardoso Fernandes,aline.cardoso.fernandes.3719@example.com,Campinas,Chefe de departamento pessoal,31,36092100593
Simone Carvalho Castro,simone.carvalho.castro.3720@example.com,Fortaleza,Supervisor de atendimento,44,79264751989
Carlos Rocha Carvalho,carlos.rocha.carvalho.3721@example.com,São Paulo,Coordenador administrativo,28,10311257650
Ana Carvalho Castro,ana.carvalho.castro.3722@example.com,Campinas,Comprador,49,34741783220
Mariana Santos Freitas,mariana.santos.freitas.3723@example.com,Rondonópolis,Nutricionista,25,02225153965
Eduardo Pereira Monteiro,eduardo.pereira.monteiro.3724@example.com,Vitória,Vendedor,20,69581717959
Renata Oliveira Alves,renata.oliveira.alves.3725@example.com,Brasília,Vendedor,42,53596544981
Vinícius Alves Costa,vinicius.alves.costa.3726@example.com,Maringá,Mecânico,56,82021332318
Sandra Santos Martins,sandra.santos.martins.3727@example.com,Fortaleza,Técnico de segurança do trabalho,46,79767510390
Eduardo Alves Carvalho,eduardo.alves.carvalho.3728@example.com,Porto Alegre,Técnico em informática,49,71929194577
José Barbosa Santos,jose.barbosa.santos.3729@example.com,Campo Grande,Técnico de segurança do trabalho,42,52186677080
Lucas Martins Araújo,lucas.martins.araujo.3730@example.com,Belo Horizonte,Gerente financeiro,27,89832745216
Ana Rodrigues Araújo,ana.rodrigues.araujo.3731@example.com,Sorocaba,Pedreiro,18,34767853277
Diego Costa Oliveira,diego.costa.oliveira.3732@example.com,Uberlândia,Jornalista,66,77890949803
Beatriz Pereira Santos,beatriz.pereira.santos.3733@example.com,Belo Horizonte,Enfermeiro,66,84699650249
João Gomes Mendes,joao.gomes.mendes.3734@example.com,Campinas,Contador,55,63502883784
Vinícius Cardoso Teixeira,vinicius.cardoso.teixeira.3735@example.com,Porto Alegre,Gerente de recursos humanos,60,89978365916
Amanda Gomes Barbosa,amanda.gomes.barbosa.3736@example.com,Salvador,Analista de recursos humanos,50,74251692543
Sandra Alves Silva,sandra.alves.silva.3737@example.com,Goiânia,Supervisor de qualidade,44,77184026115
Sérgio Pereira Dias,sergio.pereira.dias.3738@example.com,Maringá,Gerente comercial,61,36893074413
Priscila Rodrigues Alves,priscila.rodrigues.alves.3739@example.com,Porto Alegre,Fisioterapeuta,37,48660295057
Patrícia Araújo Ribeiro,patricia.araujo.ribeiro.3740@example.com,Belém,Diretor de operações,30,36873696657
Letícia Almeida Carvalho,leticia.almeida.carvalho.3741@example.com,Natal,Supervisor de vendas,58,55889459252
Tatiane Silva Teixeira,tatiane.silva.teixeira.3742@example.com,Florianópolis,Comprador,26,41682439149
Tatiane Almeida Cardoso,tatiane.almeida.cardoso.3743@example.com,Joinville,Arquiteto,35,80443654151
Amanda Freitas Mendes,amanda.freitas.mendes.3744@example.com,Maringá,Assistente administrativo,23,81810135674
Tatiane Cardoso Barbosa,tatiane.cardoso.barbosa.3745@example.com,Joinville,Cozinheiro,48,42068442050
Renata Costa Nascimento,renata.costa.nascimento.3746@example.com,Caxias do Sul,Assistente administrativo,19,51745391335
Eduardo Nascimento Ribeiro,eduardo.nascimento.ribeiro.3747@example.com,Belo Horizonte,Gerente de recursos humanos,50,85270035017
Carolina Souza Teixeira,carolina.souza.teixeira.3748@example.com,Natal,Chefe de departamento pessoal,47,29529940123
Ricardo Cardoso Santos,ricardo.cardoso.santos.3749@example.com,Londrina,Cozinheiro,32,37238035849
José Pereira Costa,jose.pereira.costa.3750@example.com,Cuiabá,Pedreiro,42,39139454255
Igor Martins Teixeira,igor.martins.teixeira.3751@example.com,Maringá,Supervisor de qualidade,62,91551218768
Gabriela Costa Pereira,gabriela.costa.pereira.3752@example.com,Rondonópolis,Gerente comercial,42,21598714834
Marcelo Ribeiro Gomes,marcelo.ribeiro.gomes.3753@example.com,Brasília,Assistente administrativo,63,43759693575
Felipe Carvalho Costa,felipe.carvalho.costa.3754@example.com,Brasília,Supervisor de vendas,50,63231022458
Thiago Rodrigues Gomes,thiago.rodrigues.gomes.3755@example.com,Curitiba,Estoquista,53,93118063782
Rafael Rodrigues Martins,rafael.rodrigues.martins.3756@example.com,Curitiba,Operador de caixa,43,65879461359
Ana Fernandes Santos,ana.fernandes.santos.3757@example.com,Curitiba,Assistente comercial,37,64980235355
Letícia Fernandes Fernandes,leticia.fernandes.fernandes.3758@example.com,Florianópolis,Gerente de operações,19,37017289297
Juliana Rodrigues Rodrigues,juliana.rodrigues.rodrigues.3759@example.com,Rondonópolis,Analista de marketing,41,75663901178
Letícia Dias Ribeiro,leticia.dias.ribeiro.3760@example.com,Caxias do Sul,Supervisor de qualidade,60,96987644550
Paulo Monteiro Cardoso,paulo.monteiro.cardoso.3761@example.com,Fortaleza,Gerente comercial,39,72207762990
Gabriela Silva Alves,gabriela.silva.alves.3762@example.com,Brasília,Assistente comercial,23,18685878737
Priscila Castro Barbosa,priscila.castro.barbosa.3763@example.com,Cuiabá,Padeiro,64,08945406196
Marcelo Rodrigues Gomes,marcelo.rodrigues.gomes.3764@example.com,Fortaleza,Programador,52,72713547886
Vanessa Costa Pereira,vanessa.costa.pereira.3765@example.com,Curitiba,Operador de caixa,64,97529793778
Carlos Castro Barros,carlos.castro.barros.3766@example.com,Recife,Assistente comercial,45,59487444055
Eduardo Santos Castro,eduardo.santos.castro.3767@example.com,Santos,Programador,47,82882267068
Carlos Monteiro Carvalho,carlos.monteiro.carvalho.3768@example.com,Santos,Gerente de tecnologia,66,55547827476
Patrícia Fernandes Martins,patricia.fernandes.martins.3769@example.com,Manaus,Atendente,64,14392987497
Mariana Araújo Dias,mariana.araujo.dias.3770@example.com,Salvador,Supervisor de vendas,46,35867470656
Letícia Freitas Gomes,leticia.freitas.gomes.3771@example.com,Recife,Professor,41,68655273873
Priscila Almeida Pereira,priscila.almeida.pereira.3772@example.com,São Paulo,Enfermeiro,25,31996996211
Marcelo Araújo Oliveira,marcelo.araujo.oliveira.3773@example.com,Santos,Arquiteto,59,40675597394
Gustavo Lima Silva,gustavo.lima.silva.3774@example.com,Campinas,Técnico de enfermagem,65,21318373770
Patrícia Carvalho Barbosa,patricia.carvalho.barbosa.3775@example.com,Brasília,Gerente comercial,32,28727107637
Rafael Martins Dias,rafael.martins.dias.3776@example.com,Goiânia,Mecânico,64,06770350473
Nicolas Gomes Pereira,nicolas.gomes.pereira.3777@example.com,Brasília,Chefe de departamento pessoal,64,47414020494
Priscila Alves Barbosa,priscila.alves.barbosa.3778@example.com,Florianópolis,Chefe de departamento pessoal,49,37347725921
Eduardo Teixeira Cardoso,eduardo.teixeira.cardoso.3779@example.com,Goiânia,Farmacêutico,61,80668201868
Thiago Costa Barros,thiago.costa.barros.3780@example.com,Rio de Janeiro,Chefe de compras,39,32882230621
Sandra Fernandes Carvalho,sandra.fernandes.carvalho.3781@example.com,Joinville,Coordenador de logística,42,56344168034
Camila Gomes Rocha,camila.gomes.rocha.3782@example.com,Brasília,Coordenador de logística,47,47366372730
Gustavo Martins Gomes,gustavo.martins.gomes.3783@example.com,Manaus,Vendedor,45,37857749045
Camila Monteiro Rodrigues,camila.monteiro.rodrigues.3784@example.com,Belém,Padeiro,28,66582378182
Carolina Martins Rocha,carolina.martins.rocha.3785@example.com,São Paulo,Gerente de recursos humanos,40,48026731412
José Silva Nascimento,jose.silva.nascimento.3786@example.com,Natal,Operador de caixa,23,00777498269
Amanda Silva Araújo,amanda.silva.araujo.3787@example.com,Campo Grande,Analista de recursos humanos,61,01357093464
Camila Cardoso Ribeiro,camila.cardoso.ribeiro.3788@example.com,São Paulo,Programador,31,57804189400
Mariana Almeida Pereira,mariana.almeida.pereira.3789@example.com,Maringá,Técnico de segurança do trabalho,58,65188113349
Eduardo Lima Rodrigues,eduardo.lima.rodrigues.3790@example.com,Curitiba,Analista financeiro,43,22045283509
Igor Nascimento Cardoso,igor.nascimento.cardoso.3791@example.com,Cuiabá,Analista de recursos humanos,57,62968193388
Juliana Castro Silva,juliana.castro.silva.3792@example.com,Rio de Janeiro,Supervisor de qualidade,38,87878966594
Igor Alves Nascimento,igor.alves.nascimento.3793@example.com,Rio de Janeiro,Assistente comercial,22,36637489527
Diego Freitas Pereira,diego.freitas.pereira.3794@example.com,Rondonópolis,Coordenador de logística,48,28952563565
Ricardo Freitas Gomes,ricardo.freitas.gomes.3795@example.com,Caxias do Sul,Gerente comercial,48,59748194800
Nicolas Rocha Carvalho,nicolas.rocha.carvalho.3796@example.com,Rondonópolis,Contador,34,06454407504
Luana Alves Rocha,luana.alves.rocha.3797@example.com,Fortaleza,Analista de recursos humanos,62,35712669936
Leonardo Monteiro Mendes,leonardo.monteiro.mendes.3798@example.com,Caxias do Sul,Farmacêutico,21,18589535558
Juliana Gomes Castro,juliana.gomes.castro.3799@example.com,Salvador,Supervisor de qualidade,62,13938500744
Fernanda Pereira Dias,fernanda.pereira.dias.3800@example.com,São Paulo,Programador,35,80587756803
Diego Costa Monteiro,diego.costa.monteiro.3801@example.com,Curitiba,Técnico de segurança do trabalho,20,97887400820
Henrique Teixeira Nascimento,henrique.teixeira.nascimento.3802@example.com,Uberlândia,Gerente de operações,46,70124423942
Vitória Mendes Castro,vitoria.mendes.castro.3803@example.com,Sorocaba,Gerente financeiro,24,77441951278
Sandra Lima Alves,sandra.lima.alves.3804@example.com,Salvador,Jornalista,34,03521219868
Ricardo Rocha Rodrigues,ricardo.rocha.rodrigues.3805@example.com,Caxias do Sul,Gerente financeiro,38,54608593321
Igor Almeida Alves,igor.almeida.alves.3806@example.com,Niterói,Cozinheiro,22,96587457295
José Moreira Martins,jose.moreira.martins.3807@example.com,Manaus,Corretor de imóveis,57,97458128284
Nicolas Almeida Pereira,nicolas.almeida.pereira.3808@example.com,Goiânia,Supervisor de manutenção,64,93684891992
Nicolas Gomes Monteiro,nicolas.gomes.monteiro.3809@example.com,Dourados,Coordenador de produção,35,82576038509
Bruno Martins Teixeira,bruno.martins.teixeira.3810@example.com,Curitiba,Comprador,33,89988665352
Diego Pereira Castro,diego.pereira.castro.3811@example.com,Fortaleza,Farmacêutico,29,11517894909
Diego Martins Silva,diego.martins.silva.3812@example.com,Joinville,Supervisor de atendimento,40,36981994397
Priscila Alves Teixeira,priscila.alves.teixeira.3813@example.com,Caxias do Sul,Gerente de recursos humanos,45,33774590725
Gabriel Almeida Ribeiro,gabriel.almeida.ribeiro.3814@example.com,Porto Alegre,Analista financeiro,24,03808160024
Diego Oliveira Nascimento,diego.oliveira.nascimento.3815@example.com,Santos,Cozinheiro,29,98645745685
Gabriela Alves Araújo,gabriela.alves.araujo.3816@example.com,Manaus,Gerente de tecnologia,46,69661890355
Vanessa Almeida Teixeira,vanessa.almeida.teixeira.3817@example.com,Maringá,Chefe de almoxarifado,42,04884632044
Leonardo Castro Nascimento,leonardo.castro.nascimento.3818@example.com,Cuiabá,Gerente de recursos humanos,58,31184259361
Igor Teixeira Mendes,igor.teixeira.mendes.3819@example.com,Florianópolis,Analista financeiro,22,09609075122
Amanda Rocha Dias,amanda.rocha.dias.3820@example.com,Caxias do Sul,Analista de recursos humanos,64,97199996480
Rafael Carvalho Ribeiro,rafael.carvalho.ribeiro.3821@example.com,Campinas,Analista de marketing,24,06089735126
Amanda Rodrigues Moreira,amanda.rodrigues.moreira.3822@example.com,Manaus,Diretor de operações,68,97664944370
Tatiane Santos Ribeiro,tatiane.santos.ribeiro.3823@example.com,Brasília,Estoquista,18,19346309875
Felipe Rocha Carvalho,felipe.rocha.carvalho.3824@example.com,Porto Alegre,Advogado,58,96249187891
Patrícia Mendes Gomes,patricia.mendes.gomes.3825@example.com,Rio de Janeiro,Analista de dados,45,33008461416
Carolina Freitas Gomes,carolina.freitas.gomes.3826@example.com,Porto Alegre,Analista financeiro,32,45411364479
Pedro Dias Gomes,pedro.dias.gomes.3827@example.com,Vitória,Cozinheiro,25,12067812299
Lucas Castro Barbosa,lucas.castro.barbosa.3828@example.com,Rondonópolis,Farmacêutico,48,02767194267
Juliana Mendes Lima,juliana.mendes.lima.3829@example.com,Rio de Janeiro,Comprador,65,09327597572
Thiago Martins Moreira,thiago.martins.moreira.3830@example.com,Santos,Técnico em informática,59,41922697333
Vinícius Monteiro Lima,vinicius.monteiro.lima.3831@example.com,São Paulo,Chefe de compras,33,68087834314
Gabriela Martins Monteiro,gabriela.martins.monteiro.3832@example.com,Campinas,Vendedor,54,42710210800
Diego Cardoso Alves,diego.cardoso.alves.3833@example.com,Natal,Técnico em informática,42,19494571927
Sérgio Moreira Dias,sergio.moreira.dias.3834@example.com,Belém,Coordenador de produção,35,41889221954
Vinícius Barbosa Barros,vinicius.barbosa.barros.3835@example.com,Londrina,Gerente de recursos humanos,60,34643948083
Priscila Rodrigues Monteiro,priscila.rodrigues.monteiro.3836@example.com,Sorocaba,Chefe de departamento pessoal,64,08018719473
Thiago Martins Fernandes,thiago.martins.fernandes.3837@example.com,Florianópolis,Supervisor de manutenção,69,99995683310
Leonardo Barros Moreira,leonardo.barros.moreira.3838@example.com,Santos,Operador de caixa,51,73622306852
Fernanda Freitas Oliveira,fernanda.freitas.oliveira.3839@example.com,Curitiba,Atendente,48,79061984492
João Costa Gomes,joao.costa.gomes.3840@example.com,Rio de Janeiro,Coordenador administrativo,70,26657222994
Juliana Pereira Lima,juliana.pereira.lima.3841@example.com,Goiânia,Coordenador de produção,46,62623644711
Priscila Carvalho Monteiro,priscila.carvalho.monteiro.3842@example.com,Caxias do Sul,Engenheiro civil,26,69450786760
Leonardo Mendes Santos,leonardo.mendes.santos.3843@example.com,Campo Grande,Motorista,26,33827792526
Gabriel Moreira Carvalho,gabriel.moreira.carvalho.3844@example.com,Salvador,Padeiro,50,26570404261
Amanda Alves Cardoso,amanda.alves.cardoso.3845@example.com,Uberlândia,Coordenador de logística,43,16939406230
Rafael Mendes Mendes,rafael.mendes.mendes.3846@example.com,Fortaleza,Supervisor de vendas,63,13163781143
Amanda Carvalho Gomes,amanda.carvalho.gomes.3847@example.com,Goiânia,Atendente,65,01567502406
Gustavo Lima Fernandes,gustavo.lima.fernandes.3848@example.com,Dourados,Programador,58,24575652271
Letícia Nascimento Santos,leticia.nascimento.santos.3849@example.com,Caxias do Sul,Técnico de segurança do trabalho,68,33920120665
Patrícia Cardoso Moreira,patricia.cardoso.moreira.3850@example.com,Joinville,Padeiro,35,75579747939
Camila Almeida Fernandes,camila.almeida.fernandes.3851@example.com,Cuiabá,Assistente comercial,45,63525569953
Vanessa Rodrigues Ribeiro,vanessa.rodrigues.ribeiro.3852@example.com,Rio de Janeiro,Supervisor de qualidade,29,14175216969
Aline Costa Barbosa,aline.costa.barbosa.3853@example.com,Florianópolis,Chefe de almoxarifado,43,55102130776
Otávio Rocha Pereira,otavio.rocha.pereira.3854@example.com,Niterói,Advogado,33,22021321797
Amanda Rodrigues Barros,amanda.rodrigues.barros.3855@example.com,Fortaleza,Analista financeiro,68,52555129108
Patrícia Rocha Alves,patricia.rocha.alves.3856@example.com,Curitiba,Professor,41,51682108247
Daniela Teixeira Cardoso,daniela.teixeira.cardoso.3857@example.com,Belo Horizonte,Comprador,36,72193357556
Carlos Araújo Cardoso,carlos.araujo.cardoso.3858@example.com,Belo Horizonte,Auxiliar de produção,65,21097583122
João Costa Costa,joao.costa.costa.3859@example.com,Londrina,Nutricionista,60,62598147826
Marcelo Fernandes Oliveira,marcelo.fernandes.oliveira.3860@example.com,Manaus,Chefe de departamento pessoal,28,50034381785
Vitória Castro Dias,vitoria.castro.dias.3861@example.com,Natal,Advogado,60,88451897273
Camila Araújo Carvalho,camila.araujo.carvalho.3862@example.com,Natal,Supervisor de qualidade,40,40064392885
Fernanda Martins Santos,fernanda.martins.santos.3863@example.com,Belo Horizonte,Supervisor de manutenção,29,61335184353
Nicolas Ribeiro Santos,nicolas.ribeiro.santos.3864@example.com,Salvador,Designer gráfico,66,47232330867
Priscila Castro Costa,priscila.castro.costa.3865@example.com,Brasília,Supervisor de atendimento,44,39774307137
Camila Cardoso Teixeira,camila.cardoso.teixeira.3866@example.com,Cuiabá,Analista de marketing,36,38172212881
Vinícius Araújo Souza,vinicius.araujo.souza.3867@example.com,Belém,Gerente financeiro,62,12876100944
Camila Ribeiro Dias,camila.ribeiro.dias.3868@example.com,Campinas,Pedreiro,67,72937869839
Patrícia Barbosa Dias,patricia.barbosa.dias.3869@example.com,Rondonópolis,Diretor de operações,42,58085015064
Larissa Dias Monteiro,larissa.dias.monteiro.3870@example.com,Porto Alegre,Professor,51,56732335348
Mariana Silva Barbosa,mariana.silva.barbosa.3871@example.com,Caxias do Sul,Gerente financeiro,22,96444034769
Ana Carvalho Barbosa,ana.carvalho.barbosa.3872@example.com,Fortaleza,Mecânico,23,17612424266
Juliana Oliveira Teixeira,juliana.oliveira.teixeira.3873@example.com,Uberlândia,Programador,48,26955827803
Eduardo Rocha Ribeiro,eduardo.rocha.ribeiro.3874@example.com,Campo Grande,Supervisor de manutenção,38,01448166934
Camila Fernandes Moreira,camila.fernandes.moreira.3875@example.com,Salvador,Mecânico,49,20667916892
Vanessa Pereira Oliveira,vanessa.pereira.oliveira.3876@example.com,Campinas,Analista de recursos humanos,24,24140421977
Marcelo Gomes Castro,marcelo.gomes.castro.3877@example.com,Caxias do Sul,Motorista,26,74496827698
Nicolas Silva Cardoso,nicolas.silva.cardoso.3878@example.com,Sorocaba,Diretor de operações,50,45541211834
Eduardo Silva Martins,eduardo.silva.martins.3879@example.com,Belo Horizonte,Técnico de enfermagem,66,41742929923
Renata Barbosa Almeida,renata.barbosa.almeida.3880@example.com,Sorocaba,Gerente de recursos humanos,53,97781865962
Priscila Souza Oliveira,priscila.souza.oliveira.3881@example.com,Joinville,Nutricionista,68,06730565682
Felipe Martins Costa,felipe.martins.costa.3882@example.com,Fortaleza,Advogado,41,40998105639
Vinícius Castro Santos,vinicius.castro.santos.3883@example.com,Porto Alegre,Analista de marketing,50,52245335624
Amanda Dias Rodrigues,amanda.dias.rodrigues.3884@example.com,Dourados,Técnico de enfermagem,23,70479931212
Leonardo Carvalho Nascimento,leonardo.carvalho.nascimento.3885@example.com,São Paulo,Auxiliar de produção,58,56835666091
Ricardo Mendes Cardoso,ricardo.mendes.cardoso.3886@example.com,Salvador,Chefe de almoxarifado,37,74631384136
Henrique Almeida Alves,henrique.almeida.alves.3887@example.com,Uberlândia,Gerente de recursos humanos,66,56265552822
Vitória Monteiro Fernandes,vitoria.monteiro.fernandes.3888@example.com,Recife,Gerente financeiro,51,79553028015
José Costa Dias,jose.costa.dias.3889@example.com,Santos,Programador,58,91264964903
Vanessa Costa Ribeiro,vanessa.costa.ribeiro.3890@example.com,Belo Horizonte,Advogado,49,35792355065
Carlos Araújo Rocha,carlos.araujo.rocha.3891@example.com,Belo Horizonte,Coordenador de logística,62,09568378198
João Costa Lima,joao.costa.lima.3892@example.com,Vitória,Chefe de departamento pessoal,40,84706751119
Eduardo Pereira Santos,eduardo.pereira.santos.3893@example.com,Porto Alegre,Coordenador de produção,45,89963501739
Gabriela Alves Alves,gabriela.alves.alves.3894@example.com,Cuiabá,Diretor de operações,29,31247290390
Camila Monteiro Oliveira,camila.monteiro.oliveira.3895@example.com,Belém,Contador,67,61046381090
Juliana Almeida Nascimento,juliana.almeida.nascimento.3896@example.com,Rio de Janeiro,Supervisor de manutenção,43,11342415952
Thiago Fernandes Costa,thiago.fernandes.costa.3897@example.com,Cuiabá,Gerente de operações,39,50099026212
Otávio Monteiro Barbosa,otavio.monteiro.barbosa.3898@example.com,Goiânia,Técnico de enfermagem,45,72411678692
Felipe Santos Almeida,felipe.santos.almeida.3899@example.com,Goiânia,Técnico de segurança do trabalho,39,24760024163
Larissa Rodrigues Monteiro,larissa.rodrigues.monteiro.3900@example.com,Campinas,Estoquista,63,46907136724
Gabriela Santos Almeida,gabriela.santos.almeida.3901@example.com,Rio de Janeiro,Vendedor,38,36284085610
Rafael Souza Gomes,rafael.souza.gomes.3902@example.com,Londrina,Gerente financeiro,18,66492825913
Paulo Cardoso Castro,paulo.cardoso.castro.3903@example.com,Campo Grande,Coordenador administrativo,56,81616055418
José Ribeiro Nascimento,jose.ribeiro.nascimento.3904@example.com,Brasília,Analista de dados,25,45665070449
Tatiane Almeida Barbosa,tatiane.almeida.barbosa.3905@example.com,Brasília,Supervisor de manutenção,18,74453923330
Aline Rodrigues Pereira,aline.rodrigues.pereira.3906@example.com,Belém,Assistente comercial,25,50664592726
Nicolas Cardoso Oliveira,nicolas.cardoso.oliveira.3907@example.com,Goiânia,Gerente de operações,55,47713752692
Igor Araújo Monteiro,igor.araujo.monteiro.3908@example.com,Brasília,Analista de marketing,21,62545799788
Thiago Lima Moreira,thiago.lima.moreira.3909@example.com,Salvador,Analista de recursos humanos,50,06392434847
Juliana Carvalho Fernandes,juliana.carvalho.fernandes.3910@example.com,Belém,Coordenador administrativo,69,29113994411
Amanda Almeida Freitas,amanda.almeida.freitas.3911@example.com,Rondonópolis,Mecânico,53,29158005083
Bruno Teixeira Rocha,bruno.teixeira.rocha.3912@example.com,Rio de Janeiro,Programador,38,31252665494
Larissa Nascimento Rocha,larissa.nascimento.rocha.3913@example.com,Cuiabá,Analista de marketing,56,33894214148
Ricardo Barbosa Silva,ricardo.barbosa.silva.3914@example.com,Fortaleza,Analista de recursos humanos,30,57774281168
Felipe Teixeira Silva,felipe.teixeira.silva.3915@example.com,Florianópolis,Pedreiro,52,16096873631
Pedro Mendes Almeida,pedro.mendes.almeida.3916@example.com,Maringá,Supervisor de atendimento,23,37307173849
Gabriel Cardoso Castro,gabriel.cardoso.castro.3917@example.com,Curitiba,Coordenador de marketing,55,11561825034
Priscila Almeida Fernandes,priscila.almeida.fernandes.3918@example.com,Caxias do Sul,Chefe de departamento pessoal,51,20387787547
Débora Castro Freitas,debora.castro.freitas.3919@example.com,Campo Grande,Supervisor de qualidade,23,57262355380
Pedro Martins Rocha,pedro.martins.rocha.3920@example.com,Joinville,Gerente financeiro,47,35219055960
Diego Castro Mendes,diego.castro.mendes.3921@example.com,Natal,Gerente de recursos humanos,43,36898707402
Vitória Rodrigues Rodrigues,vitoria.rodrigues.rodrigues.3922@example.com,Dourados,Gerente comercial,39,77537966681
Gabriel Rocha Lima,gabriel.rocha.lima.3923@example.com,Cuiabá,Fisioterapeuta,46,20559956763
Sandra Mendes Lima,sandra.mendes.lima.3924@example.com,São Paulo,Chefe de compras,60,24182944714
Amanda Teixeira Teixeira,amanda.teixeira.teixeira.3925@example.com,Joinville,Comprador,54,12619610105
Fernanda Rocha Teixeira,fernanda.rocha.teixeira.3926@example.com,São Paulo,Diretor comercial,60,10688854028
Renata Oliveira Monteiro,renata.oliveira.monteiro.3927@example.com,Campinas,Gerente de tecnologia,27,35048574748
Sérgio Araújo Freitas,sergio.araujo.freitas.3928@example.com,Natal,Analista financeiro,56,67249457509
Patrícia Lima Pereira,patricia.lima.pereira.3929@example.com,Cuiabá,Coordenador de produção,52,34588077122
Pedro Silva Mendes,pedro.silva.mendes.3930@example.com,Santos,Vendedor,20,64467558690
Vanessa Teixeira Rodrigues,vanessa.teixeira.rodrigues.3931@example.com,Manaus,Nutricionista,52,50087472857
Paulo Barbosa Dias,paulo.barbosa.dias.3932@example.com,São Paulo,Professor,37,06131990973
Gabriel Silva Ribeiro,gabriel.silva.ribeiro.3933@example.com,Joinville,Arquiteto,24,18838228874
José Teixeira Martins,jose.teixeira.martins.3934@example.com,Belo Horizonte,Professor,63,29630575511
Carolina Barbosa Rocha,carolina.barbosa.rocha.3935@example.com,Londrina,Motorista,67,03092055324
Daniela Almeida Santos,daniela.almeida.santos.3936@example.com,Fortaleza,Gerente financeiro,52,58736641563
Felipe Cardoso Monteiro,felipe.cardoso.monteiro.3937@example.com,Rio de Janeiro,Técnico de enfermagem,35,30221314056
Aline Almeida Martins,aline.almeida.martins.3938@example.com,Natal,Coordenador de produção,35,52765601963
Vinícius Alves Barbosa,vinicius.alves.barbosa.3939@example.com,Vitória,Supervisor de manutenção,65,37000792101
Patrícia Cardoso Pereira,patricia.cardoso.pereira.3940@example.com,Fortaleza,Técnico de segurança do trabalho,35,57757801529
Beatriz Gomes Silva,beatriz.gomes.silva.3941@example.com,Goiânia,Assistente comercial,70,80060842132
Tatiane Souza Rocha,tatiane.souza.rocha.3942@example.com,Curitiba,Programador,29,45981093918
Priscila Pereira Castro,priscila.pereira.castro.3943@example.com,Recife,Designer gráfico,20,41721282098
Beatriz Rodrigues Costa,beatriz.rodrigues.costa.3944@example.com,Fortaleza,Supervisor de qualidade,59,30263191588
Carlos Araújo Souza,carlos.araujo.souza.3945@example.com,Recife,Auxiliar de produção,41,35918547763
Sandra Lima Dias,sandra.lima.dias.3946@example.com,Vitória,Gerente financeiro,51,84224570342
Eduardo Barbosa Carvalho,eduardo.barbosa.carvalho.3947@example.com,Niterói,Encarregado de produção,61,09675502798
Juliana Costa Pereira,juliana.costa.pereira.3948@example.com,Cuiabá,Assistente administrativo,25,45797991937
Gustavo Almeida Alves,gustavo.almeida.alves.3949@example.com,Maringá,Advogado,33,70706253677
Simone Martins Fernandes,simone.martins.fernandes.3950@example.com,Vitória,Coordenador de produção,48,74069549573
Camila Fernandes Mendes,camila.fernandes.mendes.3951@example.com,Belo Horizonte,Diretor comercial,26,30922337126
Ana Freitas Silva,ana.freitas.silva.3952@example.com,Santos,Coordenador de logística,52,62978780357
Bruno Araújo Ribeiro,bruno.araujo.ribeiro.3953@example.com,Cuiabá,Coordenador de logística,26,15107804414
Letícia Dias Silva,leticia.dias.silva.3954@example.com,Joinville,Comprador,19,13114747351
Larissa Araújo Silva,larissa.araujo.silva.3955@example.com,Londrina,Eletricista,68,48681880723
Simone Carvalho Cardoso,simone.carvalho.cardoso.3956@example.com,Londrina,Gerente de tecnologia,61,10622454289
João Freitas Gomes,joao.freitas.gomes.3957@example.com,Joinville,Gerente comercial,27,53009870257
Gabriel Pereira Dias,gabriel.pereira.dias.3958@example.com,Fortaleza,Assistente administrativo,49,48035012968
Paulo Alves Costa,paulo.alves.costa.3959@example.com,Cuiabá,Chefe de almoxarifado,22,57730995328
Leonardo Freitas Castro,leonardo.freitas.castro.3960@example.com,São Paulo,Encarregado de produção,29,80926514792
Otávio Freitas Moreira,otavio.freitas.moreira.3961@example.com,Caxias do Sul,Coordenador de produção,66,13814418218
Ricardo Araújo Nascimento,ricardo.araujo.nascimento.3962@example.com,Cuiabá,Coordenador de marketing,39,18215418333
Vinícius Dias Pereira,vinicius.dias.pereira.3963@example.com,Salvador,Enfermeiro,27,24679670147
Débora Santos Alves,debora.santos.alves.3964@example.com,Rondonópolis,Supervisor de atendimento,46,43370697271
Luana Rodrigues Almeida,luana.rodrigues.almeida.3965@example.com,Campinas,Diretor comercial,27,16083121745
Tatiane Barros Oliveira,tatiane.barros.oliveira.3966@example.com,Cuiabá,Analista de dados,53,66515177953
Eduardo Silva Barbosa,eduardo.silva.barbosa.3967@example.com,Joinville,Diretor de operações,25,52832885444
Bruno Rodrigues Silva,bruno.rodrigues.silva.3968@example.com,Salvador,Assistente comercial,52,58874323219
Gustavo Castro Teixeira,gustavo.castro.teixeira.3969@example.com,Santos,Supervisor de manutenção,34,04940454648
Diego Santos Barros,diego.santos.barros.3970@example.com,Recife,Estoquista,58,58674287626
Sandra Oliveira Nascimento,sandra.oliveira.nascimento.3971@example.com,Niterói,Diretor comercial,57,57680995510
Henrique Gomes Oliveira,henrique.gomes.oliveira.3972@example.com,Brasília,Diretor comercial,41,80923100973
Débora Silva Gomes,debora.silva.gomes.3973@example.com,Cuiabá,Estoquista,63,08942742260
Letícia Costa Castro,leticia.costa.castro.3974@example.com,Santos,Supervisor de vendas,58,84089426673
Gabriel Gomes Lima,gabriel.gomes.lima.3975@example.com,Manaus,Chefe de almoxarifado,47,90384751430
Sérgio Dias Barbosa,sergio.dias.barbosa.3976@example.com,Maringá,Designer gráfico,52,97829063539
Paulo Gomes Gomes,paulo.gomes.gomes.3977@example.com,Londrina,Gerente comercial,55,29995182104
Gabriela Santos Dias,gabriela.santos.dias.3978@example.com,Joinville,Estoquista,43,76595227560
Thiago Silva Souza,thiago.silva.souza.3979@example.com,Goiânia,Gerente financeiro,68,83452394306
Ana Costa Martins,ana.costa.martins.3980@example.com,Natal,Gerente de operações,52,96612248879
Igor Almeida Barbosa,igor.almeida.barbosa.3981@example.com,Recife,Gerente de recursos humanos,51,06867728922
Vinícius Santos Moreira,vinicius.santos.moreira.3982@example.com,São Paulo,Motorista,29,05316764355
Lucas Ribeiro Teixeira,lucas.ribeiro.teixeira.3983@example.com,Fortaleza,Designer gráfico,63,03160407584
Gustavo Martins Lima,gustavo.martins.lima.3984@example.com,Fortaleza,Padeiro,19,75625939944
Letícia Monteiro Moreira,leticia.monteiro.moreira.3985@example.com,Salvador,Engenheiro civil,39,67258133320
Gabriel Ribeiro Rodrigues,gabriel.ribeiro.rodrigues.3986@example.com,Recife,Encarregado de produção,27,73092381203
Débora Pereira Cardoso,debora.pereira.cardoso.3987@example.com,Rondonópolis,Fisioterapeuta,52,75660279733
Aline Cardoso Pereira,aline.cardoso.pereira.3988@example.com,Santos,Gerente de tecnologia,46,67845886227
Diego Barros Araújo,diego.barros.araujo.3989@example.com,Vitória,Designer gráfico,62,53748374304
Rafael Santos Souza,rafael.santos.souza.3990@example.com,Cuiabá,Advogado,23,52865750773
Vanessa Dias Ribeiro,vanessa.dias.ribeiro.3991@example.com,Santos,Advogado,63,28007095058
Otávio Rocha Silva,otavio.rocha.silva.3992@example.com,São Paulo,Diretor comercial,43,13012367491
Débora Costa Monteiro,debora.costa.monteiro.3993@example.com,Uberlândia,Corretor de imóveis,56,10178325580
José Oliveira Teixeira,jose.oliveira.teixeira.3994@example.com,Fortaleza,Professor,45,26563639369
Débora Gomes Souza,debora.gomes.souza.3995@example.com,Campinas,Técnico de enfermagem,47,32406499419
Ana Teixeira Monteiro,ana.teixeira.monteiro.3996@example.com,São Paulo,Chefe de departamento pessoal,26,38504033317
Daniela Pereira Silva,daniela.pereira.silva.3997@example.com,Porto Alegre,Supervisor de atendimento,37,32085575347
Carlos Cardoso Rodrigues,carlos.cardoso.rodrigues.3998@example.com,Londrina,Mecânico,35,58773778551
Ricardo Almeida Alves,ricardo.almeida.alves.3999@example.com,Uberlândia,Diretor comercial,42,63918600777
Pedro Oliveira Martins,pedro.oliveira.martins.4000@example.com,Recife,Coordenador de produção,45,54044135493
Paulo Costa Almeida,paulo.costa.almeida.4001@example.com,Caxias do Sul,Gerente comercial,68,03848247907
Leonardo Monteiro Almeida,leonardo.monteiro.almeida.4002@example.com,Maringá,Analista de dados,45,03338091811
Marcelo Ribeiro Souza,marcelo.ribeiro.souza.4003@example.com,São Paulo,Arquiteto,47,20084931194
Lucas Almeida Oliveira,lucas.almeida.oliveira.4004@example.com,Cuiabá,Vendedor,57,29671582527
Camila Castro Cardoso,camila.castro.cardoso.4005@example.com,Belém,Gerente de recursos humanos,28,17077610480
Tatiane Dias Silva,tatiane.dias.silva.4006@example.com,Joinville,Recepcionista,36,70860611651
Bruno Souza Monteiro,bruno.souza.monteiro.4007@example.com,Belo Horizonte,Diretor de operações,50,22057294580
Ana Pereira Freitas,ana.pereira.freitas.4008@example.com,Goiânia,Jornalista,21,42989661864
Mariana Martins Nascimento,mariana.martins.nascimento.4009@example.com,Rio de Janeiro,Mecânico,25,27163869299
Priscila Santos Silva,priscila.santos.silva.4010@example.com,Brasília,Analista de recursos humanos,42,22837009052
Paulo Rodrigues Rocha,paulo.rodrigues.rocha.4011@example.com,Brasília,Gerente de tecnologia,19,44413691719
Ricardo Nascimento Costa,ricardo.nascimento.costa.4012@example.com,Uberlândia,Supervisor de manutenção,68,88837420097
Felipe Castro Moreira,felipe.castro.moreira.4013@example.com,Caxias do Sul,Coordenador de marketing,44,95701476152
Amanda Barros Moreira,amanda.barros.moreira.4014@example.com,São Paulo,Supervisor de atendimento,68,78638877206
Gustavo Teixeira Araújo,gustavo.teixeira.araujo.4015@example.com,Dourados,Arquiteto,44,44445383881
Amanda Barbosa Souza,amanda.barbosa.souza.4016@example.com,Recife,Recepcionista,53,52678481114
Carlos Araújo Mendes,carlos.araujo.mendes.4017@example.com,Salvador,Assistente administrativo,30,47373305745
Rafael Barbosa Barbosa,rafael.barbosa.barbosa.4018@example.com,Sorocaba,Contador,22,89202344344
Thiago Pereira Barbosa,thiago.pereira.barbosa.4019@example.com,Niterói,Diretor comercial,60,38137797129
Rafael Moreira Moreira,rafael.moreira.moreira.4020@example.com,Porto Alegre,Técnico em informática,36,28031308023
Gustavo Monteiro Monteiro,gustavo.monteiro.monteiro.4021@example.com,Dourados,Assistente comercial,32,54466172061
Luana Alves Nascimento,luana.alves.nascimento.4022@example.com,Dourados,Supervisor de atendimento,25,26946871638
Paulo Mendes Ribeiro,paulo.mendes.ribeiro.4023@example.com,Caxias do Sul,Vendedor,41,65734483234
Beatriz Barros Santos,beatriz.barros.santos.4024@example.com,Manaus,Vendedor,47,91360126372
Débora Rocha Rocha,debora.rocha.rocha.4025@example.com,Niterói,Contador,34,98486589984
Diego Costa Carvalho,diego.costa.carvalho.4026@example.com,Curitiba,Encarregado de produção,57,73041624901
Rafael Pereira Oliveira,rafael.pereira.oliveira.4027@example.com,Salvador,Fisioterapeuta,27,13830101828
Marcelo Mendes Barbosa,marcelo.mendes.barbosa.4028@example.com,Rondonópolis,Motorista,50,21863658047
Letícia Lima Carvalho,leticia.lima.carvalho.4029@example.com,Curitiba,Pedreiro,33,35374075457
Lucas Alves Souza,lucas.alves.souza.4030@example.com,Curitiba,Assistente comercial,25,52337261797
Gustavo Martins Souza,gustavo.martins.souza.4031@example.com,Vitória,Analista de marketing,50,79628589564
João Rodrigues Rodrigues,joao.rodrigues.rodrigues.4032@example.com,Porto Alegre,Auxiliar de produção,32,54331457619
Mariana Gomes Pereira,mariana.gomes.pereira.4033@example.com,Rio de Janeiro,Gerente de tecnologia,28,19846108409
Sandra Gomes Barbosa,sandra.gomes.barbosa.4034@example.com,Joinville,Chefe de compras,35,53421668659
Nicolas Lima Moreira,nicolas.lima.moreira.4035@example.com,Rio de Janeiro,Atendente,33,92231451051
Eduardo Pereira Lima,eduardo.pereira.lima.4036@example.com,Dourados,Chefe de almoxarifado,36,19465494434
Carolina Silva Rocha,carolina.silva.rocha.4037@example.com,Brasília,Enfermeiro,66,24161484961
Henrique Carvalho Barros,henrique.carvalho.barros.4038@example.com,Rondonópolis,Chefe de compras,68,31345149404
Juliana Oliveira Almeida,juliana.oliveira.almeida.4039@example.com,Goiânia,Técnico em informática,24,95377023207
Rafael Rodrigues Barros,rafael.rodrigues.barros.4040@example.com,Cuiabá,Recepcionista,50,78385696738
Larissa Lima Barbosa,larissa.lima.barbosa.4041@example.com,Curitiba,Diretor de operações,39,39195028172
Ricardo Nascimento Silva,ricardo.nascimento.silva.4042@example.com,Caxias do Sul,Atendente,27,41275022217
Lucas Oliveira Monteiro,lucas.oliveira.monteiro.4043@example.com,Vitória,Líder de equipe,44,91458772937
Eduardo Souza Souza,eduardo.souza.souza.4044@example.com,Belo Horizonte,Técnico em informática,23,95310047607
Renata Castro Alves,renata.castro.alves.4045@example.com,Belém,Fisioterapeuta,59,44245788457
Débora Gomes Ribeiro,debora.gomes.ribeiro.4046@example.com,Belém,Arquiteto,37,36053001457
Thiago Oliveira Dias,thiago.oliveira.dias.4047@example.com,Rondonópolis,Programador,24,14619994116
Amanda Oliveira Silva,amanda.oliveira.silva.4048@example.com,Fortaleza,Programador,45,80495138169
Aline Fernandes Alves,aline.fernandes.alves.4049@example.com,Uberlândia,Técnico de segurança do trabalho,52,22292154394
Pedro Alves Lima,pedro.alves.lima.4050@example.com,Belo Horizonte,Analista de dados,56,29351293687
Rafael Ribeiro Gomes,rafael.ribeiro.gomes.4051@example.com,Vitória,Gerente financeiro,55,04572983461
Pedro Rocha Pereira,pedro.rocha.pereira.4052@example.com,Florianópolis,Analista de marketing,69,07262975146
Thiago Silva Souza,thiago.silva.souza.4053@example.com,Caxias do Sul,Analista de dados,48,56051531517
Aline Cardoso Barros,aline.cardoso.barros.4054@example.com,Natal,Analista financeiro,43,92991418399
Camila Silva Oliveira,camila.silva.oliveira.4055@example.com,Curitiba,Engenheiro civil,25,35911490781
Mariana Monteiro Castro,mariana.monteiro.castro.4056@example.com,Porto Alegre,Farmacêutico,49,82063795810
Juliana Barbosa Alves,juliana.barbosa.alves.4057@example.com,Maringá,Eletricista,54,65724290571
Simone Ribeiro Barbosa,simone.ribeiro.barbosa.4058@example.com,Rio de Janeiro,Coordenador de marketing,53,99930757441
Henrique Araújo Fernandes,henrique.araujo.fernandes.4059@example.com,Manaus,Diretor de operações,55,72408648387
Mariana Fernandes Silva,mariana.fernandes.silva.4060@example.com,Belém,Técnico em informática,68,68665161045
Nicolas Cardoso Silva,nicolas.cardoso.silva.4061@example.com,Rondonópolis,Contador,70,18411924754
Marcelo Dias Santos,marcelo.dias.santos.4062@example.com,Sorocaba,Coordenador de produção,30,90892562063
Aline Freitas Ribeiro,aline.freitas.ribeiro.4063@example.com,Manaus,Programador,28,89120246006
Ricardo Dias Moreira,ricardo.dias.moreira.4064@example.com,Dourados,Fisioterapeuta,38,76115277456
Juliana Fernandes Barbosa,juliana.fernandes.barbosa.4065@example.com,Porto Alegre,Operador de caixa,35,57052414364
Luana Martins Dias,luana.martins.dias.4066@example.com,Belo Horizonte,Designer gráfico,44,32706829621
Henrique Araújo Ribeiro,henrique.araujo.ribeiro.4067@example.com,Sorocaba,Analista de dados,60,63824601603
Luana Nascimento Santos,luana.nascimento.santos.4068@example.com,Manaus,Professor,43,06434644986
Fernanda Martins Costa,fernanda.martins.costa.4069@example.com,Manaus,Operador de caixa,55,69670957512
Felipe Costa Alves,felipe.costa.alves.4070@example.com,Santos,Assistente comercial,47,16655417360
Patrícia Monteiro Souza,patricia.monteiro.souza.4071@example.com,Fortaleza,Chefe de compras,41,64862229601
Marcelo Castro Oliveira,marcelo.castro.oliveira.4072@example.com,Sorocaba,Enfermeiro,59,00746234948
Otávio Freitas Mendes,otavio.freitas.mendes.4073@example.com,Sorocaba,Técnico em informática,66,65913777983
Pedro Pereira Cardoso,pedro.pereira.cardoso.4074@example.com,Belém,Supervisor de qualidade,23,61417132525
Tatiane Moreira Costa,tatiane.moreira.costa.4075@example.com,Manaus,Gerente comercial,22,42303373382
Paulo Castro Gomes,paulo.castro.gomes.4076@example.com,Londrina,Farmacêutico,49,01877764684
Carolina Dias Fernandes,carolina.dias.fernandes.4077@example.com,Natal,Supervisor de vendas,54,63736983154
Rafael Oliveira Carvalho,rafael.oliveira.carvalho.4078@example.com,Maringá,Gerente de recursos humanos,43,07418447768
Carolina Freitas Barros,carolina.freitas.barros.4079@example.com,Vitória,Gerente de recursos humanos,37,11115371421
Gabriel Souza Nascimento,gabriel.souza.nascimento.4080@example.com,Manaus,Gerente de recursos humanos,44,56491526492
Vitória Rocha Costa,vitoria.rocha.costa.4081@example.com,Rondonópolis,Supervisor de manutenção,25,25915135477
José Araújo Ribeiro,jose.araujo.ribeiro.4082@example.com,Rondonópolis,Chefe de compras,58,45072438724
Pedro Moreira Oliveira,pedro.moreira.oliveira.4083@example.com,Rondonópolis,Assistente comercial,53,02578568743
Bruno Moreira Araújo,bruno.moreira.araujo.4084@example.com,São Paulo,Técnico em informática,25,89585033762
Letícia Souza Alves,leticia.souza.alves.4085@example.com,Belém,Cozinheiro,33,51068914547
Igor Teixeira Alves,igor.teixeira.alves.4086@example.com,Manaus,Professor,22,70139201378
Fernanda Barros Almeida,fernanda.barros.almeida.4087@example.com,São Paulo,Diretor comercial,54,01299225427
Renata Freitas Carvalho,renata.freitas.carvalho.4088@example.com,Goiânia,Auxiliar de produção,45,71092865894
Vanessa Carvalho Mendes,vanessa.carvalho.mendes.4089@example.com,Maringá,Farmacêutico,24,75886507776
Vitória Dias Silva,vitoria.dias.silva.4090@example.com,Vitória,Diretor de operações,43,86284413209
Letícia Fernandes Mendes,leticia.fernandes.mendes.4091@example.com,Vitória,Designer gráfico,63,95814494424
Larissa Cardoso Costa,larissa.cardoso.costa.4092@example.com,Manaus,Supervisor de manutenção,23,15902067206
Otávio Souza Barros,otavio.souza.barros.4093@example.com,Rio de Janeiro,Arquiteto,51,43450399905
Bruno Silva Pereira,bruno.silva.pereira.4094@example.com,Rio de Janeiro,Estoquista,61,27513334047
Camila Martins Moreira,camila.martins.moreira.4095@example.com,Fortaleza,Cozinheiro,45,70893769890
Igor Carvalho Barros,igor.carvalho.barros.4096@example.com,Caxias do Sul,Eletricista,19,37925427144
Larissa Souza Costa,larissa.souza.costa.4097@example.com,Campo Grande,Coordenador administrativo,38,35765868766
João Gomes Rocha,joao.gomes.rocha.4098@example.com,Recife,Técnico de segurança do trabalho,57,28227210475
Simone Lima Castro,simone.lima.castro.4099@example.com,Dourados,Recepcionista,34,81180828220
Camila Monteiro Fernandes,camila.monteiro.fernandes.4100@example.com,Belo Horizonte,Designer gráfico,34,00989018693
Letícia Carvalho Monteiro,leticia.carvalho.monteiro.4101@example.com,Sorocaba,Supervisor de atendimento,63,18354390326
Gabriel Gomes Barbosa,gabriel.gomes.barbosa.4102@example.com,Caxias do Sul,Analista de marketing,64,48912142289
Bruno Alves Mendes,bruno.alves.mendes.4103@example.com,Belém,Fisioterapeuta,38,70272289914
Marcelo Mendes Lima,marcelo.mendes.lima.4104@example.com,Rondonópolis,Assistente administrativo,63,80238648069
Nicolas Souza Rodrigues,nicolas.souza.rodrigues.4105@example.com,Natal,Técnico em informática,59,35761767484
Gustavo Monteiro Santos,gustavo.monteiro.santos.4106@example.com,Salvador,Programador,47,39797271455
Henrique Araújo Cardoso,henrique.araujo.cardoso.4107@example.com,Salvador,Corretor de imóveis,26,06642369130
Renata Almeida Araújo,renata.almeida.araujo.4108@example.com,Curitiba,Corretor de imóveis,49,68634981222
Larissa Monteiro Araújo,larissa.monteiro.araujo.4109@example.com,Sorocaba,Auxiliar de produção,31,61754838941
Ricardo Carvalho Silva,ricardo.carvalho.silva.4110@example.com,Campo Grande,Supervisor de qualidade,43,77584962168
Luana Rocha Moreira,luana.rocha.moreira.4111@example.com,Dourados,Diretor de operações,23,62036201238
Débora Almeida Nascimento,debora.almeida.nascimento.4112@example.com,Salvador,Eletricista,39,15018445679
Larissa Ribeiro Carvalho,larissa.ribeiro.carvalho.4113@example.com,Vitória,Gerente de tecnologia,31,14807893154
Gabriel Souza Gomes,gabriel.souza.gomes.4114@example.com,Caxias do Sul,Líder de equipe,52,87429600359
Ana Pereira Dias,ana.pereira.dias.4115@example.com,Cuiabá,Atendente,70,99850539695
Carlos Almeida Silva,carlos.almeida.silva.4116@example.com,Dourados,Analista de marketing,19,28964942624
Luana Lima Rocha,luana.lima.rocha.4117@example.com,Joinville,Programador,43,39854419184
Renata Fernandes Barros,renata.fernandes.barros.4118@example.com,Joinville,Cozinheiro,32,66745872871
Priscila Mendes Barbosa,priscila.mendes.barbosa.4119@example.com,Belém,Assistente comercial,58,91347402640
Patrícia Almeida Monteiro,patricia.almeida.monteiro.4120@example.com,Vitória,Auxiliar de produção,32,15465560392
Paulo Almeida Costa,paulo.almeida.costa.4121@example.com,Salvador,Enfermeiro,54,12193290224
Bruno Gomes Santos,bruno.gomes.santos.4122@example.com,Natal,Vendedor,18,76905331642
Vitória Ribeiro Silva,vitoria.ribeiro.silva.4123@example.com,Niterói,Analista financeiro,64,11320663730
José Rodrigues Nascimento,jose.rodrigues.nascimento.4124@example.com,Campo Grande,Operador de caixa,25,50279662936
Débora Castro Oliveira,debora.castro.oliveira.4125@example.com,Brasília,Vendedor,39,08646998476
Luana Alves Carvalho,luana.alves.carvalho.4126@example.com,Recife,Auxiliar de produção,51,29072916007
Patrícia Barbosa Teixeira,patricia.barbosa.teixeira.4127@example.com,Sorocaba,Gerente financeiro,22,51315765444
Ana Souza Cardoso,ana.souza.cardoso.4128@example.com,Fortaleza,Farmacêutico,54,88327331574
Pedro Barbosa Souza,pedro.barbosa.souza.4129@example.com,Maringá,Auxiliar de produção,63,92973746001
Nicolas Monteiro Oliveira,nicolas.monteiro.oliveira.4130@example.com,Uberlândia,Analista de dados,51,47554318102
Renata Dias Gomes,renata.dias.gomes.4131@example.com,Uberlândia,Gerente comercial,22,37397094859
Carolina Alves Almeida,carolina.alves.almeida.4132@example.com,Caxias do Sul,Chefe de almoxarifado,60,37410174632
Henrique Santos Fernandes,henrique.santos.fernandes.4133@example.com,Sorocaba,Supervisor de qualidade,42,56974843572
Sandra Fernandes Carvalho,sandra.fernandes.carvalho.4134@example.com,Campo Grande,Nutricionista,28,95569723766
Letícia Monteiro Oliveira,leticia.monteiro.oliveira.4135@example.com,Caxias do Sul,Farmacêutico,65,47115012747
Gustavo Cardoso Cardoso,gustavo.cardoso.cardoso.4136@example.com,Manaus,Analista financeiro,44,55791034099
Thiago Freitas Barbosa,thiago.freitas.barbosa.4137@example.com,Cuiabá,Diretor de operações,37,27089617720
Renata Barros Rodrigues,renata.barros.rodrigues.4138@example.com,Porto Alegre,Diretor de operações,54,23733847771
Patrícia Santos Silva,patricia.santos.silva.4139@example.com,Campo Grande,Chefe de departamento pessoal,49,57696405788
Fernanda Teixeira Moreira,fernanda.teixeira.moreira.4140@example.com,Fortaleza,Enfermeiro,48,51131093357
Thiago Pereira Santos,thiago.pereira.santos.4141@example.com,Belém,Analista de marketing,18,07896524799
Beatriz Barbosa Barros,beatriz.barbosa.barros.4142@example.com,Londrina,Técnico de segurança do trabalho,58,89549250838
Camila Moreira Teixeira,camila.moreira.teixeira.4143@example.com,Fortaleza,Mecânico,18,72855543953
Paulo Almeida Rocha,paulo.almeida.rocha.4144@example.com,Natal,Arquiteto,64,97544442093
Daniela Ribeiro Souza,daniela.ribeiro.souza.4145@example.com,São Paulo,Técnico de segurança do trabalho,26,91266984035
Daniela Barbosa Martins,daniela.barbosa.martins.4146@example.com,Manaus,Recepcionista,34,53066307725
Sandra Souza Cardoso,sandra.souza.cardoso.4147@example.com,Goiânia,Diretor de operações,66,28636896145
Beatriz Cardoso Silva,beatriz.cardoso.silva.4148@example.com,Dourados,Fisioterapeuta,69,20431929460
Marcelo Araújo Costa,marcelo.araujo.costa.4149@example.com,Londrina,Analista de marketing,61,79253218127
Ricardo Castro Gomes,ricardo.castro.gomes.4150@example.com,Natal,Analista de recursos humanos,34,79011423154
Eduardo Pereira Lima,eduardo.pereira.lima.4151@example.com,Sorocaba,Analista de dados,67,25603716744
Renata Moreira Castro,renata.moreira.castro.4152@example.com,Rondonópolis,Recepcionista,66,54019063305
Tatiane Monteiro Lima,tatiane.monteiro.lima.4153@example.com,Vitória,Encarregado de produção,38,65444866501
Vanessa Dias Teixeira,vanessa.dias.teixeira.4154@example.com,Manaus,Contador,57,24272786347
Camila Rodrigues Alves,camila.rodrigues.alves.4155@example.com,Vitória,Jornalista,25,11729960166
Nicolas Freitas Barros,nicolas.freitas.barros.4156@example.com,Cuiabá,Analista de dados,39,19670116740
Paulo Castro Gomes,paulo.castro.gomes.4157@example.com,Caxias do Sul,Motorista,49,55179704346
Bruno Ribeiro Martins,bruno.ribeiro.martins.4158@example.com,Cuiabá,Mecânico,62,57954422048
Leonardo Cardoso Cardoso,leonardo.cardoso.cardoso.4159@example.com,Santos,Supervisor de vendas,23,55661143488
Beatriz Almeida Rocha,beatriz.almeida.rocha.4160@example.com,Goiânia,Padeiro,29,68525387567
Vitória Dias Dias,vitoria.dias.dias.4161@example.com,Maringá,Gerente financeiro,28,79553535674
Tatiane Mendes Mendes,tatiane.mendes.mendes.4162@example.com,Campinas,Mecânico,46,98869296094
Henrique Dias Carvalho,henrique.dias.carvalho.4163@example.com,Belo Horizonte,Gerente financeiro,47,16326481142
João Dias Almeida,joao.dias.almeida.4164@example.com,São Paulo,Comprador,51,72935870812
Sandra Alves Martins,sandra.alves.martins.4165@example.com,Natal,Analista de marketing,22,21749067426
José Souza Silva,jose.souza.silva.4166@example.com,Campo Grande,Fisioterapeuta,69,72774952472
Larissa Almeida Barbosa,larissa.almeida.barbosa.4167@example.com,Brasília,Cozinheiro,69,99377905240
Vanessa Dias Almeida,vanessa.dias.almeida.4168@example.com,Campinas,Gerente financeiro,40,21113464349
Thiago Fernandes Barros,thiago.fernandes.barros.4169@example.com,Vitória,Motorista,30,18799898009
Felipe Pereira Mendes,felipe.pereira.mendes.4170@example.com,Campo Grande,Coordenador administrativo,40,38680882921
Fernanda Gomes Ribeiro,fernanda.gomes.ribeiro.4171@example.com,Dourados,Gerente financeiro,43,05430737571
Gustavo Castro Freitas,gustavo.castro.freitas.4172@example.com,Salvador,Mecânico,38,90864202313
Renata Freitas Teixeira,renata.freitas.teixeira.4173@example.com,Vitória,Gerente de tecnologia,69,68595889093
Nicolas Ribeiro Mendes,nicolas.ribeiro.mendes.4174@example.com,Salvador,Farmacêutico,20,13930389527
Eduardo Freitas Cardoso,eduardo.freitas.cardoso.4175@example.com,Belo Horizonte,Auxiliar de produção,34,76032809489
Bruno Santos Araújo,bruno.santos.araujo.4176@example.com,Dourados,Corretor de imóveis,22,57820979804
Bruno Nascimento Gomes,bruno.nascimento.gomes.4177@example.com,Caxias do Sul,Gerente de tecnologia,70,34935513514
Nicolas Rocha Castro,nicolas.rocha.castro.4178@example.com,Cuiabá,Fisioterapeuta,40,03287734479
Renata Ribeiro Monteiro,renata.ribeiro.monteiro.4179@example.com,Brasília,Designer gráfico,44,27335358108
Aline Barros Castro,aline.barros.castro.4180@example.com,Fortaleza,Auxiliar de produção,34,90615612874
Gabriela Cardoso Ribeiro,gabriela.cardoso.ribeiro.4181@example.com,Rondonópolis,Fisioterapeuta,28,31320649239
Luana Alves Mendes,luana.alves.mendes.4182@example.com,Salvador,Gerente de operações,38,24445713595
Aline Souza Barros,aline.souza.barros.4183@example.com,Belo Horizonte,Professor,60,08150424053
Renata Teixeira Oliveira,renata.teixeira.oliveira.4184@example.com,Uberlândia,Técnico em informática,51,42657141946
Débora Ribeiro Rodrigues,debora.ribeiro.rodrigues.4185@example.com,Vitória,Analista financeiro,43,85834414227
Marcelo Nascimento Freitas,marcelo.nascimento.freitas.4186@example.com,Campinas,Analista de recursos humanos,54,83933980151
Sérgio Oliveira Almeida,sergio.oliveira.almeida.4187@example.com,Porto Alegre,Técnico de segurança do trabalho,41,67939439495
Marcelo Nascimento Moreira,marcelo.nascimento.moreira.4188@example.com,Florianópolis,Fisioterapeuta,44,75854989158
Carlos Santos Teixeira,carlos.santos.teixeira.4189@example.com,Fortaleza,Chefe de departamento pessoal,50,67864019261
Paulo Alves Gomes,paulo.alves.gomes.4190@example.com,Fortaleza,Diretor comercial,28,54689853430
Renata Santos Teixeira,renata.santos.teixeira.4191@example.com,Fortaleza,Gerente de tecnologia,56,85323569047
José Gomes Freitas,jose.gomes.freitas.4192@example.com,Vitória,Nutricionista,19,96491836479
Lucas Souza Nascimento,lucas.souza.nascimento.4193@example.com,Brasília,Corretor de imóveis,39,94948937023
João Barros Nascimento,joao.barros.nascimento.4194@example.com,Cuiabá,Encarregado de produção,38,31551817834
Daniela Oliveira Martins,daniela.oliveira.martins.4195@example.com,Santos,Coordenador de logística,57,86235275845
Paulo Gomes Fernandes,paulo.gomes.fernandes.4196@example.com,Fortaleza,Cozinheiro,45,03661844044
Sérgio Araújo Moreira,sergio.araujo.moreira.4197@example.com,Belo Horizonte,Operador de caixa,36,95498145932
Amanda Teixeira Costa,amanda.teixeira.costa.4198@example.com,Uberlândia,Estoquista,24,63680114502
Fernanda Oliveira Teixeira,fernanda.oliveira.teixeira.4199@example.com,Santos,Gerente de operações,29,47913179081
Leonardo Barbosa Monteiro,leonardo.barbosa.monteiro.4200@example.com,Florianópolis,Pedreiro,28,45095777676
Leonardo Nascimento Freitas,leonardo.nascimento.freitas.4201@example.com,Belo Horizonte,Coordenador de marketing,65,33627711397
Igor Costa Ribeiro,igor.costa.ribeiro.4202@example.com,Natal,Gerente financeiro,21,80833299211
Gabriel Martins Silva,gabriel.martins.silva.4203@example.com,Curitiba,Cozinheiro,31,92219725274
Ricardo Pereira Monteiro,ricardo.pereira.monteiro.4204@example.com,Londrina,Analista de recursos humanos,37,14466259663
Nicolas Araújo Oliveira,nicolas.araujo.oliveira.4205@example.com,Campinas,Arquiteto,56,97610165771
Camila Carvalho Costa,camila.carvalho.costa.4206@example.com,Vitória,Gerente de recursos humanos,41,96073973798
Henrique Moreira Dias,henrique.moreira.dias.4207@example.com,Campo Grande,Gerente comercial,37,22010670020
Rafael Barbosa Almeida,rafael.barbosa.almeida.4208@example.com,Belém,Advogado,40,56196865683
Diego Martins Rodrigues,diego.martins.rodrigues.4209@example.com,Porto Alegre,Analista de dados,52,14140341507
Thiago Pereira Silva,thiago.pereira.silva.4210@example.com,Goiânia,Motorista,60,51240968423
Sandra Almeida Alves,sandra.almeida.alves.4211@example.com,Goiânia,Cozinheiro,40,29049460536
Marcelo Monteiro Castro,marcelo.monteiro.castro.4212@example.com,Vitória,Nutricionista,69,91339757340
Renata Monteiro Dias,renata.monteiro.dias.4213@example.com,Sorocaba,Analista de recursos humanos,50,21005597484
Eduardo Silva Nascimento,eduardo.silva.nascimento.4214@example.com,Fortaleza,Chefe de almoxarifado,49,29227918676
Eduardo Dias Barbosa,eduardo.dias.barbosa.4215@example.com,Vitória,Supervisor de atendimento,58,54165154797
Henrique Fernandes Pereira,henrique.fernandes.pereira.4216@example.com,Dourados,Gerente de operações,21,56345946534
Patrícia Barros Souza,patricia.barros.souza.4217@example.com,Porto Alegre,Supervisor de atendimento,56,00174246533
Eduardo Souza Ribeiro,eduardo.souza.ribeiro.4218@example.com,Goiânia,Advogado,46,84191813146
Igor Costa Silva,igor.costa.silva.4219@example.com,Rio de Janeiro,Coordenador de logística,44,82544646497
Simone Pereira Ribeiro,simone.pereira.ribeiro.4220@example.com,Sorocaba,Técnico em informática,33,97973562587
Nicolas Freitas Souza,nicolas.freitas.souza.4221@example.com,Cuiabá,Coordenador administrativo,46,17533942687
Vitória Teixeira Santos,vitoria.teixeira.santos.4222@example.com,Brasília,Motorista,45,80504326444
Gabriel Freitas Lima,gabriel.freitas.lima.4223@example.com,São Paulo,Chefe de compras,66,42093483185
Carolina Pereira Monteiro,carolina.pereira.monteiro.4224@example.com,Salvador,Fisioterapeuta,56,80628567591
Paulo Moreira Martins,paulo.moreira.martins.4225@example.com,Florianópolis,Analista de dados,31,39773846304
Amanda Gomes Rocha,amanda.gomes.rocha.4226@example.com,Florianópolis,Diretor de operações,45,10383036168
Camila Lima Freitas,camila.lima.freitas.4227@example.com,Brasília,Corretor de imóveis,53,43935745391
Vanessa Silva Monteiro,vanessa.silva.monteiro.4228@example.com,Londrina,Comprador,31,09703220237
Carlos Monteiro Araújo,carlos.monteiro.araujo.4229@example.com,Recife,Eletricista,64,59078878120
Tatiane Pereira Freitas,tatiane.pereira.freitas.4230@example.com,Recife,Analista de dados,54,20880241571
Beatriz Alves Freitas,beatriz.alves.freitas.4231@example.com,Cuiabá,Chefe de departamento pessoal,51,79320629436
Patrícia Carvalho Rocha,patricia.carvalho.rocha.4232@example.com,Campinas,Analista de dados,21,11299016342
Amanda Rocha Cardoso,amanda.rocha.cardoso.4233@example.com,Fortaleza,Eletricista,39,62119501418
Otávio Mendes Martins,otavio.mendes.martins.4234@example.com,Recife,Gerente de tecnologia,46,15870045695
José Silva Lima,jose.silva.lima.4235@example.com,Caxias do Sul,Professor,50,33443285428
Beatriz Carvalho Castro,beatriz.carvalho.castro.4236@example.com,Vitória,Chefe de compras,37,25538216642
Pedro Barbosa Lima,pedro.barbosa.lima.4237@example.com,Brasília,Chefe de compras,42,06826028566
Beatriz Barros Rodrigues,beatriz.barros.rodrigues.4238@example.com,Manaus,Chefe de almoxarifado,22,01069236033
João Nascimento Cardoso,joao.nascimento.cardoso.4239@example.com,Cuiabá,Pedreiro,34,92287833229
Juliana Cardoso Ribeiro,juliana.cardoso.ribeiro.4240@example.com,Brasília,Supervisor de qualidade,33,66232340916
Luana Rodrigues Barros,luana.rodrigues.barros.4241@example.com,Salvador,Professor,23,12664431081
Ana Moreira Alves,ana.moreira.alves.4242@example.com,Campo Grande,Chefe de compras,66,43724698923
Carolina Almeida Santos,carolina.almeida.santos.4243@example.com,Fortaleza,Gerente de recursos humanos,45,67646162005
Sérgio Araújo Nascimento,sergio.araujo.nascimento.4244@example.com,Goiânia,Programador,38,74680020185
Marcelo Moreira Souza,marcelo.moreira.souza.4245@example.com,Brasília,Supervisor de manutenção,30,52173674248
Vinícius Nascimento Mendes,vinicius.nascimento.mendes.4246@example.com,Brasília,Técnico em informática,48,17350300936
Beatriz Mendes Fernandes,beatriz.mendes.fernandes.4247@example.com,Belém,Analista financeiro,64,12575716047
Priscila Moreira Costa,priscila.moreira.costa.4248@example.com,Florianópolis,Vendedor,51,54828285752
Marcelo Castro Fernandes,marcelo.castro.fernandes.4249@example.com,Salvador,Líder de equipe,43,46333963997
Igor Dias Freitas,igor.dias.freitas.4250@example.com,Maringá,Designer gráfico,21,15475751061
Sandra Santos Almeida,sandra.santos.almeida.4251@example.com,Manaus,Pedreiro,29,70222283057
Vanessa Costa Barros,vanessa.costa.barros.4252@example.com,Porto Alegre,Chefe de departamento pessoal,40,95168648011
Thiago Barbosa Gomes,thiago.barbosa.gomes.4253@example.com,Rio de Janeiro,Contador,31,17805535520
Otávio Alves Gomes,otavio.alves.gomes.4254@example.com,Goiânia,Diretor comercial,55,02394196587
Tatiane Silva Fernandes,tatiane.silva.fernandes.4255@example.com,Uberlândia,Arquiteto,35,12093762321
Juliana Araújo Oliveira,juliana.araujo.oliveira.4256@example.com,Fortaleza,Corretor de imóveis,52,35008645409
Beatriz Rodrigues Ribeiro,beatriz.rodrigues.ribeiro.4257@example.com,Maringá,Estoquista,50,83141919429
Gabriel Pereira Gomes,gabriel.pereira.gomes.4258@example.com,Brasília,Analista de dados,21,55611358980
Marcelo Gomes Monteiro,marcelo.gomes.monteiro.4259@example.com,Fortaleza,Eletricista,61,08961313027
Simone Oliveira Rocha,simone.oliveira.rocha.4260@example.com,Curitiba,Comprador,51,86941017425
Vanessa Silva Pereira,vanessa.silva.pereira.4261@example.com,Belo Horizonte,Advogado,35,67770558989
Thiago Costa Martins,thiago.costa.martins.4262@example.com,Natal,Designer gráfico,24,62337759204
Rafael Silva Silva,rafael.silva.silva.4263@example.com,Londrina,Eletricista,65,38485708538
Lucas Gomes Mendes,lucas.gomes.mendes.4264@example.com,Manaus,Arquiteto,36,98674113978
Thiago Barbosa Souza,thiago.barbosa.souza.4265@example.com,São Paulo,Motorista,69,21897208879
Gustavo Rocha Pereira,gustavo.rocha.pereira.4266@example.com,Brasília,Supervisor de manutenção,23,78452596388
Gabriel Nascimento Alves,gabriel.nascimento.alves.4267@example.com,Sorocaba,Engenheiro civil,31,73927075768
Vitória Gomes Mendes,vitoria.gomes.mendes.4268@example.com,Salvador,Gerente comercial,48,47581248824
Patrícia Barbosa Monteiro,patricia.barbosa.monteiro.4269@example.com,Goiânia,Coordenador de logística,67,00109750575
Débora Santos Freitas,debora.santos.freitas.4270@example.com,Recife,Gerente comercial,36,64467895478
Felipe Freitas Costa,felipe.freitas.costa.4271@example.com,Porto Alegre,Chefe de compras,39,97882594775
José Barros Monteiro,jose.barros.monteiro.4272@example.com,Londrina,Padeiro,48,14041742140
Beatriz Barros Moreira,beatriz.barros.moreira.4273@example.com,Curitiba,Supervisor de atendimento,34,69368123698
Juliana Oliveira Gomes,juliana.oliveira.gomes.4274@example.com,Campinas,Supervisor de qualidade,36,32425288941
Renata Martins Costa,renata.martins.costa.4275@example.com,Niterói,Técnico em informática,70,90643576132
Priscila Martins Santos,priscila.martins.santos.4276@example.com,Uberlândia,Diretor comercial,26,13365425002
Juliana Santos Teixeira,juliana.santos.teixeira.4277@example.com,Rio de Janeiro,Analista financeiro,66,80607874416
Luana Freitas Rocha,luana.freitas.rocha.4278@example.com,Recife,Gerente de operações,49,50557959629
Priscila Silva Ribeiro,priscila.silva.ribeiro.4279@example.com,Rondonópolis,Coordenador de logística,46,29021924518
Diego Rocha Barbosa,diego.rocha.barbosa.4280@example.com,Cuiabá,Pedreiro,20,08110248925
Patrícia Monteiro Alves,patricia.monteiro.alves.4281@example.com,Niterói,Enfermeiro,69,74209729488
Fernanda Costa Pereira,fernanda.costa.pereira.4282@example.com,Belém,Comprador,61,85973507151
Nicolas Martins Nascimento,nicolas.martins.nascimento.4283@example.com,Salvador,Fisioterapeuta,60,69887094796
Juliana Fernandes Costa,juliana.fernandes.costa.4284@example.com,Uberlândia,Coordenador de marketing,63,02929561929
Ricardo Gomes Rodrigues,ricardo.gomes.rodrigues.4285@example.com,Natal,Motorista,50,71591400012
José Lima Castro,jose.lima.castro.4286@example.com,Cuiabá,Padeiro,61,75360181390
Gabriel Costa Teixeira,gabriel.costa.teixeira.4287@example.com,Porto Alegre,Técnico de segurança do trabalho,40,54118964763
Débora Martins Teixeira,debora.martins.teixeira.4288@example.com,Goiânia,Assistente administrativo,24,19952776403
Thiago Carvalho Moreira,thiago.carvalho.moreira.4289@example.com,Campinas,Supervisor de vendas,24,83981977707
Luana Mendes Carvalho,luana.mendes.carvalho.4290@example.com,Manaus,Diretor de operações,26,08538036380
Paulo Castro Barros,paulo.castro.barros.4291@example.com,Joinville,Corretor de imóveis,25,87510085687
Otávio Fernandes Costa,otavio.fernandes.costa.4292@example.com,Maringá,Analista de dados,70,75192545756
Luana Dias Rodrigues,luana.dias.rodrigues.4293@example.com,Natal,Diretor comercial,26,64806099554
Daniela Souza Monteiro,daniela.souza.monteiro.4294@example.com,Maringá,Chefe de almoxarifado,25,34796751698
Juliana Gomes Teixeira,juliana.gomes.teixeira.4295@example.com,Uberlândia,Supervisor de qualidade,57,10950682276
Patrícia Santos Pereira,patricia.santos.pereira.4296@example.com,São Paulo,Eletricista,65,51173994469
Diego Fernandes Barbosa,diego.fernandes.barbosa.4297@example.com,Manaus,Analista de recursos humanos,34,44291106880
Débora Teixeira Rocha,debora.teixeira.rocha.4298@example.com,Belém,Diretor de operações,54,33422933816
Carolina Dias Castro,carolina.dias.castro.4299@example.com,Rio de Janeiro,Técnico de segurança do trabalho,22,51525200603
Larissa Souza Costa,larissa.souza.costa.4300@example.com,Caxias do Sul,Coordenador de logística,18,16388234851
Lucas Monteiro Lima,lucas.monteiro.lima.4301@example.com,Joinville,Analista de dados,68,74333912983
José Rocha Moreira,jose.rocha.moreira.4302@example.com,Florianópolis,Coordenador de produção,20,63336945940
Gustavo Oliveira Barbosa,gustavo.oliveira.barbosa.4303@example.com,Santos,Técnico em informática,23,74713632475
Carlos Santos Barros,carlos.santos.barros.4304@example.com,Londrina,Engenheiro civil,42,20753221106
Vinícius Fernandes Barros,vinicius.fernandes.barros.4305@example.com,Florianópolis,Gerente de operações,58,50741687533
Nicolas Fernandes Gomes,nicolas.fernandes.gomes.4306@example.com,Londrina,Supervisor de manutenção,56,09940547129
Gabriel Santos Fernandes,gabriel.santos.fernandes.4307@example.com,Cuiabá,Operador de caixa,68,12298677893
Daniela Silva Costa,daniela.silva.costa.4308@example.com,Fortaleza,Técnico de segurança do trabalho,25,72198754693
Camila Mendes Oliveira,camila.mendes.oliveira.4309@example.com,Campo Grande,Professor,48,66152183352
Paulo Alves Fernandes,paulo.alves.fernandes.4310@example.com,Dourados,Corretor de imóveis,64,16882527157
Vitória Castro Araújo,vitoria.castro.araujo.4311@example.com,Sorocaba,Vendedor,35,79229626866
Sandra Castro Pereira,sandra.castro.pereira.4312@example.com,Florianópolis,Chefe de almoxarifado,63,63647348394
Bruno Araújo Barros,bruno.araujo.barros.4313@example.com,Florianópolis,Supervisor de manutenção,35,10048112085
João Costa Nascimento,joao.costa.nascimento.4314@example.com,Campo Grande,Analista financeiro,56,44951940675
Sandra Almeida Ribeiro,sandra.almeida.ribeiro.4315@example.com,Fortaleza,Chefe de almoxarifado,24,93939496875
Priscila Freitas Barbosa,priscila.freitas.barbosa.4316@example.com,Joinville,Analista de recursos humanos,19,07297873989
Patrícia Costa Gomes,patricia.costa.gomes.4317@example.com,Maringá,Padeiro,64,37314660705
Fernanda Castro Rocha,fernanda.castro.rocha.4318@example.com,Florianópolis,Contador,44,42056743219
Letícia Monteiro Silva,leticia.monteiro.silva.4319@example.com,Rondonópolis,Coordenador de produção,59,66615781389
Vitória Freitas Moreira,vitoria.freitas.moreira.4320@example.com,Florianópolis,Designer gráfico,46,39869629006
Fernanda Silva Freitas,fernanda.silva.freitas.4321@example.com,Manaus,Coordenador administrativo,51,47322476315
Pedro Freitas Costa,pedro.freitas.costa.4322@example.com,Uberlândia,Gerente financeiro,26,31616717862
Letícia Barbosa Barbosa,leticia.barbosa.barbosa.4323@example.com,Niterói,Nutricionista,57,37042248674
Simone Fernandes Mendes,simone.fernandes.mendes.4324@example.com,Cuiabá,Operador de caixa,70,80109226417
Vanessa Rodrigues Araújo,vanessa.rodrigues.araujo.4325@example.com,Curitiba,Encarregado de produção,41,98746039777
Aline Fernandes Alves,aline.fernandes.alves.4326@example.com,Uberlândia,Gerente comercial,40,98084032638
Vitória Barros Costa,vitoria.barros.costa.4327@example.com,Goiânia,Professor,59,75999767324
Sandra Costa Carvalho,sandra.costa.carvalho.4328@example.com,São Paulo,Coordenador de logística,66,68467051734
Vinícius Rodrigues Alves,vinicius.rodrigues.alves.4329@example.com,Belo Horizonte,Chefe de almoxarifado,40,05841931495
Felipe Alves Oliveira,felipe.alves.oliveira.4330@example.com,Salvador,Corretor de imóveis,35,60653169204
Vitória Mendes Silva,vitoria.mendes.silva.4331@example.com,Rondonópolis,Supervisor de vendas,34,84327598928
Renata Ribeiro Fernandes,renata.ribeiro.fernandes.4332@example.com,Manaus,Supervisor de qualidade,40,04744755793
Carlos Dias Mendes,carlos.dias.mendes.4333@example.com,Rondonópolis,Corretor de imóveis,23,01098612181
Gabriela Castro Almeida,gabriela.castro.almeida.4334@example.com,Sorocaba,Diretor comercial,39,20493633997
Larissa Martins Carvalho,larissa.martins.carvalho.4335@example.com,Salvador,Operador de caixa,34,04543049352
Simone Alves Santos,simone.alves.santos.4336@example.com,Joinville,Operador de caixa,22,82762400072
Luana Gomes Teixeira,luana.gomes.teixeira.4337@example.com,Cuiabá,Estoquista,61,38869332406
Diego Carvalho Freitas,diego.carvalho.freitas.4338@example.com,Campinas,Gerente comercial,30,13196201559
Ricardo Lima Silva,ricardo.lima.silva.4339@example.com,Maringá,Corretor de imóveis,24,34039909474
Thiago Lima Barros,thiago.lima.barros.4340@example.com,Dourados,Cozinheiro,63,07994290667
José Araújo Oliveira,jose.araujo.oliveira.4341@example.com,Maringá,Nutricionista,54,50698379895
Fernanda Barros Castro,fernanda.barros.castro.4342@example.com,Campo Grande,Estoquista,62,64646739766
João Carvalho Moreira,joao.carvalho.moreira.4343@example.com,Curitiba,Gerente financeiro,31,80626175844
Marcelo Dias Silva,marcelo.dias.silva.4344@example.com,Campo Grande,Advogado,33,98807823850
Vinícius Martins Rocha,vinicius.martins.rocha.4345@example.com,Niterói,Diretor comercial,54,83716242300
Ana Barbosa Barros,ana.barbosa.barros.4346@example.com,Uberlândia,Diretor de operações,59,65207170527
Lucas Silva Freitas,lucas.silva.freitas.4347@example.com,São Paulo,Supervisor de qualidade,41,87163139153
Gustavo Araújo Rodrigues,gustavo.araujo.rodrigues.4348@example.com,Dourados,Mecânico,38,81409501114
Gustavo Freitas Dias,gustavo.freitas.dias.4349@example.com,Dourados,Jornalista,62,28864715734
Ricardo Martins Freitas,ricardo.martins.freitas.4350@example.com,Joinville,Operador de caixa,66,82440481422
Thiago Pereira Araújo,thiago.pereira.araujo.4351@example.com,Rio de Janeiro,Pedreiro,18,45209912329
Fernanda Nascimento Ribeiro,fernanda.nascimento.ribeiro.4352@example.com,Joinville,Chefe de compras,25,14091606301
Patrícia Martins Souza,patricia.martins.souza.4353@example.com,Joinville,Coordenador administrativo,44,81103015801
Fernanda Castro Araújo,fernanda.castro.araujo.4354@example.com,Manaus,Designer gráfico,26,64948233830
Henrique Costa Souza,henrique.costa.souza.4355@example.com,Fortaleza,Supervisor de atendimento,18,45349946590
Carolina Pereira Mendes,carolina.pereira.mendes.4356@example.com,Vitória,Fisioterapeuta,42,02113829795
Priscila Mendes Barros,priscila.mendes.barros.4357@example.com,Goiânia,Analista de marketing,43,57072252609
Vinícius Oliveira Santos,vinicius.oliveira.santos.4358@example.com,Cuiabá,Motorista,38,05896073938
Pedro Rocha Costa,pedro.rocha.costa.4359@example.com,Fortaleza,Programador,46,37840548953
Nicolas Gomes Fernandes,nicolas.gomes.fernandes.4360@example.com,Manaus,Supervisor de vendas,61,51357122179
João Dias Nascimento,joao.dias.nascimento.4361@example.com,São Paulo,Gerente financeiro,65,85961164396
Amanda Souza Castro,amanda.souza.castro.4362@example.com,Londrina,Gerente de recursos humanos,70,91954384374
Leonardo Moreira Martins,leonardo.moreira.martins.4363@example.com,Joinville,Assistente comercial,69,60252092488
Carlos Moreira Mendes,carlos.moreira.mendes.4364@example.com,Belém,Gerente financeiro,54,34213369611
Priscila Mendes Souza,priscila.mendes.souza.4365@example.com,Dourados,Técnico em informática,41,85047399970
Pedro Moreira Fernandes,pedro.moreira.fernandes.4366@example.com,Vitória,Coordenador administrativo,51,57048429684
Felipe Almeida Teixeira,felipe.almeida.teixeira.4367@example.com,Salvador,Eletricista,53,41925004635
Renata Alves Mendes,renata.alves.mendes.4368@example.com,Recife,Gerente de recursos humanos,21,57714864778
Amanda Martins Barros,amanda.martins.barros.4369@example.com,Brasília,Eletricista,19,33055940193
Renata Freitas Araújo,renata.freitas.araujo.4370@example.com,Natal,Supervisor de vendas,19,31809201445
Daniela Oliveira Silva,daniela.oliveira.silva.4371@example.com,Campo Grande,Coordenador de logística,28,64877564145
Rafael Moreira Alves,rafael.moreira.alves.4372@example.com,Belém,Motorista,29,00031206791
Sandra Rocha Alves,sandra.rocha.alves.4373@example.com,Campinas,Corretor de imóveis,43,75427340234
Igor Araújo Fernandes,igor.araujo.fernandes.4374@example.com,Goiânia,Contador,56,09799159401
Simone Araújo Dias,simone.araujo.dias.4375@example.com,Uberlândia,Coordenador de produção,20,55574100903
Camila Araújo Almeida,camila.araujo.almeida.4376@example.com,Goiânia,Eletricista,55,46788947773
Carolina Rodrigues Barros,carolina.rodrigues.barros.4377@example.com,Vitória,Eletricista,43,54968427631
Simone Silva Pereira,simone.silva.pereira.4378@example.com,Rondonópolis,Técnico em informática,41,25680253600
Thiago Souza Gomes,thiago.souza.gomes.4379@example.com,Joinville,Gerente comercial,48,93516579500
Amanda Fernandes Pereira,amanda.fernandes.pereira.4380@example.com,Londrina,Chefe de departamento pessoal,25,02592460846
Igor Pereira Monteiro,igor.pereira.monteiro.4381@example.com,São Paulo,Fisioterapeuta,31,93529685946
Thiago Nascimento Almeida,thiago.nascimento.almeida.4382@example.com,Santos,Programador,55,87228912305
Débora Oliveira Oliveira,debora.oliveira.oliveira.4383@example.com,Curitiba,Nutricionista,38,74507657149
Gustavo Araújo Almeida,gustavo.araujo.almeida.4384@example.com,Curitiba,Técnico de enfermagem,33,02594395319
Felipe Santos Barros,felipe.santos.barros.4385@example.com,Belém,Auxiliar de produção,30,45677863646
Gustavo Silva Araújo,gustavo.silva.araujo.4386@example.com,Fortaleza,Contador,42,82497101924
Larissa Ribeiro Martins,larissa.ribeiro.martins.4387@example.com,Rondonópolis,Coordenador de logística,64,65144804674
Bruno Almeida Alves,bruno.almeida.alves.4388@example.com,Brasília,Supervisor de atendimento,66,33950215329
Letícia Teixeira Rocha,leticia.teixeira.rocha.4389@example.com,Natal,Coordenador administrativo,22,42760729946
Gustavo Barros Teixeira,gustavo.barros.teixeira.4390@example.com,Brasília,Jornalista,59,17756807537
Ana Silva Martins,ana.silva.martins.4391@example.com,Brasília,Padeiro,53,98852385224
Gabriela Mendes Fernandes,gabriela.mendes.fernandes.4392@example.com,Recife,Coordenador de produção,47,33416157572
Nicolas Fernandes Freitas,nicolas.fernandes.freitas.4393@example.com,Joinville,Supervisor de qualidade,54,04604749294
Carlos Pereira Alves,carlos.pereira.alves.4394@example.com,Belo Horizonte,Pedreiro,27,61874782716
Patrícia Teixeira Costa,patricia.teixeira.costa.4395@example.com,Belo Horizonte,Gerente de tecnologia,56,83395170757
Mariana Santos Mendes,mariana.santos.mendes.4396@example.com,Caxias do Sul,Fisioterapeuta,50,22555771917
Amanda Monteiro Alves,amanda.monteiro.alves.4397@example.com,Florianópolis,Assistente comercial,62,76482882014
Beatriz Martins Nascimento,beatriz.martins.nascimento.4398@example.com,Brasília,Vendedor,44,77810213692
Larissa Souza Mendes,larissa.souza.mendes.4399@example.com,Niterói,Pedreiro,61,40302772130
Patrícia Santos Costa,patricia.santos.costa.4400@example.com,Natal,Gerente de recursos humanos,63,29346525671
Patrícia Rodrigues Fernandes,patricia.rodrigues.fernandes.4401@example.com,Fortaleza,Jornalista,42,70257083444
Beatriz Moreira Oliveira,beatriz.moreira.oliveira.4402@example.com,Uberlândia,Técnico de segurança do trabalho,59,10790209738
Aline Teixeira Dias,aline.teixeira.dias.4403@example.com,Brasília,Técnico de enfermagem,23,94429879949
Paulo Barbosa Ribeiro,paulo.barbosa.ribeiro.4404@example.com,Uberlândia,Diretor de operações,62,91149353909
Juliana Fernandes Dias,juliana.fernandes.dias.4405@example.com,Belo Horizonte,Supervisor de qualidade,63,30012469968
Bruno Costa Pereira,bruno.costa.pereira.4406@example.com,Rio de Janeiro,Jornalista,22,46811811301
Ricardo Martins Costa,ricardo.martins.costa.4407@example.com,Cuiabá,Jornalista,40,63117462519
Sandra Carvalho Barros,sandra.carvalho.barros.4408@example.com,Manaus,Gerente de tecnologia,70,65956415081
Carolina Freitas Ribeiro,carolina.freitas.ribeiro.4409@example.com,Rondonópolis,Gerente financeiro,70,84710250821
Paulo Castro Oliveira,paulo.castro.oliveira.4410@example.com,Fortaleza,Gerente de recursos humanos,45,25153598280
Paulo Mendes Fernandes,paulo.mendes.fernandes.4411@example.com,Joinville,Coordenador de logística,37,71008883108
Marcelo Teixeira Fernandes,marcelo.teixeira.fernandes.4412@example.com,Goiânia,Gerente de tecnologia,67,05564609991
Thiago Oliveira Rodrigues,thiago.oliveira.rodrigues.4413@example.com,Belo Horizonte,Atendente,18,73215589809
Henrique Souza Carvalho,henrique.souza.carvalho.4414@example.com,Rio de Janeiro,Farmacêutico,45,90884734820
Eduardo Castro Santos,eduardo.castro.santos.4415@example.com,Campinas,Supervisor de qualidade,50,84834182205
Luana Mendes Pereira,luana.mendes.pereira.4416@example.com,Joinville,Coordenador de produção,60,98426310512
Felipe Oliveira Carvalho,felipe.oliveira.carvalho.4417@example.com,Londrina,Encarregado de produção,18,91561247267
Paulo Oliveira Barbosa,paulo.oliveira.barbosa.4418@example.com,Londrina,Engenheiro civil,40,82203886711
Ana Costa Silva,ana.costa.silva.4419@example.com,Rondonópolis,Recepcionista,54,69652833935
Fernanda Rocha Dias,fernanda.rocha.dias.4420@example.com,Rio de Janeiro,Encarregado de produção,54,10207912414
Patrícia Martins Rocha,patricia.martins.rocha.4421@example.com,Dourados,Atendente,31,10240107506
Amanda Pereira Nascimento,amanda.pereira.nascimento.4422@example.com,Campinas,Jornalista,45,56131020386
Beatriz Santos Nascimento,beatriz.santos.nascimento.4423@example.com,Maringá,Enfermeiro,55,55489202824
Paulo Gomes Pereira,paulo.gomes.pereira.4424@example.com,Caxias do Sul,Supervisor de vendas,59,36542594691
Carolina Dias Almeida,carolina.dias.almeida.4425@example.com,Caxias do Sul,Assistente comercial,29,81373970575
José Nascimento Oliveira,jose.nascimento.oliveira.4426@example.com,Campo Grande,Diretor comercial,26,78632403302
Luana Ribeiro Lima,luana.ribeiro.lima.4427@example.com,Vitória,Padeiro,28,80114927478
Larissa Oliveira Santos,larissa.oliveira.santos.4428@example.com,Manaus,Gerente de tecnologia,62,50136658393
Renata Lima Gomes,renata.lima.gomes.4429@example.com,Londrina,Atendente,67,68081077351
Carolina Pereira Lima,carolina.pereira.lima.4430@example.com,Rondonópolis,Líder de equipe,23,13900269236
Felipe Alves Carvalho,felipe.alves.carvalho.4431@example.com,Dourados,Motorista,23,40621315601
Letícia Martins Fernandes,leticia.martins.fernandes.4432@example.com,Rio de Janeiro,Engenheiro civil,54,35054802547
Ricardo Carvalho Mendes,ricardo.carvalho.mendes.4433@example.com,Belém,Engenheiro civil,49,95196398449
Vanessa Martins Freitas,vanessa.martins.freitas.4434@example.com,Caxias do Sul,Operador de caixa,53,93960209435
Carlos Dias Souza,carlos.dias.souza.4435@example.com,Santos,Recepcionista,36,32017664098
Ricardo Teixeira Freitas,ricardo.teixeira.freitas.4436@example.com,Salvador,Enfermeiro,59,25755201374
Marcelo Alves Gomes,marcelo.alves.gomes.4437@example.com,Campinas,Estoquista,36,32015144535
Débora Araújo Pereira,debora.araujo.pereira.4438@example.com,Manaus,Coordenador de logística,38,15061388742
Sérgio Dias Araújo,sergio.dias.araujo.4439@example.com,Maringá,Eletricista,30,78752429166
Otávio Gomes Freitas,otavio.gomes.freitas.4440@example.com,Dourados,Analista de dados,70,05445320688
João Silva Castro,joao.silva.castro.4441@example.com,Campinas,Comprador,53,18585067604
Sandra Alves Rocha,sandra.alves.rocha.4442@example.com,Sorocaba,Assistente comercial,55,61616378269
Débora Costa Dias,debora.costa.dias.4443@example.com,Fortaleza,Gerente financeiro,35,00117861968
Simone Teixeira Oliveira,simone.teixeira.oliveira.4444@example.com,Rondonópolis,Analista de marketing,66,46836912910
Henrique Fernandes Teixeira,henrique.fernandes.teixeira.4445@example.com,Belém,Farmacêutico,43,42430089717
Sandra Araújo Fernandes,sandra.araujo.fernandes.4446@example.com,Brasília,Chefe de almoxarifado,37,32420825933
Leonardo Gomes Ribeiro,leonardo.gomes.ribeiro.4447@example.com,Dourados,Analista de marketing,53,98645016352
Letícia Rocha Carvalho,leticia.rocha.carvalho.4448@example.com,Fortaleza,Coordenador de marketing,27,41176250624
Daniela Lima Alves,daniela.lima.alves.4449@example.com,Belo Horizonte,Gerente de operações,61,19170761015
Carlos Nascimento Dias,carlos.nascimento.dias.4450@example.com,Brasília,Encarregado de produção,61,54908306528
Otávio Rocha Fernandes,otavio.rocha.fernandes.4451@example.com,Florianópolis,Comprador,49,50880204164
Carolina Barros Araújo,carolina.barros.araujo.4452@example.com,Londrina,Líder de equipe,33,23339485960
Leonardo Carvalho Costa,leonardo.carvalho.costa.4453@example.com,Campinas,Coordenador de produção,55,72908166849
Sérgio Cardoso Almeida,sergio.cardoso.almeida.4454@example.com,Uberlândia,Jornalista,40,66577011838
Rafael Nascimento Barros,rafael.nascimento.barros.4455@example.com,Florianópolis,Gerente de operações,63,83602729517
Fernanda Teixeira Nascimento,fernanda.teixeira.nascimento.4456@example.com,Manaus,Padeiro,64,66031187386
Ana Santos Teixeira,ana.santos.teixeira.4457@example.com,Fortaleza,Assistente administrativo,41,55869351295
Pedro Fernandes Nascimento,pedro.fernandes.nascimento.4458@example.com,Dourados,Encarregado de produção,25,98389914385
Carolina Mendes Ribeiro,carolina.mendes.ribeiro.4459@example.com,Cuiabá,Analista financeiro,38,49290401870
Thiago Alves Pereira,thiago.alves.pereira.4460@example.com,Sorocaba,Coordenador de marketing,43,74575183303
Letícia Martins Lima,leticia.martins.lima.4461@example.com,Curitiba,Auxiliar de produção,40,51162136711
Marcelo Rodrigues Rodrigues,marcelo.rodrigues.rodrigues.4462@example.com,Natal,Engenheiro civil,41,84372531660
Aline Barros Carvalho,aline.barros.carvalho.4463@example.com,Recife,Estoquista,20,69395788924
Beatriz Mendes Freitas,beatriz.mendes.freitas.4464@example.com,Dourados,Eletricista,50,67439135739
Ana Castro Santos,ana.castro.santos.4465@example.com,Fortaleza,Chefe de almoxarifado,35,50555660172
Vanessa Costa Nascimento,vanessa.costa.nascimento.4466@example.com,São Paulo,Supervisor de vendas,39,53232805313
Tatiane Carvalho Teixeira,tatiane.carvalho.teixeira.4467@example.com,Manaus,Advogado,53,71488137383
Juliana Almeida Freitas,juliana.almeida.freitas.4468@example.com,Salvador,Farmacêutico,23,04373397174
Ricardo Souza Cardoso,ricardo.souza.cardoso.4469@example.com,Natal,Chefe de compras,56,73421417601
Carolina Barros Mendes,carolina.barros.mendes.4470@example.com,Niterói,Comprador,38,52794887560
Juliana Teixeira Rocha,juliana.teixeira.rocha.4471@example.com,Campo Grande,Engenheiro civil,28,05345295532
Henrique Ribeiro Lima,henrique.ribeiro.lima.4472@example.com,Maringá,Técnico de enfermagem,68,20974731353
Rafael Oliveira Alves,rafael.oliveira.alves.4473@example.com,Uberlândia,Arquiteto,31,58585214427
Vinícius Rodrigues Nascimento,vinicius.rodrigues.nascimento.4474@example.com,Porto Alegre,Nutricionista,18,79532583372
Daniela Pereira Alves,daniela.pereira.alves.4475@example.com,Belo Horizonte,Supervisor de manutenção,61,76479432163
Mariana Souza Barros,mariana.souza.barros.4476@example.com,Maringá,Vendedor,54,09114620045
Eduardo Santos Barros,eduardo.santos.barros.4477@example.com,Londrina,Técnico de segurança do trabalho,33,47241373808
João Cardoso Santos,joao.cardoso.santos.4478@example.com,Belém,Chefe de departamento pessoal,19,96274648670
Gabriel Barros Araújo,gabriel.barros.araujo.4479@example.com,Dourados,Coordenador administrativo,21,94623137407
Henrique Martins Costa,henrique.martins.costa.4480@example.com,Fortaleza,Recepcionista,21,69578032615
Juliana Souza Souza,juliana.souza.souza.4481@example.com,Maringá,Coordenador de marketing,47,97380570819
Vitória Carvalho Gomes,vitoria.carvalho.gomes.4482@example.com,Rio de Janeiro,Pedreiro,19,27238139806
Gustavo Fernandes Pereira,gustavo.fernandes.pereira.4483@example.com,Salvador,Analista de marketing,64,87705537833
Sandra Oliveira Rocha,sandra.oliveira.rocha.4484@example.com,Dourados,Gerente de operações,63,37996275855
João Martins Barbosa,joao.martins.barbosa.4485@example.com,Caxias do Sul,Jornalista,33,93998158585
Otávio Mendes Rocha,otavio.mendes.rocha.4486@example.com,Campo Grande,Designer gráfico,56,37298080272
Lucas Ribeiro Moreira,lucas.ribeiro.moreira.4487@example.com,Londrina,Estoquista,61,43083810989
Camila Gomes Nascimento,camila.gomes.nascimento.4488@example.com,Belo Horizonte,Auxiliar de produção,34,57104499528
Ana Gomes Oliveira,ana.gomes.oliveira.4489@example.com,Rio de Janeiro,Analista de recursos humanos,49,59817472550
Mariana Lima Moreira,mariana.lima.moreira.4490@example.com,Dourados,Encarregado de produção,68,07383884879
Daniela Cardoso Souza,daniela.cardoso.souza.4491@example.com,Florianópolis,Técnico de enfermagem,22,48556535377
Tatiane Carvalho Gomes,tatiane.carvalho.gomes.4492@example.com,Maringá,Auxiliar de produção,65,57444805722
Eduardo Lima Ribeiro,eduardo.lima.ribeiro.4493@example.com,Niterói,Coordenador de logística,33,97852492221
Aline Pereira Alves,aline.pereira.alves.4494@example.com,Santos,Gerente financeiro,63,06492438784
Amanda Lima Teixeira,amanda.lima.teixeira.4495@example.com,Joinville,Operador de caixa,60,04127743816
Henrique Barbosa Alves,henrique.barbosa.alves.4496@example.com,Uberlândia,Coordenador de marketing,41,63559815683
Vitória Mendes Carvalho,vitoria.mendes.carvalho.4497@example.com,Caxias do Sul,Nutricionista,44,58946685530
Igor Alves Araújo,igor.alves.araujo.4498@example.com,Belo Horizonte,Engenheiro civil,21,14343277100
Luana Pereira Nascimento,luana.pereira.nascimento.4499@example.com,Maringá,Técnico de segurança do trabalho,68,27320863462
Letícia Nascimento Lima,leticia.nascimento.lima.4500@example.com,Sorocaba,Engenheiro civil,54,59917777305
Thiago Moreira Araújo,thiago.moreira.araujo.4501@example.com,Londrina,Motorista,23,28276672973
Nicolas Dias Barros,nicolas.dias.barros.4502@example.com,Belo Horizonte,Supervisor de atendimento,19,90018418324
Carolina Santos Santos,carolina.santos.santos.4503@example.com,Vitória,Chefe de compras,40,09460620914
Fernanda Alves Castro,fernanda.alves.castro.4504@example.com,Brasília,Diretor de operações,60,23023601859
Ana Almeida Fernandes,ana.almeida.fernandes.4505@example.com,Joinville,Chefe de departamento pessoal,33,72140565536
Marcelo Monteiro Fernandes,marcelo.monteiro.fernandes.4506@example.com,São Paulo,Pedreiro,55,68325909433
Juliana Dias Barros,juliana.dias.barros.4507@example.com,Joinville,Auxiliar de produção,29,36559695755
João Pereira Dias,joao.pereira.dias.4508@example.com,Rondonópolis,Professor,59,37126362647
Amanda Barros Alves,amanda.barros.alves.4509@example.com,Joinville,Nutricionista,64,74850901521
Priscila Cardoso Mendes,priscila.cardoso.mendes.4510@example.com,Porto Alegre,Advogado,51,06385000008
Débora Castro Barbosa,debora.castro.barbosa.4511@example.com,Campo Grande,Advogado,36,43525914440
Thiago Gomes Castro,thiago.gomes.castro.4512@example.com,Porto Alegre,Arquiteto,29,91136636651
Letícia Costa Araújo,leticia.costa.araujo.4513@example.com,Goiânia,Recepcionista,34,32188805676
Otávio Fernandes Mendes,otavio.fernandes.mendes.4514@example.com,Londrina,Supervisor de vendas,62,50117804882
Rafael Castro Freitas,rafael.castro.freitas.4515@example.com,Belo Horizonte,Analista de marketing,57,98846201463
Sandra Costa Moreira,sandra.costa.moreira.4516@example.com,Florianópolis,Diretor de operações,68,04232841580
Juliana Barbosa Mendes,juliana.barbosa.mendes.4517@example.com,Natal,Assistente comercial,47,81284309664
Thiago Oliveira Lima,thiago.oliveira.lima.4518@example.com,Recife,Mecânico,48,02859655287
Carolina Teixeira Nascimento,carolina.teixeira.nascimento.4519@example.com,Santos,Auxiliar de produção,62,38586607734
Vitória Teixeira Rocha,vitoria.teixeira.rocha.4520@example.com,Porto Alegre,Supervisor de atendimento,69,18015961806
João Costa Castro,joao.costa.castro.4521@example.com,Rio de Janeiro,Pedreiro,26,03248795276
Luana Alves Martins,luana.alves.martins.4522@example.com,Santos,Designer gráfico,40,58706464088
Leonardo Castro Barbosa,leonardo.castro.barbosa.4523@example.com,Campo Grande,Líder de equipe,58,71604737226
Carolina Dias Moreira,carolina.dias.moreira.4524@example.com,Sorocaba,Coordenador de logística,30,89925567678
Otávio Monteiro Carvalho,otavio.monteiro.carvalho.4525@example.com,Florianópolis,Supervisor de manutenção,52,38417877406
Lucas Ribeiro Souza,lucas.ribeiro.souza.4526@example.com,Natal,Eletricista,38,77308956889
Eduardo Teixeira Souza,eduardo.teixeira.souza.4527@example.com,São Paulo,Mecânico,36,36962518265
Renata Pereira Freitas,renata.pereira.freitas.4528@example.com,Natal,Programador,56,51408290155
Vinícius Rocha Cardoso,vinicius.rocha.cardoso.4529@example.com,Curitiba,Estoquista,53,45914941109
Paulo Freitas Oliveira,paulo.freitas.oliveira.4530@example.com,São Paulo,Técnico em informática,27,15614415690
Aline Castro Barros,aline.castro.barros.4531@example.com,Campinas,Contador,24,34679885670
Nicolas Castro Souza,nicolas.castro.souza.4532@example.com,Porto Alegre,Auxiliar de produção,30,00343896701
Pedro Santos Barros,pedro.santos.barros.4533@example.com,Vitória,Analista de marketing,19,46482438099
Rafael Souza Alves,rafael.souza.alves.4534@example.com,Vitória,Nutricionista,52,39951176187
Bruno Oliveira Nascimento,bruno.oliveira.nascimento.4535@example.com,Brasília,Analista de marketing,41,47214228041
Ricardo Castro Oliveira,ricardo.castro.oliveira.4536@example.com,Natal,Analista financeiro,44,10664649798
Gustavo Araújo Castro,gustavo.araujo.castro.4537@example.com,Vitória,Supervisor de qualidade,43,90088325728
Vitória Santos Lima,vitoria.santos.lima.4538@example.com,Recife,Coordenador de produção,27,23756886798
Débora Dias Pereira,debora.dias.pereira.4539@example.com,Rio de Janeiro,Supervisor de vendas,65,39381942793
Beatriz Ribeiro Lima,beatriz.ribeiro.lima.4540@example.com,Maringá,Diretor de operações,36,72535800073
Renata Rocha Freitas,renata.rocha.freitas.4541@example.com,Caxias do Sul,Cozinheiro,61,24748757519
Ricardo Silva Pereira,ricardo.silva.pereira.4542@example.com,Sorocaba,Recepcionista,33,21192981094
Ana Pereira Almeida,ana.pereira.almeida.4543@example.com,Campinas,Farmacêutico,69,77326897967
Carolina Ribeiro Freitas,carolina.ribeiro.freitas.4544@example.com,Natal,Recepcionista,21,94734728046
Amanda Souza Monteiro,amanda.souza.monteiro.4545@example.com,Dourados,Enfermeiro,22,24350630247
Nicolas Moreira Rodrigues,nicolas.moreira.rodrigues.4546@example.com,Rondonópolis,Coordenador de produção,27,94436023851
José Santos Monteiro,jose.santos.monteiro.4547@example.com,Rondonópolis,Eletricista,29,12964418595
Vitória Rodrigues Dias,vitoria.rodrigues.dias.4548@example.com,Fortaleza,Engenheiro civil,32,60563648406
Rafael Barros Santos,rafael.barros.santos.4549@example.com,Goiânia,Estoquista,63,31402316081
Pedro Ribeiro Monteiro,pedro.ribeiro.monteiro.4550@example.com,Sorocaba,Chefe de compras,27,14126626104
Diego Dias Barros,diego.dias.barros.4551@example.com,Niterói,Mecânico,39,16115134918
Renata Souza Rocha,renata.souza.rocha.4552@example.com,Salvador,Engenheiro civil,37,97036023796
Igor Freitas Pereira,igor.freitas.pereira.4553@example.com,Belo Horizonte,Engenheiro civil,18,62420896668
Vanessa Oliveira Lima,vanessa.oliveira.lima.4554@example.com,Caxias do Sul,Chefe de compras,38,17352385960
Sandra Cardoso Barros,sandra.cardoso.barros.4555@example.com,Caxias do Sul,Contador,61,94981371179
Luana Teixeira Almeida,luana.teixeira.almeida.4556@example.com,Uberlândia,Coordenador de produção,23,17662967759
Carolina Ribeiro Ribeiro,carolina.ribeiro.ribeiro.4557@example.com,Santos,Técnico de segurança do trabalho,44,83208492464
Beatriz Nascimento Ribeiro,beatriz.nascimento.ribeiro.4558@example.com,Fortaleza,Analista de recursos humanos,59,92902347496
Renata Ribeiro Costa,renata.ribeiro.costa.4559@example.com,Fortaleza,Arquiteto,33,66075992429
Débora Moreira Rodrigues,debora.moreira.rodrigues.4560@example.com,Goiânia,Encarregado de produção,34,22356389233
Daniela Barros Rodrigues,daniela.barros.rodrigues.4561@example.com,Fortaleza,Diretor comercial,36,07314871324
Gabriel Gomes Oliveira,gabriel.gomes.oliveira.4562@example.com,Florianópolis,Gerente comercial,52,18570640045
Larissa Freitas Mendes,larissa.freitas.mendes.4563@example.com,Campo Grande,Designer gráfico,52,55844130075
Gabriela Rodrigues Nascimento,gabriela.rodrigues.nascimento.4564@example.com,Maringá,Motorista,68,19391763220
Sandra Barros Oliveira,sandra.barros.oliveira.4565@example.com,Recife,Padeiro,47,02573313194
Patrícia Moreira Souza,patricia.moreira.souza.4566@example.com,Maringá,Gerente de tecnologia,40,64988216937
Daniela Monteiro Rocha,daniela.monteiro.rocha.4567@example.com,Brasília,Técnico de enfermagem,65,30455356502
Patrícia Araújo Santos,patricia.araujo.santos.4568@example.com,Manaus,Técnico de enfermagem,18,10285950022
Leonardo Rodrigues Cardoso,leonardo.rodrigues.cardoso.4569@example.com,Natal,Comprador,67,84219427444
Gabriel Cardoso Fernandes,gabriel.cardoso.fernandes.4570@example.com,Porto Alegre,Gerente comercial,31,71861186748
Sandra Castro Almeida,sandra.castro.almeida.4571@example.com,Natal,Coordenador de produção,33,69538727546
Carolina Dias Silva,carolina.dias.silva.4572@example.com,Florianópolis,Programador,54,92915030288
Henrique Rocha Gomes,henrique.rocha.gomes.4573@example.com,Rio de Janeiro,Analista de recursos humanos,69,94347887734
Patrícia Souza Ribeiro,patricia.souza.ribeiro.4574@example.com,Dourados,Padeiro,25,50620921937
Daniela Barros Barbosa,daniela.barros.barbosa.4575@example.com,Maringá,Analista de marketing,49,92680396395
Vitória Costa Pereira,vitoria.costa.pereira.4576@example.com,Fortaleza,Técnico em informática,22,73777233359
Gabriel Lima Carvalho,gabriel.lima.carvalho.4577@example.com,Maringá,Engenheiro civil,19,08509150214
Gustavo Alves Fernandes,gustavo.alves.fernandes.4578@example.com,Brasília,Contador,49,48448690690
Simone Moreira Carvalho,simone.moreira.carvalho.4579@example.com,Maringá,Gerente de tecnologia,70,11478445644
Aline Oliveira Cardoso,aline.oliveira.cardoso.4580@example.com,Santos,Pedreiro,55,76501759508
Larissa Fernandes Ribeiro,larissa.fernandes.ribeiro.4581@example.com,Joinville,Estoquista,23,10700018182
Luana Carvalho Fernandes,luana.carvalho.fernandes.4582@example.com,Porto Alegre,Supervisor de atendimento,59,55638013351
Henrique Barros Freitas,henrique.barros.freitas.4583@example.com,Fortaleza,Chefe de almoxarifado,18,23332157753
Mariana Oliveira Santos,mariana.oliveira.santos.4584@example.com,Goiânia,Líder de equipe,32,71513826754
Luana Barros Pereira,luana.barros.pereira.4585@example.com,Sorocaba,Professor,44,98063539754
Ricardo Castro Gomes,ricardo.castro.gomes.4586@example.com,Fortaleza,Programador,68,29354067057
Leonardo Freitas Fernandes,leonardo.freitas.fernandes.4587@example.com,Belém,Programador,54,72736860893
Vinícius Nascimento Silva,vinicius.nascimento.silva.4588@example.com,Campinas,Engenheiro civil,30,88055508771
Ricardo Silva Teixeira,ricardo.silva.teixeira.4589@example.com,Recife,Comprador,24,41423920667
Diego Castro Freitas,diego.castro.freitas.4590@example.com,Goiânia,Assistente comercial,22,04499514349
Débora Barros Lima,debora.barros.lima.4591@example.com,Campo Grande,Assistente comercial,53,28556227099
Sérgio Ribeiro Costa,sergio.ribeiro.costa.4592@example.com,Caxias do Sul,Motorista,24,61176584173
Tatiane Silva Souza,tatiane.silva.souza.4593@example.com,Caxias do Sul,Contador,66,41836674588
Marcelo Costa Cardoso,marcelo.costa.cardoso.4594@example.com,Manaus,Engenheiro civil,40,98899749009
Nicolas Rocha Monteiro,nicolas.rocha.monteiro.4595@example.com,Belém,Padeiro,56,03520581974
Ana Alves Rocha,ana.alves.rocha.4596@example.com,Belo Horizonte,Contador,48,39494698378
Mariana Carvalho Carvalho,mariana.carvalho.carvalho.4597@example.com,Recife,Enfermeiro,65,10509739331
Marcelo Cardoso Rocha,marcelo.cardoso.rocha.4598@example.com,Santos,Gerente de recursos humanos,53,63989060257
Rafael Souza Cardoso,rafael.souza.cardoso.4599@example.com,Salvador,Chefe de almoxarifado,38,76962596105
Letícia Rocha Lima,leticia.rocha.lima.4600@example.com,Sorocaba,Coordenador de marketing,60,76776201854
Patrícia Castro Monteiro,patricia.castro.monteiro.4601@example.com,Belém,Comprador,24,97896158365
Otávio Souza Fernandes,otavio.souza.fernandes.4602@example.com,Rondonópolis,Gerente financeiro,37,50898529432
Nicolas Alves Souza,nicolas.alves.souza.4603@example.com,Brasília,Gerente financeiro,29,97382357395
Igor Araújo Monteiro,igor.araujo.monteiro.4604@example.com,Curitiba,Comprador,24,24284545350
Paulo Silva Lima,paulo.silva.lima.4605@example.com,Fortaleza,Professor,48,70756096574
Carlos Cardoso Lima,carlos.cardoso.lima.4606@example.com,Londrina,Engenheiro civil,45,38384002729
Priscila Dias Moreira,priscila.dias.moreira.4607@example.com,Cuiabá,Líder de equipe,25,35337092889
José Ribeiro Lima,jose.ribeiro.lima.4608@example.com,Natal,Chefe de departamento pessoal,33,33279510601
Carolina Lima Costa,carolina.lima.costa.4609@example.com,Belo Horizonte,Analista de dados,30,32592577197
Henrique Martins Almeida,henrique.martins.almeida.4610@example.com,Natal,Jornalista,47,52835898419
Priscila Rodrigues Freitas,priscila.rodrigues.freitas.4611@example.com,Natal,Analista de marketing,64,02372384688
Rafael Dias Rodrigues,rafael.dias.rodrigues.4612@example.com,Sorocaba,Analista de dados,69,48721275023
Bruno Santos Dias,bruno.santos.dias.4613@example.com,Londrina,Operador de caixa,23,31144503968
Diego Dias Barros,diego.dias.barros.4614@example.com,Curitiba,Jornalista,28,32533267089
Gabriela Barbosa Gomes,gabriela.barbosa.gomes.4615@example.com,Cuiabá,Técnico de enfermagem,36,03041243245
Fernanda Araújo Moreira,fernanda.araujo.moreira.4616@example.com,Joinville,Arquiteto,45,51881916405
Tatiane Carvalho Oliveira,tatiane.carvalho.oliveira.4617@example.com,Londrina,Jornalista,46,70579875436
Juliana Dias Santos,juliana.dias.santos.4618@example.com,Santos,Assistente administrativo,66,39755751509
Gabriela Barbosa Pereira,gabriela.barbosa.pereira.4619@example.com,Caxias do Sul,Coordenador de produção,70,98209129603
Aline Barros Pereira,aline.barros.pereira.4620@example.com,Maringá,Analista de dados,38,52617441761
Gabriel Rodrigues Ribeiro,gabriel.rodrigues.ribeiro.4621@example.com,Porto Alegre,Padeiro,39,51336004115
Pedro Oliveira Mendes,pedro.oliveira.mendes.4622@example.com,Sorocaba,Motorista,51,97195610081
Gabriel Oliveira Costa,gabriel.oliveira.costa.4623@example.com,Curitiba,Chefe de almoxarifado,63,47824779352
Marcelo Ribeiro Oliveira,marcelo.ribeiro.oliveira.4624@example.com,Niterói,Chefe de departamento pessoal,59,37045528507
Simone Alves Martins,simone.alves.martins.4625@example.com,Joinville,Líder de equipe,66,58560393367
Marcelo Lima Silva,marcelo.lima.silva.4626@example.com,Goiânia,Corretor de imóveis,39,98080018585
Nicolas Moreira Souza,nicolas.moreira.souza.4627@example.com,Campo Grande,Nutricionista,20,55397132263
Daniela Mendes Barbosa,daniela.mendes.barbosa.4628@example.com,Niterói,Motorista,31,51938475829
Amanda Almeida Freitas,amanda.almeida.freitas.4629@example.com,Campo Grande,Analista de dados,67,25886291263
Ricardo Gomes Freitas,ricardo.gomes.freitas.4630@example.com,Joinville,Mecânico,44,26694059790
Thiago Alves Dias,thiago.alves.dias.4631@example.com,Niterói,Motorista,46,51382445975
Leonardo Martins Moreira,leonardo.martins.moreira.4632@example.com,São Paulo,Gerente de tecnologia,47,15493425927
Renata Santos Rocha,renata.santos.rocha.4633@example.com,Rio de Janeiro,Assistente comercial,53,09558696984
João Silva Castro,joao.silva.castro.4634@example.com,Campo Grande,Mecânico,49,90600834056
Fernanda Teixeira Costa,fernanda.teixeira.costa.4635@example.com,Campinas,Pedreiro,50,06913202515
Camila Mendes Costa,camila.mendes.costa.4636@example.com,Cuiabá,Técnico de enfermagem,33,16297749546
Carlos Mendes Araújo,carlos.mendes.araujo.4637@example.com,Curitiba,Arquiteto,54,29392838970
Igor Barbosa Mendes,igor.barbosa.mendes.4638@example.com,Caxias do Sul,Coordenador de marketing,25,66144539771
Simone Almeida Fernandes,simone.almeida.fernandes.4639@example.com,Belo Horizonte,Professor,38,45059178729
Priscila Castro Oliveira,priscila.castro.oliveira.4640@example.com,Santos,Gerente comercial,43,75996912542
Vinícius Nascimento Moreira,vinicius.nascimento.moreira.4641@example.com,Joinville,Recepcionista,63,46517689189
Vanessa Monteiro Silva,vanessa.monteiro.silva.4642@example.com,Belém,Mecânico,66,07688631016
Nicolas Santos Souza,nicolas.santos.souza.4643@example.com,Cuiabá,Nutricionista,68,47642021996
Ana Lima Teixeira,ana.lima.teixeira.4644@example.com,Belém,Supervisor de atendimento,51,36775977372
Daniela Cardoso Costa,daniela.cardoso.costa.4645@example.com,Natal,Diretor de operações,69,63796649797
Patrícia Araújo Lima,patricia.araujo.lima.4646@example.com,Rondonópolis,Diretor de operações,40,98550815621
Luana Mendes Ribeiro,luana.mendes.ribeiro.4647@example.com,Rio de Janeiro,Encarregado de produção,56,62041721025
Gabriela Costa Santos,gabriela.costa.santos.4648@example.com,Joinville,Analista de dados,24,14492051896
Priscila Ribeiro Cardoso,priscila.ribeiro.cardoso.4649@example.com,Porto Alegre,Comprador,28,32517455174
Igor Gomes Almeida,igor.gomes.almeida.4650@example.com,Sorocaba,Engenheiro civil,23,95293844422
Renata Carvalho Souza,renata.carvalho.souza.4651@example.com,Joinville,Coordenador de logística,42,33197927603
Patrícia Barros Cardoso,patricia.barros.cardoso.4652@example.com,Campo Grande,Líder de equipe,40,67127479602
Vanessa Souza Martins,vanessa.souza.martins.4653@example.com,Rondonópolis,Técnico de segurança do trabalho,41,09651819700
Amanda Alves Pereira,amanda.alves.pereira.4654@example.com,Curitiba,Contador,46,06963056256
Beatriz Castro Mendes,beatriz.castro.mendes.4655@example.com,Niterói,Advogado,65,95616603079
Bruno Castro Gomes,bruno.castro.gomes.4656@example.com,Belo Horizonte,Coordenador administrativo,63,74363442488
Fernanda Freitas Fernandes,fernanda.freitas.fernandes.4657@example.com,Caxias do Sul,Diretor de operações,27,25193922198
Letícia Costa Moreira,leticia.costa.moreira.4658@example.com,Joinville,Mecânico,31,97889089275
Carlos Castro Barbosa,carlos.castro.barbosa.4659@example.com,Salvador,Analista financeiro,55,63579212856
Camila Santos Almeida,camila.santos.almeida.4660@example.com,Porto Alegre,Técnico de segurança do trabalho,47,60801719058
Priscila Nascimento Dias,priscila.nascimento.dias.4661@example.com,Vitória,Motorista,31,48266692735
Felipe Rodrigues Almeida,felipe.rodrigues.almeida.4662@example.com,Belo Horizonte,Arquiteto,60,98944966285
Sérgio Pereira Araújo,sergio.pereira.araujo.4663@example.com,Sorocaba,Advogado,51,70002911093
Thiago Castro Rocha,thiago.castro.rocha.4664@example.com,Florianópolis,Líder de equipe,69,68478117726
Vanessa Teixeira Teixeira,vanessa.teixeira.teixeira.4665@example.com,Londrina,Jornalista,20,02451446167
Mariana Dias Nascimento,mariana.dias.nascimento.4666@example.com,Caxias do Sul,Fisioterapeuta,51,08891452028
Leonardo Pereira Santos,leonardo.pereira.santos.4667@example.com,Fortaleza,Recepcionista,50,29949772596
Vinícius Cardoso Cardoso,vinicius.cardoso.cardoso.4668@example.com,Niterói,Supervisor de atendimento,43,71291093135
Vinícius Teixeira Souza,vinicius.teixeira.souza.4669@example.com,Campinas,Supervisor de atendimento,66,31483178282
Otávio Souza Santos,otavio.souza.santos.4670@example.com,Natal,Gerente comercial,53,62331819378
Nicolas Castro Rocha,nicolas.castro.rocha.4671@example.com,Caxias do Sul,Engenheiro civil,55,82430669715
Gustavo Costa Santos,gustavo.costa.santos.4672@example.com,São Paulo,Diretor de operações,67,12056559506
Tatiane Monteiro Rodrigues,tatiane.monteiro.rodrigues.4673@example.com,Maringá,Fisioterapeuta,38,95560634678
Pedro Oliveira Carvalho,pedro.oliveira.carvalho.4674@example.com,Belém,Auxiliar de produção,70,39011107870
Letícia Alves Barbosa,leticia.alves.barbosa.4675@example.com,Natal,Líder de equipe,33,80633815261
Pedro Pereira Rodrigues,pedro.pereira.rodrigues.4676@example.com,Cuiabá,Líder de equipe,52,11223818231
Renata Nascimento Nascimento,renata.nascimento.nascimento.4677@example.com,Campo Grande,Coordenador de marketing,35,37519035864
Gabriela Ribeiro Martins,gabriela.ribeiro.martins.4678@example.com,Campinas,Técnico de enfermagem,63,50811527918
Larissa Dias Carvalho,larissa.dias.carvalho.4679@example.com,Campo Grande,Padeiro,63,87459773359
Beatriz Souza Rocha,beatriz.souza.rocha.4680@example.com,Goiânia,Professor,27,15559957983
Tatiane Nascimento Carvalho,tatiane.nascimento.carvalho.4681@example.com,Joinville,Advogado,61,48963148827
Henrique Rocha Souza,henrique.rocha.souza.4682@example.com,Santos,Padeiro,45,70639917408
Simone Monteiro Silva,simone.monteiro.silva.4683@example.com,Belém,Coordenador de logística,19,77341262634
Juliana Oliveira Martins,juliana.oliveira.martins.4684@example.com,Joinville,Supervisor de atendimento,41,69330284436
Tatiane Silva Lima,tatiane.silva.lima.4685@example.com,Natal,Comprador,25,61125547404
Vinícius Alves Gomes,vinicius.alves.gomes.4686@example.com,Belo Horizonte,Coordenador de marketing,46,81017706638
Rafael Mendes Santos,rafael.mendes.santos.4687@example.com,Salvador,Técnico em informática,70,28606539241
Luana Souza Mendes,luana.souza.mendes.4688@example.com,Recife,Chefe de compras,34,54568831992
Larissa Alves Pereira,larissa.alves.pereira.4689@example.com,Niterói,Comprador,31,23126357125
Luana Souza Monteiro,luana.souza.monteiro.4690@example.com,Niterói,Enfermeiro,30,54251674723
Amanda Castro Gomes,amanda.castro.gomes.4691@example.com,Curitiba,Encarregado de produção,26,54885626698
Camila Cardoso Souza,camila.cardoso.souza.4692@example.com,Cuiabá,Advogado,66,63578395243
Leonardo Mendes Dias,leonardo.mendes.dias.4693@example.com,Sorocaba,Professor,45,98290651590
Diego Barros Moreira,diego.barros.moreira.4694@example.com,Londrina,Auxiliar de produção,27,17476332403
Aline Barros Alves,aline.barros.alves.4695@example.com,Sorocaba,Analista financeiro,66,87150033267
Vitória Dias Barros,vitoria.dias.barros.4696@example.com,Curitiba,Gerente de tecnologia,41,92398977376
Felipe Barbosa Santos,felipe.barbosa.santos.4697@example.com,Curitiba,Gerente financeiro,22,55830179791
Tatiane Martins Ribeiro,tatiane.martins.ribeiro.4698@example.com,Sorocaba,Diretor comercial,24,58734873278
Tatiane Lima Barbosa,tatiane.lima.barbosa.4699@example.com,Rondonópolis,Supervisor de atendimento,20,10907207472
Felipe Oliveira Castro,felipe.oliveira.castro.4700@example.com,Brasília,Diretor comercial,42,88972901727
Ana Barbosa Mendes,ana.barbosa.mendes.4701@example.com,Curitiba,Técnico em informática,69,50070412044
Gustavo Teixeira Lima,gustavo.teixeira.lima.4702@example.com,Goiânia,Supervisor de manutenção,35,64920977835
Ricardo Silva Fernandes,ricardo.silva.fernandes.4703@example.com,Recife,Corretor de imóveis,52,58793672243
Gustavo Alves Pereira,gustavo.alves.pereira.4704@example.com,Cuiabá,Pedreiro,28,84542473546
Tatiane Costa Nascimento,tatiane.costa.nascimento.4705@example.com,Niterói,Arquiteto,42,09019646495
Felipe Martins Nascimento,felipe.martins.nascimento.4706@example.com,Cuiabá,Supervisor de vendas,31,11990553586
Leonardo Lima Cardoso,leonardo.lima.cardoso.4707@example.com,Porto Alegre,Farmacêutico,66,71673213186
Carolina Mendes Alves,carolina.mendes.alves.4708@example.com,Dourados,Diretor comercial,28,08925014826
Diego Rocha Cardoso,diego.rocha.cardoso.4709@example.com,Maringá,Contador,30,52974597991
Letícia Alves Monteiro,leticia.alves.monteiro.4710@example.com,Rondonópolis,Gerente de operações,25,42192565034
Ana Costa Pereira,ana.costa.pereira.4711@example.com,Natal,Contador,42,05222526627
Débora Dias Dias,debora.dias.dias.4712@example.com,Recife,Supervisor de manutenção,18,39073267708
Igor Souza Barros,igor.souza.barros.4713@example.com,Fortaleza,Enfermeiro,44,33861520322
Sandra Lima Pereira,sandra.lima.pereira.4714@example.com,Goiânia,Gerente comercial,61,77866701029
Simone Ribeiro Mendes,simone.ribeiro.mendes.4715@example.com,Joinville,Professor,48,33709959062
Ricardo Mendes Gomes,ricardo.mendes.gomes.4716@example.com,Cuiabá,Coordenador de logística,40,03822643028
Gabriel Rodrigues Moreira,gabriel.rodrigues.moreira.4717@example.com,Maringá,Gerente de recursos humanos,38,88677449764
Mariana Fernandes Nascimento,mariana.fernandes.nascimento.4718@example.com,Rondonópolis,Assistente administrativo,37,54133703766
Henrique Rocha Ribeiro,henrique.rocha.ribeiro.4719@example.com,Campo Grande,Gerente de operações,37,42073770894
João Mendes Barbosa,joao.mendes.barbosa.4720@example.com,São Paulo,Técnico de enfermagem,50,62604210850
Paulo Rocha Lima,paulo.rocha.lima.4721@example.com,São Paulo,Diretor de operações,23,50888494049
Sandra Silva Oliveira,sandra.silva.oliveira.4722@example.com,Niterói,Nutricionista,27,99235903240
Gustavo Souza Freitas,gustavo.souza.freitas.4723@example.com,Londrina,Designer gráfico,31,53212504218
Patrícia Moreira Martins,patricia.moreira.martins.4724@example.com,São Paulo,Pedreiro,47,45500765254
Larissa Cardoso Ribeiro,larissa.cardoso.ribeiro.4725@example.com,Fortaleza,Motorista,29,21832137027
Aline Ribeiro Teixeira,aline.ribeiro.teixeira.4726@example.com,Santos,Motorista,20,75484479028
Priscila Freitas Ribeiro,priscila.freitas.ribeiro.4727@example.com,Campinas,Enfermeiro,33,09167037636
Gabriel Oliveira Freitas,gabriel.oliveira.freitas.4728@example.com,Londrina,Diretor de operações,68,60447558152
Gabriel Fernandes Moreira,gabriel.fernandes.moreira.4729@example.com,São Paulo,Gerente de operações,57,62112444625
Marcelo Gomes Pereira,marcelo.gomes.pereira.4730@example.com,Belém,Diretor de operações,58,33487506902
Bruno Almeida Mendes,bruno.almeida.mendes.4731@example.com,Sorocaba,Nutricionista,44,77058210382
Juliana Martins Lima,juliana.martins.lima.4732@example.com,Joinville,Gerente comercial,28,33081389561
Sandra Teixeira Freitas,sandra.teixeira.freitas.4733@example.com,Fortaleza,Designer gráfico,42,77680179159
Pedro Oliveira Moreira,pedro.oliveira.moreira.4734@example.com,Dourados,Engenheiro civil,26,18865754632
Amanda Dias Ribeiro,amanda.dias.ribeiro.4735@example.com,Santos,Encarregado de produção,34,30044542507
Camila Teixeira Almeida,camila.teixeira.almeida.4736@example.com,Brasília,Professor,28,41098578933
Gustavo Fernandes Alves,gustavo.fernandes.alves.4737@example.com,Recife,Supervisor de vendas,21,16963473276
Diego Dias Araújo,diego.dias.araujo.4738@example.com,Porto Alegre,Nutricionista,56,36328832232
Eduardo Araújo Pereira,eduardo.araujo.pereira.4739@example.com,Belo Horizonte,Nutricionista,50,50022413666
Aline Pereira Moreira,aline.pereira.moreira.4740@example.com,Salvador,Encarregado de produção,27,13894997963
Vinícius Santos Araújo,vinicius.santos.araujo.4741@example.com,Campinas,Coordenador de produção,56,03492827427
Priscila Ribeiro Silva,priscila.ribeiro.silva.4742@example.com,Uberlândia,Gerente comercial,30,78845774697
Daniela Monteiro Costa,daniela.monteiro.costa.4743@example.com,Santos,Chefe de compras,52,07945054867
Rafael Teixeira Moreira,rafael.teixeira.moreira.4744@example.com,Recife,Supervisor de qualidade,31,43134640193
Vinícius Nascimento Lima,vinicius.nascimento.lima.4745@example.com,Niterói,Supervisor de vendas,69,36382097695
Camila Santos Freitas,camila.santos.freitas.4746@example.com,Londrina,Chefe de compras,55,15791315166
Bruno Freitas Araújo,bruno.freitas.araujo.4747@example.com,Florianópolis,Supervisor de manutenção,25,07022847506
Eduardo Nascimento Castro,eduardo.nascimento.castro.4748@example.com,Florianópolis,Supervisor de atendimento,38,71860922812
Eduardo Oliveira Nascimento,eduardo.oliveira.nascimento.4749@example.com,Niterói,Designer gráfico,50,45479864753
José Cardoso Freitas,jose.cardoso.freitas.4750@example.com,Brasília,Programador,55,11067734899
Vinícius Monteiro Mendes,vinicius.monteiro.mendes.4751@example.com,Salvador,Chefe de compras,69,50825495335
Otávio Cardoso Gomes,otavio.cardoso.gomes.4752@example.com,Curitiba,Analista de dados,59,67978765819
Carolina Lima Gomes,carolina.lima.gomes.4753@example.com,Caxias do Sul,Farmacêutico,36,06439251169
Débora Costa Fernandes,debora.costa.fernandes.4754@example.com,Maringá,Padeiro,27,92963378000
José Alves Santos,jose.alves.santos.4755@example.com,Belo Horizonte,Diretor comercial,65,70346811220
Carolina Lima Rocha,carolina.lima.rocha.4756@example.com,Brasília,Técnico de enfermagem,30,84899308267
Larissa Silva Costa,larissa.silva.costa.4757@example.com,Manaus,Motorista,54,58047916496
Vitória Freitas Teixeira,vitoria.freitas.teixeira.4758@example.com,Brasília,Corretor de imóveis,46,17112873667
Débora Martins Barros,debora.martins.barros.4759@example.com,Campo Grande,Assistente comercial,66,62098781415
Lucas Souza Fernandes,lucas.souza.fernandes.4760@example.com,Maringá,Corretor de imóveis,53,11756193106
Fernanda Gomes Martins,fernanda.gomes.martins.4761@example.com,Campo Grande,Técnico de enfermagem,63,86385684889
Larissa Lima Carvalho,larissa.lima.carvalho.4762@example.com,Porto Alegre,Supervisor de manutenção,35,00990888489
Bruno Rocha Monteiro,bruno.rocha.monteiro.4763@example.com,Manaus,Auxiliar de produção,59,46404313833
Carolina Silva Fernandes,carolina.silva.fernandes.4764@example.com,Porto Alegre,Assistente comercial,26,02433467516
Beatriz Mendes Lima,beatriz.mendes.lima.4765@example.com,Rondonópolis,Atendente,48,00004522832
Luana Gomes Dias,luana.gomes.dias.4766@example.com,Goiânia,Professor,48,67549076856
Priscila Rocha Moreira,priscila.rocha.moreira.4767@example.com,Niterói,Vendedor,40,94342792836
Henrique Araújo Rocha,henrique.araujo.rocha.4768@example.com,Campinas,Cozinheiro,66,96382363411
Vitória Gomes Lima,vitoria.gomes.lima.4769@example.com,Cuiabá,Supervisor de vendas,43,18082950597
Diego Barros Mendes,diego.barros.mendes.4770@example.com,Joinville,Fisioterapeuta,41,02199442053
Vanessa Almeida Rodrigues,vanessa.almeida.rodrigues.4771@example.com,Dourados,Técnico em informática,44,59383885684
Débora Alves Barros,debora.alves.barros.4772@example.com,Recife,Advogado,67,25092509973
Gustavo Cardoso Ribeiro,gustavo.cardoso.ribeiro.4773@example.com,Goiânia,Técnico de enfermagem,49,69792961960
Lucas Monteiro Fernandes,lucas.monteiro.fernandes.4774@example.com,Dourados,Gerente comercial,66,54844728308
Diego Rocha Lima,diego.rocha.lima.4775@example.com,Dourados,Técnico em informática,46,76248454367
Aline Carvalho Costa,aline.carvalho.costa.4776@example.com,Brasília,Analista de recursos humanos,51,80769483222
Diego Monteiro Oliveira,diego.monteiro.oliveira.4777@example.com,Natal,Engenheiro civil,48,56558459588
Leonardo Monteiro Barbosa,leonardo.monteiro.barbosa.4778@example.com,São Paulo,Vendedor,28,90264581221
Ana Souza Dias,ana.souza.dias.4779@example.com,Caxias do Sul,Professor,32,84559347376
Sérgio Fernandes Martins,sergio.fernandes.martins.4780@example.com,Florianópolis,Cozinheiro,28,23206124236
Pedro Souza Santos,pedro.souza.santos.4781@example.com,Cuiabá,Gerente de recursos humanos,55,11201395802
Rafael Silva Barros,rafael.silva.barros.4782@example.com,Cuiabá,Técnico em informática,25,46147029847
Ana Carvalho Alves,ana.carvalho.alves.4783@example.com,Vitória,Analista de marketing,20,49423358723
Priscila Monteiro Santos,priscila.monteiro.santos.4784@example.com,Curitiba,Supervisor de manutenção,33,71080000247
Carolina Rocha Almeida,carolina.rocha.almeida.4785@example.com,Santos,Jornalista,66,28057260441
Diego Rodrigues Monteiro,diego.rodrigues.monteiro.4786@example.com,Santos,Gerente de recursos humanos,23,21121904579
Mariana Mendes Barbosa,mariana.mendes.barbosa.4787@example.com,Goiânia,Arquiteto,28,42519582079
Tatiane Barbosa Mendes,tatiane.barbosa.mendes.4788@example.com,Belém,Chefe de almoxarifado,24,03888484515
Otávio Pereira Santos,otavio.pereira.santos.4789@example.com,Cuiabá,Advogado,30,24407298311
Aline Martins Dias,aline.martins.dias.4790@example.com,Dourados,Designer gráfico,52,15412270193
Gabriel Barbosa Martins,gabriel.barbosa.martins.4791@example.com,Rio de Janeiro,Farmacêutico,20,86561055249
Thiago Fernandes Barros,thiago.fernandes.barros.4792@example.com,Campinas,Enfermeiro,56,31037052622
Diego Oliveira Dias,diego.oliveira.dias.4793@example.com,Manaus,Técnico de enfermagem,35,23311777883
Luana Araújo Oliveira,luana.araujo.oliveira.4794@example.com,Brasília,Diretor comercial,31,81444852265
Amanda Dias Araújo,amanda.dias.araujo.4795@example.com,Maringá,Diretor de operações,31,87379975074
João Gomes Rodrigues,joao.gomes.rodrigues.4796@example.com,Natal,Fisioterapeuta,65,76815494516
Amanda Castro Almeida,amanda.castro.almeida.4797@example.com,Salvador,Designer gráfico,61,12140383679
Leonardo Costa Castro,leonardo.costa.castro.4798@example.com,Belém,Nutricionista,69,88084124889
Luana Costa Monteiro,luana.costa.monteiro.4799@example.com,Goiânia,Corretor de imóveis,39,57857863787
Bruno Rodrigues Silva,bruno.rodrigues.silva.4800@example.com,Goiânia,Diretor de operações,57,55759203501
Pedro Souza Nascimento,pedro.souza.nascimento.4801@example.com,Recife,Gerente financeiro,24,32295924494
Amanda Nascimento Dias,amanda.nascimento.dias.4802@example.com,Rio de Janeiro,Operador de caixa,49,70816075799
Bruno Souza Monteiro,bruno.souza.monteiro.4803@example.com,Rio de Janeiro,Enfermeiro,58,66518718216
Letícia Araújo Nascimento,leticia.araujo.nascimento.4804@example.com,Belém,Nutricionista,40,49379178511
Luana Freitas Gomes,luana.freitas.gomes.4805@example.com,Salvador,Cozinheiro,68,53818352571
Eduardo Barbosa Rodrigues,eduardo.barbosa.rodrigues.4806@example.com,Recife,Técnico em informática,56,51847044215
Sérgio Mendes Ribeiro,sergio.mendes.ribeiro.4807@example.com,Curitiba,Gerente de operações,58,29896398829
Felipe Martins Ribeiro,felipe.martins.ribeiro.4808@example.com,São Paulo,Analista de dados,23,19384429382
Vinícius Alves Teixeira,vinicius.alves.teixeira.4809@example.com,Uberlândia,Diretor de operações,64,74668708904
Camila Cardoso Pereira,camila.cardoso.pereira.4810@example.com,Niterói,Diretor de operações,27,16631557066
Henrique Araújo Souza,henrique.araujo.souza.4811@example.com,Niterói,Comprador,63,17416658346
Vanessa Castro Ribeiro,vanessa.castro.ribeiro.4812@example.com,Londrina,Chefe de compras,65,41998148593
Eduardo Araújo Santos,eduardo.araujo.santos.4813@example.com,Rio de Janeiro,Analista financeiro,52,31618032068
Carlos Moreira Santos,carlos.moreira.santos.4814@example.com,Caxias do Sul,Motorista,55,20755034427
Fernanda Teixeira Carvalho,fernanda.teixeira.carvalho.4815@example.com,Brasília,Designer gráfico,55,40575833894
Eduardo Monteiro Teixeira,eduardo.monteiro.teixeira.4816@example.com,Niterói,Chefe de almoxarifado,48,26520940086
Amanda Cardoso Rocha,amanda.cardoso.rocha.4817@example.com,Sorocaba,Gerente financeiro,66,60638280851
Vinícius Martins Martins,vinicius.martins.martins.4818@example.com,Belo Horizonte,Assistente administrativo,52,01063733576
Vanessa Cardoso Carvalho,vanessa.cardoso.carvalho.4819@example.com,São Paulo,Padeiro,51,75252995314
Leonardo Teixeira Rocha,leonardo.teixeira.rocha.4820@example.com,Natal,Analista financeiro,25,73323594233
Tatiane Moreira Oliveira,tatiane.moreira.oliveira.4821@example.com,Brasília,Fisioterapeuta,46,37064426392
Juliana Barbosa Pereira,juliana.barbosa.pereira.4822@example.com,Campo Grande,Gerente de recursos humanos,65,49508816639
Thiago Dias Martins,thiago.dias.martins.4823@example.com,Uberlândia,Atendente,45,06597298170
José Alves Araújo,jose.alves.araujo.4824@example.com,Santos,Gerente de tecnologia,44,73797160118
Rafael Cardoso Moreira,rafael.cardoso.moreira.4825@example.com,Dourados,Cozinheiro,38,68708931261
Luana Monteiro Freitas,luana.monteiro.freitas.4826@example.com,Brasília,Assistente administrativo,64,00073678426
Sérgio Rocha Almeida,sergio.rocha.almeida.4827@example.com,Joinville,Chefe de almoxarifado,51,07731027045
Vanessa Castro Almeida,vanessa.castro.almeida.4828@example.com,Londrina,Diretor comercial,42,97285087172
Leonardo Dias Souza,leonardo.dias.souza.4829@example.com,Dourados,Nutricionista,20,16911839110
Beatriz Araújo Rocha,beatriz.araujo.rocha.4830@example.com,Uberlândia,Chefe de almoxarifado,55,04196027368
Gabriel Teixeira Rocha,gabriel.teixeira.rocha.4831@example.com,Campinas,Farmacêutico,35,50143181568
Bruno Monteiro Monteiro,bruno.monteiro.monteiro.4832@example.com,São Paulo,Coordenador de marketing,26,16881932474
Ricardo Santos Barros,ricardo.santos.barros.4833@example.com,Vitória,Advogado,38,57574290447
Fernanda Moreira Monteiro,fernanda.moreira.monteiro.4834@example.com,Cuiabá,Técnico de segurança do trabalho,25,58725285938
Bruno Barros Rocha,bruno.barros.rocha.4835@example.com,São Paulo,Recepcionista,52,92493191621
Felipe Teixeira Mendes,felipe.teixeira.mendes.4836@example.com,Belém,Nutricionista,60,36117931832
Nicolas Pereira Rocha,nicolas.pereira.rocha.4837@example.com,Dourados,Contador,51,29171827131
João Moreira Castro,joao.moreira.castro.4838@example.com,Niterói,Corretor de imóveis,61,47460023450
Gustavo Costa Nascimento,gustavo.costa.nascimento.4839@example.com,Porto Alegre,Gerente comercial,54,68970862160
Vitória Pereira Rodrigues,vitoria.pereira.rodrigues.4840@example.com,Campo Grande,Coordenador administrativo,52,57597991441
Vinícius Teixeira Silva,vinicius.teixeira.silva.4841@example.com,Londrina,Assistente comercial,70,97284254874
Fernanda Barros Almeida,fernanda.barros.almeida.4842@example.com,Vitória,Mecânico,28,28024001657
Carolina Silva Mendes,carolina.silva.mendes.4843@example.com,Belém,Supervisor de manutenção,58,80714206091
Nicolas Nascimento Pereira,nicolas.nascimento.pereira.4844@example.com,Porto Alegre,Fisioterapeuta,50,77285501418
Patrícia Mendes Pereira,patricia.mendes.pereira.4845@example.com,Rondonópolis,Encarregado de produção,38,73909708547
Juliana Santos Ribeiro,juliana.santos.ribeiro.4846@example.com,Goiânia,Atendente,32,61246054270
Thiago Gomes Fernandes,thiago.gomes.fernandes.4847@example.com,Santos,Jornalista,68,17733520806
Eduardo Costa Almeida,eduardo.costa.almeida.4848@example.com,Campo Grande,Gerente de tecnologia,69,68739162658
Aline Araújo Carvalho,aline.araujo.carvalho.4849@example.com,Niterói,Padeiro,51,59011307428
Aline Cardoso Teixeira,aline.cardoso.teixeira.4850@example.com,Rondonópolis,Gerente de operações,56,31115815303
Henrique Barbosa Alves,henrique.barbosa.alves.4851@example.com,Maringá,Coordenador de logística,37,98682178371
Renata Freitas Alves,renata.freitas.alves.4852@example.com,Campinas,Gerente de operações,54,15872314267
Igor Costa Alves,igor.costa.alves.4853@example.com,Dourados,Corretor de imóveis,33,23771298649
Gabriel Castro Araújo,gabriel.castro.araujo.4854@example.com,Sorocaba,Pedreiro,31,32258707609
Rafael Almeida Costa,rafael.almeida.costa.4855@example.com,Belo Horizonte,Atendente,60,75095412982
Sandra Silva Lima,sandra.silva.lima.4856@example.com,Florianópolis,Coordenador administrativo,18,66575439606
Carlos Nascimento Dias,carlos.nascimento.dias.4857@example.com,Joinville,Analista de recursos humanos,46,88207427383
Amanda Souza Rodrigues,amanda.souza.rodrigues.4858@example.com,Curitiba,Motorista,65,41335709914
Patrícia Costa Nascimento,patricia.costa.nascimento.4859@example.com,Rondonópolis,Diretor comercial,50,53880135313
Luana Moreira Ribeiro,luana.moreira.ribeiro.4860@example.com,Caxias do Sul,Diretor de operações,20,93587510159
Sandra Rocha Costa,sandra.rocha.costa.4861@example.com,Uberlândia,Jornalista,42,02581037143
Camila Moreira Souza,camila.moreira.souza.4862@example.com,Belo Horizonte,Contador,42,98521667099
Larissa Freitas Silva,larissa.freitas.silva.4863@example.com,Goiânia,Analista de dados,32,69325115983
Gustavo Ribeiro Barros,gustavo.ribeiro.barros.4864@example.com,Curitiba,Programador,38,68188075487
Henrique Araújo Dias,henrique.araujo.dias.4865@example.com,Manaus,Vendedor,45,59727170370
Fernanda Costa Rocha,fernanda.costa.rocha.4866@example.com,Maringá,Técnico de enfermagem,20,02493630847
Thiago Rodrigues Fernandes,thiago.rodrigues.fernandes.4867@example.com,Natal,Analista de dados,30,36565100374
Larissa Teixeira Araújo,larissa.teixeira.araujo.4868@example.com,Dourados,Gerente comercial,65,05508902926
Paulo Teixeira Moreira,paulo.teixeira.moreira.4869@example.com,Campo Grande,Padeiro,22,70073376630
Bruno Barros Gomes,bruno.barros.gomes.4870@example.com,Caxias do Sul,Auxiliar de produção,57,64304607544
Igor Teixeira Oliveira,igor.teixeira.oliveira.4871@example.com,Cuiabá,Comprador,30,34147249745
Vanessa Araújo Rodrigues,vanessa.araujo.rodrigues.4872@example.com,Joinville,Supervisor de qualidade,63,88707095824
Carlos Araújo Lima,carlos.araujo.lima.4873@example.com,Salvador,Motorista,32,69776696243
Carlos Oliveira Mendes,carlos.oliveira.mendes.4874@example.com,Goiânia,Programador,31,83364299346
Diego Souza Gomes,diego.souza.gomes.4875@example.com,Maringá,Analista financeiro,51,01138039806
Ricardo Rocha Dias,ricardo.rocha.dias.4876@example.com,Vitória,Programador,70,48087920326
Paulo Barros Cardoso,paulo.barros.cardoso.4877@example.com,Recife,Corretor de imóveis,36,49483746217
Letícia Alves Gomes,leticia.alves.gomes.4878@example.com,Florianópolis,Gerente financeiro,70,71822493271
Gabriel Fernandes Moreira,gabriel.fernandes.moreira.4879@example.com,Manaus,Comprador,62,53103842307
Simone Cardoso Costa,simone.cardoso.costa.4880@example.com,Salvador,Operador de caixa,30,29762023356
Renata Costa Santos,renata.costa.santos.4881@example.com,Rondonópolis,Comprador,19,49964517345
Henrique Moreira Cardoso,henrique.moreira.cardoso.4882@example.com,Londrina,Gerente de tecnologia,69,57617119642
Eduardo Castro Pereira,eduardo.castro.pereira.4883@example.com,Porto Alegre,Eletricista,52,72160427797
Beatriz Freitas Nascimento,beatriz.freitas.nascimento.4884@example.com,Uberlândia,Gerente de tecnologia,19,41946742366
Pedro Carvalho Souza,pedro.carvalho.souza.4885@example.com,Caxias do Sul,Jornalista,32,81480185049
Juliana Fernandes Costa,juliana.fernandes.costa.4886@example.com,Campo Grande,Operador de caixa,36,14931851724
Aline Castro Silva,aline.castro.silva.4887@example.com,Goiânia,Coordenador de logística,42,32646523831
Sandra Ribeiro Teixeira,sandra.ribeiro.teixeira.4888@example.com,Natal,Atendente,23,43856371008
José Gomes Freitas,jose.gomes.freitas.4889@example.com,Belém,Recepcionista,47,40701496537
Gabriel Rodrigues Pereira,gabriel.rodrigues.pereira.4890@example.com,Natal,Arquiteto,22,11730634845
Henrique Freitas Mendes,henrique.freitas.mendes.4891@example.com,Santos,Motorista,26,61676318290
Tatiane Rocha Araújo,tatiane.rocha.araujo.4892@example.com,Cuiabá,Diretor de operações,20,90943658710
Henrique Gomes Nascimento,henrique.gomes.nascimento.4893@example.com,Rio de Janeiro,Cozinheiro,61,13602865206
Luana Ribeiro Barros,luana.ribeiro.barros.4894@example.com,Recife,Comprador,61,37332962692
Gustavo Santos Souza,gustavo.santos.souza.4895@example.com,Manaus,Arquiteto,64,75035243101
Débora Gomes Freitas,debora.gomes.freitas.4896@example.com,Belo Horizonte,Fisioterapeuta,59,87724823140
Bruno Castro Lima,bruno.castro.lima.4897@example.com,Porto Alegre,Diretor comercial,33,25168519243
Carlos Alves Rodrigues,carlos.alves.rodrigues.4898@example.com,Rondonópolis,Supervisor de qualidade,45,97957409817
Gabriel Silva Dias,gabriel.silva.dias.4899@example.com,Campinas,Supervisor de vendas,41,89026104335
Ricardo Moreira Rodrigues,ricardo.moreira.rodrigues.4900@example.com,Brasília,Analista de dados,68,88228345882
Vinícius Souza Almeida,vinicius.souza.almeida.4901@example.com,Recife,Advogado,69,95909662104
Letícia Santos Mendes,leticia.santos.mendes.4902@example.com,Belo Horizonte,Estoquista,61,87588337674
José Barbosa Almeida,jose.barbosa.almeida.4903@example.com,Vitória,Gerente de operações,48,59458366188
Ricardo Oliveira Rocha,ricardo.oliveira.rocha.4904@example.com,Salvador,Enfermeiro,25,47571414404
Carolina Mendes Oliveira,carolina.mendes.oliveira.4905@example.com,Manaus,Pedreiro,63,14754174502
Renata Santos Martins,renata.santos.martins.4906@example.com,Manaus,Engenheiro civil,23,96883326983
Gabriela Cardoso Barbosa,gabriela.cardoso.barbosa.4907@example.com,Joinville,Pedreiro,31,11723244808
Gabriel Freitas Teixeira,gabriel.freitas.teixeira.4908@example.com,Rio de Janeiro,Supervisor de atendimento,62,49975589746
Letícia Fernandes Martins,leticia.fernandes.martins.4909@example.com,Rondonópolis,Estoquista,21,47749373538
Henrique Almeida Araújo,henrique.almeida.araujo.4910@example.com,Brasília,Analista financeiro,64,35207510759
Débora Lima Barros,debora.lima.barros.4911@example.com,Uberlândia,Analista financeiro,36,22754800387
Luana Barbosa Cardoso,luana.barbosa.cardoso.4912@example.com,Natal,Gerente de recursos humanos,52,91515808069
Pedro Costa Carvalho,pedro.costa.carvalho.4913@example.com,Natal,Analista de dados,67,06025812700
Henrique Fernandes Souza,henrique.fernandes.souza.4914@example.com,Londrina,Atendente,69,68816946895
Luana Carvalho Ribeiro,luana.carvalho.ribeiro.4915@example.com,Cuiabá,Chefe de departamento pessoal,28,09834147210
Gabriel Mendes Moreira,gabriel.mendes.moreira.4916@example.com,Santos,Assistente administrativo,34,89785425522
Otávio Pereira Costa,otavio.pereira.costa.4917@example.com,Cuiabá,Gerente comercial,52,89908786324
Otávio Silva Freitas,otavio.silva.freitas.4918@example.com,Santos,Mecânico,42,47661284897
Thiago Barros Rocha,thiago.barros.rocha.4919@example.com,Curitiba,Corretor de imóveis,35,14233125599
Renata Barbosa Araújo,renata.barbosa.araujo.4920@example.com,Manaus,Diretor comercial,42,08314032289
Camila Fernandes Teixeira,camila.fernandes.teixeira.4921@example.com,Porto Alegre,Farmacêutico,58,90716598439
Otávio Dias Castro,otavio.dias.castro.4922@example.com,Vitória,Motorista,41,30667165994
Camila Moreira Costa,camila.moreira.costa.4923@example.com,Porto Alegre,Vendedor,18,24121664924
Fernanda Barros Monteiro,fernanda.barros.monteiro.4924@example.com,Natal,Líder de equipe,36,07170989787
Daniela Santos Silva,daniela.santos.silva.4925@example.com,Sorocaba,Gerente de tecnologia,43,92940009953
Vanessa Gomes Rodrigues,vanessa.gomes.rodrigues.4926@example.com,Campo Grande,Chefe de departamento pessoal,35,15242752099
Simone Santos Barros,simone.santos.barros.4927@example.com,Belém,Professor,61,51822030627
Leonardo Nascimento Silva,leonardo.nascimento.silva.4928@example.com,Manaus,Diretor de operações,26,76501677693
Pedro Silva Barros,pedro.silva.barros.4929@example.com,Maringá,Designer gráfico,56,81398595248
Felipe Pereira Oliveira,felipe.pereira.oliveira.4930@example.com,Niterói,Contador,70,53611739329
Fernanda Freitas Mendes,fernanda.freitas.mendes.4931@example.com,Santos,Coordenador de marketing,46,47974606071
Vinícius Freitas Freitas,vinicius.freitas.freitas.4932@example.com,Fortaleza,Engenheiro civil,45,20528445164
Carolina Mendes Carvalho,carolina.mendes.carvalho.4933@example.com,São Paulo,Jornalista,64,40551752984
Gustavo Martins Fernandes,gustavo.martins.fernandes.4934@example.com,Fortaleza,Programador,45,03259620108
Daniela Ribeiro Oliveira,daniela.ribeiro.oliveira.4935@example.com,Manaus,Supervisor de manutenção,61,68096327934
Mariana Barros Rocha,mariana.barros.rocha.4936@example.com,Belo Horizonte,Programador,52,99942940776
Vitória Moreira Oliveira,vitoria.moreira.oliveira.4937@example.com,Natal,Cozinheiro,38,07283483979
Daniela Monteiro Alves,daniela.monteiro.alves.4938@example.com,Campo Grande,Engenheiro civil,51,64374005538
Felipe Gomes Freitas,felipe.gomes.freitas.4939@example.com,Maringá,Analista de recursos humanos,31,08627216080
Otávio Freitas Nascimento,otavio.freitas.nascimento.4940@example.com,Vitória,Técnico de segurança do trabalho,55,69422685479
Ricardo Teixeira Costa,ricardo.teixeira.costa.4941@example.com,Uberlândia,Técnico em informática,63,82688442497
Thiago Santos Alves,thiago.santos.alves.4942@example.com,Florianópolis,Atendente,30,61818400735
Amanda Araújo Almeida,amanda.araujo.almeida.4943@example.com,Niterói,Mecânico,41,49995686176
Sérgio Santos Teixeira,sergio.santos.teixeira.4944@example.com,Campo Grande,Comprador,67,06562160295
Carlos Oliveira Souza,carlos.oliveira.souza.4945@example.com,Campinas,Advogado,51,85713806979
Sérgio Cardoso Moreira,sergio.cardoso.moreira.4946@example.com,Londrina,Analista de recursos humanos,70,54213236126
Marcelo Dias Barros,marcelo.dias.barros.4947@example.com,Florianópolis,Coordenador de marketing,53,31286499541
Carolina Carvalho Rocha,carolina.carvalho.rocha.4948@example.com,Curitiba,Advogado,35,48395587876
Paulo Nascimento Alves,paulo.nascimento.alves.4949@example.com,Manaus,Coordenador de produção,18,27555773956
Camila Ribeiro Costa,camila.ribeiro.costa.4950@example.com,Santos,Encarregado de produção,62,20015557687
Patrícia Araújo Pereira,patricia.araujo.pereira.4951@example.com,Goiânia,Atendente,31,85689820425
Gabriela Rocha Rodrigues,gabriela.rocha.rodrigues.4952@example.com,Dourados,Supervisor de qualidade,34,23495794230
Ana Souza Teixeira,ana.souza.teixeira.4953@example.com,Joinville,Analista de marketing,31,23145041238
Vinícius Barros Castro,vinicius.barros.castro.4954@example.com,Fortaleza,Gerente de operações,37,77171040965
Henrique Fernandes Freitas,henrique.fernandes.freitas.4955@example.com,Brasília,Gerente de operações,63,07152099404
Carlos Silva Barbosa,carlos.silva.barbosa.4956@example.com,Londrina,Coordenador administrativo,32,95802902808
Henrique Alves Santos,henrique.alves.santos.4957@example.com,Uberlândia,Chefe de compras,22,23416673063
João Araújo Nascimento,joao.araujo.nascimento.4958@example.com,Manaus,Coordenador de marketing,62,11698946257
Daniela Barros Teixeira,daniela.barros.teixeira.4959@example.com,Niterói,Coordenador de marketing,65,98638175661
Felipe Nascimento Dias,felipe.nascimento.dias.4960@example.com,Florianópolis,Supervisor de manutenção,32,91539478689
Gustavo Castro Freitas,gustavo.castro.freitas.4961@example.com,Niterói,Supervisor de atendimento,50,56207789904
Leonardo Lima Almeida,leonardo.lima.almeida.4962@example.com,Rondonópolis,Contador,41,85510554535
Beatriz Silva Barbosa,beatriz.silva.barbosa.4963@example.com,Londrina,Supervisor de manutenção,39,48380421618
Letícia Dias Nascimento,leticia.dias.nascimento.4964@example.com,Cuiabá,Advogado,48,71285355439
Otávio Rodrigues Teixeira,otavio.rodrigues.teixeira.4965@example.com,Belo Horizonte,Supervisor de atendimento,27,92589354177
Renata Nascimento Souza,renata.nascimento.souza.4966@example.com,Campinas,Analista de dados,47,56259574474
Priscila Pereira Teixeira,priscila.pereira.teixeira.4967@example.com,Cuiabá,Coordenador de logística,60,89259789228
Gustavo Gomes Costa,gustavo.gomes.costa.4968@example.com,Brasília,Contador,65,89808994758
Beatriz Santos Mendes,beatriz.santos.mendes.4969@example.com,Niterói,Nutricionista,32,26571227733
Leonardo Martins Rocha,leonardo.martins.rocha.4970@example.com,Cuiabá,Assistente comercial,25,85011892525
Thiago Teixeira Silva,thiago.teixeira.silva.4971@example.com,Cuiabá,Fisioterapeuta,47,98942550678
Carolina Moreira Almeida,carolina.moreira.almeida.4972@example.com,Natal,Professor,19,32300334677
Marcelo Dias Gomes,marcelo.dias.gomes.4973@example.com,Rio de Janeiro,Nutricionista,59,91747162638
Diego Almeida Oliveira,diego.almeida.oliveira.4974@example.com,Maringá,Coordenador administrativo,40,01208237741
Sandra Monteiro Castro,sandra.monteiro.castro.4975@example.com,Maringá,Técnico de enfermagem,27,54507307007
Letícia Mendes Santos,leticia.mendes.santos.4976@example.com,Niterói,Eletricista,40,70592002177
Vinícius Souza Santos,vinicius.souza.santos.4977@example.com,Joinville,Assistente administrativo,40,59496201316
Juliana Nascimento Santos,juliana.nascimento.santos.4978@example.com,Santos,Programador,64,49451347827
Igor Araújo Pereira,igor.araujo.pereira.4979@example.com,Recife,Gerente de recursos humanos,41,55430923353
Ricardo Souza Ribeiro,ricardo.souza.ribeiro.4980@example.com,Belo Horizonte,Analista financeiro,44,85867692607
Fernanda Carvalho Almeida,fernanda.carvalho.almeida.4981@example.com,Curitiba,Analista financeiro,62,84131496457
Patrícia Fernandes Rodrigues,patricia.fernandes.rodrigues.4982@example.com,Londrina,Corretor de imóveis,57,06617654586
Gabriel Almeida Pereira,gabriel.almeida.pereira.4983@example.com,Goiânia,Assistente comercial,18,11075360111
Marcelo Costa Costa,marcelo.costa.costa.4984@example.com,Rondonópolis,Chefe de departamento pessoal,32,36192858419
Vanessa Nascimento Silva,vanessa.nascimento.silva.4985@example.com,São Paulo,Estoquista,18,93826522775
Carlos Monteiro Santos,carlos.monteiro.santos.4986@example.com,Londrina,Enfermeiro,65,21146714097
Marcelo Fernandes Martins,marcelo.fernandes.martins.4987@example.com,Belém,Jornalista,20,50037626973
Carolina Monteiro Castro,carolina.monteiro.castro.4988@example.com,Rio de Janeiro,Vendedor,59,53959640228
Sérgio Martins Cardoso,sergio.martins.cardoso.4989@example.com,Niterói,Analista de marketing,23,12395999384
Pedro Barbosa Mendes,pedro.barbosa.mendes.4990@example.com,Campinas,Gerente de tecnologia,65,20666795620
Vitória Fernandes Rocha,vitoria.fernandes.rocha.4991@example.com,Goiânia,Chefe de almoxarifado,53,65541995506
Débora Monteiro Barros,debora.monteiro.barros.4992@example.com,Rondonópolis,Arquiteto,37,77231783805
Igor Lima Barbosa,igor.lima.barbosa.4993@example.com,Goiânia,Contador,47,97947268441
Igor Costa Moreira,igor.costa.moreira.4994@example.com,Caxias do Sul,Padeiro,53,99210185208
Lucas Santos Souza,lucas.santos.souza.4995@example.com,Santos,Corretor de imóveis,28,07569724373
Vinícius Ribeiro Barbosa,vinicius.ribeiro.barbosa.4996@example.com,São Paulo,Cozinheiro,59,64285041924
Igor Souza Castro,igor.souza.castro.4997@example.com,Porto Alegre,Advogado,65,24512190985
Tatiane Carvalho Pereira,tatiane.carvalho.pereira.4998@example.com,Florianópolis,Comprador,30,02948026216
Patrícia Dias Teixeira,patricia.dias.teixeira.4999@example.com,Niterói,Programador,42,39366994102
Vanessa Alves Gomes,vanessa.alves.gomes.5000@example.com,Recife,Nutricionista,63,28301007978
Patrícia Monteiro Fernandes,patricia.monteiro.fernandes.5001@example.com,Rondonópolis,Diretor comercial,38,22868404040
Fernanda Santos Rodrigues,fernanda.santos.rodrigues.5002@example.com,São Paulo,Gerente comercial,18,15431263232
Igor Almeida Souza,igor.almeida.souza.5003@example.com,Maringá,Contador,43,32767425890
Carlos Pereira Freitas,carlos.pereira.freitas.5004@example.com,Goiânia,Assistente comercial,24,60518663069
Beatriz Ribeiro Lima,beatriz.ribeiro.lima.5005@example.com,Uberlândia,Coordenador de logística,51,77382323252
Ana Souza Lima,ana.souza.lima.5006@example.com,Rondonópolis,Técnico de segurança do trabalho,34,79324261262
Carlos Gomes Santos,carlos.gomes.santos.5007@example.com,Belo Horizonte,Eletricista,28,63186887282
Gabriel Fernandes Martins,gabriel.fernandes.martins.5008@example.com,Belo Horizonte,Supervisor de vendas,46,66884778220
Luana Monteiro Alves,luana.monteiro.alves.5009@example.com,São Paulo,Chefe de departamento pessoal,66,62559501641
Camila Barros Carvalho,camila.barros.carvalho.5010@example.com,Niterói,Supervisor de atendimento,30,56015369291
Henrique Moreira Costa,henrique.moreira.costa.5011@example.com,Curitiba,Assistente comercial,63,97607615590
Otávio Lima Fernandes,otavio.lima.fernandes.5012@example.com,Recife,Arquiteto,41,86220789094
Beatriz Cardoso Lima,beatriz.cardoso.lima.5013@example.com,Vitória,Coordenador administrativo,68,16841912472
Aline Monteiro Teixeira,aline.monteiro.teixeira.5014@example.com,São Paulo,Cozinheiro,49,26961006413
Gabriela Gomes Freitas,gabriela.gomes.freitas.5015@example.com,Dourados,Arquiteto,28,19270319958
Gabriel Alves Rodrigues,gabriel.alves.rodrigues.5016@example.com,Natal,Líder de equipe,21,66125664042
Juliana Rodrigues Lima,juliana.rodrigues.lima.5017@example.com,Florianópolis,Gerente comercial,19,34607141526
José Teixeira Monteiro,jose.teixeira.monteiro.5018@example.com,Florianópolis,Recepcionista,58,13356277336
Vitória Pereira Barbosa,vitoria.pereira.barbosa.5019@example.com,Fortaleza,Comprador,33,84224508030
Luana Pereira Moreira,luana.pereira.moreira.5020@example.com,Londrina,Diretor de operações,41,18961628285
Ana Souza Rocha,ana.souza.rocha.5021@example.com,Belém,Motorista,36,51551599334
Leonardo Gomes Santos,leonardo.gomes.santos.5022@example.com,Santos,Chefe de compras,57,10195927449
Otávio Barros Almeida,otavio.barros.almeida.5023@example.com,Vitória,Recepcionista,27,06426337620
José Alves Barbosa,jose.alves.barbosa.5024@example.com,Belém,Diretor de operações,52,23839513251
Juliana Ribeiro Moreira,juliana.ribeiro.moreira.5025@example.com,Londrina,Operador de caixa,64,40911625112
Leonardo Barbosa Cardoso,leonardo.barbosa.cardoso.5026@example.com,Florianópolis,Gerente de recursos humanos,55,00657386073
Simone Rocha Carvalho,simone.rocha.carvalho.5027@example.com,Maringá,Auxiliar de produção,50,07967102281
Ana Oliveira Santos,ana.oliveira.santos.5028@example.com,Maringá,Fisioterapeuta,21,60945006738
Camila Santos Rocha,camila.santos.rocha.5029@example.com,Curitiba,Técnico de enfermagem,66,51739675833
Igor Monteiro Cardoso,igor.monteiro.cardoso.5030@example.com,Campinas,Gerente de operações,50,14966606267
Aline Monteiro Rodrigues,aline.monteiro.rodrigues.5031@example.com,Campinas,Designer gráfico,32,22321046967
Ricardo Ribeiro Teixeira,ricardo.ribeiro.teixeira.5032@example.com,Uberlândia,Gerente comercial,50,30282516420
Débora Monteiro Nascimento,debora.monteiro.nascimento.5033@example.com,Santos,Cozinheiro,62,23599892613
Sandra Teixeira Rocha,sandra.teixeira.rocha.5034@example.com,Sorocaba,Comprador,52,79619713403
Bruno Mendes Cardoso,bruno.mendes.cardoso.5035@example.com,Porto Alegre,Analista de dados,38,88486894389
Paulo Moreira Costa,paulo.moreira.costa.5036@example.com,Joinville,Encarregado de produção,33,06563672481
Diego Pereira Oliveira,diego.pereira.oliveira.5037@example.com,Vitória,Nutricionista,47,72378314460
Sandra Rodrigues Moreira,sandra.rodrigues.moreira.5038@example.com,Recife,Farmacêutico,19,37684439832
Luana Barros Lima,luana.barros.lima.5039@example.com,Maringá,Gerente de tecnologia,19,74381870271
Daniela Souza Fernandes,daniela.souza.fernandes.5040@example.com,Manaus,Analista financeiro,18,84966169603
Letícia Lima Castro,leticia.lima.castro.5041@example.com,Vitória,Auxiliar de produção,26,58154092921
João Dias Santos,joao.dias.santos.5042@example.com,Belém,Gerente de recursos humanos,40,40043540709
Ana Lima Mendes,ana.lima.mendes.5043@example.com,Fortaleza,Jornalista,44,36537065876
Gabriela Alves Moreira,gabriela.alves.moreira.5044@example.com,Belo Horizonte,Gerente de tecnologia,22,37273188859
Ana Souza Souza,ana.souza.souza.5045@example.com,Florianópolis,Designer gráfico,45,74502448236
Vitória Lima Teixeira,vitoria.lima.teixeira.5046@example.com,Florianópolis,Fisioterapeuta,70,23060389094
Beatriz Souza Dias,beatriz.souza.dias.5047@example.com,Dourados,Vendedor,54,93230501038
Carolina Moreira Barbosa,carolina.moreira.barbosa.5048@example.com,Brasília,Analista financeiro,54,63391644318
Patrícia Moreira Lima,patricia.moreira.lima.5049@example.com,Salvador,Advogado,39,16244600464
Débora Fernandes Barros,debora.fernandes.barros.5050@example.com,Maringá,Engenheiro civil,34,21918993012
Gustavo Freitas Monteiro,gustavo.freitas.monteiro.5051@example.com,Salvador,Coordenador administrativo,68,24187041395
Vinícius Castro Almeida,vinicius.castro.almeida.5052@example.com,Dourados,Diretor comercial,66,05236259202
Nicolas Alves Nascimento,nicolas.alves.nascimento.5053@example.com,Recife,Gerente de tecnologia,48,22671615555
Pedro Moreira Monteiro,pedro.moreira.monteiro.5054@example.com,Brasília,Advogado,20,30110243733
Gustavo Almeida Araújo,gustavo.almeida.araujo.5055@example.com,Joinville,Analista de recursos humanos,19,60806304106
Eduardo Souza Monteiro,eduardo.souza.monteiro.5056@example.com,Recife,Coordenador administrativo,36,63535421905
Marcelo Santos Lima,marcelo.santos.lima.5057@example.com,Recife,Advogado,44,40768776375
Fernanda Carvalho Mendes,fernanda.carvalho.mendes.5058@example.com,Belém,Pedreiro,28,94905296372
Thiago Almeida Almeida,thiago.almeida.almeida.5059@example.com,Belo Horizonte,Coordenador de produção,27,58956751058
Otávio Lima Dias,otavio.lima.dias.5060@example.com,Campo Grande,Gerente de tecnologia,64,46426788385
Mariana Araújo Araújo,mariana.araujo.araujo.5061@example.com,Salvador,Diretor de operações,37,04645699594
João Lima Barros,joao.lima.barros.5062@example.com,Campo Grande,Enfermeiro,41,75769036237
Juliana Alves Pereira,juliana.alves.pereira.5063@example.com,Goiânia,Gerente financeiro,37,88821656921
Renata Araújo Dias,renata.araujo.dias.5064@example.com,Belo Horizonte,Diretor comercial,31,59491169327
Gabriel Gomes Pereira,gabriel.gomes.pereira.5065@example.com,Goiânia,Gerente de recursos humanos,45,77572939165
Ricardo Nascimento Souza,ricardo.nascimento.souza.5066@example.com,Uberlândia,Técnico em informática,18,78968992395
Rafael Oliveira Monteiro,rafael.oliveira.monteiro.5067@example.com,Rio de Janeiro,Chefe de compras,29,35440651860
Simone Barros Alves,simone.barros.alves.5068@example.com,Brasília,Arquiteto,42,48224607728
Priscila Barbosa Monteiro,priscila.barbosa.monteiro.5069@example.com,Maringá,Gerente de tecnologia,57,91620725784
Igor Pereira Carvalho,igor.pereira.carvalho.5070@example.com,Londrina,Encarregado de produção,56,41867932010
Débora Monteiro Nascimento,debora.monteiro.nascimento.5071@example.com,Londrina,Engenheiro civil,61,86275843237
Rafael Ribeiro Ribeiro,rafael.ribeiro.ribeiro.5072@example.com,Curitiba,Advogado,33,55805434949
Vitória Pereira Costa,vitoria.pereira.costa.5073@example.com,São Paulo,Chefe de almoxarifado,69,10249187617
Pedro Castro Silva,pedro.castro.silva.5074@example.com,Dourados,Coordenador de logística,50,50418329590
Nicolas Ribeiro Barbosa,nicolas.ribeiro.barbosa.5075@example.com,Caxias do Sul,Eletricista,34,98636024296
Aline Almeida Cardoso,aline.almeida.cardoso.5076@example.com,Rondonópolis,Enfermeiro,43,78843850323
Vanessa Costa Araújo,vanessa.costa.araujo.5077@example.com,Dourados,Coordenador de marketing,69,90141440314
Ricardo Rodrigues Cardoso,ricardo.rodrigues.cardoso.5078@example.com,Vitória,Programador,55,83978018034
Otávio Barbosa Dias,otavio.barbosa.dias.5079@example.com,Campinas,Encarregado de produção,40,74458953604
Carolina Pereira Barros,carolina.pereira.barros.5080@example.com,Rio de Janeiro,Enfermeiro,66,40810316046
Carolina Barbosa Carvalho,carolina.barbosa.carvalho.5081@example.com,Natal,Gerente financeiro,42,84343652601
Henrique Souza Almeida,henrique.souza.almeida.5082@example.com,Salvador,Auxiliar de produção,31,09655979632
Igor Araújo Almeida,igor.araujo.almeida.5083@example.com,Natal,Gerente de recursos humanos,33,23039300194
Gabriel Fernandes Monteiro,gabriel.fernandes.monteiro.5084@example.com,Rio de Janeiro,Auxiliar de produção,18,69535756674
Pedro Barros Souza,pedro.barros.souza.5085@example.com,Belo Horizonte,Chefe de departamento pessoal,59,40749346719
Marcelo Cardoso Monteiro,marcelo.cardoso.monteiro.5086@example.com,Campo Grande,Auxiliar de produção,62,75754224905
Nicolas Rocha Carvalho,nicolas.rocha.carvalho.5087@example.com,Dourados,Nutricionista,21,15312435175
Eduardo Fernandes Araújo,eduardo.fernandes.araujo.5088@example.com,Campo Grande,Padeiro,53,22935759800
Amanda Carvalho Moreira,amanda.carvalho.moreira.5089@example.com,Rio de Janeiro,Estoquista,31,55417516419
Otávio Lima Alves,otavio.lima.alves.5090@example.com,Maringá,Gerente financeiro,70,09137338969
Pedro Castro Santos,pedro.castro.santos.5091@example.com,Vitória,Contador,37,19738508296
Vitória Costa Martins,vitoria.costa.martins.5092@example.com,Recife,Supervisor de vendas,61,26157914386
Paulo Alves Alves,paulo.alves.alves.5093@example.com,Joinville,Diretor de operações,43,12249875341
Nicolas Nascimento Castro,nicolas.nascimento.castro.5094@example.com,Rio de Janeiro,Corretor de imóveis,19,92276527014
Diego Moreira Pereira,diego.moreira.pereira.5095@example.com,Curitiba,Analista de marketing,49,39848934665
Camila Silva Barros,camila.silva.barros.5096@example.com,Porto Alegre,Diretor de operações,37,35929075863
Vanessa Santos Silva,vanessa.santos.silva.5097@example.com,Florianópolis,Gerente de operações,24,69002001798
Otávio Nascimento Fernandes,otavio.nascimento.fernandes.5098@example.com,Fortaleza,Encarregado de produção,32,37346150170
Daniela Barros Costa,daniela.barros.costa.5099@example.com,São Paulo,Padeiro,24,68115744756
Thiago Alves Dias,thiago.alves.dias.5100@example.com,Fortaleza,Fisioterapeuta,35,38851216660
Rafael Oliveira Lima,rafael.oliveira.lima.5101@example.com,Brasília,Fisioterapeuta,62,32792445113
Diego Freitas Gomes,diego.freitas.gomes.5102@example.com,Maringá,Assistente administrativo,60,54237809922
Pedro Moreira Monteiro,pedro.moreira.monteiro.5103@example.com,Curitiba,Operador de caixa,31,97885159911
Larissa Mendes Nascimento,larissa.mendes.nascimento.5104@example.com,Cuiabá,Chefe de almoxarifado,43,42209133775
Vanessa Alves Barros,vanessa.alves.barros.5105@example.com,Rondonópolis,Contador,61,17090987739
Bruno Barbosa Ribeiro,bruno.barbosa.ribeiro.5106@example.com,Londrina,Supervisor de manutenção,21,01448248776
Camila Pereira Araújo,camila.pereira.araujo.5107@example.com,Rondonópolis,Motorista,70,55903374659
Bruno Almeida Oliveira,bruno.almeida.oliveira.5108@example.com,Salvador,Gerente de recursos humanos,46,79854413367
Otávio Martins Rocha,otavio.martins.rocha.5109@example.com,Joinville,Engenheiro civil,59,06469919290
Gabriela Oliveira Oliveira,gabriela.oliveira.oliveira.5110@example.com,Salvador,Fisioterapeuta,60,57997297448
Vanessa Souza Dias,vanessa.souza.dias.5111@example.com,Manaus,Estoquista,52,41915591599
Thiago Teixeira Dias,thiago.teixeira.dias.5112@example.com,Porto Alegre,Analista financeiro,25,44273311221
Camila Alves Barbosa,camila.alves.barbosa.5113@example.com,Recife,Supervisor de atendimento,43,82190448131
Eduardo Rocha Souza,eduardo.rocha.souza.5114@example.com,Belém,Advogado,23,44049503831
Diego Oliveira Fernandes,diego.oliveira.fernandes.5115@example.com,Campinas,Nutricionista,19,66525186225
Lucas Cardoso Carvalho,lucas.cardoso.carvalho.5116@example.com,Santos,Gerente financeiro,50,02816394127
Letícia Nascimento Barros,leticia.nascimento.barros.5117@example.com,Porto Alegre,Operador de caixa,55,84821509744
Lucas Araújo Rodrigues,lucas.araujo.rodrigues.5118@example.com,Manaus,Padeiro,50,61027950186
Vanessa Costa Fernandes,vanessa.costa.fernandes.5119@example.com,Florianópolis,Operador de caixa,33,43781210592
Patrícia Cardoso Moreira,patricia.cardoso.moreira.5120@example.com,Recife,Motorista,54,04424232105
Renata Cardoso Rocha,renata.cardoso.rocha.5121@example.com,Fortaleza,Coordenador de logística,48,46951333053
Gabriel Ribeiro Monteiro,gabriel.ribeiro.monteiro.5122@example.com,Manaus,Mecânico,67,89753459234
Daniela Rodrigues Gomes,daniela.rodrigues.gomes.5123@example.com,Cuiabá,Arquiteto,62,88120756070
Juliana Almeida Carvalho,juliana.almeida.carvalho.5124@example.com,Sorocaba,Comprador,53,65215345397
Igor Rodrigues Oliveira,igor.rodrigues.oliveira.5125@example.com,Rondonópolis,Analista de marketing,48,32161556941
Rafael Moreira Ribeiro,rafael.moreira.ribeiro.5126@example.com,Santos,Professor,18,60177476269
Fernanda Monteiro Barros,fernanda.monteiro.barros.5127@example.com,Fortaleza,Analista de dados,25,75942827048
Lucas Fernandes Barbosa,lucas.fernandes.barbosa.5128@example.com,Belo Horizonte,Supervisor de manutenção,40,44054421424
Vinícius Rodrigues Alves,vinicius.rodrigues.alves.5129@example.com,Joinville,Analista de dados,56,92256608856
Aline Nascimento Teixeira,aline.nascimento.teixeira.5130@example.com,Brasília,Assistente administrativo,31,31911538301
Marcelo Freitas Santos,marcelo.freitas.santos.5131@example.com,Belo Horizonte,Supervisor de atendimento,32,59368462902
Marcelo Carvalho Barros,marcelo.carvalho.barros.5132@example.com,Florianópolis,Gerente de operações,22,47864922221
Gabriela Costa Dias,gabriela.costa.dias.5133@example.com,Joinville,Motorista,60,47645504499
Gabriel Oliveira Fernandes,gabriel.oliveira.fernandes.5134@example.com,Belo Horizonte,Pedreiro,25,78456830590
Ricardo Almeida Ribeiro,ricardo.almeida.ribeiro.5135@example.com,Belo Horizonte,Fisioterapeuta,22,36504632402
Carlos Costa Nascimento,carlos.costa.nascimento.5136@example.com,Londrina,Contador,21,38636142298
Letícia Costa Castro,leticia.costa.castro.5137@example.com,Rio de Janeiro,Coordenador de produção,36,64743434324
Vanessa Nascimento Monteiro,vanessa.nascimento.monteiro.5138@example.com,Sorocaba,Comprador,65,06432030131
Vitória Martins Dias,vitoria.martins.dias.5139@example.com,Santos,Analista de marketing,33,37893945118
Ricardo Gomes Araújo,ricardo.gomes.araujo.5140@example.com,Cuiabá,Recepcionista,61,14429391623
Renata Freitas Cardoso,renata.freitas.cardoso.5141@example.com,Niterói,Enfermeiro,49,85841128103
Igor Souza Lima,igor.souza.lima.5142@example.com,Recife,Supervisor de qualidade,59,54569360342
Mariana Rocha Fernandes,mariana.rocha.fernandes.5143@example.com,Campo Grande,Chefe de departamento pessoal,54,52419722388
Luana Oliveira Araújo,luana.oliveira.araujo.5144@example.com,Caxias do Sul,Professor,27,86760742304
Vitória Pereira Alves,vitoria.pereira.alves.5145@example.com,Londrina,Analista de marketing,25,16594843141
Patrícia Silva Souza,patricia.silva.souza.5146@example.com,Salvador,Analista de dados,23,30766709302
Juliana Rodrigues Martins,juliana.rodrigues.martins.5147@example.com,Campo Grande,Analista de dados,23,67398968173
Diego Oliveira Freitas,diego.oliveira.freitas.5148@example.com,Florianópolis,Supervisor de vendas,21,62525092453
Vinícius Gomes Barbosa,vinicius.gomes.barbosa.5149@example.com,Campinas,Diretor comercial,37,52045319665
Nicolas Nascimento Rocha,nicolas.nascimento.rocha.5150@example.com,Niterói,Supervisor de vendas,62,92571840961
Vanessa Lima Ribeiro,vanessa.lima.ribeiro.5151@example.com,São Paulo,Padeiro,50,30945650174
Gustavo Carvalho Moreira,gustavo.carvalho.moreira.5152@example.com,Rio de Janeiro,Advogado,44,31959618665
Felipe Carvalho Carvalho,felipe.carvalho.carvalho.5153@example.com,Belém,Analista de marketing,22,82768759446
Felipe Oliveira Moreira,felipe.oliveira.moreira.5154@example.com,Santos,Coordenador de produção,29,11560427001
Carolina Oliveira Fernandes,carolina.oliveira.fernandes.5155@example.com,Natal,Recepcionista,69,20176003230
Vanessa Rodrigues Dias,vanessa.rodrigues.dias.5156@example.com,Joinville,Diretor de operações,64,33607317416
Mariana Monteiro Alves,mariana.monteiro.alves.5157@example.com,Campo Grande,Analista de recursos humanos,40,99839381626
Vanessa Santos Carvalho,vanessa.santos.carvalho.5158@example.com,Cuiabá,Analista de dados,68,44663515991
Otávio Fernandes Gomes,otavio.fernandes.gomes.5159@example.com,Campo Grande,Comprador,20,47944596640
Vitória Monteiro Oliveira,vitoria.monteiro.oliveira.5160@example.com,Niterói,Estoquista,34,16607493125
Ana Monteiro Moreira,ana.monteiro.moreira.5161@example.com,Caxias do Sul,Mecânico,60,18130464130
João Silva Alves,joao.silva.alves.5162@example.com,Rio de Janeiro,Analista de dados,51,90032118419
Luana Almeida Castro,luana.almeida.castro.5163@example.com,Brasília,Corretor de imóveis,67,64748660608
Felipe Carvalho Freitas,felipe.carvalho.freitas.5164@example.com,Recife,Supervisor de atendimento,66,40664375011
Daniela Lima Carvalho,daniela.lima.carvalho.5165@example.com,Rio de Janeiro,Diretor comercial,42,16618044653
Ana Araújo Carvalho,ana.araujo.carvalho.5166@example.com,Campo Grande,Técnico de segurança do trabalho,21,92828757176
Sandra Freitas Souza,sandra.freitas.souza.5167@example.com,Goiânia,Eletricista,31,62458508472
Mariana Rocha Rodrigues,mariana.rocha.rodrigues.5168@example.com,Londrina,Gerente financeiro,61,93669373641
Sandra Oliveira Barbosa,sandra.oliveira.barbosa.5169@example.com,Uberlândia,Diretor comercial,64,70870196487
Rafael Monteiro Rocha,rafael.monteiro.rocha.5170@example.com,Santos,Técnico de segurança do trabalho,42,11568398577
Carlos Silva Almeida,carlos.silva.almeida.5171@example.com,Natal,Supervisor de atendimento,28,79145723737
Renata Lima Pereira,renata.lima.pereira.5172@example.com,Londrina,Analista de recursos humanos,58,80223970591
Carolina Fernandes Santos,carolina.fernandes.santos.5173@example.com,Natal,Designer gráfico,67,39774649812
Aline Monteiro Santos,aline.monteiro.santos.5174@example.com,Sorocaba,Eletricista,24,04822539445
Sérgio Barbosa Rodrigues,sergio.barbosa.rodrigues.5175@example.com,Sorocaba,Engenheiro civil,41,53148728778
Letícia Barros Rodrigues,leticia.barros.rodrigues.5176@example.com,Goiânia,Analista de marketing,37,53336208683
Letícia Ribeiro Costa,leticia.ribeiro.costa.5177@example.com,Maringá,Cozinheiro,27,00904067796
Ricardo Costa Rocha,ricardo.costa.rocha.5178@example.com,Campo Grande,Coordenador de logística,69,29212505329
Nicolas Ribeiro Monteiro,nicolas.ribeiro.monteiro.5179@example.com,Recife,Operador de caixa,39,67996564007
Mariana Rocha Mendes,mariana.rocha.mendes.5180@example.com,Recife,Vendedor,43,03131251608
Marcelo Monteiro Costa,marcelo.monteiro.costa.5181@example.com,Porto Alegre,Coordenador administrativo,60,93414977291
Paulo Monteiro Silva,paulo.monteiro.silva.5182@example.com,Brasília,Analista de recursos humanos,61,31625002137
Leonardo Barbosa Mendes,leonardo.barbosa.mendes.5183@example.com,Londrina,Supervisor de manutenção,20,50657063381
Priscila Monteiro Fernandes,priscila.monteiro.fernandes.5184@example.com,Fortaleza,Designer gráfico,54,74257650483
Sérgio Almeida Dias,sergio.almeida.dias.5185@example.com,Cuiabá,Advogado,33,19214617343
Gabriel Alves Carvalho,gabriel.alves.carvalho.5186@example.com,Campinas,Programador,25,46004716749
Bruno Araújo Souza,bruno.araujo.souza.5187@example.com,Salvador,Mecânico,56,43994388662
Ana Freitas Rocha,ana.freitas.rocha.5188@example.com,Santos,Auxiliar de produção,59,37440243856
João Ribeiro Moreira,joao.ribeiro.moreira.5189@example.com,Rio de Janeiro,Nutricionista,68,90356055410
Ricardo Mendes Santos,ricardo.mendes.santos.5190@example.com,Cuiabá,Eletricista,38,50585691170
Henrique Alves Ribeiro,henrique.alves.ribeiro.5191@example.com,Caxias do Sul,Comprador,45,28629514121
Camila Cardoso Castro,camila.cardoso.castro.5192@example.com,Caxias do Sul,Engenheiro civil,63,64992732864
Eduardo Lima Rocha,eduardo.lima.rocha.5193@example.com,Curitiba,Técnico em informática,45,67842099370
Renata Pereira Moreira,renata.pereira.moreira.5194@example.com,Caxias do Sul,Padeiro,23,77425992508
Carlos Rodrigues Almeida,carlos.rodrigues.almeida.5195@example.com,Florianópolis,Coordenador de marketing,65,45035636972
Igor Lima Lima,igor.lima.lima.5196@example.com,Uberlândia,Analista de recursos humanos,67,31572118363
Larissa Teixeira Souza,larissa.teixeira.souza.5197@example.com,Santos,Fisioterapeuta,59,48373567318
Gabriel Silva Barbosa,gabriel.silva.barbosa.5198@example.com,Maringá,Analista financeiro,37,29497287587
Otávio Moreira Rodrigues,otavio.moreira.rodrigues.5199@example.com,Natal,Gerente de recursos humanos,20,09179056370
Vitória Pereira Silva,vitoria.pereira.silva.5200@example.com,Vitória,Professor,27,44397265333
Gabriel Freitas Fernandes,gabriel.freitas.fernandes.5201@example.com,Niterói,Analista de marketing,66,33520249236
Rafael Oliveira Araújo,rafael.oliveira.araujo.5202@example.com,Belém,Supervisor de vendas,45,02969240081
Beatriz Almeida Martins,beatriz.almeida.martins.5203@example.com,Florianópolis,Técnico de segurança do trabalho,49,75766093882
João Ribeiro Fernandes,joao.ribeiro.fernandes.5204@example.com,Joinville,Assistente comercial,22,64238146543
Nicolas Almeida Rodrigues,nicolas.almeida.rodrigues.5205@example.com,Salvador,Contador,51,34560642411
Lucas Rodrigues Castro,lucas.rodrigues.castro.5206@example.com,Cuiabá,Atendente,29,58734962657
Igor Dias Lima,igor.dias.lima.5207@example.com,Natal,Vendedor,22,27605042198
Tatiane Santos Lima,tatiane.santos.lima.5208@example.com,Belo Horizonte,Recepcionista,66,06023506899
Diego Mendes Silva,diego.mendes.silva.5209@example.com,Joinville,Analista financeiro,49,61801622833
Leonardo Monteiro Barbosa,leonardo.monteiro.barbosa.5210@example.com,Santos,Mecânico,55,57861860405
José Cardoso Teixeira,jose.cardoso.teixeira.5211@example.com,Uberlândia,Supervisor de manutenção,57,94608253727
Diego Rodrigues Rodrigues,diego.rodrigues.rodrigues.5212@example.com,Maringá,Coordenador de logística,18,99202926003
Simone Moreira Gomes,simone.moreira.gomes.5213@example.com,São Paulo,Advogado,49,47581593895
Renata Santos Rodrigues,renata.santos.rodrigues.5214@example.com,Florianópolis,Advogado,25,07048893093
Thiago Moreira Lima,thiago.moreira.lima.5215@example.com,Londrina,Coordenador de produção,60,21733882808
Otávio Fernandes Carvalho,otavio.fernandes.carvalho.5216@example.com,Brasília,Coordenador de logística,51,10342216747
Gabriel Araújo Carvalho,gabriel.araujo.carvalho.5217@example.com,Joinville,Atendente,38,20255622838
Lucas Ribeiro Monteiro,lucas.ribeiro.monteiro.5218@example.com,Londrina,Analista de recursos humanos,40,93113296259
Lucas Martins Alves,lucas.martins.alves.5219@example.com,Campo Grande,Estoquista,35,13571320050
Simone Almeida Rodrigues,simone.almeida.rodrigues.5220@example.com,Campo Grande,Comprador,21,34068796794
Pedro Mendes Souza,pedro.mendes.souza.5221@example.com,Natal,Supervisor de qualidade,27,45220186213
João Alves Mendes,joao.alves.mendes.5222@example.com,Vitória,Contador,44,29729052521
Beatriz Nascimento Almeida,beatriz.nascimento.almeida.5223@example.com,Natal,Nutricionista,27,22291149034
Camila Cardoso Martins,camila.cardoso.martins.5224@example.com,Rondonópolis,Coordenador de produção,64,02793323785
Ricardo Mendes Almeida,ricardo.mendes.almeida.5225@example.com,Natal,Fisioterapeuta,58,22149061603
Felipe Araújo Rocha,felipe.araujo.rocha.5226@example.com,Belo Horizonte,Coordenador de produção,66,24153511573
Letícia Monteiro Ribeiro,leticia.monteiro.ribeiro.5227@example.com,Rio de Janeiro,Fisioterapeuta,21,18080317476
Juliana Almeida Oliveira,juliana.almeida.oliveira.5228@example.com,Dourados,Motorista,45,09898859997
Aline Cardoso Oliveira,aline.cardoso.oliveira.5229@example.com,Joinville,Engenheiro civil,28,32276881154
Débora Araújo Ribeiro,debora.araujo.ribeiro.5230@example.com,Belém,Assistente comercial,52,86068796484
Patrícia Nascimento Rodrigues,patricia.nascimento.rodrigues.5231@example.com,Campinas,Diretor de operações,68,81121868325
Débora Oliveira Alves,debora.oliveira.alves.5232@example.com,Campinas,Técnico de enfermagem,20,39856680689
Ana Mendes Moreira,ana.mendes.moreira.5233@example.com,Sorocaba,Farmacêutico,36,28788082139
Marcelo Castro Barros,marcelo.castro.barros.5234@example.com,Cuiabá,Operador de caixa,41,23403397594
Paulo Dias Rodrigues,paulo.dias.rodrigues.5235@example.com,Rondonópolis,Coordenador de logística,56,74706202704
Gabriel Moreira Ribeiro,gabriel.moreira.ribeiro.5236@example.com,Fortaleza,Motorista,25,21057356914
Vitória Oliveira Barros,vitoria.oliveira.barros.5237@example.com,Campinas,Supervisor de vendas,68,52571814434
Aline Teixeira Silva,aline.teixeira.silva.5238@example.com,Florianópolis,Gerente de operações,18,30013261852
Igor Teixeira Silva,igor.teixeira.silva.5239@example.com,Caxias do Sul,Contador,63,12235395881
Nicolas Silva Fernandes,nicolas.silva.fernandes.5240@example.com,Santos,Analista de marketing,29,18252163790
Sérgio Pereira Carvalho,sergio.pereira.carvalho.5241@example.com,Goiânia,Operador de caixa,42,96627244293
Ricardo Teixeira Barbosa,ricardo.teixeira.barbosa.5242@example.com,Curitiba,Comprador,34,58354347498
Carlos Gomes Rodrigues,carlos.gomes.rodrigues.5243@example.com,Maringá,Analista financeiro,69,80114631084
Camila Fernandes Mendes,camila.fernandes.mendes.5244@example.com,Joinville,Engenheiro civil,53,67264897401
Aline Carvalho Pereira,aline.carvalho.pereira.5245@example.com,Belém,Farmacêutico,60,75916868444
Sandra Monteiro Almeida,sandra.monteiro.almeida.5246@example.com,Campinas,Gerente de operações,52,37794886158
Juliana Araújo Alves,juliana.araujo.alves.5247@example.com,Sorocaba,Diretor de operações,28,43249411500
Camila Teixeira Oliveira,camila.teixeira.oliveira.5248@example.com,Curitiba,Coordenador de marketing,65,60740526507
Felipe Barros Mendes,felipe.barros.mendes.5249@example.com,Maringá,Supervisor de vendas,38,02906350445
Beatriz Santos Ribeiro,beatriz.santos.ribeiro.5250@example.com,Joinville,Gerente financeiro,34,13492450776
Larissa Barbosa Freitas,larissa.barbosa.freitas.5251@example.com,Caxias do Sul,Comprador,63,54262480879
Priscila Pereira Carvalho,priscila.pereira.carvalho.5252@example.com,Florianópolis,Diretor comercial,58,98129244752
Leonardo Ribeiro Araújo,leonardo.ribeiro.araujo.5253@example.com,Campinas,Jornalista,52,75632164050
Larissa Alves Oliveira,larissa.alves.oliveira.5254@example.com,São Paulo,Chefe de compras,41,22616422735
Ana Oliveira Rodrigues,ana.oliveira.rodrigues.5255@example.com,Cuiabá,Arquiteto,52,21692895290
Simone Barbosa Fernandes,simone.barbosa.fernandes.5256@example.com,Campo Grande,Supervisor de vendas,58,23868077944
Pedro Monteiro Araújo,pedro.monteiro.araujo.5257@example.com,Caxias do Sul,Chefe de departamento pessoal,54,19803931046
Rafael Teixeira Dias,rafael.teixeira.dias.5258@example.com,Belo Horizonte,Analista de marketing,64,95073057711
Patrícia Nascimento Carvalho,patricia.nascimento.carvalho.5259@example.com,Manaus,Gerente de tecnologia,39,53087958248
Ricardo Ribeiro Carvalho,ricardo.ribeiro.carvalho.5260@example.com,Brasília,Farmacêutico,23,92877891140
Amanda Silva Martins,amanda.silva.martins.5261@example.com,Natal,Padeiro,34,03741668749
Nicolas Almeida Nascimento,nicolas.almeida.nascimento.5262@example.com,Dourados,Fisioterapeuta,21,42622477924
Gustavo Freitas Souza,gustavo.freitas.souza.5263@example.com,Fortaleza,Motorista,41,08031623695
Vanessa Alves Nascimento,vanessa.alves.nascimento.5264@example.com,Fortaleza,Encarregado de produção,64,71096576643
Ana Castro Souza,ana.castro.souza.5265@example.com,Caxias do Sul,Nutricionista,60,69075609916
Daniela Alves Martins,daniela.alves.martins.5266@example.com,São Paulo,Chefe de compras,21,79547248621
Leonardo Barbosa Martins,leonardo.barbosa.martins.5267@example.com,Vitória,Professor,45,29646959556
Tatiane Oliveira Almeida,tatiane.oliveira.almeida.5268@example.com,Joinville,Chefe de almoxarifado,37,73701285287
Sandra Freitas Cardoso,sandra.freitas.cardoso.5269@example.com,Fortaleza,Diretor comercial,29,35971122100
João Nascimento Almeida,joao.nascimento.almeida.5270@example.com,Brasília,Analista de marketing,56,08809994695
Camila Cardoso Barbosa,camila.cardoso.barbosa.5271@example.com,Joinville,Técnico de enfermagem,21,91380977687
Amanda Cardoso Mendes,amanda.cardoso.mendes.5272@example.com,Uberlândia,Eletricista,22,14282063667
Mariana Oliveira Ribeiro,mariana.oliveira.ribeiro.5273@example.com,Joinville,Comprador,51,92214683543
Carlos Teixeira Barros,carlos.teixeira.barros.5274@example.com,Maringá,Programador,54,68473887566
Mariana Monteiro Gomes,mariana.monteiro.gomes.5275@example.com,Recife,Diretor comercial,36,53468901249
Paulo Monteiro Martins,paulo.monteiro.martins.5276@example.com,Joinville,Recepcionista,34,40278335949
Sandra Rocha Castro,sandra.rocha.castro.5277@example.com,Niterói,Técnico de enfermagem,32,65667498575
Mariana Barbosa Rocha,mariana.barbosa.rocha.5278@example.com,Caxias do Sul,Padeiro,46,10252424063
Carlos Rocha Silva,carlos.rocha.silva.5279@example.com,Curitiba,Engenheiro civil,42,14135474821
Diego Rodrigues Costa,diego.rodrigues.costa.5280@example.com,Rio de Janeiro,Eletricista,62,23048455187
Nicolas Rodrigues Costa,nicolas.rodrigues.costa.5281@example.com,Dourados,Coordenador de logística,38,12010813132
Larissa Araújo Silva,larissa.araujo.silva.5282@example.com,Londrina,Farmacêutico,69,20925236481
Mariana Fernandes Freitas,mariana.fernandes.freitas.5283@example.com,Florianópolis,Mecânico,19,14785774255
Vitória Silva Fernandes,vitoria.silva.fernandes.5284@example.com,Salvador,Coordenador de logística,29,11367916971
Paulo Almeida Pereira,paulo.almeida.pereira.5285@example.com,Joinville,Assistente administrativo,68,61989484244
Daniela Rodrigues Monteiro,daniela.rodrigues.monteiro.5286@example.com,Caxias do Sul,Professor,34,80527531715
Bruno Oliveira Oliveira,bruno.oliveira.oliveira.5287@example.com,Joinville,Recepcionista,38,11301684934
Gabriela Cardoso Martins,gabriela.cardoso.martins.5288@example.com,Fortaleza,Eletricista,59,31216551151
Thiago Silva Pereira,thiago.silva.pereira.5289@example.com,Vitória,Operador de caixa,48,81756696142
Bruno Almeida Lima,bruno.almeida.lima.5290@example.com,Manaus,Comprador,59,22351106086
Vitória Martins Freitas,vitoria.martins.freitas.5291@example.com,Santos,Engenheiro civil,49,91128586488
Leonardo Costa Dias,leonardo.costa.dias.5292@example.com,Goiânia,Nutricionista,45,66496514454
João Araújo Moreira,joao.araujo.moreira.5293@example.com,Maringá,Gerente de tecnologia,43,18299024111
Marcelo Alves Lima,marcelo.alves.lima.5294@example.com,Uberlândia,Gerente financeiro,33,82306454195
Vinícius Alves Santos,vinicius.alves.santos.5295@example.com,Caxias do Sul,Coordenador administrativo,68,73609894192
Sandra Rodrigues Barbosa,sandra.rodrigues.barbosa.5296@example.com,Dourados,Analista de marketing,51,37503555490
Juliana Rodrigues Santos,juliana.rodrigues.santos.5297@example.com,Joinville,Diretor de operações,19,02367594288
Leonardo Martins Gomes,leonardo.martins.gomes.5298@example.com,Florianópolis,Supervisor de atendimento,40,97106019465
Carolina Gomes Martins,carolina.gomes.martins.5299@example.com,Natal,Estoquista,62,38788768888
Luana Oliveira Teixeira,luana.oliveira.teixeira.5300@example.com,Recife,Programador,32,52155056687
Carlos Cardoso Oliveira,carlos.cardoso.oliveira.5301@example.com,Vitória,Cozinheiro,61,35782334902
Thiago Monteiro Oliveira,thiago.monteiro.oliveira.5302@example.com,Brasília,Fisioterapeuta,70,91585926201
Tatiane Moreira Monteiro,tatiane.moreira.monteiro.5303@example.com,Porto Alegre,Diretor de operações,18,80476636107
Henrique Rocha Santos,henrique.rocha.santos.5304@example.com,Recife,Coordenador de produção,43,03773622342
Pedro Alves Alves,pedro.alves.alves.5305@example.com,Curitiba,Gerente de recursos humanos,51,97595583563
Carlos Castro Araújo,carlos.castro.araujo.5306@example.com,Cuiabá,Diretor de operações,66,99174694595
Eduardo Souza Barros,eduardo.souza.barros.5307@example.com,Natal,Gerente comercial,22,03621368047
Larissa Santos Alves,larissa.santos.alves.5308@example.com,Santos,Estoquista,56,27082586133
João Teixeira Teixeira,joao.teixeira.teixeira.5309@example.com,Cuiabá,Vendedor,39,84243479721
Juliana Barros Gomes,juliana.barros.gomes.5310@example.com,Maringá,Gerente financeiro,70,74107570545
Igor Martins Teixeira,igor.martins.teixeira.5311@example.com,Florianópolis,Gerente de tecnologia,50,44377046944
Ana Teixeira Rocha,ana.teixeira.rocha.5312@example.com,São Paulo,Farmacêutico,55,07659402799
Lucas Fernandes Alves,lucas.fernandes.alves.5313@example.com,Belo Horizonte,Fisioterapeuta,31,80568442852
Amanda Pereira Alves,amanda.pereira.alves.5314@example.com,Rio de Janeiro,Diretor comercial,46,98370846515
Bruno Freitas Souza,bruno.freitas.souza.5315@example.com,Manaus,Comprador,69,68142751485
Paulo Teixeira Nascimento,paulo.teixeira.nascimento.5316@example.com,Belo Horizonte,Gerente de operações,29,61262353950
Gabriela Souza Carvalho,gabriela.souza.carvalho.5317@example.com,Dourados,Eletricista,21,29100924971
Paulo Fernandes Rocha,paulo.fernandes.rocha.5318@example.com,Campinas,Chefe de compras,55,77815168977
Pedro Araújo Freitas,pedro.araujo.freitas.5319@example.com,Cuiabá,Supervisor de atendimento,41,45659271739
Vitória Lima Oliveira,vitoria.lima.oliveira.5320@example.com,Rio de Janeiro,Cozinheiro,70,45186290353
Sérgio Rocha Carvalho,sergio.rocha.carvalho.5321@example.com,Fortaleza,Coordenador de logística,29,00631194269
Henrique Souza Rodrigues,henrique.souza.rodrigues.5322@example.com,Campinas,Técnico de enfermagem,34,47430685282
Eduardo Rocha Costa,eduardo.rocha.costa.5323@example.com,Niterói,Chefe de departamento pessoal,66,91998104037
João Martins Santos,joao.martins.santos.5324@example.com,Campinas,Nutricionista,27,55544839297
Patrícia Araújo Rodrigues,patricia.araujo.rodrigues.5325@example.com,Recife,Gerente de operações,24,98125534067
Patrícia Alves Moreira,patricia.alves.moreira.5326@example.com,Recife,Analista financeiro,36,20544654106
Nicolas Barros Araújo,nicolas.barros.araujo.5327@example.com,Uberlândia,Estoquista,24,84091454450
José Barbosa Dias,jose.barbosa.dias.5328@example.com,Uberlândia,Analista de recursos humanos,54,17197052728
Vanessa Silva Araújo,vanessa.silva.araujo.5329@example.com,Caxias do Sul,Eletricista,39,39613869306
Vinícius Pereira Barros,vinicius.pereira.barros.5330@example.com,Natal,Supervisor de atendimento,42,17909546569
Renata Cardoso Ribeiro,renata.cardoso.ribeiro.5331@example.com,Maringá,Supervisor de vendas,49,54093398563
Carolina Gomes Dias,carolina.gomes.dias.5332@example.com,Santos,Supervisor de manutenção,29,70795435196
Letícia Cardoso Castro,leticia.cardoso.castro.5333@example.com,Sorocaba,Gerente de operações,30,73911649465
Tatiane Oliveira Cardoso,tatiane.oliveira.cardoso.5334@example.com,Curitiba,Vendedor,48,56115202654
Henrique Teixeira Santos,henrique.teixeira.santos.5335@example.com,Caxias do Sul,Técnico de enfermagem,62,10460983429
Juliana Barros Fernandes,juliana.barros.fernandes.5336@example.com,Caxias do Sul,Gerente de operações,20,08767427777
Gabriela Teixeira Monteiro,gabriela.teixeira.monteiro.5337@example.com,Porto Alegre,Designer gráfico,68,14282666210
Beatriz Monteiro Pereira,beatriz.monteiro.pereira.5338@example.com,Rio de Janeiro,Fisioterapeuta,33,92621704372
Felipe Dias Araújo,felipe.dias.araujo.5339@example.com,Brasília,Analista de marketing,47,15581405034
Carlos Castro Cardoso,carlos.castro.cardoso.5340@example.com,Brasília,Programador,59,45823422702
Rafael Silva Rocha,rafael.silva.rocha.5341@example.com,Manaus,Professor,66,49304465395
Thiago Freitas Dias,thiago.freitas.dias.5342@example.com,Santos,Gerente de tecnologia,45,10301789382
Débora Rocha Almeida,debora.rocha.almeida.5343@example.com,Uberlândia,Mecânico,20,09249925623
José Freitas Cardoso,jose.freitas.cardoso.5344@example.com,São Paulo,Padeiro,63,16818645616
Amanda Monteiro Pereira,amanda.monteiro.pereira.5345@example.com,Natal,Jornalista,58,90882306265
Aline Monteiro Monteiro,aline.monteiro.monteiro.5346@example.com,Niterói,Gerente comercial,38,41614131562
Juliana Costa Alves,juliana.costa.alves.5347@example.com,Dourados,Gerente de recursos humanos,29,93142334945
Vinícius Alves Silva,vinicius.alves.silva.5348@example.com,Rio de Janeiro,Líder de equipe,48,64118011118
Gabriela Oliveira Carvalho,gabriela.oliveira.carvalho.5349@example.com,Vitória,Auxiliar de produção,36,63439702886
Tatiane Mendes Martins,tatiane.mendes.martins.5350@example.com,Sorocaba,Analista financeiro,44,54165788019
Igor Alves Carvalho,igor.alves.carvalho.5351@example.com,Belém,Encarregado de produção,60,31712564613
Vinícius Nascimento Ribeiro,vinicius.nascimento.ribeiro.5352@example.com,Londrina,Recepcionista,24,63237758652
Igor Nascimento Fernandes,igor.nascimento.fernandes.5353@example.com,Brasília,Coordenador de marketing,18,70399725357
Tatiane Santos Barros,tatiane.santos.barros.5354@example.com,Maringá,Analista de marketing,38,34581279402
Fernanda Rodrigues Cardoso,fernanda.rodrigues.cardoso.5355@example.com,Dourados,Contador,42,89809270213
Eduardo Mendes Fernandes,eduardo.mendes.fernandes.5356@example.com,Maringá,Programador,57,05435111512
Diego Pereira Castro,diego.pereira.castro.5357@example.com,Salvador,Gerente financeiro,62,79762752919
Luana Araújo Carvalho,luana.araujo.carvalho.5358@example.com,Rondonópolis,Fisioterapeuta,22,54298994014
Débora Castro Barros,debora.castro.barros.5359@example.com,Belo Horizonte,Nutricionista,55,24207466492
Tatiane Fernandes Ribeiro,tatiane.fernandes.ribeiro.5360@example.com,Londrina,Vendedor,32,09345067949
Renata Costa Ribeiro,renata.costa.ribeiro.5361@example.com,Brasília,Farmacêutico,43,29206417400
Henrique Fernandes Santos,henrique.fernandes.santos.5362@example.com,Recife,Coordenador de produção,55,73515064903
Juliana Rodrigues Freitas,juliana.rodrigues.freitas.5363@example.com,Campinas,Auxiliar de produção,35,94955205693
Camila Costa Pereira,camila.costa.pereira.5364@example.com,Londrina,Técnico de segurança do trabalho,65,59810489031
João Dias Barbosa,joao.dias.barbosa.5365@example.com,Brasília,Técnico de enfermagem,20,86912162175
Leonardo Monteiro Ribeiro,leonardo.monteiro.ribeiro.5366@example.com,Dourados,Enfermeiro,21,89268646602
Nicolas Cardoso Ribeiro,nicolas.cardoso.ribeiro.5367@example.com,São Paulo,Diretor de operações,38,56887101010
José Alves Moreira,jose.alves.moreira.5368@example.com,Vitória,Fisioterapeuta,54,92795780875
Ricardo Araújo Carvalho,ricardo.araujo.carvalho.5369@example.com,Dourados,Encarregado de produção,62,80287222876
Simone Araújo Freitas,simone.araujo.freitas.5370@example.com,Belém,Líder de equipe,62,79440500394
Vinícius Almeida Santos,vinicius.almeida.santos.5371@example.com,Goiânia,Diretor de operações,30,12047908416
Pedro Monteiro Teixeira,pedro.monteiro.teixeira.5372@example.com,Belém,Recepcionista,30,95226503688
Igor Barros Cardoso,igor.barros.cardoso.5373@example.com,Santos,Diretor comercial,63,87610637865
Bruno Carvalho Carvalho,bruno.carvalho.carvalho.5374@example.com,Sorocaba,Gerente comercial,66,06433273788
Rafael Martins Teixeira,rafael.martins.teixeira.5375@example.com,Campinas,Supervisor de qualidade,53,40065559269
Igor Dias Rodrigues,igor.dias.rodrigues.5376@example.com,São Paulo,Assistente comercial,42,15940177186
Simone Barbosa Moreira,simone.barbosa.moreira.5377@example.com,Caxias do Sul,Engenheiro civil,40,57485568064
Otávio Silva Pereira,otavio.silva.pereira.5378@example.com,Campo Grande,Enfermeiro,36,68690188316
Juliana Carvalho Nascimento,juliana.carvalho.nascimento.5379@example.com,Rio de Janeiro,Professor,27,63133130557
Nicolas Carvalho Cardoso,nicolas.carvalho.cardoso.5380@example.com,Sorocaba,Chefe de compras,60,15447732494
Daniela Barbosa Nascimento,daniela.barbosa.nascimento.5381@example.com,Santos,Cozinheiro,63,36974957052
Juliana Costa Cardoso,juliana.costa.cardoso.5382@example.com,Maringá,Chefe de departamento pessoal,54,21282790860
Igor Lima Carvalho,igor.lima.carvalho.5383@example.com,Caxias do Sul,Coordenador administrativo,68,87321832969
Luana Silva Castro,luana.silva.castro.5384@example.com,Belo Horizonte,Chefe de almoxarifado,32,35978567702
Vanessa Moreira Carvalho,vanessa.moreira.carvalho.5385@example.com,Belém,Eletricista,29,52465413579
Lucas Monteiro Teixeira,lucas.monteiro.teixeira.5386@example.com,Belo Horizonte,Analista de marketing,45,68314050133
Otávio Martins Silva,otavio.martins.silva.5387@example.com,Caxias do Sul,Supervisor de vendas,66,24234507136
Diego Pereira Castro,diego.pereira.castro.5388@example.com,Goiânia,Diretor comercial,35,18258344973
Eduardo Barros Cardoso,eduardo.barros.cardoso.5389@example.com,Goiânia,Engenheiro civil,61,49434955028
Gabriel Oliveira Castro,gabriel.oliveira.castro.5390@example.com,Brasília,Líder de equipe,67,18905450345
Rafael Mendes Costa,rafael.mendes.costa.5391@example.com,Rondonópolis,Pedreiro,67,41609777042
Pedro Ribeiro Santos,pedro.ribeiro.santos.5392@example.com,Recife,Líder de equipe,56,96248118778
Juliana Pereira Rodrigues,juliana.pereira.rodrigues.5393@example.com,Belém,Fisioterapeuta,56,80112706923
Ana Rocha Barbosa,ana.rocha.barbosa.5394@example.com,Florianópolis,Professor,47,35116181509
Priscila Moreira Teixeira,priscila.moreira.teixeira.5395@example.com,Recife,Contador,57,86897173490
Paulo Fernandes Oliveira,paulo.fernandes.oliveira.5396@example.com,Recife,Corretor de imóveis,56,63989029570
Thiago Castro Fernandes,thiago.castro.fernandes.5397@example.com,Joinville,Diretor comercial,44,76079205400
Leonardo Gomes Souza,leonardo.gomes.souza.5398@example.com,Maringá,Farmacêutico,39,74001782594
Diego Costa Gomes,diego.costa.gomes.5399@example.com,Rondonópolis,Chefe de departamento pessoal,29,25116009993
Daniela Fernandes Dias,daniela.fernandes.dias.5400@example.com,Caxias do Sul,Encarregado de produção,22,56686710875
Leonardo Silva Ribeiro,leonardo.silva.ribeiro.5401@example.com,Belém,Jornalista,24,93344415490
Ricardo Castro Barros,ricardo.castro.barros.5402@example.com,Belo Horizonte,Estoquista,41,69630402428
Rafael Araújo Santos,rafael.araujo.santos.5403@example.com,Fortaleza,Líder de equipe,39,67102594493
Beatriz Barros Nascimento,beatriz.barros.nascimento.5404@example.com,Belo Horizonte,Coordenador de logística,47,14835127639
Otávio Castro Teixeira,otavio.castro.teixeira.5405@example.com,Cuiabá,Cozinheiro,22,91340305476
Carolina Costa Dias,carolina.costa.dias.5406@example.com,Maringá,Gerente de tecnologia,38,11450052330
José Monteiro Oliveira,jose.monteiro.oliveira.5407@example.com,Vitória,Diretor de operações,33,91244476857
Felipe Cardoso Ribeiro,felipe.cardoso.ribeiro.5408@example.com,Curitiba,Fisioterapeuta,48,37020980182
Gabriela Martins Nascimento,gabriela.martins.nascimento.5409@example.com,Londrina,Comprador,66,66850078444
Felipe Barbosa Lima,felipe.barbosa.lima.5410@example.com,Natal,Fisioterapeuta,44,45898005455
Paulo Silva Lima,paulo.silva.lima.5411@example.com,Brasília,Coordenador de produção,64,25512994579
Carlos Santos Castro,carlos.santos.castro.5412@example.com,Porto Alegre,Engenheiro civil,22,32851778289
Vinícius Costa Barbosa,vinicius.costa.barbosa.5413@example.com,São Paulo,Supervisor de manutenção,69,06068628008
Juliana Fernandes Almeida,juliana.fernandes.almeida.5414@example.com,Florianópolis,Farmacêutico,43,47171940170
Igor Dias Santos,igor.dias.santos.5415@example.com,Dourados,Analista de dados,31,68810652474
Ricardo Moreira Cardoso,ricardo.moreira.cardoso.5416@example.com,Maringá,Contador,44,15611381719
Patrícia Gomes Ribeiro,patricia.gomes.ribeiro.5417@example.com,Santos,Programador,47,61765321446
Ana Monteiro Carvalho,ana.monteiro.carvalho.5418@example.com,Maringá,Gerente de tecnologia,37,67286904706
Diego Monteiro Monteiro,diego.monteiro.monteiro.5419@example.com,Florianópolis,Assistente administrativo,69,15233230666
Amanda Mendes Mendes,amanda.mendes.mendes.5420@example.com,Belém,Advogado,46,00705695207
Thiago Moreira Carvalho,thiago.moreira.carvalho.5421@example.com,Caxias do Sul,Atendente,44,12810589444
Luana Rodrigues Carvalho,luana.rodrigues.carvalho.5422@example.com,Santos,Técnico em informática,49,85746232363
Henrique Gomes Costa,henrique.gomes.costa.5423@example.com,Vitória,Mecânico,20,74733447592
Beatriz Silva Silva,beatriz.silva.silva.5424@example.com,Natal,Comprador,36,74174801521
Renata Gomes Cardoso,renata.gomes.cardoso.5425@example.com,Vitória,Diretor de operações,27,27208694955
Mariana Dias Mendes,mariana.dias.mendes.5426@example.com,Rio de Janeiro,Engenheiro civil,67,58005763483
Gabriel Barbosa Almeida,gabriel.barbosa.almeida.5427@example.com,Londrina,Assistente administrativo,33,03226769039
Carlos Barros Teixeira,carlos.barros.teixeira.5428@example.com,Natal,Técnico de enfermagem,39,06821352075
Priscila Moreira Nascimento,priscila.moreira.nascimento.5429@example.com,Uberlândia,Contador,18,46058494079
Tatiane Monteiro Nascimento,tatiane.monteiro.nascimento.5430@example.com,Belo Horizonte,Contador,24,17694474690
Fernanda Costa Santos,fernanda.costa.santos.5431@example.com,Uberlândia,Engenheiro civil,29,13830073985
Igor Oliveira Fernandes,igor.oliveira.fernandes.5432@example.com,Cuiabá,Advogado,44,09959203557
Ana Silva Alves,ana.silva.alves.5433@example.com,Belém,Assistente comercial,48,86311116081
Otávio Mendes Almeida,otavio.mendes.almeida.5434@example.com,Manaus,Supervisor de qualidade,61,89771151044
Larissa Rocha Moreira,larissa.rocha.moreira.5435@example.com,Campo Grande,Padeiro,60,72497935820
Pedro Dias Teixeira,pedro.dias.teixeira.5436@example.com,Belo Horizonte,Supervisor de manutenção,62,91295500992
Vanessa Ribeiro Mendes,vanessa.ribeiro.mendes.5437@example.com,Cuiabá,Fisioterapeuta,49,54166475828
Rafael Cardoso Carvalho,rafael.cardoso.carvalho.5438@example.com,Recife,Analista financeiro,31,58665667848
Tatiane Monteiro Pereira,tatiane.monteiro.pereira.5439@example.com,Joinville,Designer gráfico,36,17678511808
Letícia Oliveira Alves,leticia.oliveira.alves.5440@example.com,Porto Alegre,Analista de marketing,46,75696089709
Carolina Mendes Moreira,carolina.mendes.moreira.5441@example.com,Vitória,Estoquista,30,49379666664
Mariana Ribeiro Nascimento,mariana.ribeiro.nascimento.5442@example.com,Maringá,Pedreiro,30,23633002759
Felipe Santos Silva,felipe.santos.silva.5443@example.com,Porto Alegre,Supervisor de atendimento,47,76017718905
Rafael Nascimento Dias,rafael.nascimento.dias.5444@example.com,Manaus,Atendente,69,51984115465
Diego Barbosa Araújo,diego.barbosa.araujo.5445@example.com,Natal,Chefe de compras,53,20000495354
Tatiane Teixeira Cardoso,tatiane.teixeira.cardoso.5446@example.com,Rondonópolis,Gerente de tecnologia,64,91977558302
Gustavo Araújo Araújo,gustavo.araujo.araujo.5447@example.com,Belo Horizonte,Motorista,28,47795338781
Tatiane Barros Souza,tatiane.barros.souza.5448@example.com,Brasília,Chefe de almoxarifado,45,47760637013
Sérgio Castro Silva,sergio.castro.silva.5449@example.com,Belo Horizonte,Gerente de tecnologia,24,69272161068
Gabriel Ribeiro Barros,gabriel.ribeiro.barros.5450@example.com,Goiânia,Supervisor de qualidade,57,36158925837
Vinícius Oliveira Santos,vinicius.oliveira.santos.5451@example.com,Goiânia,Gerente de recursos humanos,36,54899100327
Henrique Mendes Rodrigues,henrique.mendes.rodrigues.5452@example.com,Santos,Assistente comercial,64,74310309678
Paulo Nascimento Pereira,paulo.nascimento.pereira.5453@example.com,Florianópolis,Chefe de compras,28,38911386649
Igor Araújo Rodrigues,igor.araujo.rodrigues.5454@example.com,Goiânia,Técnico em informática,61,70028229589
Paulo Souza Cardoso,paulo.souza.cardoso.5455@example.com,São Paulo,Corretor de imóveis,38,69543823472
Leonardo Mendes Monteiro,leonardo.mendes.monteiro.5456@example.com,Fortaleza,Programador,43,66076884452
Thiago Teixeira Rodrigues,thiago.teixeira.rodrigues.5457@example.com,Recife,Cozinheiro,30,71107918704
Carolina Nascimento Santos,carolina.nascimento.santos.5458@example.com,Caxias do Sul,Técnico de enfermagem,62,89991780882
Vanessa Costa Lima,vanessa.costa.lima.5459@example.com,Caxias do Sul,Chefe de almoxarifado,66,97915031096
Amanda Pereira Nascimento,amanda.pereira.nascimento.5460@example.com,Maringá,Diretor de operações,40,27045571209
Eduardo Souza Martins,eduardo.souza.martins.5461@example.com,Dourados,Comprador,26,30025077687
Otávio Carvalho Fernandes,otavio.carvalho.fernandes.5462@example.com,Campinas,Advogado,44,40740089038
Tatiane Ribeiro Silva,tatiane.ribeiro.silva.5463@example.com,Uberlândia,Estoquista,25,73850199925
Sérgio Mendes Mendes,sergio.mendes.mendes.5464@example.com,Cuiabá,Vendedor,39,79429748708
Diego Moreira Carvalho,diego.moreira.carvalho.5465@example.com,Rio de Janeiro,Supervisor de qualidade,45,36416852665
Vanessa Rodrigues Moreira,vanessa.rodrigues.moreira.5466@example.com,São Paulo,Fisioterapeuta,70,26824164093
Daniela Silva Rodrigues,daniela.silva.rodrigues.5467@example.com,Londrina,Analista de recursos humanos,64,44547008713
Luana Gomes Pereira,luana.gomes.pereira.5468@example.com,Cuiabá,Técnico de segurança do trabalho,39,46019739697
Pedro Barros Almeida,pedro.barros.almeida.5469@example.com,Joinville,Coordenador administrativo,44,11230535611
Diego Araújo Nascimento,diego.araujo.nascimento.5470@example.com,Rondonópolis,Analista de marketing,61,14866022150
Priscila Ribeiro Dias,priscila.ribeiro.dias.5471@example.com,Goiânia,Contador,62,13366473979
Vinícius Silva Alves,vinicius.silva.alves.5472@example.com,Curitiba,Engenheiro civil,67,42180405843
Fernanda Mendes Dias,fernanda.mendes.dias.5473@example.com,Caxias do Sul,Padeiro,37,52467890658
Daniela Castro Dias,daniela.castro.dias.5474@example.com,Fortaleza,Assistente comercial,69,32684156629
Simone Araújo Rodrigues,simone.araujo.rodrigues.5475@example.com,Vitória,Mecânico,52,59842611968
José Dias Fernandes,jose.dias.fernandes.5476@example.com,Vitória,Mecânico,58,50898146761
Aline Silva Fernandes,aline.silva.fernandes.5477@example.com,Uberlândia,Gerente de tecnologia,58,32854874568
Sandra Santos Ribeiro,sandra.santos.ribeiro.5478@example.com,Porto Alegre,Coordenador administrativo,34,76986119022
Henrique Moreira Freitas,henrique.moreira.freitas.5479@example.com,Campinas,Diretor comercial,35,73483771105
Luana Souza Teixeira,luana.souza.teixeira.5480@example.com,Salvador,Enfermeiro,39,30720620951
Aline Silva Costa,aline.silva.costa.5481@example.com,Belém,Líder de equipe,66,83132418721
Lucas Oliveira Fernandes,lucas.oliveira.fernandes.5482@example.com,Cuiabá,Encarregado de produção,30,49866310006
Sérgio Rodrigues Barbosa,sergio.rodrigues.barbosa.5483@example.com,Campinas,Cozinheiro,56,24187255027
Diego Fernandes Almeida,diego.fernandes.almeida.5484@example.com,Curitiba,Nutricionista,68,31920789224
Bruno Costa Teixeira,bruno.costa.teixeira.5485@example.com,Rio de Janeiro,Motorista,44,83193012104
Simone Lima Barbosa,simone.lima.barbosa.5486@example.com,Rondonópolis,Cozinheiro,64,92522295342
Ana Fernandes Castro,ana.fernandes.castro.5487@example.com,Brasília,Gerente de operações,51,94894842738
Sandra Dias Monteiro,sandra.dias.monteiro.5488@example.com,Belém,Motorista,59,04168588914
Juliana Dias Oliveira,juliana.dias.oliveira.5489@example.com,Vitória,Técnico de enfermagem,45,36597887242
Marcelo Cardoso Gomes,marcelo.cardoso.gomes.5490@example.com,Goiânia,Auxiliar de produção,26,06500698187
Letícia Fernandes Mendes,leticia.fernandes.mendes.5491@example.com,Belo Horizonte,Vendedor,51,29831668969
Beatriz Dias Gomes,beatriz.dias.gomes.5492@example.com,Uberlândia,Técnico de enfermagem,22,99944729308
Diego Nascimento Dias,diego.nascimento.dias.5493@example.com,Joinville,Técnico em informática,29,25500053423
Carlos Gomes Costa,carlos.gomes.costa.5494@example.com,Dourados,Assistente comercial,43,43349720632
Ricardo Teixeira Silva,ricardo.teixeira.silva.5495@example.com,Joinville,Professor,45,07224207207
Fernanda Alves Monteiro,fernanda.alves.monteiro.5496@example.com,Campinas,Líder de equipe,26,47860173084
Luana Monteiro Mendes,luana.monteiro.mendes.5497@example.com,Natal,Analista financeiro,56,63858726415
Igor Barbosa Alves,igor.barbosa.alves.5498@example.com,Sorocaba,Gerente de recursos humanos,57,53774859398
Eduardo Fernandes Pereira,eduardo.fernandes.pereira.5499@example.com,Rondonópolis,Supervisor de atendimento,19,87558396257
Vitória Fernandes Barros,vitoria.fernandes.barros.5500@example.com,Natal,Técnico de enfermagem,22,49801353984
Vitória Rocha Lima,vitoria.rocha.lima.5501@example.com,Joinville,Supervisor de vendas,56,77241739842
Otávio Lima Barbosa,otavio.lima.barbosa.5502@example.com,Niterói,Auxiliar de produção,43,74187779585
Vanessa Souza Araújo,vanessa.souza.araujo.5503@example.com,Goiânia,Encarregado de produção,58,87107580807
Igor Silva Costa,igor.silva.costa.5504@example.com,Goiânia,Engenheiro civil,48,33265442516
Bruno Costa Nascimento,bruno.costa.nascimento.5505@example.com,Uberlândia,Chefe de compras,59,74227036886
Rafael Santos Souza,rafael.santos.souza.5506@example.com,Natal,Supervisor de qualidade,63,86732302704
Mariana Martins Ribeiro,mariana.martins.ribeiro.5507@example.com,Joinville,Contador,68,98152237175
Henrique Moreira Araújo,henrique.moreira.araujo.5508@example.com,Santos,Comprador,20,08975444816
Sérgio Monteiro Alves,sergio.monteiro.alves.5509@example.com,São Paulo,Assistente administrativo,64,46228649216
Diego Dias Teixeira,diego.dias.teixeira.5510@example.com,Londrina,Motorista,62,46293609901
Marcelo Dias Rodrigues,marcelo.dias.rodrigues.5511@example.com,Vitória,Jornalista,57,95981831569
Letícia Teixeira Pereira,leticia.teixeira.pereira.5512@example.com,Dourados,Vendedor,50,76774924976
Felipe Costa Alves,felipe.costa.alves.5513@example.com,Caxias do Sul,Analista financeiro,45,48191786765
Gustavo Lima Oliveira,gustavo.lima.oliveira.5514@example.com,Brasília,Analista de marketing,41,44307957018
Carlos Araújo Teixeira,carlos.araujo.teixeira.5515@example.com,Campo Grande,Chefe de departamento pessoal,41,33456867376
Henrique Costa Araújo,henrique.costa.araujo.5516@example.com,Natal,Assistente comercial,41,92136030820
José Souza Fernandes,jose.souza.fernandes.5517@example.com,Belo Horizonte,Diretor de operações,46,21778222219
Vitória Rodrigues Rodrigues,vitoria.rodrigues.rodrigues.5518@example.com,Rio de Janeiro,Gerente comercial,19,17526465865
Juliana Lima Teixeira,juliana.lima.teixeira.5519@example.com,Fortaleza,Gerente de operações,25,63961553637
Ana Mendes Silva,ana.mendes.silva.5520@example.com,Niterói,Contador,28,25552777270
Nicolas Castro Silva,nicolas.castro.silva.5521@example.com,Porto Alegre,Gerente financeiro,48,83666729585
José Alves Almeida,jose.alves.almeida.5522@example.com,Manaus,Arquiteto,41,68159809072
Sérgio Ribeiro Alves,sergio.ribeiro.alves.5523@example.com,Sorocaba,Enfermeiro,20,62412567437
Marcelo Barbosa Alves,marcelo.barbosa.alves.5524@example.com,Recife,Recepcionista,37,70773526538
Priscila Barros Araújo,priscila.barros.araujo.5525@example.com,Manaus,Supervisor de qualidade,61,36562411740
Rafael Dias Monteiro,rafael.dias.monteiro.5526@example.com,Salvador,Coordenador de logística,35,09381576614
Vinícius Monteiro Fernandes,vinicius.monteiro.fernandes.5527@example.com,Campo Grande,Professor,54,77856231430
Thiago Barros Oliveira,thiago.barros.oliveira.5528@example.com,São Paulo,Coordenador administrativo,69,49166037717
Patrícia Silva Oliveira,patricia.silva.oliveira.5529@example.com,Vitória,Analista de dados,54,59442376071
Vitória Lima Souza,vitoria.lima.souza.5530@example.com,Natal,Motorista,42,32806238013
Thiago Martins Martins,thiago.martins.martins.5531@example.com,Sorocaba,Comprador,30,22891490257
Camila Gomes Pereira,camila.gomes.pereira.5532@example.com,Campo Grande,Supervisor de manutenção,49,38812675863
Ricardo Ribeiro Martins,ricardo.ribeiro.martins.5533@example.com,Cuiabá,Diretor comercial,44,51677362471
Beatriz Martins Araújo,beatriz.martins.araujo.5534@example.com,Maringá,Coordenador de logística,23,66781711364
Felipe Rocha Oliveira,felipe.rocha.oliveira.5535@example.com,Florianópolis,Contador,23,08329804982
Gabriela Nascimento Castro,gabriela.nascimento.castro.5536@example.com,Rondonópolis,Técnico de segurança do trabalho,69,38971036834
Gustavo Martins Lima,gustavo.martins.lima.5537@example.com,Goiânia,Assistente administrativo,58,46202886708
Ana Rodrigues Santos,ana.rodrigues.santos.5538@example.com,Porto Alegre,Farmacêutico,48,59699956231
Eduardo Castro Freitas,eduardo.castro.freitas.5539@example.com,Natal,Jornalista,19,54953322318
Diego Rodrigues Gomes,diego.rodrigues.gomes.5540@example.com,Campinas,Gerente financeiro,41,72565527016
Carolina Alves Moreira,carolina.alves.moreira.5541@example.com,Campinas,Advogado,25,95471835871
Felipe Martins Rocha,felipe.martins.rocha.5542@example.com,Dourados,Supervisor de vendas,51,79418624194
Bruno Alves Pereira,bruno.alves.pereira.5543@example.com,Manaus,Gerente de tecnologia,44,58097111218
Lucas Mendes Rodrigues,lucas.mendes.rodrigues.5544@example.com,Niterói,Professor,52,19889764871
Ricardo Barbosa Fernandes,ricardo.barbosa.fernandes.5545@example.com,Florianópolis,Enfermeiro,42,33871642732
Lucas Rodrigues Mendes,lucas.rodrigues.mendes.5546@example.com,Rio de Janeiro,Chefe de compras,29,75393024242
Fernanda Monteiro Mendes,fernanda.monteiro.mendes.5547@example.com,Cuiabá,Comprador,25,91172801880
Débora Ribeiro Silva,debora.ribeiro.silva.5548@example.com,Joinville,Gerente financeiro,41,83014529021
Fernanda Alves Barros,fernanda.alves.barros.5549@example.com,Salvador,Supervisor de atendimento,42,91467452347
Beatriz Mendes Mendes,beatriz.mendes.mendes.5550@example.com,Porto Alegre,Gerente comercial,28,41075449078
Letícia Gomes Dias,leticia.gomes.dias.5551@example.com,Rondonópolis,Farmacêutico,33,97846953351
Gabriel Dias Carvalho,gabriel.dias.carvalho.5552@example.com,Uberlândia,Nutricionista,37,57001509193
João Nascimento Freitas,joao.nascimento.freitas.5553@example.com,Brasília,Enfermeiro,38,60061186199
João Alves Cardoso,joao.alves.cardoso.5554@example.com,Cuiabá,Vendedor,65,05619958959
Eduardo Araújo Dias,eduardo.araujo.dias.5555@example.com,Recife,Enfermeiro,35,19342265628
Henrique Moreira Martins,henrique.moreira.martins.5556@example.com,Fortaleza,Coordenador de logística,37,36787155645
Gabriel Fernandes Martins,gabriel.fernandes.martins.5557@example.com,Manaus,Coordenador administrativo,47,14938661292
Ricardo Souza Ribeiro,ricardo.souza.ribeiro.5558@example.com,São Paulo,Contador,28,06337274666
Igor Teixeira Barbosa,igor.teixeira.barbosa.5559@example.com,Cuiabá,Analista de recursos humanos,55,94769979037
Ana Alves Castro,ana.alves.castro.5560@example.com,Niterói,Cozinheiro,48,61561005683
Ricardo Castro Moreira,ricardo.castro.moreira.5561@example.com,Manaus,Analista de marketing,48,46321214789
Juliana Dias Castro,juliana.dias.castro.5562@example.com,Rio de Janeiro,Motorista,37,80431561657
Débora Castro Costa,debora.castro.costa.5563@example.com,Dourados,Auxiliar de produção,51,33425793357
Leonardo Pereira Mendes,leonardo.pereira.mendes.5564@example.com,Sorocaba,Advogado,37,18561634159
Larissa Araújo Pereira,larissa.araujo.pereira.5565@example.com,Niterói,Recepcionista,52,70705778097
Henrique Barros Pereira,henrique.barros.pereira.5566@example.com,Campo Grande,Supervisor de qualidade,33,35912979937
Amanda Araújo Monteiro,amanda.araujo.monteiro.5567@example.com,Caxias do Sul,Operador de caixa,42,11603606025
Priscila Nascimento Carvalho,priscila.nascimento.carvalho.5568@example.com,Joinville,Mecânico,21,58593697726
Thiago Carvalho Silva,thiago.carvalho.silva.5569@example.com,Porto Alegre,Analista financeiro,70,33144514024
Paulo Lima Monteiro,paulo.lima.monteiro.5570@example.com,Natal,Engenheiro civil,45,28291193565
Thiago Mendes Teixeira,thiago.mendes.teixeira.5571@example.com,Vitória,Designer gráfico,44,71975492158
Fernanda Alves Monteiro,fernanda.alves.monteiro.5572@example.com,Vitória,Técnico de enfermagem,67,66157234390
Diego Gomes Silva,diego.gomes.silva.5573@example.com,Santos,Analista financeiro,37,84957896326
Gabriel Barbosa Moreira,gabriel.barbosa.moreira.5574@example.com,Rio de Janeiro,Pedreiro,69,92115921279
Bruno Pereira Fernandes,bruno.pereira.fernandes.5575@example.com,Curitiba,Analista de recursos humanos,58,30195166443
Vanessa Pereira Lima,vanessa.pereira.lima.5576@example.com,Rondonópolis,Comprador,33,22466870657
Ana Barbosa Costa,ana.barbosa.costa.5577@example.com,Vitória,Advogado,70,95035853637
Bruno Dias Nascimento,bruno.dias.nascimento.5578@example.com,Londrina,Nutricionista,32,15668680304
Vanessa Lima Castro,vanessa.lima.castro.5579@example.com,Campo Grande,Supervisor de manutenção,35,23180761627
Letícia Teixeira Dias,leticia.teixeira.dias.5580@example.com,Natal,Padeiro,49,55666537028
Beatriz Teixeira Barros,beatriz.teixeira.barros.5581@example.com,Joinville,Corretor de imóveis,36,19381486284
Sérgio Pereira Moreira,sergio.pereira.moreira.5582@example.com,Sorocaba,Gerente de tecnologia,24,05345073036
José Castro Dias,jose.castro.dias.5583@example.com,São Paulo,Coordenador de logística,28,83044460752
Priscila Oliveira Pereira,priscila.oliveira.pereira.5584@example.com,Salvador,Gerente comercial,70,44369736129
Bruno Silva Barros,bruno.silva.barros.5585@example.com,Rondonópolis,Analista de marketing,49,66792700616
Juliana Almeida Carvalho,juliana.almeida.carvalho.5586@example.com,Porto Alegre,Arquiteto,60,49088099875
Beatriz Souza Rodrigues,beatriz.souza.rodrigues.5587@example.com,Belo Horizonte,Supervisor de manutenção,48,94271134826
Felipe Santos Moreira,felipe.santos.moreira.5588@example.com,Vitória,Analista financeiro,51,37725015062
Beatriz Barros Barbosa,beatriz.barros.barbosa.5589@example.com,Natal,Padeiro,35,50657310988
Sérgio Silva Silva,sergio.silva.silva.5590@example.com,Uberlândia,Padeiro,55,49884292090
Henrique Nascimento Santos,henrique.nascimento.santos.5591@example.com,Fortaleza,Supervisor de qualidade,52,50498982486
Felipe Almeida Castro,felipe.almeida.castro.5592@example.com,Manaus,Chefe de compras,38,76878120089
Camila Gomes Rocha,camila.gomes.rocha.5593@example.com,Brasília,Gerente de operações,26,78921531944
Otávio Dias Souza,otavio.dias.souza.5594@example.com,Dourados,Vendedor,42,18436764477
Otávio Barros Teixeira,otavio.barros.teixeira.5595@example.com,Salvador,Assistente comercial,69,08409825209
Patrícia Moreira Souza,patricia.moreira.souza.5596@example.com,Santos,Técnico de segurança do trabalho,53,85132045383
Paulo Castro Ribeiro,paulo.castro.ribeiro.5597@example.com,São Paulo,Advogado,56,09528146053
Débora Gomes Freitas,debora.gomes.freitas.5598@example.com,Belo Horizonte,Engenheiro civil,47,98180173239
Sérgio Costa Almeida,sergio.costa.almeida.5599@example.com,Sorocaba,Coordenador de logística,58,35517188581
Leonardo Rodrigues Ribeiro,leonardo.rodrigues.ribeiro.5600@example.com,Natal,Analista de dados,58,59130798908
Paulo Teixeira Rodrigues,paulo.teixeira.rodrigues.5601@example.com,Manaus,Chefe de compras,27,61963214225
Gustavo Barros Alves,gustavo.barros.alves.5602@example.com,Fortaleza,Fisioterapeuta,27,71443378648
Henrique Santos Rodrigues,henrique.santos.rodrigues.5603@example.com,Belo Horizonte,Programador,51,10715141621
Leonardo Nascimento Rocha,leonardo.nascimento.rocha.5604@example.com,Cuiabá,Cozinheiro,70,58663609699
Lucas Costa Moreira,lucas.costa.moreira.5605@example.com,Rondonópolis,Técnico de enfermagem,51,99464579344
Daniela Mendes Almeida,daniela.mendes.almeida.5606@example.com,Joinville,Técnico de segurança do trabalho,33,13908839138
Thiago Costa Barbosa,thiago.costa.barbosa.5607@example.com,Goiânia,Corretor de imóveis,60,35930479054
Vitória Moreira Cardoso,vitoria.moreira.cardoso.5608@example.com,Rondonópolis,Enfermeiro,20,96692726245
Vitória Nascimento Lima,vitoria.nascimento.lima.5609@example.com,São Paulo,Pedreiro,20,75792601305
Vitória Oliveira Carvalho,vitoria.oliveira.carvalho.5610@example.com,São Paulo,Coordenador de produção,20,68398173423
Ana Costa Gomes,ana.costa.gomes.5611@example.com,Salvador,Gerente de tecnologia,30,26380734972
Rafael Oliveira Teixeira,rafael.oliveira.teixeira.5612@example.com,Rondonópolis,Advogado,63,81313281766
Lucas Cardoso Oliveira,lucas.cardoso.oliveira.5613@example.com,Fortaleza,Contador,65,38118802727
Felipe Araújo Rocha,felipe.araujo.rocha.5614@example.com,Dourados,Fisioterapeuta,23,95872830094
Marcelo Cardoso Pereira,marcelo.cardoso.pereira.5615@example.com,Niterói,Chefe de almoxarifado,44,64554078116
Ricardo Martins Santos,ricardo.martins.santos.5616@example.com,Belo Horizonte,Arquiteto,61,51849993307
Carolina Martins Ribeiro,carolina.martins.ribeiro.5617@example.com,Dourados,Diretor comercial,29,73678179847
Paulo Lima Barbosa,paulo.lima.barbosa.5618@example.com,Salvador,Vendedor,32,72361397390
Mariana Rocha Freitas,mariana.rocha.freitas.5619@example.com,Florianópolis,Analista de marketing,60,32671540497
Igor Teixeira Santos,igor.teixeira.santos.5620@example.com,Joinville,Jornalista,30,25191408305
Diego Pereira Pereira,diego.pereira.pereira.5621@example.com,Porto Alegre,Assistente administrativo,59,74682197797
Pedro Almeida Alves,pedro.almeida.alves.5622@example.com,Joinville,Chefe de departamento pessoal,48,67387198000
Eduardo Freitas Souza,eduardo.freitas.souza.5623@example.com,Campo Grande,Coordenador de produção,18,07255357954
Mariana Dias Castro,mariana.dias.castro.5624@example.com,Brasília,Professor,30,32571250949
Daniela Mendes Castro,daniela.mendes.castro.5625@example.com,Londrina,Supervisor de manutenção,45,99096082980
Sérgio Rocha Cardoso,sergio.rocha.cardoso.5626@example.com,Salvador,Mecânico,34,66337159313
Gabriela Barbosa Gomes,gabriela.barbosa.gomes.5627@example.com,Santos,Estoquista,31,85023382041
Renata Barros Barbosa,renata.barros.barbosa.5628@example.com,Salvador,Analista financeiro,65,29135252133
Tatiane Nascimento Souza,tatiane.nascimento.souza.5629@example.com,Salvador,Fisioterapeuta,18,09632592530
Thiago Silva Dias,thiago.silva.dias.5630@example.com,Belém,Contador,42,60501040691
Diego Costa Cardoso,diego.costa.cardoso.5631@example.com,Brasília,Auxiliar de produção,51,90371884778
Renata Almeida Rodrigues,renata.almeida.rodrigues.5632@example.com,Goiânia,Contador,45,45287468559
Felipe Moreira Rocha,felipe.moreira.rocha.5633@example.com,Joinville,Supervisor de vendas,19,11723759396
Pedro Oliveira Mendes,pedro.oliveira.mendes.5634@example.com,Goiânia,Analista de dados,60,62588677547
Gabriela Martins Rocha,gabriela.martins.rocha.5635@example.com,Dourados,Corretor de imóveis,50,20968748680
Amanda Lima Rodrigues,amanda.lima.rodrigues.5636@example.com,Niterói,Arquiteto,44,75162223604
Eduardo Costa Silva,eduardo.costa.silva.5637@example.com,Uberlândia,Analista financeiro,27,75715380310
Sandra Rodrigues Gomes,sandra.rodrigues.gomes.5638@example.com,Vitória,Coordenador administrativo,38,73488216003
Rafael Monteiro Fernandes,rafael.monteiro.fernandes.5639@example.com,Fortaleza,Motorista,63,05431661668
Mariana Dias Souza,mariana.dias.souza.5640@example.com,Vitória,Gerente de operações,64,18689308073
Vanessa Dias Rocha,vanessa.dias.rocha.5641@example.com,Manaus,Técnico de segurança do trabalho,32,58357085499
Lucas Oliveira Gomes,lucas.oliveira.gomes.5642@example.com,Joinville,Gerente financeiro,32,76676576372
Thiago Alves Santos,thiago.alves.santos.5643@example.com,Natal,Advogado,66,38248037060
Leonardo Moreira Barbosa,leonardo.moreira.barbosa.5644@example.com,Belo Horizonte,Eletricista,36,66439580507
Vanessa Teixeira Teixeira,vanessa.teixeira.teixeira.5645@example.com,Fortaleza,Técnico de segurança do trabalho,41,82166990995
Larissa Oliveira Almeida,larissa.oliveira.almeida.5646@example.com,Cuiabá,Advogado,33,66664076378
Vitória Barbosa Gomes,vitoria.barbosa.gomes.5647@example.com,Caxias do Sul,Supervisor de manutenção,35,92452309248
Sérgio Silva Barros,sergio.silva.barros.5648@example.com,Recife,Comprador,64,62120386220
Luana Carvalho Gomes,luana.carvalho.gomes.5649@example.com,São Paulo,Gerente comercial,60,39201123024
Juliana Rocha Ribeiro,juliana.rocha.ribeiro.5650@example.com,Niterói,Supervisor de manutenção,47,61755127029
Bruno Silva Alves,bruno.silva.alves.5651@example.com,Uberlândia,Pedreiro,67,99867461306
Aline Araújo Araújo,aline.araujo.araujo.5652@example.com,Rondonópolis,Designer gráfico,64,77910762750
Otávio Castro Fernandes,otavio.castro.fernandes.5653@example.com,Florianópolis,Analista de marketing,53,93054565670
Renata Alves Souza,renata.alves.souza.5654@example.com,Manaus,Supervisor de vendas,67,56779750257
Larissa Fernandes Dias,larissa.fernandes.dias.5655@example.com,Recife,Mecânico,64,39805203932
Carlos Almeida Barros,carlos.almeida.barros.5656@example.com,Caxias do Sul,Chefe de almoxarifado,67,06226675680
Leonardo Fernandes Silva,leonardo.fernandes.silva.5657@example.com,Recife,Designer gráfico,38,53376556836
Paulo Teixeira Teixeira,paulo.teixeira.teixeira.5658@example.com,Porto Alegre,Estoquista,35,89781107553
Mariana Alves Castro,mariana.alves.castro.5659@example.com,Caxias do Sul,Supervisor de vendas,67,83391368334
Carolina Castro Cardoso,carolina.castro.cardoso.5660@example.com,Belém,Professor,67,21055172807
Priscila Fernandes Cardoso,priscila.fernandes.cardoso.5661@example.com,Santos,Designer gráfico,65,14523386692
Ana Costa Barbosa,ana.costa.barbosa.5662@example.com,Brasília,Auxiliar de produção,46,75183290924
Beatriz Souza Gomes,beatriz.souza.gomes.5663@example.com,Recife,Coordenador administrativo,42,66825967630
Simone Oliveira Rodrigues,simone.oliveira.rodrigues.5664@example.com,Campinas,Nutricionista,62,32885602304
Eduardo Dias Lima,eduardo.dias.lima.5665@example.com,Manaus,Chefe de departamento pessoal,57,31202583548
Larissa Moreira Freitas,larissa.moreira.freitas.5666@example.com,Recife,Coordenador de marketing,50,52611755860
Simone Barros Mendes,simone.barros.mendes.5667@example.com,Recife,Supervisor de atendimento,60,94833800475
Daniela Gomes Teixeira,daniela.gomes.teixeira.5668@example.com,Salvador,Técnico de segurança do trabalho,64,14666483240
Igor Pereira Rocha,igor.pereira.rocha.5669@example.com,Uberlândia,Fisioterapeuta,32,56659087175
Vanessa Freitas Almeida,vanessa.freitas.almeida.5670@example.com,Maringá,Estoquista,55,92588346577
Tatiane Castro Pereira,tatiane.castro.pereira.5671@example.com,Manaus,Técnico em informática,26,01385940865
Eduardo Costa Fernandes,eduardo.costa.fernandes.5672@example.com,Goiânia,Gerente financeiro,45,19521541079
Luana Cardoso Lima,luana.cardoso.lima.5673@example.com,Vitória,Eletricista,28,10046346610
Igor Oliveira Gomes,igor.oliveira.gomes.5674@example.com,São Paulo,Analista de recursos humanos,67,50384937847
Carlos Costa Almeida,carlos.costa.almeida.5675@example.com,Vitória,Jornalista,66,81426381444
Mariana Mendes Lima,mariana.mendes.lima.5676@example.com,Campo Grande,Gerente de operações,27,31333481714
Gabriel Santos Nascimento,gabriel.santos.nascimento.5677@example.com,Rondonópolis,Operador de caixa,56,74514309746
Débora Araújo Freitas,debora.araujo.freitas.5678@example.com,Campo Grande,Eletricista,18,22011462974
Gabriel Rocha Silva,gabriel.rocha.silva.5679@example.com,Belo Horizonte,Supervisor de atendimento,54,47990777017
Bruno Carvalho Rocha,bruno.carvalho.rocha.5680@example.com,Joinville,Gerente comercial,52,27349503871
Igor Barros Rodrigues,igor.barros.rodrigues.5681@example.com,Cuiabá,Contador,58,10602861321
Marcelo Barros Lima,marcelo.barros.lima.5682@example.com,Fortaleza,Vendedor,39,46160474613
Paulo Alves Cardoso,paulo.alves.cardoso.5683@example.com,São Paulo,Programador,42,10324928384
Luana Freitas Rodrigues,luana.freitas.rodrigues.5684@example.com,Uberlândia,Chefe de departamento pessoal,39,28244478388
Otávio Lima Rodrigues,otavio.lima.rodrigues.5685@example.com,Sorocaba,Supervisor de qualidade,35,57703374789
Larissa Martins Monteiro,larissa.martins.monteiro.5686@example.com,Niterói,Coordenador de produção,63,53634295501
Otávio Rodrigues Martins,otavio.rodrigues.martins.5687@example.com,Florianópolis,Gerente comercial,33,06199221273
Marcelo Silva Pereira,marcelo.silva.pereira.5688@example.com,Curitiba,Diretor comercial,36,85868102998
Igor Freitas Pereira,igor.freitas.pereira.5689@example.com,Cuiabá,Encarregado de produção,42,17560497074
Camila Rocha Freitas,camila.rocha.freitas.5690@example.com,Manaus,Arquiteto,29,43824869564
Bruno Fernandes Barbosa,bruno.fernandes.barbosa.5691@example.com,Cuiabá,Programador,66,06552279729
Vitória Castro Santos,vitoria.castro.santos.5692@example.com,Niterói,Estoquista,30,83468036118
Igor Araújo Barros,igor.araujo.barros.5693@example.com,Rio de Janeiro,Analista financeiro,19,14818791385
Felipe Gomes Barbosa,felipe.gomes.barbosa.5694@example.com,Uberlândia,Analista de dados,45,10833585740
José Castro Ribeiro,jose.castro.ribeiro.5695@example.com,Caxias do Sul,Advogado,26,71368166235
Bruno Oliveira Monteiro,bruno.oliveira.monteiro.5696@example.com,Uberlândia,Analista de marketing,49,02014133745
Vanessa Barbosa Nascimento,vanessa.barbosa.nascimento.5697@example.com,Sorocaba,Supervisor de atendimento,65,69361283325
Eduardo Costa Silva,eduardo.costa.silva.5698@example.com,Caxias do Sul,Recepcionista,64,62474309089
Renata Moreira Teixeira,renata.moreira.teixeira.5699@example.com,Londrina,Chefe de almoxarifado,25,76081026205
Aline Monteiro Gomes,aline.monteiro.gomes.5700@example.com,Dourados,Analista de recursos humanos,68,53685274062
Sandra Barros Rocha,sandra.barros.rocha.5701@example.com,Salvador,Chefe de compras,64,46443204226
Ricardo Araújo Fernandes,ricardo.araujo.fernandes.5702@example.com,Goiânia,Padeiro,22,17450563306
Juliana Gomes Castro,juliana.gomes.castro.5703@example.com,Brasília,Recepcionista,18,68870121774
Letícia Silva Barbosa,leticia.silva.barbosa.5704@example.com,Rio de Janeiro,Designer gráfico,60,89164410350
Rafael Barbosa Almeida,rafael.barbosa.almeida.5705@example.com,Sorocaba,Recepcionista,36,53739204479
Gabriela Barbosa Monteiro,gabriela.barbosa.monteiro.5706@example.com,Goiânia,Diretor de operações,70,72743755569
Vitória Almeida Alves,vitoria.almeida.alves.5707@example.com,Fortaleza,Motorista,70,04216142563
Nicolas Teixeira Castro,nicolas.teixeira.castro.5708@example.com,Maringá,Fisioterapeuta,46,52240812462
Gabriela Oliveira Dias,gabriela.oliveira.dias.5709@example.com,Niterói,Supervisor de manutenção,39,14652549967
Paulo Freitas Teixeira,paulo.freitas.teixeira.5710@example.com,Santos,Gerente de tecnologia,48,57593835547
Eduardo Santos Freitas,eduardo.santos.freitas.5711@example.com,Niterói,Chefe de departamento pessoal,62,90104379147
João Nascimento Lima,joao.nascimento.lima.5712@example.com,Porto Alegre,Analista de dados,19,21981915616
Pedro Alves Gomes,pedro.alves.gomes.5713@example.com,Cuiabá,Padeiro,48,47788171018
Carlos Moreira Martins,carlos.moreira.martins.5714@example.com,Cuiabá,Analista de recursos humanos,42,26540215362
Igor Mendes Castro,igor.mendes.castro.5715@example.com,Fortaleza,Advogado,44,57567325912
Leonardo Araújo Pereira,leonardo.araujo.pereira.5716@example.com,Vitória,Supervisor de manutenção,27,33674578080
Leonardo Carvalho Monteiro,leonardo.carvalho.monteiro.5717@example.com,Belém,Fisioterapeuta,57,08926414373
Leonardo Castro Barros,leonardo.castro.barros.5718@example.com,Manaus,Gerente de recursos humanos,39,94624122169
Renata Alves Monteiro,renata.alves.monteiro.5719@example.com,Dourados,Programador,59,14796115626
Tatiane Pereira Nascimento,tatiane.pereira.nascimento.5720@example.com,São Paulo,Advogado,51,19286181228
Ricardo Almeida Costa,ricardo.almeida.costa.5721@example.com,Caxias do Sul,Supervisor de manutenção,44,20728609441
José Alves Carvalho,jose.alves.carvalho.5722@example.com,Belo Horizonte,Coordenador administrativo,65,31316596100
Vinícius Martins Silva,vinicius.martins.silva.5723@example.com,Florianópolis,Assistente administrativo,40,94867976892
Diego Barbosa Almeida,diego.barbosa.almeida.5724@example.com,Londrina,Analista de recursos humanos,57,35080947473
Sandra Pereira Oliveira,sandra.pereira.oliveira.5725@example.com,Florianópolis,Técnico de enfermagem,30,17557960150
Simone Costa Costa,simone.costa.costa.5726@example.com,Belém,Auxiliar de produção,33,80151750629
Patrícia Rocha Teixeira,patricia.rocha.teixeira.5727@example.com,Caxias do Sul,Comprador,23,19348977680
Larissa Lima Lima,larissa.lima.lima.5728@example.com,Maringá,Gerente de recursos humanos,51,24867474147
Aline Mendes Martins,aline.mendes.martins.5729@example.com,Porto Alegre,Atendente,67,06093652462
Vitória Monteiro Castro,vitoria.monteiro.castro.5730@example.com,Sorocaba,Chefe de compras,56,75818994942
Henrique Monteiro Teixeira,henrique.monteiro.teixeira.5731@example.com,Salvador,Técnico em informática,29,66271551185
Marcelo Costa Alves,marcelo.costa.alves.5732@example.com,Maringá,Encarregado de produção,33,21756037154
Gabriela Teixeira Castro,gabriela.teixeira.castro.5733@example.com,Curitiba,Operador de caixa,70,35343073171
Gustavo Rocha Rodrigues,gustavo.rocha.rodrigues.5734@example.com,Recife,Recepcionista,20,19649230261
Gabriel Barros Araújo,gabriel.barros.araujo.5735@example.com,Belo Horizonte,Gerente de recursos humanos,59,48915036343
Gabriela Lima Gomes,gabriela.lima.gomes.5736@example.com,Campinas,Farmacêutico,69,72360810710
Mariana Almeida Souza,mariana.almeida.souza.5737@example.com,Santos,Técnico de enfermagem,31,63062273999
Otávio Nascimento Lima,otavio.nascimento.lima.5738@example.com,Belo Horizonte,Advogado,34,33167863143
Otávio Barbosa Moreira,otavio.barbosa.moreira.5739@example.com,Campo Grande,Operador de caixa,41,02262021748
Rafael Monteiro Alves,rafael.monteiro.alves.5740@example.com,Maringá,Arquiteto,63,66729542314
Carlos Souza Moreira,carlos.souza.moreira.5741@example.com,Maringá,Assistente comercial,44,40540680454
Rafael Carvalho Castro,rafael.carvalho.castro.5742@example.com,Sorocaba,Coordenador administrativo,22,04212483676
Gustavo Araújo Santos,gustavo.araujo.santos.5743@example.com,Maringá,Chefe de departamento pessoal,33,98324646111
João Carvalho Freitas,joao.carvalho.freitas.5744@example.com,Joinville,Farmacêutico,59,71652456719
José Souza Souza,jose.souza.souza.5745@example.com,Goiânia,Comprador,37,71137469494
Diego Pereira Costa,diego.pereira.costa.5746@example.com,Florianópolis,Engenheiro civil,53,11493039996
Fernanda Almeida Martins,fernanda.almeida.martins.5747@example.com,Florianópolis,Supervisor de atendimento,66,23138586784
Felipe Rocha Gomes,felipe.rocha.gomes.5748@example.com,Porto Alegre,Analista de marketing,20,78886865479
Carolina Moreira Martins,carolina.moreira.martins.5749@example.com,Natal,Pedreiro,57,49288468117
Leonardo Rodrigues Freitas,leonardo.rodrigues.freitas.5750@example.com,Fortaleza,Enfermeiro,58,26528050675
Luana Monteiro Barros,luana.monteiro.barros.5751@example.com,Manaus,Nutricionista,48,48097955991
Amanda Souza Rodrigues,amanda.souza.rodrigues.5752@example.com,Niterói,Estoquista,20,93008547737
Thiago Cardoso Rocha,thiago.cardoso.rocha.5753@example.com,Caxias do Sul,Motorista,49,73069112707
Mariana Freitas Pereira,mariana.freitas.pereira.5754@example.com,Campinas,Farmacêutico,26,71489930539
Paulo Souza Teixeira,paulo.souza.teixeira.5755@example.com,Santos,Analista financeiro,47,22172868568
Diego Moreira Moreira,diego.moreira.moreira.5756@example.com,Manaus,Assistente administrativo,45,72322226494
Carolina Santos Gomes,carolina.santos.gomes.5757@example.com,Salvador,Líder de equipe,29,13125085088
Marcelo Mendes Ribeiro,marcelo.mendes.ribeiro.5758@example.com,Caxias do Sul,Corretor de imóveis,29,33309419299
João Nascimento Freitas,joao.nascimento.freitas.5759@example.com,Natal,Supervisor de atendimento,70,89494103849
Igor Dias Moreira,igor.dias.moreira.5760@example.com,Rio de Janeiro,Pedreiro,34,91360505517
Otávio Souza Freitas,otavio.souza.freitas.5761@example.com,Brasília,Eletricista,50,09484287333
Juliana Martins Carvalho,juliana.martins.carvalho.5762@example.com,Rio de Janeiro,Mecânico,68,86393707381
Simone Barbosa Fernandes,simone.barbosa.fernandes.5763@example.com,Cuiabá,Advogado,68,78766824863
Bruno Barros Costa,bruno.barros.costa.5764@example.com,Recife,Estoquista,52,01288327724
Felipe Nascimento Rocha,felipe.nascimento.rocha.5765@example.com,Cuiabá,Assistente administrativo,45,48901174478
Daniela Castro Ribeiro,daniela.castro.ribeiro.5766@example.com,Manaus,Assistente comercial,62,75757264202
Igor Costa Santos,igor.costa.santos.5767@example.com,Brasília,Analista de recursos humanos,26,23374104361
Amanda Dias Gomes,amanda.dias.gomes.5768@example.com,Cuiabá,Gerente de recursos humanos,44,01308765561
Gustavo Silva Oliveira,gustavo.silva.oliveira.5769@example.com,Curitiba,Recepcionista,32,30104480167
Paulo Barbosa Araújo,paulo.barbosa.araujo.5770@example.com,Maringá,Assistente comercial,63,44140588468
Beatriz Rocha Rodrigues,beatriz.rocha.rodrigues.5771@example.com,Caxias do Sul,Técnico de segurança do trabalho,24,93190899132
Ana Almeida Souza,ana.almeida.souza.5772@example.com,Uberlândia,Gerente comercial,41,85085854175
Carlos Nascimento Carvalho,carlos.nascimento.carvalho.5773@example.com,Cuiabá,Supervisor de qualidade,33,53717948081
Simone Pereira Martins,simone.pereira.martins.5774@example.com,Campo Grande,Analista financeiro,51,15670980598
Igor Santos Araújo,igor.santos.araujo.5775@example.com,Uberlândia,Advogado,30,79358189876
Gabriela Dias Costa,gabriela.dias.costa.5776@example.com,Belém,Supervisor de vendas,28,73452944450
Amanda Lima Carvalho,amanda.lima.carvalho.5777@example.com,Uberlândia,Programador,56,56822564860
Renata Costa Rocha,renata.costa.rocha.5778@example.com,Brasília,Padeiro,37,12877930292
Carolina Freitas Almeida,carolina.freitas.almeida.5779@example.com,Santos,Cozinheiro,30,12952753124
Tatiane Alves Silva,tatiane.alves.silva.5780@example.com,Niterói,Operador de caixa,46,49030570512
Rafael Martins Martins,rafael.martins.martins.5781@example.com,Cuiabá,Coordenador administrativo,35,93893102373
Gustavo Mendes Martins,gustavo.mendes.martins.5782@example.com,Dourados,Motorista,42,27487520983
Letícia Castro Souza,leticia.castro.souza.5783@example.com,Dourados,Enfermeiro,32,31648937073
Aline Almeida Teixeira,aline.almeida.teixeira.5784@example.com,Cuiabá,Supervisor de atendimento,33,79815597722
Gustavo Barbosa Silva,gustavo.barbosa.silva.5785@example.com,Dourados,Cozinheiro,44,21437968256
Paulo Fernandes Gomes,paulo.fernandes.gomes.5786@example.com,Caxias do Sul,Coordenador de produção,68,04944516011
Lucas Alves Oliveira,lucas.alves.oliveira.5787@example.com,Maringá,Atendente,18,36801072916
Larissa Costa Cardoso,larissa.costa.cardoso.5788@example.com,Salvador,Engenheiro civil,39,00577011620
Nicolas Rocha Dias,nicolas.rocha.dias.5789@example.com,Dourados,Comprador,46,10549581821
Vinícius Pereira Dias,vinicius.pereira.dias.5790@example.com,Niterói,Padeiro,19,44421943329
José Barros Lima,jose.barros.lima.5791@example.com,Porto Alegre,Encarregado de produção,30,69319786150
Sérgio Mendes Mendes,sergio.mendes.mendes.5792@example.com,Belo Horizonte,Contador,66,13023771360
Priscila Castro Nascimento,priscila.castro.nascimento.5793@example.com,Salvador,Chefe de almoxarifado,25,83415167220
Vitória Barbosa Gomes,vitoria.barbosa.gomes.5794@example.com,Cuiabá,Supervisor de qualidade,70,19111314795
Tatiane Castro Souza,tatiane.castro.souza.5795@example.com,Fortaleza,Coordenador de logística,25,87055625311
Sérgio Martins Teixeira,sergio.martins.teixeira.5796@example.com,Campinas,Farmacêutico,48,35672311078
Renata Monteiro Silva,renata.monteiro.silva.5797@example.com,Cuiabá,Estoquista,36,32884333941
Carolina Dias Barbosa,carolina.dias.barbosa.5798@example.com,Belém,Coordenador administrativo,27,34651615777
Vanessa Castro Mendes,vanessa.castro.mendes.5799@example.com,Belo Horizonte,Programador,30,46928085351
Pedro Almeida Nascimento,pedro.almeida.nascimento.5800@example.com,Brasília,Designer gráfico,70,75503382580
Carolina Santos Martins,carolina.santos.martins.5801@example.com,Joinville,Supervisor de vendas,57,95439652092
Débora Moreira Barros,debora.moreira.barros.5802@example.com,Campinas,Encarregado de produção,38,67487840131
Tatiane Oliveira Souza,tatiane.oliveira.souza.5803@example.com,Curitiba,Enfermeiro,20,09498229686
Bruno Santos Moreira,bruno.santos.moreira.5804@example.com,Campo Grande,Recepcionista,26,06852949377
Tatiane Araújo Santos,tatiane.araujo.santos.5805@example.com,Natal,Arquiteto,48,26497561896
Ana Alves Freitas,ana.alves.freitas.5806@example.com,Curitiba,Enfermeiro,34,80753135376
Leonardo Dias Alves,leonardo.dias.alves.5807@example.com,Vitória,Gerente de recursos humanos,20,90500747618
Priscila Almeida Barros,priscila.almeida.barros.5808@example.com,Manaus,Jornalista,32,51242298571
Amanda Alves Freitas,amanda.alves.freitas.5809@example.com,Brasília,Técnico em informática,48,87131296870
Rafael Castro Souza,rafael.castro.souza.5810@example.com,Belo Horizonte,Chefe de departamento pessoal,29,08148334346
Eduardo Moreira Fernandes,eduardo.moreira.fernandes.5811@example.com,Dourados,Chefe de departamento pessoal,38,50024049799
Sandra Fernandes Araújo,sandra.fernandes.araujo.5812@example.com,Dourados,Engenheiro civil,30,53022113571
Vitória Costa Teixeira,vitoria.costa.teixeira.5813@example.com,Caxias do Sul,Analista de dados,65,06195065815
Otávio Martins Nascimento,otavio.martins.nascimento.5814@example.com,Florianópolis,Eletricista,47,58339145317
Nicolas Mendes Araújo,nicolas.mendes.araujo.5815@example.com,Cuiabá,Cozinheiro,24,91441506111
Camila Rodrigues Lima,camila.rodrigues.lima.5816@example.com,Sorocaba,Analista de recursos humanos,33,96058867148
Patrícia Souza Castro,patricia.souza.castro.5817@example.com,Natal,Chefe de almoxarifado,38,25535345040
Henrique Lima Castro,henrique.lima.castro.5818@example.com,Belo Horizonte,Analista financeiro,67,13150370540
Leonardo Araújo Almeida,leonardo.araujo.almeida.5819@example.com,Caxias do Sul,Atendente,63,85407940072
Vanessa Monteiro Teixeira,vanessa.monteiro.teixeira.5820@example.com,Campinas,Gerente comercial,50,30429218577
Sandra Castro Fernandes,sandra.castro.fernandes.5821@example.com,Salvador,Líder de equipe,49,57792553977
Larissa Gomes Santos,larissa.gomes.santos.5822@example.com,Joinville,Cozinheiro,34,30253252570
Igor Gomes Gomes,igor.gomes.gomes.5823@example.com,Porto Alegre,Supervisor de qualidade,61,77370309581
Daniela Fernandes Lima,daniela.fernandes.lima.5824@example.com,Caxias do Sul,Coordenador de logística,70,66934569815
Carlos Almeida Araújo,carlos.almeida.araujo.5825@example.com,Joinville,Coordenador de marketing,62,07275821592
Sandra Monteiro Monteiro,sandra.monteiro.monteiro.5826@example.com,Dourados,Programador,54,88299331768
Luana Castro Cardoso,luana.castro.cardoso.5827@example.com,Belém,Contador,20,17196263570
Ricardo Lima Barbosa,ricardo.lima.barbosa.5828@example.com,Goiânia,Chefe de almoxarifado,34,14967233272
Diego Nascimento Mendes,diego.nascimento.mendes.5829@example.com,Sorocaba,Comprador,20,41584091051
Thiago Mendes Rodrigues,thiago.mendes.rodrigues.5830@example.com,Natal,Chefe de departamento pessoal,48,06833555627
Otávio Rocha Fernandes,otavio.rocha.fernandes.5831@example.com,São Paulo,Cozinheiro,20,25052552300
Daniela Rocha Santos,daniela.rocha.santos.5832@example.com,Rio de Janeiro,Analista de recursos humanos,34,91147261928
Vinícius Santos Freitas,vinicius.santos.freitas.5833@example.com,Fortaleza,Chefe de almoxarifado,19,97453973515
Gabriel Barbosa Almeida,gabriel.barbosa.almeida.5834@example.com,Sorocaba,Pedreiro,33,69808621844
Simone Nascimento Mendes,simone.nascimento.mendes.5835@example.com,Londrina,Analista de marketing,29,39245832817
Paulo Barros Dias,paulo.barros.dias.5836@example.com,Niterói,Mecânico,39,88570317937
Luana Freitas Barbosa,luana.freitas.barbosa.5837@example.com,Niterói,Chefe de departamento pessoal,23,05779757763
Gabriel Ribeiro Ribeiro,gabriel.ribeiro.ribeiro.5838@example.com,Natal,Assistente administrativo,22,78348642944
Priscila Alves Teixeira,priscila.alves.teixeira.5839@example.com,Joinville,Nutricionista,43,76424202357
Fernanda Moreira Souza,fernanda.moreira.souza.5840@example.com,Brasília,Eletricista,32,80202175064
Priscila Almeida Carvalho,priscila.almeida.carvalho.5841@example.com,Campo Grande,Técnico de enfermagem,59,99204282118
Vitória Rocha Fernandes,vitoria.rocha.fernandes.5842@example.com,Manaus,Cozinheiro,57,07387257265
Vitória Nascimento Monteiro,vitoria.nascimento.monteiro.5843@example.com,Caxias do Sul,Nutricionista,19,62085567973
Vanessa Castro Carvalho,vanessa.castro.carvalho.5844@example.com,Fortaleza,Chefe de departamento pessoal,18,34256005536
Sérgio Almeida Lima,sergio.almeida.lima.5845@example.com,Salvador,Padeiro,55,29522794716
Vinícius Souza Castro,vinicius.souza.castro.5846@example.com,Campo Grande,Programador,36,41868991323
Vanessa Lima Lima,vanessa.lima.lima.5847@example.com,Santos,Gerente de tecnologia,56,52445767206
Marcelo Freitas Almeida,marcelo.freitas.almeida.5848@example.com,Caxias do Sul,Corretor de imóveis,62,97306676723
Lucas Santos Carvalho,lucas.santos.carvalho.5849@example.com,Cuiabá,Analista de dados,47,15948013255
Marcelo Souza Dias,marcelo.souza.dias.5850@example.com,Natal,Diretor de operações,56,48042653574
Daniela Moreira Moreira,daniela.moreira.moreira.5851@example.com,Salvador,Encarregado de produção,39,60032211774
Vanessa Silva Moreira,vanessa.silva.moreira.5852@example.com,Rondonópolis,Programador,20,15564279097
Vitória Nascimento Rocha,vitoria.nascimento.rocha.5853@example.com,Rondonópolis,Líder de equipe,25,40111659991
Leonardo Barbosa Araújo,leonardo.barbosa.araujo.5854@example.com,Uberlândia,Corretor de imóveis,63,51234106057
Marcelo Santos Mendes,marcelo.santos.mendes.5855@example.com,Rondonópolis,Supervisor de atendimento,51,25536972264
Eduardo Ribeiro Rocha,eduardo.ribeiro.rocha.5856@example.com,Belo Horizonte,Motorista,58,47917311474
Gabriel Monteiro Costa,gabriel.monteiro.costa.5857@example.com,Caxias do Sul,Fisioterapeuta,67,54504277874
Sérgio Dias Alves,sergio.dias.alves.5858@example.com,Uberlândia,Diretor comercial,28,93277589071
Pedro Rodrigues Castro,pedro.rodrigues.castro.5859@example.com,Brasília,Enfermeiro,20,77725737769
Letícia Oliveira Mendes,leticia.oliveira.mendes.5860@example.com,Sorocaba,Analista financeiro,20,38848488917
João Silva Carvalho,joao.silva.carvalho.5861@example.com,Maringá,Estoquista,59,84213286378
Beatriz Fernandes Martins,beatriz.fernandes.martins.5862@example.com,Cuiabá,Fisioterapeuta,34,23326087088
Igor Pereira Alves,igor.pereira.alves.5863@example.com,Sorocaba,Chefe de compras,50,23408084890
Simone Oliveira Barbosa,simone.oliveira.barbosa.5864@example.com,Joinville,Técnico de enfermagem,62,43949069352
João Rodrigues Teixeira,joao.rodrigues.teixeira.5865@example.com,Dourados,Encarregado de produção,46,16108684864
Priscila Nascimento Freitas,priscila.nascimento.freitas.5866@example.com,Belo Horizonte,Técnico de segurança do trabalho,52,68437354400
Vitória Lima Cardoso,vitoria.lima.cardoso.5867@example.com,Campo Grande,Chefe de compras,31,48291468814
Carlos Martins Oliveira,carlos.martins.oliveira.5868@example.com,Fortaleza,Professor,48,80399207255
Felipe Araújo Nascimento,felipe.araujo.nascimento.5869@example.com,Londrina,Supervisor de vendas,40,31106588690
Eduardo Lima Silva,eduardo.lima.silva.5870@example.com,Londrina,Estoquista,48,20261726988
Pedro Alves Castro,pedro.alves.castro.5871@example.com,Caxias do Sul,Advogado,47,31268631480
Simone Silva Rocha,simone.silva.rocha.5872@example.com,Natal,Nutricionista,68,20693101417
Larissa Silva Costa,larissa.silva.costa.5873@example.com,Salvador,Gerente comercial,39,50792889660
José Silva Moreira,jose.silva.moreira.5874@example.com,Dourados,Corretor de imóveis,46,75171346885
Sérgio Castro Dias,sergio.castro.dias.5875@example.com,Manaus,Encarregado de produção,53,85007431989
Gabriel Araújo Oliveira,gabriel.araujo.oliveira.5876@example.com,Niterói,Jornalista,50,69397437041
Daniela Lima Silva,daniela.lima.silva.5877@example.com,São Paulo,Assistente comercial,29,73447249153
Vinícius Rocha Monteiro,vinicius.rocha.monteiro.5878@example.com,Dourados,Técnico de segurança do trabalho,56,10825516529
Paulo Santos Castro,paulo.santos.castro.5879@example.com,Florianópolis,Eletricista,70,47831857615
Mariana Dias Costa,mariana.dias.costa.5880@example.com,Campo Grande,Advogado,36,05764971134
Beatriz Costa Freitas,beatriz.costa.freitas.5881@example.com,Recife,Vendedor,20,04552975265
Aline Souza Martins,aline.souza.martins.5882@example.com,Vitória,Designer gráfico,48,38965967692
Amanda Oliveira Araújo,amanda.oliveira.araujo.5883@example.com,Recife,Gerente financeiro,44,16575260245
Gustavo Mendes Freitas,gustavo.mendes.freitas.5884@example.com,Salvador,Coordenador de produção,55,60721642440
Leonardo Lima Fernandes,leonardo.lima.fernandes.5885@example.com,Uberlândia,Encarregado de produção,70,33345598969
Rafael Moreira Freitas,rafael.moreira.freitas.5886@example.com,Rondonópolis,Corretor de imóveis,38,25623443954
Gabriela Martins Cardoso,gabriela.martins.cardoso.5887@example.com,Cuiabá,Diretor de operações,46,45407078948
Beatriz Rodrigues Gomes,beatriz.rodrigues.gomes.5888@example.com,Cuiabá,Analista financeiro,31,72968678880
Leonardo Costa Souza,leonardo.costa.souza.5889@example.com,Rio de Janeiro,Coordenador de logística,48,90315108843
Priscila Mendes Santos,priscila.mendes.santos.5890@example.com,Joinville,Técnico em informática,56,81892869569
Rafael Carvalho Monteiro,rafael.carvalho.monteiro.5891@example.com,Brasília,Coordenador administrativo,26,03306050263
Gabriela Freitas Lima,gabriela.freitas.lima.5892@example.com,Belo Horizonte,Gerente de operações,26,83982051816
Débora Carvalho Dias,debora.carvalho.dias.5893@example.com,Salvador,Gerente comercial,45,38955107862
Camila Castro Araújo,camila.castro.araujo.5894@example.com,Campinas,Analista financeiro,33,53772714733
Carlos Barros Souza,carlos.barros.souza.5895@example.com,Vitória,Eletricista,41,10534081647
Simone Mendes Mendes,simone.mendes.mendes.5896@example.com,Curitiba,Cozinheiro,55,10749781698
Sandra Dias Carvalho,sandra.dias.carvalho.5897@example.com,Florianópolis,Gerente financeiro,22,80806055870
Beatriz Castro Oliveira,beatriz.castro.oliveira.5898@example.com,Vitória,Supervisor de qualidade,50,22789821989
Daniela Almeida Monteiro,daniela.almeida.monteiro.5899@example.com,Sorocaba,Arquiteto,68,75686621647
Daniela Ribeiro Barbosa,daniela.ribeiro.barbosa.5900@example.com,Natal,Gerente comercial,70,46408449391
Gabriel Nascimento Ribeiro,gabriel.nascimento.ribeiro.5901@example.com,Recife,Programador,34,89027266237
Thiago Lima Gomes,thiago.lima.gomes.5902@example.com,Campo Grande,Auxiliar de produção,41,40048657745
Beatriz Santos Barbosa,beatriz.santos.barbosa.5903@example.com,Recife,Diretor de operações,64,30117313674
Paulo Monteiro Pereira,paulo.monteiro.pereira.5904@example.com,Manaus,Chefe de departamento pessoal,56,85948981279
Vinícius Costa Costa,vinicius.costa.costa.5905@example.com,Cuiabá,Enfermeiro,36,05478010957
Amanda Teixeira Souza,amanda.teixeira.souza.5906@example.com,Vitória,Coordenador de logística,68,88485514740
Luana Mendes Monteiro,luana.mendes.monteiro.5907@example.com,Niterói,Advogado,55,77502620156
Mariana Castro Nascimento,mariana.castro.nascimento.5908@example.com,Brasília,Gerente de operações,37,74155255765
Carlos Silva Teixeira,carlos.silva.teixeira.5909@example.com,São Paulo,Fisioterapeuta,58,83346952038
Carolina Almeida Barbosa,carolina.almeida.barbosa.5910@example.com,Curitiba,Gerente financeiro,51,53439070553
Carolina Barros Almeida,carolina.barros.almeida.5911@example.com,Curitiba,Diretor de operações,51,48845656429
Vanessa Almeida Martins,vanessa.almeida.martins.5912@example.com,Rondonópolis,Técnico em informática,50,01451268092
Paulo Alves Cardoso,paulo.alves.cardoso.5913@example.com,Maringá,Supervisor de manutenção,59,77551333370
Otávio Monteiro Oliveira,otavio.monteiro.oliveira.5914@example.com,Rondonópolis,Analista financeiro,68,85033996464
Fernanda Rodrigues Mendes,fernanda.rodrigues.mendes.5915@example.com,Natal,Designer gráfico,41,42994662227
Sérgio Alves Mendes,sergio.alves.mendes.5916@example.com,Goiânia,Comprador,21,65194771206
Fernanda Castro Cardoso,fernanda.castro.cardoso.5917@example.com,Maringá,Supervisor de qualidade,62,15688016363
João Gomes Almeida,joao.gomes.almeida.5918@example.com,Campinas,Chefe de compras,50,40670721099
Felipe Castro Castro,felipe.castro.castro.5919@example.com,Manaus,Engenheiro civil,31,84981083058
Ana Pereira Fernandes,ana.pereira.fernandes.5920@example.com,Uberlândia,Supervisor de atendimento,69,64247044070
Luana Pereira Monteiro,luana.pereira.monteiro.5921@example.com,Caxias do Sul,Chefe de departamento pessoal,29,58900414180
Amanda Carvalho Ribeiro,amanda.carvalho.ribeiro.5922@example.com,Dourados,Coordenador de logística,70,56726934462
Henrique Teixeira Dias,henrique.teixeira.dias.5923@example.com,Recife,Vendedor,56,19615677615
João Barbosa Cardoso,joao.barbosa.cardoso.5924@example.com,Uberlândia,Gerente de operações,38,57762484179
Thiago Oliveira Alves,thiago.oliveira.alves.5925@example.com,Florianópolis,Recepcionista,58,38380826270
Pedro Silva Carvalho,pedro.silva.carvalho.5926@example.com,Campo Grande,Auxiliar de produção,29,13543048749
Thiago Alves Almeida,thiago.alves.almeida.5927@example.com,Florianópolis,Farmacêutico,32,81979719478
Amanda Rocha Cardoso,amanda.rocha.cardoso.5928@example.com,Natal,Gerente de tecnologia,60,91638058488
Otávio Dias Gomes,otavio.dias.gomes.5929@example.com,Belém,Arquiteto,40,32161068667
Mariana Costa Ribeiro,mariana.costa.ribeiro.5930@example.com,Salvador,Assistente administrativo,59,83321420409
Renata Silva Castro,renata.silva.castro.5931@example.com,Belo Horizonte,Engenheiro civil,47,55493916364
Mariana Teixeira Lima,mariana.teixeira.lima.5932@example.com,Niterói,Coordenador de logística,47,88185845629
Nicolas Barros Alves,nicolas.barros.alves.5933@example.com,Belém,Estoquista,44,06678695502
Carlos Araújo Ribeiro,carlos.araujo.ribeiro.5934@example.com,Niterói,Pedreiro,33,75372658789
Carlos Pereira Silva,carlos.pereira.silva.5935@example.com,Fortaleza,Gerente de operações,61,28392182671
João Costa Souza,joao.costa.souza.5936@example.com,Uberlândia,Supervisor de atendimento,44,69037536478
Tatiane Rodrigues Santos,tatiane.rodrigues.santos.5937@example.com,Campo Grande,Recepcionista,50,27341741816
Gabriel Nascimento Carvalho,gabriel.nascimento.carvalho.5938@example.com,Porto Alegre,Auxiliar de produção,52,35329814345
Renata Mendes Silva,renata.mendes.silva.5939@example.com,Uberlândia,Técnico de enfermagem,42,46354228028
Mariana Gomes Almeida,mariana.gomes.almeida.5940@example.com,Manaus,Técnico de segurança do trabalho,47,34743412960
Larissa Costa Moreira,larissa.costa.moreira.5941@example.com,Curitiba,Operador de caixa,28,29790444985
Lucas Martins Almeida,lucas.martins.almeida.5942@example.com,Rio de Janeiro,Cozinheiro,35,10495121382
Diego Cardoso Mendes,diego.cardoso.mendes.5943@example.com,Recife,Chefe de almoxarifado,45,29925294063
Larissa Barros Almeida,larissa.barros.almeida.5944@example.com,Cuiabá,Chefe de departamento pessoal,24,63203726355
Eduardo Lima Barros,eduardo.lima.barros.5945@example.com,Florianópolis,Eletricista,64,46233781752
Vinícius Barros Moreira,vinicius.barros.moreira.5946@example.com,Belém,Analista de recursos humanos,64,57743685694
Mariana Almeida Barbosa,mariana.almeida.barbosa.5947@example.com,Porto Alegre,Enfermeiro,34,90619458895
Camila Martins Barbosa,camila.martins.barbosa.5948@example.com,Santos,Programador,50,68897761430
Amanda Barros Nascimento,amanda.barros.nascimento.5949@example.com,Campo Grande,Gerente de operações,54,64031159504
Carolina Carvalho Barbosa,carolina.carvalho.barbosa.5950@example.com,Natal,Chefe de almoxarifado,31,07601327152
Letícia Almeida Lima,leticia.almeida.lima.5951@example.com,Campo Grande,Técnico de enfermagem,60,78346896897
Vitória Costa Almeida,vitoria.costa.almeida.5952@example.com,Curitiba,Comprador,22,42757402893
Gabriela Almeida Alves,gabriela.almeida.alves.5953@example.com,Curitiba,Diretor comercial,24,73199137471
Beatriz Moreira Santos,beatriz.moreira.santos.5954@example.com,Vitória,Técnico em informática,32,79890223563
Leonardo Barbosa Carvalho,leonardo.barbosa.carvalho.5955@example.com,Porto Alegre,Motorista,67,54502607505
Igor Ribeiro Barbosa,igor.ribeiro.barbosa.5956@example.com,São Paulo,Operador de caixa,52,07119671128
Gabriela Almeida Alves,gabriela.almeida.alves.5957@example.com,Campo Grande,Diretor comercial,25,85840377424
Luana Araújo Cardoso,luana.araujo.cardoso.5958@example.com,Dourados,Analista de recursos humanos,58,13861968431
Camila Ribeiro Teixeira,camila.ribeiro.teixeira.5959@example.com,Londrina,Professor,52,50605853214
Leonardo Costa Pereira,leonardo.costa.pereira.5960@example.com,Sorocaba,Auxiliar de produção,33,69526754715
Diego Freitas Souza,diego.freitas.souza.5961@example.com,Brasília,Assistente comercial,56,67722959198
Priscila Cardoso Barbosa,priscila.cardoso.barbosa.5962@example.com,Dourados,Contador,58,36370178535
Paulo Martins Monteiro,paulo.martins.monteiro.5963@example.com,Porto Alegre,Técnico de segurança do trabalho,50,90217882525
Vinícius Silva Dias,vinicius.silva.dias.5964@example.com,Londrina,Gerente de tecnologia,23,45286414216
Renata Rodrigues Freitas,renata.rodrigues.freitas.5965@example.com,Florianópolis,Chefe de compras,36,66042391044
Ana Barbosa Gomes,ana.barbosa.gomes.5966@example.com,Caxias do Sul,Analista de dados,20,02474430090
Rafael Moreira Silva,rafael.moreira.silva.5967@example.com,Campinas,Auxiliar de produção,49,62285370492
Tatiane Rocha Souza,tatiane.rocha.souza.5968@example.com,Fortaleza,Professor,38,58099918997
Aline Pereira Martins,aline.pereira.martins.5969@example.com,Manaus,Vendedor,43,76830502401
Juliana Monteiro Fernandes,juliana.monteiro.fernandes.5970@example.com,Rondonópolis,Advogado,28,15151710194
José Santos Almeida,jose.santos.almeida.5971@example.com,Manaus,Vendedor,40,04563729062
Thiago Fernandes Teixeira,thiago.fernandes.teixeira.5972@example.com,Porto Alegre,Arquiteto,50,78304598535
Carolina Castro Costa,carolina.castro.costa.5973@example.com,Recife,Programador,47,16522797183
Fernanda Silva Martins,fernanda.silva.martins.5974@example.com,São Paulo,Atendente,45,76193687711
Eduardo Castro Martins,eduardo.castro.martins.5975@example.com,Florianópolis,Eletricista,43,48201033936
Vinícius Gomes Carvalho,vinicius.gomes.carvalho.5976@example.com,Manaus,Assistente administrativo,55,51065710542
Débora Pereira Alves,debora.pereira.alves.5977@example.com,Belo Horizonte,Vendedor,41,18607158783
Bruno Monteiro Almeida,bruno.monteiro.almeida.5978@example.com,Fortaleza,Jornalista,65,40105873068
Pedro Mendes Silva,pedro.mendes.silva.5979@example.com,Brasília,Recepcionista,33,42029807174
Simone Oliveira Alves,simone.oliveira.alves.5980@example.com,Campinas,Supervisor de atendimento,37,87038779594
Nicolas Lima Costa,nicolas.lima.costa.5981@example.com,Maringá,Supervisor de qualidade,19,17009372075
Camila Rodrigues Rocha,camila.rodrigues.rocha.5982@example.com,Santos,Analista de marketing,40,03820231317
Luana Freitas Nascimento,luana.freitas.nascimento.5983@example.com,Niterói,Professor,32,44090096655
Rafael Cardoso Dias,rafael.cardoso.dias.5984@example.com,Rondonópolis,Atendente,63,63932518359
Carolina Carvalho Dias,carolina.carvalho.dias.5985@example.com,Porto Alegre,Estoquista,61,58916724304
Débora Dias Souza,debora.dias.souza.5986@example.com,Caxias do Sul,Enfermeiro,30,80033224412
Débora Pereira Moreira,debora.pereira.moreira.5987@example.com,Salvador,Fisioterapeuta,29,96285574380
Vanessa Teixeira Castro,vanessa.teixeira.castro.5988@example.com,Goiânia,Analista financeiro,47,46725397032
Renata Oliveira Silva,renata.oliveira.silva.5989@example.com,Salvador,Gerente financeiro,50,61509137007
Mariana Araújo Alves,mariana.araujo.alves.5990@example.com,Manaus,Assistente comercial,48,03090132757
Ana Araújo Oliveira,ana.araujo.oliveira.5991@example.com,Dourados,Engenheiro civil,26,18824319577
Letícia Monteiro Almeida,leticia.monteiro.almeida.5992@example.com,Recife,Padeiro,39,99831453039
Sandra Oliveira Monteiro,sandra.oliveira.monteiro.5993@example.com,Londrina,Assistente comercial,70,79117149192
Daniela Pereira Monteiro,daniela.pereira.monteiro.5994@example.com,Recife,Chefe de compras,40,02581008640
José Cardoso Rocha,jose.cardoso.rocha.5995@example.com,São Paulo,Analista de dados,20,56764759221
Priscila Ribeiro Cardoso,priscila.ribeiro.cardoso.5996@example.com,Dourados,Estoquista,62,33830093894
Amanda Dias Pereira,amanda.dias.pereira.5997@example.com,Goiânia,Coordenador de logística,18,14914444967
Juliana Freitas Almeida,juliana.freitas.almeida.5998@example.com,Fortaleza,Engenheiro civil,22,82022601367
Sérgio Castro Rocha,sergio.castro.rocha.5999@example.com,Campinas,Corretor de imóveis,18,05577447831
Paulo Freitas Mendes,paulo.freitas.mendes.6000@example.com,Campinas,Eletricista,29,39281948172
