nome,email,cidade,profissao,idade,cpf
Thiago Almeida Pereira,thiago.almeida.pereira.18001@example.com,Natal,Vendedor,57,89258741841
Rafael Barros Silva,rafael.barros.silva.18002@example.com,Goiânia,Farmacêutico,42,06951836865
Bruno Silva Teixeira,bruno.silva.teixeira.18003@example.com,Brasília,Gerente comercial,28,96270716313
Luana Oliveira Freitas,luana.oliveira.freitas.18004@example.com,Belém,Assistente comercial,56,34239068337
Diego Moreira Dias,diego.moreira.dias.18005@example.com,Uberlândia,Técnico de enfermagem,65,24028099077
Vitória Mendes Fernandes,vitoria.mendes.fernandes.18006@example.com,Cuiabá,Analista financeiro,63,63269450814
Paulo Dias Moreira,paulo.dias.moreira.18007@example.com,Santos,Cozinheiro,26,90120576033
Marcelo Fernandes Freitas,marcelo.fernandes.freitas.18008@example.com,Recife,Assistente comercial,24,35081014388
Beatriz Santos Silva,beatriz.santos.silva.18009@example.com,Rondonópolis,Supervisor de vendas,66,61215819438
Amanda Rodrigues Nascimento,amanda.rodrigues.nascimento.18010@example.com,Uberlândia,Supervisor de atendimento,39,83770310844
Paulo Freitas Barbosa,paulo.freitas.barbosa.18011@example.com,Curitiba,Enfermeiro,55,32384174208
Simone Teixeira Gomes,simone.teixeira.gomes.18012@example.com,Belém,Coordenador de produção,33,75145528833
Carlos Teixeira Souza,carlos.teixeira.souza.18013@example.com,Rondonópolis,Professor,49,98435070283
Daniela Fernandes Araújo,daniela.fernandes.araujo.18014@example.com,Rondonópolis,Coordenador administrativo,23,45145088263
Letícia Souza Souza,leticia.souza.souza.18015@example.com,São Paulo,Motorista,26,80416579227
Bruno Santos Monteiro,bruno.santos.monteiro.18016@example.com,Londrina,Programador,68,34342519157
Felipe Alves Fernandes,felipe.alves.fernandes.18017@example.com,Dourados,Gerente de tecnologia,25,89487130856
Diego Oliveira Moreira,diego.oliveira.moreira.18018@example.com,Vitória,Coordenador de marketing,56,86093031777
Thiago Santos Oliveira,thiago.santos.oliveira.18019@example.com,Londrina,Analista de dados,69,93120334819
Gabriela Carvalho Castro,gabriela.carvalho.castro.18020@example.com,Recife,Coordenador de produção,47,08920897741
Gabriela Araújo Freitas,gabriela.araujo.freitas.18021@example.com,Campo Grande,Advogado,50,77197140456
Ana Dias Oliveira,ana.dias.oliveira.18022@example.com,Dourados,Analista financeiro,47,27594980130
João Dias Ribeiro,joao.dias.ribeiro.18023@example.com,Brasília,Cozinheiro,29,79934702210
Débora Teixeira Costa,debora.teixeira.costa.18024@example.com,Porto Alegre,Técnico em informática,59,46655961874
Letícia Freitas Pereira,leticia.freitas.pereira.18025@example.com,Manaus,Técnico em informática,23,36239101183
Henrique Cardoso Costa,henrique.cardoso.costa.18026@example.com,Brasília,Técnico de enfermagem,19,36792205164
Carolina Freitas Alves,carolina.freitas.alves.18027@example.com,Maringá,Gerente de recursos humanos,66,67548745930
Gabriela Gomes Monteiro,gabriela.gomes.monteiro.18028@example.com,Florianópolis,Analista de dados,35,15773767912
Leonardo Costa Santos,leonardo.costa.santos.18029@example.com,Belo Horizonte,Analista de dados,50,45204577348
Eduardo Alves Alves,eduardo.alves.alves.18030@example.com,Brasília,Jornalista,70,79869503753
Camila Silva Pereira,camila.silva.pereira.18031@example.com,Maringá,Professor,45,44085771651
Aline Ribeiro Rodrigues,aline.ribeiro.rodrigues.18032@example.com,Natal,Corretor de imóveis,61,95115342385
Larissa Oliveira Ribeiro,larissa.oliveira.ribeiro.18033@example.com,Porto Alegre,Coordenador administrativo,28,64599121098
Bruno Carvalho Ribeiro,bruno.carvalho.ribeiro.18034@example.com,Fortaleza,Arquiteto,20,04962235937
Luana Costa Barbosa,luana.costa.barbosa.18035@example.com,Uberlândia,Gerente de recursos humanos,33,32015861826
Marcelo Barbosa Castro,marcelo.barbosa.castro.18036@example.com,Santos,Estoquista,56,85498361706
Carolina Pereira Costa,carolina.pereira.costa.18037@example.com,Belo Horizonte,Gerente de operações,46,87100028234
Juliana Oliveira Barros,juliana.oliveira.barros.18038@example.com,Rio de Janeiro,Coordenador de marketing,30,52499616628
Vanessa Gomes Santos,vanessa.gomes.santos.18039@example.com,Salvador,Designer gráfico,51,49771246290
Paulo Gomes Almeida,paulo.gomes.almeida.18040@example.com,Florianópolis,Gerente financeiro,26,92020490215
Marcelo Pereira Rodrigues,marcelo.pereira.rodrigues.18041@example.com,Belo Horizonte,Cozinheiro,37,51903457832
Patrícia Lima Pereira,patricia.lima.pereira.18042@example.com,Porto Alegre,Recepcionista,45,43788801741
Nicolas Souza Dias,nicolas.souza.dias.18043@example.com,Belo Horizonte,Chefe de departamento pessoal,40,13477824819
Luana Moreira Barros,luana.moreira.barros.18044@example.com,Campinas,Auxiliar de produção,33,55683645729
Otávio Alves Pereira,otavio.alves.pereira.18045@example.com,Londrina,Gerente de tecnologia,58,05252363692
Daniela Rocha Teixeira,daniela.rocha.teixeira.18046@example.com,Maringá,Padeiro,42,48048463165
Aline Teixeira Fernandes,aline.teixeira.fernandes.18047@example.com,Fortaleza,Advogado,43,62247424190
José Mendes Mendes,jose.mendes.mendes.18048@example.com,Recife,Engenheiro civil,68,67089311903
Sandra Nascimento Fernandes,sandra.nascimento.fernandes.18049@example.com,Fortaleza,Padeiro,48,71842820303
Carlos Pereira Castro,carlos.pereira.castro.18050@example.com,Vitória,Gerente de recursos humanos,21,13225376809
José Monteiro Santos,jose.monteiro.santos.18051@example.com,Belo Horizonte,Vendedor,21,73825857625
Larissa Barbosa Rocha,larissa.barbosa.rocha.18052@example.com,Curitiba,Recepcionista,36,37412248431
Aline Oliveira Mendes,aline.oliveira.mendes.18053@example.com,Londrina,Nutricionista,59,65475438248
Sérgio Mendes Monteiro,sergio.mendes.monteiro.18054@example.com,São Paulo,Contador,18,15662472563
Mariana Monteiro Rodrigues,mariana.monteiro.rodrigues.18055@example.com,Joinville,Analista de recursos humanos,65,22904217966
Gabriel Almeida Fernandes,gabriel.almeida.fernandes.18056@example.com,Manaus,Programador,45,86659249894
Débora Dias Rocha,debora.dias.rocha.18057@example.com,Joinville,Vendedor,23,34668196158
Lucas Freitas Souza,lucas.freitas.souza.18058@example.com,Sorocaba,Professor,54,21294759668
Camila Cardoso Barros,camila.cardoso.barros.18059@example.com,Campinas,Recepcionista,66,08979060039
Igor Gomes Monteiro,igor.gomes.monteiro.18060@example.com,Santos,Estoquista,37,53913944012
Ana Rocha Ribeiro,ana.rocha.ribeiro.18061@example.com,Porto Alegre,Arquiteto,50,61999160425
Lucas Araújo Araújo,lucas.araujo.araujo.18062@example.com,Belo Horizonte,Vendedor,34,29649930527
Ricardo Dias Rocha,ricardo.dias.rocha.18063@example.com,Santos,Nutricionista,32,71181695537
Fernanda Oliveira Ribeiro,fernanda.oliveira.ribeiro.18064@example.com,Fortaleza,Chefe de almoxarifado,70,98527305061
Renata Gomes Freitas,renata.gomes.freitas.18065@example.com,Rio de Janeiro,Analista de marketing,31,54415684037
Fernanda Lima Teixeira,fernanda.lima.teixeira.18066@example.com,Goiânia,Diretor comercial,21,70701819963
José Almeida Gomes,jose.almeida.gomes.18067@example.com,Joinville,Recepcionista,51,10536020940
Carlos Cardoso Barbosa,carlos.cardoso.barbosa.18068@example.com,Brasília,Chefe de compras,44,59805064899
Thiago Mendes Nascimento,thiago.mendes.nascimento.18069@example.com,Recife,Gerente financeiro,30,59515559108
Renata Almeida Nascimento,renata.almeida.nascimento.18070@example.com,Dourados,Chefe de almoxarifado,22,08186043539
Pedro Barbosa Carvalho,pedro.barbosa.carvalho.18071@example.com,Fortaleza,Programador,52,18717278654
Gabriel Araújo Souza,gabriel.araujo.souza.18072@example.com,Belo Horizonte,Técnico em informática,66,86260433054
Simone Souza Freitas,simone.souza.freitas.18073@example.com,Niterói,Jornalista,51,90699913601
Paulo Alves Mendes,paulo.alves.mendes.18074@example.com,Manaus,Chefe de departamento pessoal,31,57832558622
Daniela Costa Rocha,daniela.costa.rocha.18075@example.com,Dourados,Comprador,19,82809818439
Beatriz Martins Gomes,beatriz.martins.gomes.18076@example.com,Manaus,Coordenador de produção,22,16885287599
Ricardo Castro Fernandes,ricardo.castro.fernandes.18077@example.com,Curitiba,Técnico em informática,32,39878462924
Leonardo Mendes Dias,leonardo.mendes.dias.18078@example.com,Florianópolis,Enfermeiro,59,64004071676
Bruno Fernandes Dias,bruno.fernandes.dias.18079@example.com,Vitória,Cozinheiro,23,17350415799
Ana Mendes Barbosa,ana.mendes.barbosa.18080@example.com,Vitória,Advogado,36,13382951754
Tatiane Ribeiro Moreira,tatiane.ribeiro.moreira.18081@example.com,Curitiba,Eletricista,42,01623951804
Patrícia Araújo Silva,patricia.araujo.silva.18082@example.com,Santos,Motorista,61,30184401319
Fernanda Rocha Rocha,fernanda.rocha.rocha.18083@example.com,Vitória,Coordenador de produção,35,28725582936
Letícia Gomes Rodrigues,leticia.gomes.rodrigues.18084@example.com,Dourados,Engenheiro civil,40,94940001104
Carolina Castro Rodrigues,carolina.castro.rodrigues.18085@example.com,Campo Grande,Chefe de almoxarifado,31,05342325851
Marcelo Rodrigues Ribeiro,marcelo.rodrigues.ribeiro.18086@example.com,São Paulo,Coordenador de logística,55,07901228838
Igor Araújo Rocha,igor.araujo.rocha.18087@example.com,Campinas,Coordenador de logística,34,10812163495
Lucas Oliveira Castro,lucas.oliveira.castro.18088@example.com,Niterói,Motorista,48,27676128751
Leonardo Cardoso Castro,leonardo.cardoso.castro.18089@example.com,Belém,Motorista,52,34134758855
Vinícius Teixeira Gomes,vinicius.teixeira.gomes.18090@example.com,Brasília,Estoquista,70,80104817704
Camila Araújo Carvalho,camila.araujo.carvalho.18091@example.com,Manaus,Analista de recursos humanos,32,68619699392
Carlos Oliveira Castro,carlos.oliveira.castro.18092@example.com,Uberlândia,Vendedor,41,38268291027
Igor Souza Mendes,igor.souza.mendes.18093@example.com,Uberlândia,Supervisor de qualidade,29,01009747140
Diego Dias Carvalho,diego.dias.carvalho.18094@example.com,Fortaleza,Técnico em informática,51,07044616337
Sandra Freitas Rocha,sandra.freitas.rocha.18095@example.com,Dourados,Advogado,28,87891148885
Bruno Gomes Castro,bruno.gomes.castro.18096@example.com,Rio de Janeiro,Assistente administrativo,42,79991412398
Henrique Nascimento Almeida,henrique.nascimento.almeida.18097@example.com,Dourados,Atendente,31,45687526686
Carlos Costa Barros,carlos.costa.barros.18098@example.com,Maringá,Supervisor de vendas,34,75598849541
Aline Oliveira Araújo,aline.oliveira.araujo.18099@example.com,Caxias do Sul,Gerente financeiro,54,95406353724
Tatiane Lima Alves,tatiane.lima.alves.18100@example.com,Fortaleza,Programador,59,39087827150
Lucas Souza Barbosa,lucas.souza.barbosa.18101@example.com,Recife,Estoquista,29,04281534569
Sérgio Martins Silva,sergio.martins.silva.18102@example.com,Campo Grande,Padeiro,30,38450216176
Gabriel Alves Castro,gabriel.alves.castro.18103@example.com,Manaus,Assistente administrativo,41,76422219426
Lucas Teixeira Rocha,lucas.teixeira.rocha.18104@example.com,Curitiba,Recepcionista,63,18819533425
Felipe Souza Araújo,felipe.souza.araujo.18105@example.com,Campinas,Analista de marketing,51,68867385254
Beatriz Teixeira Lima,beatriz.teixeira.lima.18106@example.com,Goiânia,Nutricionista,61,95228812273
Nicolas Almeida Carvalho,nicolas.almeida.carvalho.18107@example.com,Campo Grande,Coordenador de marketing,60,89133869279
Vanessa Silva Alves,vanessa.silva.alves.18108@example.com,Brasília,Vendedor,18,89308117541
Lucas Ribeiro Santos,lucas.ribeiro.santos.18109@example.com,Natal,Gerente de operações,45,51886795002
Larissa Rodrigues Martins,larissa.rodrigues.martins.18110@example.com,Curitiba,Técnico de segurança do trabalho,67,30396083256
Nicolas Dias Barros,nicolas.dias.barros.18111@example.com,São Paulo,Engenheiro civil,38,32518128666
Amanda Monteiro Carvalho,amanda.monteiro.carvalho.18112@example.com,Joinville,Recepcionista,46,12107699779
Amanda Freitas Silva,amanda.freitas.silva.18113@example.com,Florianópolis,Padeiro,41,48671951348
Otávio Dias Barros,otavio.dias.barros.18114@example.com,Florianópolis,Designer gráfico,61,13383864808
Lucas Freitas Rodrigues,lucas.freitas.rodrigues.18115@example.com,Santos,Encarregado de produção,57,92803055077
Carlos Castro Santos,carlos.castro.santos.18116@example.com,Goiânia,Chefe de almoxarifado,24,40710519839
Carolina Dias Moreira,carolina.dias.moreira.18117@example.com,Londrina,Programador,34,13623646857
Lucas Almeida Araújo,lucas.almeida.araujo.18118@example.com,Cuiabá,Líder de equipe,18,76646131858
Leonardo Barbosa Barros,leonardo.barbosa.barros.18119@example.com,Sorocaba,Analista de marketing,34,39284625788
Vitória Costa Rocha,vitoria.costa.rocha.18120@example.com,São Paulo,Programador,42,86751319196
Otávio Carvalho Alves,otavio.carvalho.alves.18121@example.com,Campinas,Coordenador de produção,40,70952905475
Letícia Freitas Freitas,leticia.freitas.freitas.18122@example.com,Londrina,Diretor de operações,45,72239246855
Diego Araújo Silva,diego.araujo.silva.18123@example.com,Florianópolis,Encarregado de produção,20,94313208880
Ricardo Mendes Dias,ricardo.mendes.dias.18124@example.com,Vitória,Nutricionista,59,88089227584
Ana Silva Alves,ana.silva.alves.18125@example.com,Belo Horizonte,Chefe de almoxarifado,23,03427381656
Vanessa Lima Dias,vanessa.lima.dias.18126@example.com,Florianópolis,Arquiteto,51,90863817741
Ricardo Fernandes Rocha,ricardo.fernandes.rocha.18127@example.com,Santos,Farmacêutico,22,03777977814
Nicolas Ribeiro Monteiro,nicolas.ribeiro.monteiro.18128@example.com,Goiânia,Supervisor de qualidade,70,69764690779
Sérgio Pereira Nascimento,sergio.pereira.nascimento.18129@example.com,Recife,Jornalista,43,82619313265
Rafael Moreira Martins,rafael.moreira.martins.18130@example.com,Florianópolis,Gerente de recursos humanos,40,58017728692
Camila Costa Santos,camila.costa.santos.18131@example.com,Campo Grande,Corretor de imóveis,22,89294472874
Larissa Freitas Oliveira,larissa.freitas.oliveira.18132@example.com,São Paulo,Professor,69,64764180966
Simone Rodrigues Souza,simone.rodrigues.souza.18133@example.com,Santos,Chefe de almoxarifado,48,44853039211
Patrícia Gomes Almeida,patricia.gomes.almeida.18134@example.com,Rio de Janeiro,Designer gráfico,44,95501666618
Rafael Araújo Almeida,rafael.araujo.almeida.18135@example.com,Vitória,Arquiteto,62,38179189191
Rafael Souza Martins,rafael.souza.martins.18136@example.com,Campo Grande,Analista de dados,34,61700843213
Ana Castro Mendes,ana.castro.mendes.18137@example.com,Joinville,Vendedor,42,58974644595
Sérgio Lima Barbosa,sergio.lima.barbosa.18138@example.com,Joinville,Técnico de segurança do trabalho,49,27083511427
Renata Mendes Araújo,renata.mendes.araujo.18139@example.com,Curitiba,Coordenador de marketing,44,26552711116
Juliana Monteiro Fernandes,juliana.monteiro.fernandes.18140@example.com,Sorocaba,Analista de dados,24,76581920031
Luana Almeida Costa,luana.almeida.costa.18141@example.com,Salvador,Supervisor de qualidade,69,05737466238
Vinícius Teixeira Barbosa,vinicius.teixeira.barbosa.18142@example.com,Londrina,Chefe de departamento pessoal,36,35216237563
Ricardo Carvalho Monteiro,ricardo.carvalho.monteiro.18143@example.com,Natal,Programador,22,22115594065
Vanessa Santos Rodrigues,vanessa.santos.rodrigues.18144@example.com,Cuiabá,Líder de equipe,63,45666013850
Simone Santos Rodrigues,simone.santos.rodrigues.18145@example.com,Londrina,Motorista,41,77303861054
Thiago Lima Teixeira,thiago.lima.teixeira.18146@example.com,Florianópolis,Coordenador de marketing,62,16911121854
Daniela Lima Nascimento,daniela.lima.nascimento.18147@example.com,Caxias do Sul,Contador,61,68218380924
Beatriz Lima Pereira,beatriz.lima.pereira.18148@example.com,Vitória,Auxiliar de produção,22,13047118081
Igor Santos Barros,igor.santos.barros.18149@example.com,Caxias do Sul,Programador,19,97923931073
Ana Silva Freitas,ana.silva.freitas.18150@example.com,Rondonópolis,Operador de caixa,45,48428263129
Lucas Ribeiro Freitas,lucas.ribeiro.freitas.18151@example.com,Cuiabá,Atendente,33,65940579369
Aline Gomes Oliveira,aline.gomes.oliveira.18152@example.com,Brasília,Pedreiro,66,83881081502
Mariana Oliveira Moreira,mariana.oliveira.moreira.18153@example.com,Curitiba,Nutricionista,27,81356573501
Marcelo Santos Lima,marcelo.santos.lima.18154@example.com,Florianópolis,Assistente administrativo,26,37830900213
Priscila Monteiro Araújo,priscila.monteiro.araujo.18155@example.com,Manaus,Chefe de almoxarifado,18,98710934098
Ricardo Silva Alves,ricardo.silva.alves.18156@example.com,Dourados,Supervisor de manutenção,51,60106333212
Vinícius Cardoso Mendes,vinicius.cardoso.mendes.18157@example.com,Uberlândia,Padeiro,52,37403283938
Sandra Araújo Rocha,sandra.araujo.rocha.18158@example.com,Joinville,Gerente comercial,62,43981067257
Rafael Ribeiro Alves,rafael.ribeiro.alves.18159@example.com,Natal,Líder de equipe,42,60159140109
Bruno Silva Carvalho,bruno.silva.carvalho.18160@example.com,Porto Alegre,Técnico de enfermagem,31,93355757291
Marcelo Martins Nascimento,marcelo.martins.nascimento.18161@example.com,Belo Horizonte,Analista de dados,65,73810690184
Felipe Freitas Teixeira,felipe.freitas.teixeira.18162@example.com,Belo Horizonte,Técnico de segurança do trabalho,21,00068808642
Priscila Ribeiro Barros,priscila.ribeiro.barros.18163@example.com,São Paulo,Pedreiro,38,37718322949
Vanessa Alves Barros,vanessa.alves.barros.18164@example.com,Joinville,Analista de recursos humanos,22,58035981865
Beatriz Moreira Dias,beatriz.moreira.dias.18165@example.com,Rio de Janeiro,Auxiliar de produção,36,90800149318
Priscila Silva Silva,priscila.silva.silva.18166@example.com,Curitiba,Líder de equipe,37,86304626670
Felipe Barbosa Lima,felipe.barbosa.lima.18167@example.com,Campinas,Jornalista,35,79793142622
Tatiane Dias Araújo,tatiane.dias.araujo.18168@example.com,São Paulo,Coordenador de produção,41,94186306818
Lucas Oliveira Castro,lucas.oliveira.castro.18169@example.com,Maringá,Diretor de operações,33,00260898155
Pedro Moreira Moreira,pedro.moreira.moreira.18170@example.com,Fortaleza,Líder de equipe,39,46210524752
Carolina Barros Barros,carolina.barros.barros.18171@example.com,Vitória,Corretor de imóveis,53,80793118701
Eduardo Fernandes Moreira,eduardo.fernandes.moreira.18172@example.com,Niterói,Técnico em informática,27,92319629644
Sérgio Rodrigues Araújo,sergio.rodrigues.araujo.18173@example.com,Manaus,Farmacêutico,21,20698117397
Carolina Almeida Rocha,carolina.almeida.rocha.18174@example.com,Rondonópolis,Coordenador de marketing,25,31946513939
João Almeida Mendes,joao.almeida.mendes.18175@example.com,Goiânia,Encarregado de produção,60,91207060080
Letícia Barros Mendes,leticia.barros.mendes.18176@example.com,Cuiabá,Eletricista,60,05316501794
Mariana Monteiro Silva,mariana.monteiro.silva.18177@example.com,Fortaleza,Operador de caixa,57,66541210573
Juliana Martins Souza,juliana.martins.souza.18178@example.com,Maringá,Assistente comercial,37,38764578006
Vitória Barbosa Castro,vitoria.barbosa.castro.18179@example.com,Caxias do Sul,Cozinheiro,38,98586831784
Gabriela Castro Fernandes,gabriela.castro.fernandes.18180@example.com,Maringá,Técnico de enfermagem,52,68729971907
Lucas Oliveira Santos,lucas.oliveira.santos.18181@example.com,Rio de Janeiro,Vendedor,21,37261796434
Diego Santos Pereira,diego.santos.pereira.18182@example.com,Sorocaba,Técnico em informática,67,69226595225
José Alves Mendes,jose.alves.mendes.18183@example.com,São Paulo,Corretor de imóveis,20,44496969229
Fernanda Rodrigues Rodrigues,fernanda.rodrigues.rodrigues.18184@example.com,Dourados,Enfermeiro,35,36294689429
Mariana Almeida Rodrigues,mariana.almeida.rodrigues.18185@example.com,Santos,Supervisor de manutenção,46,74484019913
Priscila Barros Lima,priscila.barros.lima.18186@example.com,Cuiabá,Professor,66,48916454988
Eduardo Barbosa Moreira,eduardo.barbosa.moreira.18187@example.com,Recife,Chefe de almoxarifado,26,86278374357
Vinícius Mendes Gomes,vinicius.mendes.gomes.18188@example.com,Dourados,Diretor comercial,61,52982208973
Gabriela Rodrigues Castro,gabriela.rodrigues.castro.18189@example.com,Fortaleza,Arquiteto,66,06150525133
Sérgio Rocha Barbosa,sergio.rocha.barbosa.18190@example.com,Goiânia,Recepcionista,57,51880760139
Igor Santos Silva,igor.santos.silva.18191@example.com,Salvador,Gerente financeiro,66,77266237798
Mariana Martins Ribeiro,mariana.martins.ribeiro.18192@example.com,Campo Grande,Auxiliar de produção,22,33582087918
Gabriela Dias Oliveira,gabriela.dias.oliveira.18193@example.com,Belém,Estoquista,42,84782026950
Diego Freitas Santos,diego.freitas.santos.18194@example.com,Niterói,Atendente,48,51893649781
Sérgio Rodrigues Nascimento,sergio.rodrigues.nascimento.18195@example.com,Recife,Comprador,42,48440779622
Felipe Monteiro Castro,felipe.monteiro.castro.18196@example.com,Fortaleza,Nutricionista,56,19365918363
Pedro Lima Cardoso,pedro.lima.cardoso.18197@example.com,Recife,Motorista,55,99764236834
Felipe Cardoso Dias,felipe.cardoso.dias.18198@example.com,Maringá,Comprador,61,17217401527
Patrícia Castro Freitas,patricia.castro.freitas.18199@example.com,São Paulo,Supervisor de atendimento,35,77497394028
Gabriela Alves Lima,gabriela.alves.lima.18200@example.com,Belém,Líder de equipe,52,04475657022
Letícia Almeida Teixeira,leticia.almeida.teixeira.18201@example.com,Joinville,Coordenador de marketing,63,60946538521
Priscila Alves Lima,priscila.alves.lima.18202@example.com,Uberlândia,Coordenador de logística,58,96306043870
Simone Martins Oliveira,simone.martins.oliveira.18203@example.com,Rondonópolis,Analista de marketing,21,69455019286
João Rocha Costa,joao.rocha.costa.18204@example.com,Maringá,Supervisor de manutenção,37,04186351119
Lucas Rocha Barros,lucas.rocha.barros.18205@example.com,Santos,Jornalista,40,15731653542
José Santos Fernandes,jose.santos.fernandes.18206@example.com,Porto Alegre,Chefe de compras,62,83055376948
Gabriela Barbosa Lima,gabriela.barbosa.lima.18207@example.com,Belo Horizonte,Designer gráfico,25,38313863180
Camila Dias Gomes,camila.dias.gomes.18208@example.com,Maringá,Supervisor de atendimento,48,89073240742
Vitória Pereira Nascimento,vitoria.pereira.nascimento.18209@example.com,Brasília,Mecânico,24,81673560740
Patrícia Rodrigues Carvalho,patricia.rodrigues.carvalho.18210@example.com,Campinas,Fisioterapeuta,43,58457722151
Vinícius Teixeira Pereira,vinicius.teixeira.pereira.18211@example.com,Recife,Encarregado de produção,64,18608489822
Débora Castro Nascimento,debora.castro.nascimento.18212@example.com,Londrina,Farmacêutico,62,18995577365
Thiago Nascimento Santos,thiago.nascimento.santos.18213@example.com,Maringá,Técnico em informática,61,77997340772
Aline Silva Barros,aline.silva.barros.18214@example.com,Maringá,Atendente,46,22340312598
Tatiane Almeida Lima,tatiane.almeida.lima.18215@example.com,Manaus,Designer gráfico,42,49750370861
Otávio Martins Oliveira,otavio.martins.oliveira.18216@example.com,Caxias do Sul,Comprador,49,46648917923
Eduardo Monteiro Alves,eduardo.monteiro.alves.18217@example.com,Curitiba,Auxiliar de produção,28,18614624484
Igor Ribeiro Alves,igor.ribeiro.alves.18218@example.com,Brasília,Arquiteto,35,50504509485
Carlos Dias Costa,carlos.dias.costa.18219@example.com,Porto Alegre,Auxiliar de produção,60,99570319916
Tatiane Silva Oliveira,tatiane.silva.oliveira.18220@example.com,Rio de Janeiro,Diretor comercial,61,64350006728
Sandra Almeida Costa,sandra.almeida.costa.18221@example.com,São Paulo,Técnico de segurança do trabalho,57,99946147704
Sérgio Silva Santos,sergio.silva.santos.18222@example.com,Salvador,Assistente comercial,62,64105525956
Sandra Pereira Nascimento,sandra.pereira.nascimento.18223@example.com,Florianópolis,Analista financeiro,38,23520690597
Diego Barros Silva,diego.barros.silva.18224@example.com,Niterói,Diretor de operações,67,18769664442
Bruno Nascimento Pereira,bruno.nascimento.pereira.18225@example.com,Natal,Mecânico,37,15256171464
Juliana Freitas Dias,juliana.freitas.dias.18226@example.com,São Paulo,Chefe de almoxarifado,27,17552505800
Felipe Pereira Oliveira,felipe.pereira.oliveira.18227@example.com,São Paulo,Gerente de operações,55,02603790117
Henrique Oliveira Ribeiro,henrique.oliveira.ribeiro.18228@example.com,Campo Grande,Contador,30,38648394979
Gabriel Souza Fernandes,gabriel.souza.fernandes.18229@example.com,Joinville,Advogado,21,17450806188
Daniela Moreira Mendes,daniela.moreira.mendes.18230@example.com,Campo Grande,Chefe de departamento pessoal,28,53681978381
Larissa Barbosa Souza,larissa.barbosa.souza.18231@example.com,Belo Horizonte,Corretor de imóveis,30,78709405087
Rafael Castro Martins,rafael.castro.martins.18232@example.com,Sorocaba,Técnico de segurança do trabalho,56,23618272772
Sandra Oliveira Mendes,sandra.oliveira.mendes.18233@example.com,Campo Grande,Estoquista,65,66740841431
Débora Lima Rodrigues,debora.lima.rodrigues.18234@example.com,Londrina,Coordenador de marketing,65,32691085971
Bruno Almeida Barbosa,bruno.almeida.barbosa.18235@example.com,Florianópolis,Comprador,18,47322665034
Beatriz Castro Monteiro,beatriz.castro.monteiro.18236@example.com,Campo Grande,Atendente,68,46410917015
Tatiane Freitas Ribeiro,tatiane.freitas.ribeiro.18237@example.com,Niterói,Engenheiro civil,21,46635288372
Amanda Rocha Oliveira,amanda.rocha.oliveira.18238@example.com,Rio de Janeiro,Assistente comercial,36,48576119924
Renata Gomes Alves,renata.gomes.alves.18239@example.com,Brasília,Professor,34,26968413494
Juliana Silva Monteiro,juliana.silva.monteiro.18240@example.com,Campo Grande,Fisioterapeuta,50,12335810827
Henrique Castro Gomes,henrique.castro.gomes.18241@example.com,Maringá,Coordenador administrativo,62,90243862827
Ricardo Alves Castro,ricardo.alves.castro.18242@example.com,Fortaleza,Coordenador de marketing,44,08214169235
Gustavo Dias Nascimento,gustavo.dias.nascimento.18243@example.com,Florianópolis,Analista de marketing,55,14922147041
Tatiane Nascimento Moreira,tatiane.nascimento.moreira.18244@example.com,Campo Grande,Coordenador de produção,47,04101042616
Leonardo Moreira Carvalho,leonardo.moreira.carvalho.18245@example.com,Niterói,Líder de equipe,21,61754748299
Igor Freitas Mendes,igor.freitas.mendes.18246@example.com,Porto Alegre,Corretor de imóveis,25,54775113350
Igor Souza Cardoso,igor.souza.cardoso.18247@example.com,Londrina,Mecânico,64,16649794829
Paulo Dias Silva,paulo.dias.silva.18248@example.com,Manaus,Supervisor de atendimento,60,18234786457
Felipe Silva Silva,felipe.silva.silva.18249@example.com,Rio de Janeiro,Operador de caixa,69,05761425866
Vitória Oliveira Carvalho,vitoria.oliveira.carvalho.18250@example.com,Niterói,Chefe de almoxarifado,63,60453190561
Patrícia Dias Costa,patricia.dias.costa.18251@example.com,Salvador,Vendedor,27,06946021200
Nicolas Pereira Dias,nicolas.pereira.dias.18252@example.com,São Paulo,Corretor de imóveis,69,17770019104
Mariana Rocha Castro,mariana.rocha.castro.18253@example.com,Rondonópolis,Encarregado de produção,69,24841702472
Ana Araújo Barbosa,ana.araujo.barbosa.18254@example.com,Sorocaba,Designer gráfico,65,95785475530
João Alves Oliveira,joao.alves.oliveira.18255@example.com,Uberlândia,Coordenador de marketing,48,80620495662
Carlos Gomes Teixeira,carlos.gomes.teixeira.18256@example.com,Rio de Janeiro,Corretor de imóveis,34,68074942351
Marcelo Ribeiro Oliveira,marcelo.ribeiro.oliveira.18257@example.com,Manaus,Gerente de recursos humanos,55,20583231782
Tatiane Lima Rocha,tatiane.lima.rocha.18258@example.com,Recife,Gerente de operações,59,86493892611
Priscila Monteiro Oliveira,priscila.monteiro.oliveira.18259@example.com,Cuiabá,Nutricionista,35,33172628692
Paulo Lima Rodrigues,paulo.lima.rodrigues.18260@example.com,Florianópolis,Fisioterapeuta,22,32962516963
Patrícia Almeida Lima,patricia.almeida.lima.18261@example.com,Porto Alegre,Comprador,43,18721225456
Thiago Santos Dias,thiago.santos.dias.18262@example.com,Recife,Supervisor de qualidade,43,09488041070
Sérgio Gomes Barros,sergio.gomes.barros.18263@example.com,Brasília,Gerente de operações,39,55244404493
Sandra Barbosa Monteiro,sandra.barbosa.monteiro.18264@example.com,Manaus,Cozinheiro,27,20695065151
Gabriel Martins Silva,gabriel.martins.silva.18265@example.com,Natal,Diretor comercial,43,90856084701
Bruno Monteiro Lima,bruno.monteiro.lima.18266@example.com,Dourados,Supervisor de manutenção,68,54068218401
Carolina Freitas Araújo,carolina.freitas.araujo.18267@example.com,Campo Grande,Operador de caixa,53,51308709436
Carlos Gomes Ribeiro,carlos.gomes.ribeiro.18268@example.com,Brasília,Engenheiro civil,63,78660282826
Henrique Carvalho Costa,henrique.carvalho.costa.18269@example.com,Vitória,Gerente de tecnologia,62,99541661171
Vitória Mendes Santos,vitoria.mendes.santos.18270@example.com,Manaus,Recepcionista,22,39453698106
Larissa Pereira Dias,larissa.pereira.dias.18271@example.com,Goiânia,Estoquista,25,11871350518
Patrícia Cardoso Fernandes,patricia.cardoso.fernandes.18272@example.com,Vitória,Gerente de operações,56,77426224928
Leonardo Martins Souza,leonardo.martins.souza.18273@example.com,Belo Horizonte,Gerente de operações,18,81876874556
Daniela Silva Cardoso,daniela.silva.cardoso.18274@example.com,São Paulo,Eletricista,49,76516773977
Amanda Freitas Araújo,amanda.freitas.araujo.18275@example.com,Salvador,Atendente,69,50139460106
Sandra Barbosa Alves,sandra.barbosa.alves.18276@example.com,Dourados,Assistente administrativo,19,21681842343
Gabriel Rocha Araújo,gabriel.rocha.araujo.18277@example.com,Curitiba,Cozinheiro,27,24063097564
Gustavo Carvalho Santos,gustavo.carvalho.santos.18278@example.com,Caxias do Sul,Gerente de tecnologia,55,75784995693
Simone Silva Martins,simone.silva.martins.18279@example.com,Rio de Janeiro,Auxiliar de produção,68,81804202622
Diego Souza Costa,diego.souza.costa.18280@example.com,Salvador,Chefe de departamento pessoal,46,04672610708
Renata Teixeira Alves,renata.teixeira.alves.18281@example.com,Londrina,Cozinheiro,24,83479375934
Amanda Carvalho Pereira,amanda.carvalho.pereira.18282@example.com,Uberlândia,Assistente comercial,30,07803667009
Tatiane Carvalho Teixeira,tatiane.carvalho.teixeira.18283@example.com,Caxias do Sul,Analista financeiro,39,88981431027
Débora Araújo Monteiro,debora.araujo.monteiro.18284@example.com,Salvador,Atendente,60,94768480154
Priscila Mendes Freitas,priscila.mendes.freitas.18285@example.com,Florianópolis,Cozinheiro,66,52089214629
Mariana Barros Rodrigues,mariana.barros.rodrigues.18286@example.com,Florianópolis,Eletricista,53,13582287418
Tatiane Araújo Barbosa,tatiane.araujo.barbosa.18287@example.com,Porto Alegre,Técnico de segurança do trabalho,48,27891457024
Aline Oliveira Dias,aline.oliveira.dias.18288@example.com,Recife,Chefe de almoxarifado,51,80072543049
Patrícia Teixeira Dias,patricia.teixeira.dias.18289@example.com,Rondonópolis,Chefe de compras,41,49987459047
Sérgio Freitas Rodrigues,sergio.freitas.rodrigues.18290@example.com,Goiânia,Arquiteto,22,18675195876
Pedro Moreira Carvalho,pedro.moreira.carvalho.18291@example.com,Campinas,Advogado,28,89383041517
Vinícius Dias Dias,vinicius.dias.dias.18292@example.com,Goiânia,Engenheiro civil,45,86551431701
Rafael Ribeiro Castro,rafael.ribeiro.castro.18293@example.com,Sorocaba,Analista de dados,50,99688377711
Fernanda Costa Martins,fernanda.costa.martins.18294@example.com,Santos,Motorista,58,34684090814
Carolina Castro Carvalho,carolina.castro.carvalho.18295@example.com,Salvador,Gerente de operações,57,77019403102
Amanda Santos Nascimento,amanda.santos.nascimento.18296@example.com,Joinville,Supervisor de vendas,48,35904613527
Aline Gomes Monteiro,aline.gomes.monteiro.18297@example.com,Belo Horizonte,Padeiro,47,71414238743
Gabriela Lima Almeida,gabriela.lima.almeida.18298@example.com,Belém,Mecânico,31,55783668891
Gabriel Moreira Oliveira,gabriel.moreira.oliveira.18299@example.com,Cuiabá,Coordenador de logística,49,10385112183
Letícia Barros Alves,leticia.barros.alves.18300@example.com,Natal,Coordenador administrativo,68,37855820224
Priscila Barbosa Moreira,priscila.barbosa.moreira.18301@example.com,Rondonópolis,Técnico de segurança do trabalho,21,63346079743
Vinícius Teixeira Rodrigues,vinicius.teixeira.rodrigues.18302@example.com,Londrina,Assistente administrativo,50,67296156164
João Araújo Fernandes,joao.araujo.fernandes.18303@example.com,Belo Horizonte,Enfermeiro,45,49288275378
Ana Carvalho Barbosa,ana.carvalho.barbosa.18304@example.com,Porto Alegre,Auxiliar de produção,61,96650548337
Eduardo Cardoso Santos,eduardo.cardoso.santos.18305@example.com,Rondonópolis,Operador de caixa,48,05907896822
Sérgio Teixeira Alves,sergio.teixeira.alves.18306@example.com,Vitória,Fisioterapeuta,35,61863457927
Ricardo Almeida Monteiro,ricardo.almeida.monteiro.18307@example.com,Cuiabá,Eletricista,19,70771374850
Juliana Nascimento Barros,juliana.nascimento.barros.18308@example.com,Recife,Chefe de almoxarifado,64,54861499156
Gabriela Rocha Freitas,gabriela.rocha.freitas.18309@example.com,Fortaleza,Programador,36,86713840530
Priscila Silva Freitas,priscila.silva.freitas.18310@example.com,Brasília,Chefe de almoxarifado,66,31932668379
Nicolas Rodrigues Martins,nicolas.rodrigues.martins.18311@example.com,Salvador,Motorista,20,62896059557
Larissa Rocha Dias,larissa.rocha.dias.18312@example.com,Dourados,Advogado,28,06490762582
Lucas Ribeiro Barros,lucas.ribeiro.barros.18313@example.com,Joinville,Coordenador administrativo,33,26892311222
José Fernandes Souza,jose.fernandes.souza.18314@example.com,Salvador,Supervisor de vendas,50,77930598905
Bruno Barbosa Fernandes,bruno.barbosa.fernandes.18315@example.com,Caxias do Sul,Técnico em informática,24,44635815338
Gustavo Ribeiro Barros,gustavo.ribeiro.barros.18316@example.com,Cuiabá,Analista de marketing,42,34499071865
Leonardo Souza Lima,leonardo.souza.lima.18317@example.com,Santos,Analista financeiro,54,00291222398
Gustavo Carvalho Alves,gustavo.carvalho.alves.18318@example.com,Porto Alegre,Supervisor de qualidade,59,37455730084
Patrícia Martins Araújo,patricia.martins.araujo.18319@example.com,Maringá,Supervisor de qualidade,66,33387705636
Carlos Araújo Oliveira,carlos.araujo.oliveira.18320@example.com,Uberlândia,Programador,49,30340844829
Rafael Almeida Gomes,rafael.almeida.gomes.18321@example.com,Natal,Eletricista,34,29207463686
Simone Mendes Santos,simone.mendes.santos.18322@example.com,Joinville,Gerente de operações,43,11408214556
Débora Cardoso Rodrigues,debora.cardoso.rodrigues.18323@example.com,Recife,Programador,41,04471624915
Camila Teixeira Castro,camila.teixeira.castro.18324@example.com,Londrina,Enfermeiro,54,04788718635
Pedro Freitas Ribeiro,pedro.freitas.ribeiro.18325@example.com,Curitiba,Eletricista,47,06440087653
Letícia Moreira Carvalho,leticia.moreira.carvalho.18326@example.com,Porto Alegre,Gerente financeiro,29,33044589761
Felipe Freitas Alves,felipe.freitas.alves.18327@example.com,Rio de Janeiro,Cozinheiro,47,52295854918
Carolina Oliveira Gomes,carolina.oliveira.gomes.18328@example.com,Londrina,Contador,45,87696986943
Diego Silva Ribeiro,diego.silva.ribeiro.18329@example.com,Maringá,Farmacêutico,36,79394611293
Vitória Dias Silva,vitoria.dias.silva.18330@example.com,Uberlândia,Coordenador de logística,46,27554633620
Juliana Rocha Costa,juliana.rocha.costa.18331@example.com,Belém,Coordenador de logística,23,82763077622
Paulo Souza Costa,paulo.souza.costa.18332@example.com,Santos,Técnico em informática,30,27826276658
Bruno Lima Martins,bruno.lima.martins.18333@example.com,Rio de Janeiro,Assistente administrativo,29,08359673931
Sandra Pereira Fernandes,sandra.pereira.fernandes.18334@example.com,Cuiabá,Coordenador de produção,36,67539155852
Gabriela Alves Lima,gabriela.alves.lima.18335@example.com,Niterói,Líder de equipe,43,44280889216
Larissa Barros Teixeira,larissa.barros.teixeira.18336@example.com,Joinville,Coordenador administrativo,21,98018880716
Lucas Araújo Mendes,lucas.araujo.mendes.18337@example.com,Manaus,Advogado,69,65796242183
Camila Oliveira Barbosa,camila.oliveira.barbosa.18338@example.com,Manaus,Auxiliar de produção,67,77282117170
João Oliveira Almeida,joao.oliveira.almeida.18339@example.com,Goiânia,Vendedor,59,12276894468
Mariana Carvalho Lima,mariana.carvalho.lima.18340@example.com,Rondonópolis,Gerente de operações,69,34906761135
Luana Silva Rodrigues,luana.silva.rodrigues.18341@example.com,Dourados,Supervisor de vendas,35,87144074307
Gustavo Mendes Moreira,gustavo.mendes.moreira.18342@example.com,Santos,Encarregado de produção,59,98253819102
Nicolas Fernandes Freitas,nicolas.fernandes.freitas.18343@example.com,Curitiba,Líder de equipe,54,17837240795
Marcelo Oliveira Pereira,marcelo.oliveira.pereira.18344@example.com,Salvador,Mecânico,44,43762724378
Letícia Nascimento Castro,leticia.nascimento.castro.18345@example.com,Florianópolis,Analista de marketing,45,53359067308
Simone Martins Rocha,simone.martins.rocha.18346@example.com,Brasília,Atendente,38,59095990703
Amanda Gomes Barros,amanda.gomes.barros.18347@example.com,Rondonópolis,Cozinheiro,36,48626465772
Amanda Souza Dias,amanda.souza.dias.18348@example.com,Sorocaba,Técnico de segurança do trabalho,35,50232024198
Lucas Costa Lima,lucas.costa.lima.18349@example.com,Londrina,Gerente de tecnologia,29,53342984037
Felipe Nascimento Lima,felipe.nascimento.lima.18350@example.com,Rio de Janeiro,Pedreiro,64,22262226717
Vitória Santos Araújo,vitoria.santos.araujo.18351@example.com,Porto Alegre,Analista financeiro,55,93888928923
Sandra Barros Castro,sandra.barros.castro.18352@example.com,Niterói,Supervisor de qualidade,32,89775737800
Marcelo Carvalho Mendes,marcelo.carvalho.mendes.18353@example.com,Cuiabá,Supervisor de qualidade,65,44253644233
Marcelo Lima Souza,marcelo.lima.souza.18354@example.com,Rio de Janeiro,Diretor comercial,29,32654449482
Aline Pereira Carvalho,aline.pereira.carvalho.18355@example.com,Dourados,Gerente de recursos humanos,20,41878772095
Vanessa Araújo Barbosa,vanessa.araujo.barbosa.18356@example.com,Rio de Janeiro,Chefe de almoxarifado,20,92640000241
Vanessa Monteiro Fernandes,vanessa.monteiro.fernandes.18357@example.com,Niterói,Supervisor de vendas,41,34829631017
Luana Rocha Fernandes,luana.rocha.fernandes.18358@example.com,Salvador,Recepcionista,20,96361570214
Otávio Monteiro Ribeiro,otavio.monteiro.ribeiro.18359@example.com,Joinville,Analista financeiro,69,42023184856
Luana Alves Santos,luana.alves.santos.18360@example.com,Manaus,Gerente de operações,21,26110909923
Juliana Araújo Almeida,juliana.araujo.almeida.18361@example.com,Sorocaba,Eletricista,52,72440892717
Luana Fernandes Monteiro,luana.fernandes.monteiro.18362@example.com,Dourados,Mecânico,42,62431143016
Henrique Alves Araújo,henrique.alves.araujo.18363@example.com,Salvador,Pedreiro,61,75591294866
Nicolas Fernandes Moreira,nicolas.fernandes.moreira.18364@example.com,Brasília,Coordenador de logística,42,91984915866
Tatiane Araújo Alves,tatiane.araujo.alves.18365@example.com,Rio de Janeiro,Programador,33,00618281355
Tatiane Nascimento Carvalho,tatiane.nascimento.carvalho.18366@example.com,Belém,Farmacêutico,54,64653576697
Tatiane Ribeiro Costa,tatiane.ribeiro.costa.18367@example.com,Cuiabá,Padeiro,33,72971204929
João Freitas Lima,joao.freitas.lima.18368@example.com,Florianópolis,Supervisor de vendas,70,58940890777
José Costa Castro,jose.costa.castro.18369@example.com,Joinville,Chefe de compras,32,67592134761
Igor Moreira Lima,igor.moreira.lima.18370@example.com,Londrina,Engenheiro civil,59,00765221376
Tatiane Carvalho Moreira,tatiane.carvalho.moreira.18371@example.com,Cuiabá,Coordenador administrativo,18,74780152903
Letícia Martins Monteiro,leticia.martins.monteiro.18372@example.com,Caxias do Sul,Padeiro,19,79154267856
Sérgio Souza Lima,sergio.souza.lima.18373@example.com,Uberlândia,Coordenador de marketing,47,54588825469
Paulo Costa Cardoso,paulo.costa.cardoso.18374@example.com,Niterói,Farmacêutico,62,85079010258
Fernanda Silva Mendes,fernanda.silva.mendes.18375@example.com,Uberlândia,Gerente financeiro,56,62553884092
Eduardo Rodrigues Silva,eduardo.rodrigues.silva.18376@example.com,Rondonópolis,Farmacêutico,32,22978440536
Ricardo Pereira Fernandes,ricardo.pereira.fernandes.18377@example.com,Rondonópolis,Vendedor,61,37301568694
Tatiane Silva Santos,tatiane.silva.santos.18378@example.com,Fortaleza,Motorista,46,02671125804
Paulo Oliveira Teixeira,paulo.oliveira.teixeira.18379@example.com,Curitiba,Recepcionista,22,80082313644
Priscila Martins Alves,priscila.martins.alves.18380@example.com,Belém,Programador,62,69728824956
Letícia Castro Gomes,leticia.castro.gomes.18381@example.com,Vitória,Encarregado de produção,22,85007600208
Priscila Mendes Rodrigues,priscila.mendes.rodrigues.18382@example.com,Londrina,Corretor de imóveis,69,26157648502
João Santos Rocha,joao.santos.rocha.18383@example.com,Caxias do Sul,Arquiteto,50,52444973010
Felipe Castro Oliveira,felipe.castro.oliveira.18384@example.com,Niterói,Estoquista,65,15326235492
Renata Freitas Ribeiro,renata.freitas.ribeiro.18385@example.com,São Paulo,Programador,41,57134147262
Ricardo Pereira Barros,ricardo.pereira.barros.18386@example.com,Goiânia,Supervisor de manutenção,28,86895100782
Carolina Ribeiro Moreira,carolina.ribeiro.moreira.18387@example.com,Campo Grande,Analista de marketing,43,22375095327
Vinícius Moreira Souza,vinicius.moreira.souza.18388@example.com,Maringá,Arquiteto,36,82209583669
Lucas Fernandes Carvalho,lucas.fernandes.carvalho.18389@example.com,Salvador,Técnico em informática,28,25332024550
Bruno Ribeiro Oliveira,bruno.ribeiro.oliveira.18390@example.com,Rio de Janeiro,Estoquista,35,90783481587
Paulo Costa Lima,paulo.costa.lima.18391@example.com,Belém,Assistente administrativo,68,11018403920
Luana Barros Ribeiro,luana.barros.ribeiro.18392@example.com,Brasília,Jornalista,62,06371826638
João Silva Rocha,joao.silva.rocha.18393@example.com,Santos,Operador de caixa,23,99653924255
Vinícius Rodrigues Gomes,vinicius.rodrigues.gomes.18394@example.com,Salvador,Auxiliar de produção,70,57013051734
Ricardo Barros Fernandes,ricardo.barros.fernandes.18395@example.com,Uberlândia,Coordenador de marketing,23,21689773145
Vitória Lima Rodrigues,vitoria.lima.rodrigues.18396@example.com,Goiânia,Pedreiro,37,82335583888
Larissa Barbosa Barros,larissa.barbosa.barros.18397@example.com,Caxias do Sul,Analista financeiro,55,54045947546
Vanessa Teixeira Barbosa,vanessa.teixeira.barbosa.18398@example.com,Belo Horizonte,Nutricionista,40,88039878229
Otávio Souza Silva,otavio.souza.silva.18399@example.com,Campo Grande,Pedreiro,21,12325863187
Ricardo Ribeiro Santos,ricardo.ribeiro.santos.18400@example.com,Niterói,Recepcionista,56,30144249066
Carolina Ribeiro Araújo,carolina.ribeiro.araujo.18401@example.com,Belo Horizonte,Coordenador de logística,36,21725837875
Amanda Costa Monteiro,amanda.costa.monteiro.18402@example.com,Manaus,Analista de marketing,66,46850105711
Pedro Teixeira Monteiro,pedro.teixeira.monteiro.18403@example.com,Uberlândia,Vendedor,31,83420571865
Priscila Santos Gomes,priscila.santos.gomes.18404@example.com,Dourados,Operador de caixa,40,07143397730
Letícia Carvalho Teixeira,leticia.carvalho.teixeira.18405@example.com,Rio de Janeiro,Farmacêutico,21,94522108123
Carlos Araújo Oliveira,carlos.araujo.oliveira.18406@example.com,Belo Horizonte,Analista de recursos humanos,66,38484478096
Diego Martins Santos,diego.martins.santos.18407@example.com,Belo Horizonte,Corretor de imóveis,65,05988352414
Felipe Almeida Costa,felipe.almeida.costa.18408@example.com,Cuiabá,Diretor comercial,60,95459228221
José Rodrigues Silva,jose.rodrigues.silva.18409@example.com,Sorocaba,Assistente comercial,18,04043007431
Thiago Oliveira Martins,thiago.oliveira.martins.18410@example.com,Recife,Gerente de tecnologia,24,83676940124
Marcelo Oliveira Lima,marcelo.oliveira.lima.18411@example.com,Campo Grande,Gerente comercial,29,49039090664
Luana Oliveira Rodrigues,luana.oliveira.rodrigues.18412@example.com,Londrina,Diretor comercial,26,96752599286
Juliana Gomes Dias,juliana.gomes.dias.18413@example.com,Rondonópolis,Assistente comercial,25,48536234360
Luana Moreira Nascimento,luana.moreira.nascimento.18414@example.com,Cuiabá,Enfermeiro,40,44303892254
Diego Alves Monteiro,diego.alves.monteiro.18415@example.com,Caxias do Sul,Técnico de segurança do trabalho,43,31309696840
Juliana Castro Pereira,juliana.castro.pereira.18416@example.com,Recife,Recepcionista,22,10022238601
Larissa Gomes Mendes,larissa.gomes.mendes.18417@example.com,Natal,Chefe de departamento pessoal,22,67123764635
Fernanda Teixeira Mendes,fernanda.teixeira.mendes.18418@example.com,Rondonópolis,Professor,47,79990680104
Sérgio Barbosa Carvalho,sergio.barbosa.carvalho.18419@example.com,Florianópolis,Coordenador de logística,34,77805912166
João Fernandes Barbosa,joao.fernandes.barbosa.18420@example.com,Brasília,Enfermeiro,45,62772084229
Rafael Oliveira Dias,rafael.oliveira.dias.18421@example.com,Belo Horizonte,Cozinheiro,22,90584777010
Fernanda Santos Alves,fernanda.santos.alves.18422@example.com,Dourados,Técnico em informática,66,00621068011
Nicolas Almeida Costa,nicolas.almeida.costa.18423@example.com,Dourados,Supervisor de qualidade,70,41151170098
Rafael Gomes Almeida,rafael.gomes.almeida.18424@example.com,Caxias do Sul,Analista de recursos humanos,69,54740665585
Carlos Teixeira Moreira,carlos.teixeira.moreira.18425@example.com,Niterói,Coordenador administrativo,57,07986536721
Carolina Lima Lima,carolina.lima.lima.18426@example.com,São Paulo,Supervisor de qualidade,27,76077159075
José Cardoso Dias,jose.cardoso.dias.18427@example.com,Caxias do Sul,Padeiro,59,43976672996
Tatiane Araújo Nascimento,tatiane.araujo.nascimento.18428@example.com,Niterói,Advogado,51,67447457312
Vitória Almeida Pereira,vitoria.almeida.pereira.18429@example.com,Belém,Supervisor de atendimento,64,52671317131
Rafael Oliveira Fernandes,rafael.oliveira.fernandes.18430@example.com,Rio de Janeiro,Supervisor de atendimento,67,19181488153
Leonardo Mendes Costa,leonardo.mendes.costa.18431@example.com,Londrina,Gerente de recursos humanos,29,94730381252
Sandra Silva Fernandes,sandra.silva.fernandes.18432@example.com,Joinville,Gerente comercial,58,22768799984
Fernanda Souza Ribeiro,fernanda.souza.ribeiro.18433@example.com,Salvador,Chefe de departamento pessoal,63,13749085317
Fernanda Santos Nascimento,fernanda.santos.nascimento.18434@example.com,Natal,Operador de caixa,63,46181522972
Vitória Alves Barbosa,vitoria.alves.barbosa.18435@example.com,Santos,Designer gráfico,33,13343771482
Beatriz Moreira Araújo,beatriz.moreira.araujo.18436@example.com,Manaus,Gerente de tecnologia,54,43212079629
Nicolas Costa Moreira,nicolas.costa.moreira.18437@example.com,Cuiabá,Supervisor de manutenção,55,32946839906
Simone Barbosa Fernandes,simone.barbosa.fernandes.18438@example.com,Maringá,Líder de equipe,26,88311738201
Luana Oliveira Moreira,luana.oliveira.moreira.18439@example.com,Uberlândia,Analista de marketing,24,99635072188
Sandra Monteiro Carvalho,sandra.monteiro.carvalho.18440@example.com,Brasília,Coordenador de produção,60,03115570027
Carolina Costa Barbosa,carolina.costa.barbosa.18441@example.com,Goiânia,Técnico de segurança do trabalho,36,77246212250
Tatiane Barbosa Mendes,tatiane.barbosa.mendes.18442@example.com,Caxias do Sul,Diretor comercial,46,55420245400
Tatiane Nascimento Freitas,tatiane.nascimento.freitas.18443@example.com,Campo Grande,Operador de caixa,46,52964123871
Rafael Moreira Silva,rafael.moreira.silva.18444@example.com,Curitiba,Gerente de tecnologia,38,14001471022
Igor Pereira Barros,igor.pereira.barros.18445@example.com,Fortaleza,Auxiliar de produção,45,72771662856
Felipe Rocha Santos,felipe.rocha.santos.18446@example.com,Dourados,Programador,38,80300452647
Sérgio Fernandes Cardoso,sergio.fernandes.cardoso.18447@example.com,Rio de Janeiro,Gerente de operações,52,64034079735
Letícia Oliveira Barbosa,leticia.oliveira.barbosa.18448@example.com,Fortaleza,Programador,27,31471347381
Henrique Nascimento Rodrigues,henrique.nascimento.rodrigues.18449@example.com,Vitória,Técnico em informática,63,22228999172
Mariana Oliveira Teixeira,mariana.oliveira.teixeira.18450@example.com,Goiânia,Diretor comercial,22,94108334706
Luana Dias Oliveira,luana.dias.oliveira.18451@example.com,Londrina,Supervisor de vendas,56,26181940651
Mariana Dias Barbosa,mariana.dias.barbosa.18452@example.com,Niterói,Vendedor,26,44949267036
Gabriela Carvalho Moreira,gabriela.carvalho.moreira.18453@example.com,Cuiabá,Chefe de almoxarifado,65,97019266352
Daniela Fernandes Carvalho,daniela.fernandes.carvalho.18454@example.com,Natal,Professor,22,43370275746
Henrique Pereira Costa,henrique.pereira.costa.18455@example.com,Vitória,Mecânico,54,89464122591
Gustavo Silva Costa,gustavo.silva.costa.18456@example.com,Dourados,Arquiteto,69,37446003886
Otávio Rodrigues Souza,otavio.rodrigues.souza.18457@example.com,Belém,Enfermeiro,66,58187481671
Beatriz Mendes Gomes,beatriz.mendes.gomes.18458@example.com,Londrina,Cozinheiro,50,33635348570
Letícia Cardoso Araújo,leticia.cardoso.araujo.18459@example.com,Niterói,Analista financeiro,61,10214221828
Leonardo Fernandes Barbosa,leonardo.fernandes.barbosa.18460@example.com,Brasília,Supervisor de vendas,44,16427844800
Renata Barbosa Lima,renata.barbosa.lima.18461@example.com,Cuiabá,Analista de marketing,55,85146779474
Simone Ribeiro Freitas,simone.ribeiro.freitas.18462@example.com,Niterói,Nutricionista,55,12702332540
Simone Gomes Freitas,simone.gomes.freitas.18463@example.com,Niterói,Chefe de compras,46,37922885866
Marcelo Barbosa Mendes,marcelo.barbosa.mendes.18464@example.com,Belém,Encarregado de produção,36,02837220313
Fernanda Dias Fernandes,fernanda.dias.fernandes.18465@example.com,Salvador,Analista de marketing,48,35646186914
Igor Pereira Teixeira,igor.pereira.teixeira.18466@example.com,Uberlândia,Contador,24,88358853681
Otávio Souza Dias,otavio.souza.dias.18467@example.com,Curitiba,Enfermeiro,50,36963340175
Renata Moreira Moreira,renata.moreira.moreira.18468@example.com,Sorocaba,Chefe de almoxarifado,53,20934234505
Amanda Alves Costa,amanda.alves.costa.18469@example.com,Maringá,Nutricionista,36,41325925381
Patrícia Cardoso Mendes,patricia.cardoso.mendes.18470@example.com,Fortaleza,Analista de recursos humanos,32,46874834696
Sérgio Gomes Santos,sergio.gomes.santos.18471@example.com,Belém,Diretor de operações,21,52128245027
Patrícia Castro Martins,patricia.castro.martins.18472@example.com,Dourados,Analista financeiro,70,17313198127
Igor Oliveira Rocha,igor.oliveira.rocha.18473@example.com,Maringá,Coordenador administrativo,51,53682475441
Beatriz Carvalho Souza,beatriz.carvalho.souza.18474@example.com,Uberlândia,Eletricista,62,15625625049
Ana Barros Gomes,ana.barros.gomes.18475@example.com,Porto Alegre,Gerente de operações,61,77151531101
Simone Mendes Carvalho,simone.mendes.carvalho.18476@example.com,Salvador,Supervisor de manutenção,42,52748699391
Henrique Ribeiro Barbosa,henrique.ribeiro.barbosa.18477@example.com,São Paulo,Atendente,54,13147128717
João Monteiro Lima,joao.monteiro.lima.18478@example.com,Natal,Recepcionista,31,79237725453
José Oliveira Silva,jose.oliveira.silva.18479@example.com,Vitória,Corretor de imóveis,28,04735228443
Felipe Almeida Alves,felipe.almeida.alves.18480@example.com,Niterói,Eletricista,19,90021281522
Renata Mendes Moreira,renata.mendes.moreira.18481@example.com,Maringá,Supervisor de vendas,68,01143314170
Gustavo Pereira Silva,gustavo.pereira.silva.18482@example.com,Brasília,Técnico de segurança do trabalho,70,75036471542
Felipe Freitas Lima,felipe.freitas.lima.18483@example.com,Niterói,Diretor de operações,24,65604801862
Letícia Rocha Alves,leticia.rocha.alves.18484@example.com,Curitiba,Professor,46,43892985842
Renata Santos Carvalho,renata.santos.carvalho.18485@example.com,Curitiba,Chefe de almoxarifado,31,40337289645
Fernanda Carvalho Araújo,fernanda.carvalho.araujo.18486@example.com,Goiânia,Coordenador de produção,53,24917224355
Felipe Rocha Mendes,felipe.rocha.mendes.18487@example.com,Fortaleza,Gerente de tecnologia,54,31418657905
Vanessa Barbosa Costa,vanessa.barbosa.costa.18488@example.com,Belo Horizonte,Líder de equipe,40,68335603022
Bruno Barros Araújo,bruno.barros.araujo.18489@example.com,Cuiabá,Recepcionista,70,83459372578
Diego Oliveira Teixeira,diego.oliveira.teixeira.18490@example.com,Caxias do Sul,Farmacêutico,62,13772225044
Patrícia Freitas Rocha,patricia.freitas.rocha.18491@example.com,Niterói,Diretor de operações,66,22313630652
Patrícia Rocha Moreira,patricia.rocha.moreira.18492@example.com,Santos,Supervisor de vendas,66,39805135046
Letícia Rocha Costa,leticia.rocha.costa.18493@example.com,Campinas,Nutricionista,51,18381096298
Fernanda Dias Carvalho,fernanda.dias.carvalho.18494@example.com,Campinas,Operador de caixa,42,19142416654
Tatiane Moreira Costa,tatiane.moreira.costa.18495@example.com,Campinas,Coordenador de logística,38,20864905374
Thiago Freitas Silva,thiago.freitas.silva.18496@example.com,Curitiba,Supervisor de vendas,69,54020594359
Gabriel Barbosa Araújo,gabriel.barbosa.araujo.18497@example.com,Cuiabá,Analista financeiro,32,63466641828
Simone Dias Almeida,simone.dias.almeida.18498@example.com,Rondonópolis,Assistente comercial,49,68461367753
Lucas Mendes Teixeira,lucas.mendes.teixeira.18499@example.com,Uberlândia,Corretor de imóveis,18,07633074456
Camila Barbosa Barros,camila.barbosa.barros.18500@example.com,Santos,Analista de marketing,31,83072173669
Bruno Dias Alves,bruno.dias.alves.18501@example.com,Porto Alegre,Encarregado de produção,24,58349856737
Eduardo Alves Barros,eduardo.alves.barros.18502@example.com,Campinas,Vendedor,40,18228481414
João Barbosa Almeida,joao.barbosa.almeida.18503@example.com,Florianópolis,Vendedor,70,99403795094
Rafael Alves Freitas,rafael.alves.freitas.18504@example.com,Santos,Eletricista,31,31775991951
Gabriel Almeida Santos,gabriel.almeida.santos.18505@example.com,Cuiabá,Programador,43,73383555097
Gustavo Rocha Oliveira,gustavo.rocha.oliveira.18506@example.com,Rio de Janeiro,Contador,23,98089897843
Pedro Silva Mendes,pedro.silva.mendes.18507@example.com,São Paulo,Gerente de operações,52,20007977735
Débora Cardoso Martins,debora.cardoso.martins.18508@example.com,Campinas,Diretor de operações,25,11114689887
Tatiane Moreira Mendes,tatiane.moreira.mendes.18509@example.com,Goiânia,Coordenador de logística,45,45062022639
Nicolas Castro Alves,nicolas.castro.alves.18510@example.com,Niterói,Enfermeiro,65,32364625466
Sérgio Nascimento Teixeira,sergio.nascimento.teixeira.18511@example.com,Santos,Gerente de recursos humanos,53,75748538739
Thiago Souza Martins,thiago.souza.martins.18512@example.com,Rondonópolis,Assistente comercial,57,99191620834
Eduardo Almeida Gomes,eduardo.almeida.gomes.18513@example.com,Fortaleza,Encarregado de produção,30,79171516188
Ricardo Moreira Freitas,ricardo.moreira.freitas.18514@example.com,Londrina,Comprador,70,77232421152
Priscila Araújo Araújo,priscila.araujo.araujo.18515@example.com,Fortaleza,Padeiro,34,00415800135
Patrícia Martins Rocha,patricia.martins.rocha.18516@example.com,Rio de Janeiro,Analista de recursos humanos,69,60234663049
Felipe Castro Rocha,felipe.castro.rocha.18517@example.com,Vitória,Estoquista,30,26643435174
Leonardo Araújo Rocha,leonardo.araujo.rocha.18518@example.com,Niterói,Chefe de compras,53,05448348147
Diego Santos Barbosa,diego.santos.barbosa.18519@example.com,Recife,Gerente de recursos humanos,68,85563842356
Vinícius Costa Oliveira,vinicius.costa.oliveira.18520@example.com,Goiânia,Operador de caixa,55,18100954295
Vitória Cardoso Rodrigues,vitoria.cardoso.rodrigues.18521@example.com,Belém,Programador,18,38866471385
Marcelo Martins Mendes,marcelo.martins.mendes.18522@example.com,Natal,Motorista,64,32581141486
Vanessa Costa Almeida,vanessa.costa.almeida.18523@example.com,Uberlândia,Gerente de operações,37,33967342264
Débora Mendes Barros,debora.mendes.barros.18524@example.com,Sorocaba,Cozinheiro,50,95494587783
Marcelo Monteiro Lima,marcelo.monteiro.lima.18525@example.com,Joinville,Analista de recursos humanos,55,26294227970
Felipe Lima Pereira,felipe.lima.pereira.18526@example.com,Campo Grande,Designer gráfico,50,65683329215
Gabriel Pereira Oliveira,gabriel.pereira.oliveira.18527@example.com,Vitória,Coordenador de produção,50,23926989195
Otávio Pereira Cardoso,otavio.pereira.cardoso.18528@example.com,Curitiba,Vendedor,38,88919028154
Juliana Fernandes Rocha,juliana.fernandes.rocha.18529@example.com,Salvador,Arquiteto,24,15195675309
Débora Teixeira Castro,debora.teixeira.castro.18530@example.com,Fortaleza,Motorista,31,08231113338
Sérgio Santos Lima,sergio.santos.lima.18531@example.com,Belém,Analista de dados,24,31068892790
Marcelo Rodrigues Teixeira,marcelo.rodrigues.teixeira.18532@example.com,Curitiba,Diretor comercial,63,70052031509
Felipe Monteiro Barros,felipe.monteiro.barros.18533@example.com,Campinas,Gerente de operações,26,18791726975
Gabriel Rodrigues Castro,gabriel.rodrigues.castro.18534@example.com,Uberlândia,Encarregado de produção,63,32616217445
Felipe Almeida Nascimento,felipe.almeida.nascimento.18535@example.com,Curitiba,Vendedor,42,95122064948
Marcelo Rocha Fernandes,marcelo.rocha.fernandes.18536@example.com,Goiânia,Coordenador administrativo,44,70072772281
Vitória Martins Ribeiro,vitoria.martins.ribeiro.18537@example.com,Cuiabá,Analista financeiro,32,66700669506
Daniela Cardoso Santos,daniela.cardoso.santos.18538@example.com,Dourados,Contador,33,71398871495
Carolina Freitas Pereira,carolina.freitas.pereira.18539@example.com,Recife,Supervisor de vendas,20,42287191172
Nicolas Souza Gomes,nicolas.souza.gomes.18540@example.com,Belo Horizonte,Coordenador de marketing,56,61649100025
Gabriela Souza Rodrigues,gabriela.souza.rodrigues.18541@example.com,Florianópolis,Supervisor de qualidade,50,18067241334
Ricardo Mendes Santos,ricardo.mendes.santos.18542@example.com,Maringá,Diretor de operações,64,76264894911
Marcelo Monteiro Freitas,marcelo.monteiro.freitas.18543@example.com,São Paulo,Estoquista,30,80584912354
Gabriela Costa Monteiro,gabriela.costa.monteiro.18544@example.com,Brasília,Pedreiro,61,65468351137
Luana Pereira Oliveira,luana.pereira.oliveira.18545@example.com,Cuiabá,Professor,52,25392353983
Renata Silva Silva,renata.silva.silva.18546@example.com,Natal,Chefe de almoxarifado,67,87861616665
Nicolas Moreira Teixeira,nicolas.moreira.teixeira.18547@example.com,Maringá,Gerente comercial,37,00509974971
Aline Alves Castro,aline.alves.castro.18548@example.com,Santos,Coordenador administrativo,33,56728050970
Daniela Teixeira Castro,daniela.teixeira.castro.18549@example.com,Salvador,Analista de marketing,22,75476886295
Paulo Mendes Alves,paulo.mendes.alves.18550@example.com,Rondonópolis,Coordenador de marketing,20,16442630096
Priscila Rocha Dias,priscila.rocha.dias.18551@example.com,Curitiba,Contador,34,84399282811
Gabriel Gomes Fernandes,gabriel.gomes.fernandes.18552@example.com,Salvador,Chefe de departamento pessoal,22,07118637264
Marcelo Teixeira Barros,marcelo.teixeira.barros.18553@example.com,Belo Horizonte,Operador de caixa,19,69960384817
Patrícia Martins Ribeiro,patricia.martins.ribeiro.18554@example.com,Rondonópolis,Gerente comercial,40,48125520519
Bruno Rodrigues Souza,bruno.rodrigues.souza.18555@example.com,São Paulo,Coordenador de logística,69,01816171836
Sérgio Lima Nascimento,sergio.lima.nascimento.18556@example.com,Londrina,Chefe de almoxarifado,37,50604465264
Nicolas Nascimento Rodrigues,nicolas.nascimento.rodrigues.18557@example.com,Porto Alegre,Estoquista,61,09501826879
Patrícia Nascimento Gomes,patricia.nascimento.gomes.18558@example.com,Campinas,Chefe de almoxarifado,25,47597132109
Camila Oliveira Ribeiro,camila.oliveira.ribeiro.18559@example.com,Curitiba,Engenheiro civil,34,94253995712
Fernanda Dias Teixeira,fernanda.dias.teixeira.18560@example.com,Santos,Comprador,38,90567164239
José Rocha Ribeiro,jose.rocha.ribeiro.18561@example.com,Santos,Operador de caixa,60,90586252498
Fernanda Oliveira Mendes,fernanda.oliveira.mendes.18562@example.com,Cuiabá,Analista financeiro,39,10189638888
Camila Fernandes Santos,camila.fernandes.santos.18563@example.com,Maringá,Gerente de tecnologia,22,71608416550
Pedro Moreira Carvalho,pedro.moreira.carvalho.18564@example.com,Sorocaba,Analista de recursos humanos,33,32616209165
Carolina Souza Alves,carolina.souza.alves.18565@example.com,Joinville,Gerente de recursos humanos,66,61251968598
Débora Gomes Alves,debora.gomes.alves.18566@example.com,Rio de Janeiro,Assistente administrativo,24,41529527074
Débora Rocha Carvalho,debora.rocha.carvalho.18567@example.com,Joinville,Recepcionista,23,42251128927
Felipe Gomes Lima,felipe.gomes.lima.18568@example.com,Curitiba,Técnico de segurança do trabalho,49,16260903327
Gustavo Lima Moreira,gustavo.lima.moreira.18569@example.com,Joinville,Gerente de recursos humanos,27,50281450064
Felipe Oliveira Oliveira,felipe.oliveira.oliveira.18570@example.com,Recife,Atendente,41,75155789721
Rafael Barbosa Pereira,rafael.barbosa.pereira.18571@example.com,Natal,Supervisor de vendas,38,43073225496
Sandra Santos Rocha,sandra.santos.rocha.18572@example.com,Salvador,Coordenador de marketing,24,52706208422
Beatriz Rodrigues Martins,beatriz.rodrigues.martins.18573@example.com,Sorocaba,Nutricionista,37,33593546186
Gabriela Costa Mendes,gabriela.costa.mendes.18574@example.com,Rondonópolis,Gerente de operações,43,20356590986
Amanda Rodrigues Rodrigues,amanda.rodrigues.rodrigues.18575@example.com,Londrina,Diretor de operações,62,08321209028
Felipe Rodrigues Castro,felipe.rodrigues.castro.18576@example.com,Belo Horizonte,Eletricista,33,47577074166
Lucas Freitas Oliveira,lucas.freitas.oliveira.18577@example.com,Maringá,Diretor comercial,62,63847212219
Diego Rocha Cardoso,diego.rocha.cardoso.18578@example.com,Manaus,Coordenador de produção,55,50024835047
Débora Santos Fernandes,debora.santos.fernandes.18579@example.com,São Paulo,Analista de dados,69,74079450287
Patrícia Rocha Lima,patricia.rocha.lima.18580@example.com,Campo Grande,Auxiliar de produção,43,43358312957
Diego Barros Oliveira,diego.barros.oliveira.18581@example.com,Londrina,Padeiro,48,59980013434
Vinícius Souza Moreira,vinicius.souza.moreira.18582@example.com,Uberlândia,Supervisor de manutenção,69,94048550543
Larissa Moreira Oliveira,larissa.moreira.oliveira.18583@example.com,São Paulo,Assistente comercial,31,92985040457
Juliana Freitas Costa,juliana.freitas.costa.18584@example.com,Campo Grande,Enfermeiro,46,79315259119
Aline Oliveira Almeida,aline.oliveira.almeida.18585@example.com,Londrina,Encarregado de produção,23,98061471440
Beatriz Mendes Santos,beatriz.mendes.santos.18586@example.com,Manaus,Analista de recursos humanos,34,76923900551
Beatriz Santos Lima,beatriz.santos.lima.18587@example.com,Londrina,Auxiliar de produção,55,30464910920
Bruno Moreira Barbosa,bruno.moreira.barbosa.18588@example.com,Brasília,Encarregado de produção,60,84429851289
Nicolas Fernandes Fernandes,nicolas.fernandes.fernandes.18589@example.com,Salvador,Técnico de segurança do trabalho,53,45433726073
Gabriel Barbosa Dias,gabriel.barbosa.dias.18590@example.com,São Paulo,Gerente de tecnologia,50,76344584158
Simone Santos Carvalho,simone.santos.carvalho.18591@example.com,Joinville,Mecânico,58,10526328503
Marcelo Carvalho Souza,marcelo.carvalho.souza.18592@example.com,Fortaleza,Supervisor de manutenção,56,56454982569
Carolina Ribeiro Rodrigues,carolina.ribeiro.rodrigues.18593@example.com,Fortaleza,Técnico de enfermagem,53,48550301861
Mariana Moreira Costa,mariana.moreira.costa.18594@example.com,Natal,Chefe de compras,48,86099835928
Nicolas Ribeiro Barbosa,nicolas.ribeiro.barbosa.18595@example.com,Rio de Janeiro,Designer gráfico,20,53235348638
Bruno Rocha Carvalho,bruno.rocha.carvalho.18596@example.com,Goiânia,Diretor de operações,19,06469562418
Tatiane Teixeira Barros,tatiane.teixeira.barros.18597@example.com,Maringá,Padeiro,68,51965044647
Leonardo Ribeiro Castro,leonardo.ribeiro.castro.18598@example.com,Florianópolis,Técnico de segurança do trabalho,32,93953704552
Renata Barros Santos,renata.barros.santos.18599@example.com,Florianópolis,Técnico em informática,46,18580822255
Carlos Ribeiro Moreira,carlos.ribeiro.moreira.18600@example.com,Rondonópolis,Técnico de enfermagem,60,59931194176
Renata Rocha Mendes,renata.rocha.mendes.18601@example.com,Belém,Motorista,21,94352211085
Bruno Martins Teixeira,bruno.martins.teixeira.18602@example.com,São Paulo,Operador de caixa,66,57496168916
Luana Silva Ribeiro,luana.silva.ribeiro.18603@example.com,Goiânia,Coordenador de logística,62,99606163668
Marcelo Araújo Costa,marcelo.araujo.costa.18604@example.com,Campinas,Jornalista,70,31204358064
Henrique Araújo Almeida,henrique.araujo.almeida.18605@example.com,Maringá,Designer gráfico,51,86039448253
Rafael Fernandes Cardoso,rafael.fernandes.cardoso.18606@example.com,Natal,Coordenador administrativo,22,89645144934
Leonardo Nascimento Fernandes,leonardo.nascimento.fernandes.18607@example.com,Recife,Padeiro,44,02953367309
Priscila Silva Freitas,priscila.silva.freitas.18608@example.com,Santos,Analista de recursos humanos,59,37206897575
Nicolas Mendes Monteiro,nicolas.mendes.monteiro.18609@example.com,Dourados,Chefe de departamento pessoal,30,16693963672
Larissa Cardoso Cardoso,larissa.cardoso.cardoso.18610@example.com,Rio de Janeiro,Jornalista,47,01127923211
Rafael Moreira Pereira,rafael.moreira.pereira.18611@example.com,Londrina,Chefe de compras,38,24222702784
Henrique Alves Rocha,henrique.alves.rocha.18612@example.com,Uberlândia,Gerente de tecnologia,67,10397456424
João Castro Araújo,joao.castro.araujo.18613@example.com,Rio de Janeiro,Técnico em informática,31,65673422826
Bruno Rodrigues Santos,bruno.rodrigues.santos.18614@example.com,Campinas,Gerente comercial,70,43969958489
Fernanda Castro Oliveira,fernanda.castro.oliveira.18615@example.com,Recife,Chefe de departamento pessoal,36,15418909097
Carolina Ribeiro Alves,carolina.ribeiro.alves.18616@example.com,Dourados,Padeiro,42,69257867331
Ana Dias Alves,ana.dias.alves.18617@example.com,Dourados,Estoquista,54,45867484954
Luana Castro Almeida,luana.castro.almeida.18618@example.com,Manaus,Gerente de recursos humanos,49,51333155644
Thiago Alves Gomes,thiago.alves.gomes.18619@example.com,Rio de Janeiro,Professor,54,61011752471
Fernanda Ribeiro Barbosa,fernanda.ribeiro.barbosa.18620@example.com,Porto Alegre,Cozinheiro,64,82849690706
Amanda Martins Freitas,amanda.martins.freitas.18621@example.com,Vitória,Enfermeiro,64,54960954643
Daniela Fernandes Castro,daniela.fernandes.castro.18622@example.com,Manaus,Enfermeiro,51,88191235424
Nicolas Silva Ribeiro,nicolas.silva.ribeiro.18623@example.com,Goiânia,Vendedor,61,06132420783
Priscila Barros Fernandes,priscila.barros.fernandes.18624@example.com,Porto Alegre,Assistente administrativo,55,00912000699
Felipe Rodrigues Mendes,felipe.rodrigues.mendes.18625@example.com,Caxias do Sul,Analista de recursos humanos,69,56486369154
Carlos Almeida Nascimento,carlos.almeida.nascimento.18626@example.com,Natal,Gerente de operações,42,45965159385
Marcelo Santos Mendes,marcelo.santos.mendes.18627@example.com,São Paulo,Corretor de imóveis,41,25933227998
Leonardo Barbosa Castro,leonardo.barbosa.castro.18628@example.com,Santos,Jornalista,70,98514595259
Thiago Martins Souza,thiago.martins.souza.18629@example.com,Campinas,Técnico em informática,42,87717558506
Tatiane Rodrigues Nascimento,tatiane.rodrigues.nascimento.18630@example.com,Campinas,Assistente comercial,60,71919216138
Henrique Oliveira Ribeiro,henrique.oliveira.ribeiro.18631@example.com,Natal,Assistente comercial,27,33017078901
Sérgio Lima Costa,sergio.lima.costa.18632@example.com,Belém,Chefe de compras,52,89286993330
Ricardo Ribeiro Alves,ricardo.ribeiro.alves.18633@example.com,Brasília,Operador de caixa,64,61428807220
Gabriela Carvalho Cardoso,gabriela.carvalho.cardoso.18634@example.com,Natal,Chefe de departamento pessoal,20,63146744764
Patrícia Santos Lima,patricia.santos.lima.18635@example.com,Salvador,Assistente comercial,38,60651601163
Bruno Castro Costa,bruno.castro.costa.18636@example.com,Manaus,Eletricista,57,04294659347
Beatriz Ribeiro Monteiro,beatriz.ribeiro.monteiro.18637@example.com,Caxias do Sul,Gerente financeiro,56,87544725728
Igor Rodrigues Almeida,igor.rodrigues.almeida.18638@example.com,Sorocaba,Analista de marketing,70,62538685851
Thiago Barros Almeida,thiago.barros.almeida.18639@example.com,Belo Horizonte,Assistente comercial,30,42592606682
Simone Nascimento Araújo,simone.nascimento.araujo.18640@example.com,Campinas,Pedreiro,61,86916842204
Marcelo Almeida Souza,marcelo.almeida.souza.18641@example.com,Campinas,Gerente de tecnologia,53,54454645418
Pedro Fernandes Gomes,pedro.fernandes.gomes.18642@example.com,Caxias do Sul,Coordenador de logística,41,33954372090
Vitória Souza Nascimento,vitoria.souza.nascimento.18643@example.com,Uberlândia,Engenheiro civil,20,45243209738
Ricardo Pereira Rodrigues,ricardo.pereira.rodrigues.18644@example.com,Maringá,Assistente comercial,66,51853430888
João Moreira Almeida,joao.moreira.almeida.18645@example.com,Caxias do Sul,Advogado,45,52355916685
Bruno Gomes Santos,bruno.gomes.santos.18646@example.com,Caxias do Sul,Técnico de enfermagem,36,54081737688
Priscila Lima Rodrigues,priscila.lima.rodrigues.18647@example.com,Rondonópolis,Estoquista,59,42470614903
Pedro Barbosa Carvalho,pedro.barbosa.carvalho.18648@example.com,Natal,Analista de recursos humanos,55,30239576988
Débora Monteiro Mendes,debora.monteiro.mendes.18649@example.com,Curitiba,Assistente administrativo,60,65508649634
Bruno Freitas Alves,bruno.freitas.alves.18650@example.com,Manaus,Assistente administrativo,44,45524099213
Vanessa Almeida Almeida,vanessa.almeida.almeida.18651@example.com,Uberlândia,Chefe de almoxarifado,49,23029806118
Priscila Santos Alves,priscila.santos.alves.18652@example.com,Recife,Diretor comercial,59,55738083844
Vanessa Costa Martins,vanessa.costa.martins.18653@example.com,Rondonópolis,Coordenador de logística,43,42512639572
Igor Souza Almeida,igor.souza.almeida.18654@example.com,Salvador,Gerente de operações,25,86085252653
Vinícius Silva Cardoso,vinicius.silva.cardoso.18655@example.com,Joinville,Jornalista,59,04913205217
Amanda Castro Costa,amanda.castro.costa.18656@example.com,Fortaleza,Padeiro,25,25950155704
João Mendes Cardoso,joao.mendes.cardoso.18657@example.com,Santos,Atendente,41,73734611612
Aline Nascimento Ribeiro,aline.nascimento.ribeiro.18658@example.com,Niterói,Pedreiro,35,29318331955
Lucas Moreira Barros,lucas.moreira.barros.18659@example.com,Cuiabá,Professor,31,72321125635
Paulo Pereira Oliveira,paulo.pereira.oliveira.18660@example.com,Joinville,Engenheiro civil,65,04634120139
Henrique Oliveira Gomes,henrique.oliveira.gomes.18661@example.com,Campinas,Chefe de compras,44,09052043577
Gabriela Alves Oliveira,gabriela.alves.oliveira.18662@example.com,Belo Horizonte,Analista de recursos humanos,51,23846389114
Mariana Martins Monteiro,mariana.martins.monteiro.18663@example.com,Porto Alegre,Supervisor de atendimento,57,20238277104
Igor Fernandes Mendes,igor.fernandes.mendes.18664@example.com,Campinas,Programador,42,08949188216
Letícia Rocha Costa,leticia.rocha.costa.18665@example.com,Vitória,Farmacêutico,38,15688662180
Fernanda Silva Oliveira,fernanda.silva.oliveira.18666@example.com,São Paulo,Advogado,27,93558685639
João Alves Rodrigues,joao.alves.rodrigues.18667@example.com,Sorocaba,Corretor de imóveis,44,80815938064
Mariana Souza Silva,mariana.souza.silva.18668@example.com,Recife,Técnico em informática,70,69522095938
Gabriel Castro Ribeiro,gabriel.castro.ribeiro.18669@example.com,Manaus,Padeiro,52,33822215077
Mariana Pereira Costa,mariana.pereira.costa.18670@example.com,Campinas,Auxiliar de produção,48,24115220749
Daniela Oliveira Fernandes,daniela.oliveira.fernandes.18671@example.com,Florianópolis,Padeiro,25,37770000619
Débora Moreira Gomes,debora.moreira.gomes.18672@example.com,Brasília,Diretor comercial,21,10762639153
Ricardo Alves Barbosa,ricardo.alves.barbosa.18673@example.com,Manaus,Mecânico,28,73593281420
Priscila Martins Dias,priscila.martins.dias.18674@example.com,Florianópolis,Arquiteto,32,13594462053
Mariana Rodrigues Silva,mariana.rodrigues.silva.18675@example.com,Manaus,Assistente administrativo,49,14999342873
Ricardo Rodrigues Castro,ricardo.rodrigues.castro.18676@example.com,Natal,Supervisor de manutenção,38,39672758986
Gabriela Dias Souza,gabriela.dias.souza.18677@example.com,Vitória,Comprador,35,27746145963
Ana Souza Gomes,ana.souza.gomes.18678@example.com,Uberlândia,Designer gráfico,20,12551769478
Rafael Oliveira Souza,rafael.oliveira.souza.18679@example.com,Brasília,Técnico de segurança do trabalho,51,17757258330
Eduardo Monteiro Nascimento,eduardo.monteiro.nascimento.18680@example.com,Goiânia,Operador de caixa,40,01147654034
Ricardo Teixeira Mendes,ricardo.teixeira.mendes.18681@example.com,Manaus,Designer gráfico,19,74284935929
Vitória Rodrigues Freitas,vitoria.rodrigues.freitas.18682@example.com,Santos,Recepcionista,54,85407631298
Gustavo Nascimento Gomes,gustavo.nascimento.gomes.18683@example.com,Caxias do Sul,Contador,61,98435614821
Marcelo Castro Moreira,marcelo.castro.moreira.18684@example.com,Campo Grande,Arquiteto,39,93185321005
Aline Teixeira Silva,aline.teixeira.silva.18685@example.com,Cuiabá,Padeiro,57,94493327139
Felipe Araújo Barros,felipe.araujo.barros.18686@example.com,Recife,Coordenador de produção,20,16885318792
Amanda Barros Barbosa,amanda.barros.barbosa.18687@example.com,Fortaleza,Chefe de compras,45,65311731443
Rafael Barbosa Costa,rafael.barbosa.costa.18688@example.com,Rio de Janeiro,Encarregado de produção,62,57935434394
Letícia Freitas Fernandes,leticia.freitas.fernandes.18689@example.com,Natal,Técnico em informática,40,20080269363
Rafael Silva Barros,rafael.silva.barros.18690@example.com,Dourados,Corretor de imóveis,27,79084721816
Tatiane Santos Lima,tatiane.santos.lima.18691@example.com,Belo Horizonte,Diretor comercial,60,53946731355
Henrique Martins Martins,henrique.martins.martins.18692@example.com,Campinas,Mecânico,63,08774018754
Ana Moreira Rocha,ana.moreira.rocha.18693@example.com,São Paulo,Operador de caixa,68,16483355479
Aline Cardoso Barros,aline.cardoso.barros.18694@example.com,Dourados,Advogado,49,01740152308
Patrícia Alves Costa,patricia.alves.costa.18695@example.com,Caxias do Sul,Contador,22,81361610951
Sérgio Monteiro Moreira,sergio.monteiro.moreira.18696@example.com,Caxias do Sul,Enfermeiro,35,37308320289
Luana Gomes Barros,luana.gomes.barros.18697@example.com,Belém,Padeiro,60,92216384455
Vitória Nascimento Almeida,vitoria.nascimento.almeida.18698@example.com,Natal,Coordenador de logística,37,80142752575
Marcelo Rodrigues Fernandes,marcelo.rodrigues.fernandes.18699@example.com,Rio de Janeiro,Gerente de recursos humanos,55,34512044099
Letícia Martins Barbosa,leticia.martins.barbosa.18700@example.com,Salvador,Coordenador de produção,64,74549289937
Pedro Fernandes Castro,pedro.fernandes.castro.18701@example.com,Brasília,Comprador,55,06375346581
Diego Rodrigues Gomes,diego.rodrigues.gomes.18702@example.com,Recife,Farmacêutico,44,38608795837
Carlos Martins Martins,carlos.martins.martins.18703@example.com,Manaus,Operador de caixa,24,47179903597
Larissa Oliveira Almeida,larissa.oliveira.almeida.18704@example.com,São Paulo,Técnico de segurança do trabalho,57,02462668095
Amanda Carvalho Castro,amanda.carvalho.castro.18705@example.com,Caxias do Sul,Técnico em informática,70,73893324200
Simone Moreira Barros,simone.moreira.barros.18706@example.com,Campo Grande,Gerente financeiro,42,38779691402
Paulo Souza Lima,paulo.souza.lima.18707@example.com,Joinville,Coordenador de marketing,39,80088484665
Amanda Pereira Gomes,amanda.pereira.gomes.18708@example.com,Joinville,Coordenador de marketing,30,60133385007
Gustavo Barros Gomes,gustavo.barros.gomes.18709@example.com,Brasília,Chefe de almoxarifado,21,77517579129
Paulo Souza Moreira,paulo.souza.moreira.18710@example.com,Dourados,Advogado,38,16968085349
Vinícius Gomes Rodrigues,vinicius.gomes.rodrigues.18711@example.com,Fortaleza,Analista de recursos humanos,33,00478324523
Tatiane Castro Martins,tatiane.castro.martins.18712@example.com,Vitória,Engenheiro civil,46,50038749398
Vitória Mendes Lima,vitoria.mendes.lima.18713@example.com,Porto Alegre,Chefe de almoxarifado,36,62147260317
Letícia Rodrigues Mendes,leticia.rodrigues.mendes.18714@example.com,Campo Grande,Fisioterapeuta,64,66126425751
Aline Moreira Pereira,aline.moreira.pereira.18715@example.com,São Paulo,Técnico de segurança do trabalho,21,95751777183
Renata Pereira Oliveira,renata.pereira.oliveira.18716@example.com,Recife,Técnico em informática,25,59634932773
Lucas Silva Rodrigues,lucas.silva.rodrigues.18717@example.com,Maringá,Nutricionista,65,49160775094
Gustavo Mendes Cardoso,gustavo.mendes.cardoso.18718@example.com,Niterói,Designer gráfico,47,44330060468
Carolina Costa Castro,carolina.costa.castro.18719@example.com,Fortaleza,Estoquista,23,17430686507
Larissa Almeida Silva,larissa.almeida.silva.18720@example.com,Campo Grande,Nutricionista,42,46026156594
Bruno Teixeira Mendes,bruno.teixeira.mendes.18721@example.com,Fortaleza,Professor,56,33692750412
Gustavo Moreira Dias,gustavo.moreira.dias.18722@example.com,Niterói,Eletricista,35,40675631072
Carolina Mendes Santos,carolina.mendes.santos.18723@example.com,Curitiba,Programador,44,42235928164
João Lima Souza,joao.lima.souza.18724@example.com,Goiânia,Analista financeiro,44,31180245469
Marcelo Costa Mendes,marcelo.costa.mendes.18725@example.com,Porto Alegre,Gerente comercial,51,18970078063
Patrícia Barbosa Gomes,patricia.barbosa.gomes.18726@example.com,Caxias do Sul,Assistente administrativo,24,26540525619
Daniela Almeida Oliveira,daniela.almeida.oliveira.18727@example.com,Caxias do Sul,Designer gráfico,22,83184091371
Ana Barbosa Dias,ana.barbosa.dias.18728@example.com,Sorocaba,Vendedor,19,16417995353
Fernanda Santos Gomes,fernanda.santos.gomes.18729@example.com,Goiânia,Chefe de almoxarifado,29,30664476989
Letícia Fernandes Alves,leticia.fernandes.alves.18730@example.com,Niterói,Engenheiro civil,57,27295287468
Vanessa Barros Araújo,vanessa.barros.araujo.18731@example.com,Manaus,Diretor comercial,49,95997419863
Priscila Moreira Teixeira,priscila.moreira.teixeira.18732@example.com,Salvador,Coordenador de produção,35,68327697610
Tatiane Castro Pereira,tatiane.castro.pereira.18733@example.com,Uberlândia,Analista de dados,64,56871667977
Ricardo Alves Rodrigues,ricardo.alves.rodrigues.18734@example.com,Belém,Diretor de operações,58,38017817620
Bruno Santos Fernandes,bruno.santos.fernandes.18735@example.com,Manaus,Supervisor de atendimento,40,64809781143
Vinícius Castro Freitas,vinicius.castro.freitas.18736@example.com,Salvador,Eletricista,65,67440259800
Amanda Santos Alves,amanda.santos.alves.18737@example.com,São Paulo,Jornalista,37,70983931295
Ana Castro Cardoso,ana.castro.cardoso.18738@example.com,Caxias do Sul,Programador,54,09824867367
Beatriz Lima Almeida,beatriz.lima.almeida.18739@example.com,São Paulo,Professor,63,44681233250
Amanda Souza Costa,amanda.souza.costa.18740@example.com,Vitória,Gerente de tecnologia,42,71115636255
Eduardo Mendes Barbosa,eduardo.mendes.barbosa.18741@example.com,Natal,Professor,61,27343427844
Gabriela Oliveira Cardoso,gabriela.oliveira.cardoso.18742@example.com,Campo Grande,Técnico de enfermagem,31,10478447751
Priscila Dias Dias,priscila.dias.dias.18743@example.com,Fortaleza,Chefe de almoxarifado,63,51218180764
José Freitas Castro,jose.freitas.castro.18744@example.com,Natal,Coordenador de logística,67,02378429072
Letícia Almeida Carvalho,leticia.almeida.carvalho.18745@example.com,Manaus,Coordenador de produção,50,97999823696
Felipe Almeida Costa,felipe.almeida.costa.18746@example.com,Cuiabá,Vendedor,60,92327394177
Igor Martins Castro,igor.martins.castro.18747@example.com,Uberlândia,Analista de recursos humanos,57,28620573141
Ricardo Nascimento Teixeira,ricardo.nascimento.teixeira.18748@example.com,Natal,Gerente de recursos humanos,24,33398235182
Sérgio Rodrigues Santos,sergio.rodrigues.santos.18749@example.com,Natal,Contador,55,42958468529
Vanessa Ribeiro Souza,vanessa.ribeiro.souza.18750@example.com,Natal,Nutricionista,31,65587070662
Lucas Araújo Dias,lucas.araujo.dias.18751@example.com,Goiânia,Estoquista,47,85927677080
Bruno Gomes Alves,bruno.gomes.alves.18752@example.com,Recife,Supervisor de manutenção,32,34318509077
Débora Ribeiro Alves,debora.ribeiro.alves.18753@example.com,Belo Horizonte,Coordenador de marketing,31,32924912475
Mariana Oliveira Silva,mariana.oliveira.silva.18754@example.com,Brasília,Diretor de operações,30,24390037832
Simone Dias Silva,simone.dias.silva.18755@example.com,Goiânia,Operador de caixa,20,69625385153
Vanessa Almeida Dias,vanessa.almeida.dias.18756@example.com,Brasília,Chefe de almoxarifado,34,74891396729
Tatiane Monteiro Monteiro,tatiane.monteiro.monteiro.18757@example.com,Brasília,Supervisor de vendas,30,23480927541
Eduardo Rodrigues Rodrigues,eduardo.rodrigues.rodrigues.18758@example.com,Belo Horizonte,Programador,62,22871037983
Felipe Pereira Freitas,felipe.pereira.freitas.18759@example.com,Uberlândia,Chefe de almoxarifado,47,59703152364
João Martins Cardoso,joao.martins.cardoso.18760@example.com,Belém,Operador de caixa,30,23830619588
Vanessa Freitas Rocha,vanessa.freitas.rocha.18761@example.com,Santos,Designer gráfico,41,66086785379
Beatriz Moreira Araújo,beatriz.moreira.araujo.18762@example.com,Cuiabá,Chefe de compras,41,97557685976
Igor Freitas Castro,igor.freitas.castro.18763@example.com,Maringá,Supervisor de vendas,18,11075563243
Bruno Souza Barros,bruno.souza.barros.18764@example.com,Belo Horizonte,Supervisor de manutenção,62,00326681177
Larissa Gomes Alves,larissa.gomes.alves.18765@example.com,Caxias do Sul,Técnico em informática,19,61150961987
Paulo Teixeira Santos,paulo.teixeira.santos.18766@example.com,Caxias do Sul,Advogado,62,68304804250
Lucas Dias Oliveira,lucas.dias.oliveira.18767@example.com,Santos,Operador de caixa,60,52263702169
Diego Cardoso Gomes,diego.cardoso.gomes.18768@example.com,Salvador,Assistente comercial,49,84208556143
Simone Rodrigues Lima,simone.rodrigues.lima.18769@example.com,São Paulo,Arquiteto,24,49970581285
Thiago Castro Moreira,thiago.castro.moreira.18770@example.com,Brasília,Eletricista,57,55220923146
Juliana Rodrigues Moreira,juliana.rodrigues.moreira.18771@example.com,Salvador,Técnico em informática,58,92570694897
Vinícius Souza Silva,vinicius.souza.silva.18772@example.com,Niterói,Técnico de enfermagem,56,23629912275
Larissa Barbosa Gomes,larissa.barbosa.gomes.18773@example.com,Curitiba,Chefe de almoxarifado,18,82328455725
Beatriz Martins Rodrigues,beatriz.martins.rodrigues.18774@example.com,Caxias do Sul,Supervisor de qualidade,24,71869361591
Carolina Barbosa Ribeiro,carolina.barbosa.ribeiro.18775@example.com,Caxias do Sul,Auxiliar de produção,34,99495786652
Carlos Souza Teixeira,carlos.souza.teixeira.18776@example.com,Caxias do Sul,Chefe de departamento pessoal,69,06603456652
José Dias Santos,jose.dias.santos.18777@example.com,Fortaleza,Chefe de departamento pessoal,52,11949991401
Patrícia Fernandes Alves,patricia.fernandes.alves.18778@example.com,Uberlândia,Analista de marketing,69,46394102214
Rafael Santos Martins,rafael.santos.martins.18779@example.com,Campinas,Líder de equipe,62,64609670379
Eduardo Costa Carvalho,eduardo.costa.carvalho.18780@example.com,Curitiba,Vendedor,70,51878198451
Ricardo Freitas Moreira,ricardo.freitas.moreira.18781@example.com,Fortaleza,Recepcionista,57,56587520832
Daniela Silva Santos,daniela.silva.santos.18782@example.com,Rondonópolis,Designer gráfico,52,63233297290
Nicolas Moreira Araújo,nicolas.moreira.araujo.18783@example.com,Salvador,Enfermeiro,58,90479313859
Luana Gomes Santos,luana.gomes.santos.18784@example.com,Porto Alegre,Analista de marketing,63,99244146526
Eduardo Nascimento Mendes,eduardo.nascimento.mendes.18785@example.com,Manaus,Coordenador de marketing,51,97501823369
Débora Costa Monteiro,debora.costa.monteiro.18786@example.com,Belém,Contador,52,85863732848
Ricardo Rocha Rodrigues,ricardo.rocha.rodrigues.18787@example.com,Cuiabá,Eletricista,39,47384835742
Camila Costa Araújo,camila.costa.araujo.18788@example.com,Brasília,Corretor de imóveis,27,98692306811
Ana Oliveira Carvalho,ana.oliveira.carvalho.18789@example.com,Fortaleza,Fisioterapeuta,34,69155932717
Gabriel Martins Nascimento,gabriel.martins.nascimento.18790@example.com,Recife,Coordenador administrativo,31,07050272291
João Cardoso Rocha,joao.cardoso.rocha.18791@example.com,Salvador,Analista de recursos humanos,21,15123572010
Thiago Rodrigues Araújo,thiago.rodrigues.araujo.18792@example.com,Niterói,Mecânico,44,04391011640
Tatiane Rocha Lima,tatiane.rocha.lima.18793@example.com,Porto Alegre,Eletricista,58,90834917537
Simone Souza Araújo,simone.souza.araujo.18794@example.com,Curitiba,Enfermeiro,31,72445370232
Eduardo Fernandes Cardoso,eduardo.fernandes.cardoso.18795@example.com,Belém,Chefe de compras,29,74819103368
Lucas Ribeiro Almeida,lucas.ribeiro.almeida.18796@example.com,Belém,Diretor de operações,68,67095513954
Priscila Martins Lima,priscila.martins.lima.18797@example.com,Vitória,Recepcionista,28,46828022289
Fernanda Araújo Pereira,fernanda.araujo.pereira.18798@example.com,Belo Horizonte,Cozinheiro,53,89518864658
Débora Dias Castro,debora.dias.castro.18799@example.com,Maringá,Encarregado de produção,35,62208380687
Leonardo Silva Almeida,leonardo.silva.almeida.18800@example.com,Dourados,Pedreiro,19,08381558278
Henrique Souza Freitas,henrique.souza.freitas.18801@example.com,Campinas,Coordenador administrativo,31,29977645438
Bruno Dias Silva,bruno.dias.silva.18802@example.com,Sorocaba,Advogado,41,27559960706
Daniela Martins Pereira,daniela.martins.pereira.18803@example.com,Porto Alegre,Técnico de enfermagem,66,87438139055
Gustavo Freitas Lima,gustavo.freitas.lima.18804@example.com,Florianópolis,Assistente comercial,42,00124322950
Carlos Gomes Teixeira,carlos.gomes.teixeira.18805@example.com,Londrina,Encarregado de produção,41,37484905013
Carlos Gomes Ribeiro,carlos.gomes.ribeiro.18806@example.com,Florianópolis,Vendedor,41,60985024538
Juliana Silva Teixeira,juliana.silva.teixeira.18807@example.com,Campinas,Diretor de operações,43,59624891573
Sérgio Castro Martins,sergio.castro.martins.18808@example.com,Florianópolis,Corretor de imóveis,36,20200500216
Juliana Teixeira Lima,juliana.teixeira.lima.18809@example.com,Rio de Janeiro,Analista de recursos humanos,70,41007939828
Eduardo Silva Mendes,eduardo.silva.mendes.18810@example.com,Florianópolis,Fisioterapeuta,55,12645404852
Paulo Nascimento Santos,paulo.nascimento.santos.18811@example.com,Rio de Janeiro,Supervisor de vendas,62,28490409298
Aline Araújo Monteiro,aline.araujo.monteiro.18812@example.com,Rio de Janeiro,Operador de caixa,27,59247676222
Amanda Cardoso Cardoso,amanda.cardoso.cardoso.18813@example.com,Sorocaba,Diretor comercial,38,20193749760
Pedro Rodrigues Barros,pedro.rodrigues.barros.18814@example.com,Caxias do Sul,Contador,20,71220433927
Diego Barros Moreira,diego.barros.moreira.18815@example.com,Florianópolis,Supervisor de vendas,52,10633582409
Nicolas Araújo Araújo,nicolas.araujo.araujo.18816@example.com,Fortaleza,Nutricionista,66,30008303267
Thiago Costa Barbosa,thiago.costa.barbosa.18817@example.com,Porto Alegre,Gerente de tecnologia,42,81848748144
Vinícius Martins Ribeiro,vinicius.martins.ribeiro.18818@example.com,Rondonópolis,Motorista,68,79298241074
Rafael Silva Costa,rafael.silva.costa.18819@example.com,Sorocaba,Pedreiro,47,12065158670
Letícia Araújo Santos,leticia.araujo.santos.18820@example.com,Florianópolis,Analista financeiro,53,41999802956
Gabriela Rocha Santos,gabriela.rocha.santos.18821@example.com,Santos,Chefe de departamento pessoal,20,38716623591
Letícia Lima Dias,leticia.lima.dias.18822@example.com,Maringá,Engenheiro civil,27,88467791233
Gabriel Mendes Lima,gabriel.mendes.lima.18823@example.com,Vitória,Técnico em informática,41,03739179487
João Santos Almeida,joao.santos.almeida.18824@example.com,Natal,Chefe de compras,42,96897958578
Vitória Almeida Almeida,vitoria.almeida.almeida.18825@example.com,Rondonópolis,Coordenador administrativo,27,82692010164
Carolina Santos Lima,carolina.santos.lima.18826@example.com,Vitória,Designer gráfico,54,19636881270
Ricardo Santos Gomes,ricardo.santos.gomes.18827@example.com,Belo Horizonte,Chefe de departamento pessoal,21,02439690718
Paulo Gomes Teixeira,paulo.gomes.teixeira.18828@example.com,Campo Grande,Coordenador administrativo,41,38175736093
Leonardo Fernandes Pereira,leonardo.fernandes.pereira.18829@example.com,Uberlândia,Supervisor de vendas,70,70349461813
Priscila Gomes Pereira,priscila.gomes.pereira.18830@example.com,São Paulo,Líder de equipe,69,14209453863
Renata Fernandes Costa,renata.fernandes.costa.18831@example.com,Cuiabá,Analista de dados,25,41519645665
Nicolas Almeida Silva,nicolas.almeida.silva.18832@example.com,Joinville,Analista de dados,28,33025891410
Carlos Costa Ribeiro,carlos.costa.ribeiro.18833@example.com,Curitiba,Chefe de almoxarifado,28,66430116641
Juliana Rocha Moreira,juliana.rocha.moreira.18834@example.com,Vitória,Pedreiro,49,66239234522
Lucas Costa Mendes,lucas.costa.mendes.18835@example.com,Rio de Janeiro,Fisioterapeuta,59,86981100279
Priscila Almeida Castro,priscila.almeida.castro.18836@example.com,Belém,Vendedor,21,20881085777
Otávio Oliveira Ribeiro,otavio.oliveira.ribeiro.18837@example.com,Caxias do Sul,Encarregado de produção,37,30464754334
Vanessa Alves Gomes,vanessa.alves.gomes.18838@example.com,Maringá,Mecânico,66,74958018513
Carolina Moreira Gomes,carolina.moreira.gomes.18839@example.com,Curitiba,Assistente comercial,49,56403717256
José Moreira Almeida,jose.moreira.almeida.18840@example.com,Niterói,Enfermeiro,35,15399520793
Vinícius Mendes Nascimento,vinicius.mendes.nascimento.18841@example.com,Rondonópolis,Coordenador de produção,37,41833621581
Gabriela Moreira Araújo,gabriela.moreira.araujo.18842@example.com,Londrina,Motorista,70,71841179422
Felipe Martins Souza,felipe.martins.souza.18843@example.com,Rio de Janeiro,Operador de caixa,36,52224390139
Thiago Santos Cardoso,thiago.santos.cardoso.18844@example.com,Campo Grande,Auxiliar de produção,28,81496344281
Vanessa Rocha Fernandes,vanessa.rocha.fernandes.18845@example.com,Belo Horizonte,Gerente comercial,50,32112765120
Camila Mendes Lima,camila.mendes.lima.18846@example.com,Londrina,Comprador,51,38337867594
Felipe Rocha Cardoso,felipe.rocha.cardoso.18847@example.com,Cuiabá,Gerente de recursos humanos,27,95334708689
Otávio Pereira Oliveira,otavio.pereira.oliveira.18848@example.com,Maringá,Farmacêutico,57,52443103104
Daniela Moreira Gomes,daniela.moreira.gomes.18849@example.com,Campo Grande,Analista de marketing,70,32804230598
Larissa Rocha Lima,larissa.rocha.lima.18850@example.com,São Paulo,Coordenador de logística,26,17190424421
Vanessa Pereira Martins,vanessa.pereira.martins.18851@example.com,Londrina,Técnico em informática,27,87006852968
Simone Mendes Barros,simone.mendes.barros.18852@example.com,Joinville,Analista financeiro,34,93770439164
Débora Monteiro Rocha,debora.monteiro.rocha.18853@example.com,Curitiba,Mecânico,61,29717707224
Paulo Cardoso Dias,paulo.cardoso.dias.18854@example.com,Florianópolis,Programador,18,41671597056
Diego Pereira Lima,diego.pereira.lima.18855@example.com,Porto Alegre,Mecânico,48,38023760870
Paulo Dias Rodrigues,paulo.dias.rodrigues.18856@example.com,Campo Grande,Supervisor de vendas,25,39635073089
Henrique Teixeira Barros,henrique.teixeira.barros.18857@example.com,Brasília,Engenheiro civil,19,06401418090
Henrique Nascimento Martins,henrique.nascimento.martins.18858@example.com,Uberlândia,Gerente comercial,39,75026407985
Juliana Dias Teixeira,juliana.dias.teixeira.18859@example.com,Recife,Fisioterapeuta,40,57476836198
Leonardo Lima Monteiro,leonardo.lima.monteiro.18860@example.com,Campinas,Recepcionista,56,66108799512
Eduardo Rodrigues Teixeira,eduardo.rodrigues.teixeira.18861@example.com,Florianópolis,Vendedor,37,58544398323
José Alves Oliveira,jose.alves.oliveira.18862@example.com,Florianópolis,Gerente de operações,34,45000794222
Beatriz Silva Teixeira,beatriz.silva.teixeira.18863@example.com,Caxias do Sul,Farmacêutico,44,71600159507
Carolina Fernandes Castro,carolina.fernandes.castro.18864@example.com,Niterói,Supervisor de atendimento,22,96183245008
Daniela Teixeira Gomes,daniela.teixeira.gomes.18865@example.com,Cuiabá,Gerente financeiro,37,85073836654
Otávio Cardoso Araújo,otavio.cardoso.araujo.18866@example.com,Sorocaba,Contador,55,45611625907
Gabriel Monteiro Mendes,gabriel.monteiro.mendes.18867@example.com,Dourados,Assistente comercial,65,74720970287
Patrícia Fernandes Rocha,patricia.fernandes.rocha.18868@example.com,Recife,Técnico em informática,26,30843702513
Ricardo Dias Rodrigues,ricardo.dias.rodrigues.18869@example.com,Goiânia,Chefe de departamento pessoal,65,35530404743
Pedro Costa Castro,pedro.costa.castro.18870@example.com,São Paulo,Supervisor de vendas,21,13118762378
Pedro Gomes Freitas,pedro.gomes.freitas.18871@example.com,Uberlândia,Corretor de imóveis,61,97986985239
Letícia Pereira Castro,leticia.pereira.castro.18872@example.com,Rondonópolis,Atendente,30,89699390087
Ana Freitas Mendes,ana.freitas.mendes.18873@example.com,Rondonópolis,Fisioterapeuta,34,01134202531
Daniela Almeida Martins,daniela.almeida.martins.18874@example.com,Belo Horizonte,Auxiliar de produção,49,94449913317
Nicolas Dias Monteiro,nicolas.dias.monteiro.18875@example.com,Belém,Chefe de departamento pessoal,31,74365112955
Gabriel Monteiro Rocha,gabriel.monteiro.rocha.18876@example.com,Brasília,Arquiteto,36,66854158934
Luana Almeida Nascimento,luana.almeida.nascimento.18877@example.com,Salvador,Coordenador de logística,23,29769957440
Sandra Carvalho Lima,sandra.carvalho.lima.18878@example.com,Niterói,Cozinheiro,50,74849162248
Mariana Silva Mendes,mariana.silva.mendes.18879@example.com,São Paulo,Padeiro,23,58718830730
Luana Barbosa Silva,luana.barbosa.silva.18880@example.com,Maringá,Chefe de compras,54,62691230948
Diego Dias Dias,diego.dias.dias.18881@example.com,Londrina,Fisioterapeuta,48,39724559744
Rafael Martins Freitas,rafael.martins.freitas.18882@example.com,Brasília,Supervisor de manutenção,42,79450937441
Carlos Barros Barbosa,carlos.barros.barbosa.18883@example.com,Santos,Gerente de operações,64,60598161133
Vinícius Fernandes Moreira,vinicius.fernandes.moreira.18884@example.com,Natal,Recepcionista,30,27655220845
Pedro Ribeiro Souza,pedro.ribeiro.souza.18885@example.com,Maringá,Designer gráfico,63,05263721714
Sandra Silva Costa,sandra.silva.costa.18886@example.com,Recife,Encarregado de produção,68,24032585297
Paulo Castro Gomes,paulo.castro.gomes.18887@example.com,Curitiba,Analista financeiro,47,32064245322
Vinícius Carvalho Souza,vinicius.carvalho.souza.18888@example.com,Dourados,Auxiliar de produção,55,65797333620
Gabriela Araújo Rocha,gabriela.araujo.rocha.18889@example.com,Rio de Janeiro,Gerente financeiro,34,08079241802
João Silva Oliveira,joao.silva.oliveira.18890@example.com,Santos,Motorista,66,19505109337
Paulo Lima Dias,paulo.lima.dias.18891@example.com,Niterói,Diretor de operações,37,62948599321
Felipe Almeida Freitas,felipe.almeida.freitas.18892@example.com,Brasília,Jornalista,59,01048772810
Eduardo Lima Oliveira,eduardo.lima.oliveira.18893@example.com,Curitiba,Professor,50,60944672646
Henrique Monteiro Oliveira,henrique.monteiro.oliveira.18894@example.com,Uberlândia,Encarregado de produção,70,91135406707
Vanessa Moreira Nascimento,vanessa.moreira.nascimento.18895@example.com,Niterói,Vendedor,19,31241015315
Nicolas Oliveira Gomes,nicolas.oliveira.gomes.18896@example.com,Recife,Professor,30,64321616780
Vitória Santos Moreira,vitoria.santos.moreira.18897@example.com,Caxias do Sul,Auxiliar de produção,38,56508691460
Larissa Silva Silva,larissa.silva.silva.18898@example.com,Dourados,Analista de dados,26,77877672448
Marcelo Teixeira Oliveira,marcelo.teixeira.oliveira.18899@example.com,Rio de Janeiro,Gerente comercial,49,03507803686
Vitória Moreira Martins,vitoria.moreira.martins.18900@example.com,Curitiba,Nutricionista,22,49873651348
Thiago Barbosa Ribeiro,thiago.barbosa.ribeiro.18901@example.com,Manaus,Chefe de almoxarifado,44,25779947110
Vanessa Rocha Almeida,vanessa.rocha.almeida.18902@example.com,Cuiabá,Gerente de operações,25,20726811344
Ana Cardoso Moreira,ana.cardoso.moreira.18903@example.com,Porto Alegre,Coordenador de produção,46,71996337332
Pedro Martins Gomes,pedro.martins.gomes.18904@example.com,Cuiabá,Gerente de operações,68,73154400973
Ana Pereira Teixeira,ana.pereira.teixeira.18905@example.com,Dourados,Técnico de enfermagem,25,62369853229
Igor Araújo Monteiro,igor.araujo.monteiro.18906@example.com,Sorocaba,Vendedor,69,21738104803
Henrique Mendes Alves,henrique.mendes.alves.18907@example.com,Caxias do Sul,Operador de caixa,53,26666481880
Renata Souza Rodrigues,renata.souza.rodrigues.18908@example.com,Campinas,Analista financeiro,22,70620406423
Beatriz Pereira Gomes,beatriz.pereira.gomes.18909@example.com,Campo Grande,Mecânico,28,12958806410
Vitória Freitas Freitas,vitoria.freitas.freitas.18910@example.com,Fortaleza,Corretor de imóveis,55,79235788228
Lucas Araújo Dias,lucas.araujo.dias.18911@example.com,Belo Horizonte,Comprador,59,51104471551
Amanda Lima Gomes,amanda.lima.gomes.18912@example.com,Natal,Arquiteto,64,51419555698
Renata Monteiro Teixeira,renata.monteiro.teixeira.18913@example.com,Belo Horizonte,Analista de recursos humanos,61,25043213809
Paulo Ribeiro Castro,paulo.ribeiro.castro.18914@example.com,Sorocaba,Enfermeiro,37,33892728283
Sérgio Castro Araújo,sergio.castro.araujo.18915@example.com,Curitiba,Chefe de compras,38,43309263694
Paulo Teixeira Moreira,paulo.teixeira.moreira.18916@example.com,Porto Alegre,Arquiteto,19,51292760626
Renata Araújo Dias,renata.araujo.dias.18917@example.com,Curitiba,Gerente de tecnologia,36,25791844356
Camila Dias Ribeiro,camila.dias.ribeiro.18918@example.com,Rondonópolis,Coordenador de logística,45,88895101788
João Lima Pereira,joao.lima.pereira.18919@example.com,Campinas,Chefe de almoxarifado,65,27567585581
Thiago Alves Barbosa,thiago.alves.barbosa.18920@example.com,Joinville,Engenheiro civil,44,82022236299
Vinícius Carvalho Monteiro,vinicius.carvalho.monteiro.18921@example.com,Salvador,Analista financeiro,53,09718518526
Daniela Barbosa Dias,daniela.barbosa.dias.18922@example.com,São Paulo,Mecânico,23,68986585410
Carolina Castro Lima,carolina.castro.lima.18923@example.com,Belo Horizonte,Advogado,65,00216633943
Carolina Araújo Almeida,carolina.araujo.almeida.18924@example.com,Vitória,Estoquista,50,36806586499
Aline Dias Dias,aline.dias.dias.18925@example.com,Florianópolis,Operador de caixa,69,20101543170
Ana Fernandes Rodrigues,ana.fernandes.rodrigues.18926@example.com,Natal,Farmacêutico,28,34294131629
Beatriz Barbosa Alves,beatriz.barbosa.alves.18927@example.com,Sorocaba,Padeiro,51,52661104389
Diego Fernandes Monteiro,diego.fernandes.monteiro.18928@example.com,Cuiabá,Chefe de departamento pessoal,45,55688599937
José Monteiro Martins,jose.monteiro.martins.18929@example.com,Londrina,Engenheiro civil,40,12625553514
Priscila Martins Rodrigues,priscila.martins.rodrigues.18930@example.com,Campinas,Pedreiro,59,41599171235
Gabriel Almeida Almeida,gabriel.almeida.almeida.18931@example.com,Sorocaba,Pedreiro,65,34549695648
Vanessa Freitas Teixeira,vanessa.freitas.teixeira.18932@example.com,Salvador,Gerente de recursos humanos,48,57120981396
Renata Teixeira Almeida,renata.teixeira.almeida.18933@example.com,Uberlândia,Gerente de recursos humanos,41,98365269654
Leonardo Monteiro Moreira,leonardo.monteiro.moreira.18934@example.com,Vitória,Assistente comercial,39,47853013211
Camila Alves Almeida,camila.alves.almeida.18935@example.com,Belém,Gerente de recursos humanos,52,24379155505
Carlos Freitas Ribeiro,carlos.freitas.ribeiro.18936@example.com,Natal,Coordenador de logística,52,16708364331
Leonardo Alves Teixeira,leonardo.alves.teixeira.18937@example.com,Curitiba,Gerente comercial,23,11542195110
Amanda Oliveira Barbosa,amanda.oliveira.barbosa.18938@example.com,Rio de Janeiro,Corretor de imóveis,32,69620506510
Vitória Barros Alves,vitoria.barros.alves.18939@example.com,Cuiabá,Coordenador de produção,46,13394976908
Lucas Castro Carvalho,lucas.castro.carvalho.18940@example.com,Curitiba,Jornalista,43,75790082021
Eduardo Martins Oliveira,eduardo.martins.oliveira.18941@example.com,Maringá,Recepcionista,54,49030758770
Paulo Pereira Santos,paulo.pereira.santos.18942@example.com,Niterói,Chefe de departamento pessoal,43,30030615308
Bruno Mendes Teixeira,bruno.mendes.teixeira.18943@example.com,Dourados,Supervisor de vendas,29,67270724872
Henrique Rocha Fernandes,henrique.rocha.fernandes.18944@example.com,Porto Alegre,Técnico de segurança do trabalho,61,89490890957
Renata Martins Barros,renata.martins.barros.18945@example.com,Vitória,Técnico de segurança do trabalho,39,57605399766
Marcelo Castro Silva,marcelo.castro.silva.18946@example.com,Joinville,Analista de recursos humanos,53,85111093957
Vitória Mendes Santos,vitoria.mendes.santos.18947@example.com,Joinville,Engenheiro civil,53,88500257816
Camila Pereira Nascimento,camila.pereira.nascimento.18948@example.com,Porto Alegre,Encarregado de produção,53,16223227920
Nicolas Costa Nascimento,nicolas.costa.nascimento.18949@example.com,Uberlândia,Gerente comercial,28,42967788166
Carlos Cardoso Martins,carlos.cardoso.martins.18950@example.com,Cuiabá,Programador,66,49519725035
Débora Castro Fernandes,debora.castro.fernandes.18951@example.com,São Paulo,Enfermeiro,57,22552879270
Eduardo Almeida Araújo,eduardo.almeida.araujo.18952@example.com,Salvador,Gerente de tecnologia,30,86423516544
Renata Carvalho Gomes,renata.carvalho.gomes.18953@example.com,Rondonópolis,Programador,37,68973341405
Vitória Souza Costa,vitoria.souza.costa.18954@example.com,Recife,Vendedor,26,23949220601
Thiago Almeida Teixeira,thiago.almeida.teixeira.18955@example.com,Recife,Gerente de tecnologia,52,88863762876
José Martins Carvalho,jose.martins.carvalho.18956@example.com,Natal,Operador de caixa,70,20420142305
Ricardo Costa Cardoso,ricardo.costa.cardoso.18957@example.com,Fortaleza,Supervisor de atendimento,35,04536340700
Thiago Cardoso Alves,thiago.cardoso.alves.18958@example.com,Belém,Cozinheiro,31,07612338534
Otávio Gomes Cardoso,otavio.gomes.cardoso.18959@example.com,Goiânia,Gerente de tecnologia,52,04460209903
Priscila Ribeiro Moreira,priscila.ribeiro.moreira.18960@example.com,Uberlândia,Líder de equipe,25,59886804059
Vanessa Rocha Oliveira,vanessa.rocha.oliveira.18961@example.com,Brasília,Supervisor de manutenção,48,13849913092
Nicolas Lima Martins,nicolas.lima.martins.18962@example.com,Florianópolis,Coordenador de marketing,38,77143751615
Mariana Freitas Rocha,mariana.freitas.rocha.18963@example.com,Natal,Farmacêutico,22,19010509061
Vanessa Pereira Gomes,vanessa.pereira.gomes.18964@example.com,São Paulo,Chefe de departamento pessoal,54,08045633204
Otávio Ribeiro Martins,otavio.ribeiro.martins.18965@example.com,Manaus,Enfermeiro,30,05324975284
Patrícia Souza Moreira,patricia.souza.moreira.18966@example.com,Campo Grande,Diretor comercial,40,30368972024
Thiago Araújo Barbosa,thiago.araujo.barbosa.18967@example.com,Londrina,Nutricionista,55,23236974410
Nicolas Barbosa Pereira,nicolas.barbosa.pereira.18968@example.com,São Paulo,Motorista,42,60429576591
Débora Dias Silva,debora.dias.silva.18969@example.com,Salvador,Professor,58,14701837892
Vitória Gomes Alves,vitoria.gomes.alves.18970@example.com,Sorocaba,Cozinheiro,21,87925797422
Ricardo Oliveira Rodrigues,ricardo.oliveira.rodrigues.18971@example.com,Florianópolis,Supervisor de manutenção,64,79211120281
Felipe Souza Araújo,felipe.souza.araujo.18972@example.com,Porto Alegre,Padeiro,28,02868946357
Carolina Nascimento Teixeira,carolina.nascimento.teixeira.18973@example.com,Joinville,Jornalista,56,82840795337
Rafael Fernandes Monteiro,rafael.fernandes.monteiro.18974@example.com,Campinas,Mecânico,55,88577055800
Mariana Pereira Carvalho,mariana.pereira.carvalho.18975@example.com,Brasília,Supervisor de qualidade,44,64808937428
Ana Teixeira Araújo,ana.teixeira.araujo.18976@example.com,Belo Horizonte,Nutricionista,38,89272328630
Eduardo Martins Lima,eduardo.martins.lima.18977@example.com,Fortaleza,Diretor de operações,39,85285842782
Simone Ribeiro Nascimento,simone.ribeiro.nascimento.18978@example.com,Londrina,Gerente de operações,57,07507635611
Felipe Santos Silva,felipe.santos.silva.18979@example.com,Rio de Janeiro,Programador,54,52612286378
José Lima Fernandes,jose.lima.fernandes.18980@example.com,Niterói,Assistente administrativo,46,15423886533
Gabriela Rocha Costa,gabriela.rocha.costa.18981@example.com,Salvador,Gerente de operações,41,34377220705
Simone Oliveira Lima,simone.oliveira.lima.18982@example.com,Brasília,Nutricionista,35,72482007242
Paulo Almeida Barros,paulo.almeida.barros.18983@example.com,Curitiba,Encarregado de produção,38,33775566049
Letícia Alves Ribeiro,leticia.alves.ribeiro.18984@example.com,Natal,Líder de equipe,22,19045077484
Igor Oliveira Fernandes,igor.oliveira.fernandes.18985@example.com,Belo Horizonte,Engenheiro civil,33,76654614081
Beatriz Martins Castro,beatriz.martins.castro.18986@example.com,Brasília,Supervisor de qualidade,39,38228158389
Nicolas Nascimento Monteiro,nicolas.nascimento.monteiro.18987@example.com,Londrina,Supervisor de vendas,53,87996399231
Gabriel Almeida Carvalho,gabriel.almeida.carvalho.18988@example.com,Fortaleza,Encarregado de produção,60,05181442662
Sandra Teixeira Oliveira,sandra.teixeira.oliveira.18989@example.com,Campo Grande,Supervisor de qualidade,66,30006283884
Luana Pereira Dias,luana.pereira.dias.18990@example.com,Curitiba,Chefe de compras,52,28339632056
Letícia Rodrigues Martins,leticia.rodrigues.martins.18991@example.com,Santos,Auxiliar de produção,70,80567338855
Vinícius Freitas Almeida,vinicius.freitas.almeida.18992@example.com,Cuiabá,Assistente comercial,57,23289623057
Mariana Costa Ribeiro,mariana.costa.ribeiro.18993@example.com,Porto Alegre,Chefe de departamento pessoal,37,64780000607
Tatiane Lima Silva,tatiane.lima.silva.18994@example.com,Vitória,Cozinheiro,21,86403294311
Ana Fernandes Almeida,ana.fernandes.almeida.18995@example.com,Rondonópolis,Analista de marketing,25,44249330248
Rafael Barbosa Silva,rafael.barbosa.silva.18996@example.com,Santos,Operador de caixa,30,65905029227
Patrícia Barbosa Araújo,patricia.barbosa.araujo.18997@example.com,Brasília,Atendente,66,39962297909
Diego Nascimento Lima,diego.nascimento.lima.18998@example.com,São Paulo,Recepcionista,67,72311073703
Camila Monteiro Alves,camila.monteiro.alves.18999@example.com,Uberlândia,Enfermeiro,25,50861082775
Mariana Santos Santos,mariana.santos.santos.19000@example.com,Cuiabá,Coordenador administrativo,26,42495847201
Patrícia Araújo Freitas,patricia.araujo.freitas.19001@example.com,Natal,Analista de marketing,42,10586320502
Fernanda Monteiro Araújo,fernanda.monteiro.araujo.19002@example.com,Porto Alegre,Mecânico,66,81377501851
Mariana Teixeira Fernandes,mariana.teixeira.fernandes.19003@example.com,Belém,Chefe de compras,21,17978427596
Paulo Nascimento Freitas,paulo.nascimento.freitas.19004@example.com,Curitiba,Gerente financeiro,24,31896016484
José Silva Barros,jose.silva.barros.19005@example.com,Rio de Janeiro,Designer gráfico,63,49051428409
Camila Costa Oliveira,camila.costa.oliveira.19006@example.com,Santos,Pedreiro,23,79429378835
Ana Castro Monteiro,ana.castro.monteiro.19007@example.com,Florianópolis,Contador,29,04533560009
Sérgio Barros Rodrigues,sergio.barros.rodrigues.19008@example.com,Londrina,Analista de recursos humanos,24,43328510043
Gustavo Almeida Cardoso,gustavo.almeida.cardoso.19009@example.com,Campinas,Contador,40,80545057867
Priscila Almeida Souza,priscila.almeida.souza.19010@example.com,Maringá,Diretor comercial,24,87888525039
Henrique Pereira Carvalho,henrique.pereira.carvalho.19011@example.com,Porto Alegre,Gerente de tecnologia,23,78315247915
Vinícius Silva Barbosa,vinicius.silva.barbosa.19012@example.com,Recife,Técnico de segurança do trabalho,34,19957672527
Henrique Rocha Araújo,henrique.rocha.araujo.19013@example.com,Manaus,Arquiteto,39,08698994293
Lucas Teixeira Silva,lucas.teixeira.silva.19014@example.com,Uberlândia,Coordenador de marketing,51,43026052392
Renata Costa Santos,renata.costa.santos.19015@example.com,Belém,Recepcionista,38,84464827044
Gabriel Martins Barbosa,gabriel.martins.barbosa.19016@example.com,Recife,Técnico de segurança do trabalho,37,15651392342
Patrícia Rodrigues Castro,patricia.rodrigues.castro.19017@example.com,Campo Grande,Diretor comercial,70,20505023039
Renata Rodrigues Cardoso,renata.rodrigues.cardoso.19018@example.com,Rondonópolis,Encarregado de produção,36,26046530668
Pedro Teixeira Ribeiro,pedro.teixeira.ribeiro.19019@example.com,Belo Horizonte,Engenheiro civil,28,58208608661
Amanda Almeida Castro,amanda.almeida.castro.19020@example.com,Santos,Arquiteto,45,75659653194
Carolina Souza Costa,carolina.souza.costa.19021@example.com,Campo Grande,Encarregado de produção,24,41343277623
Vitória Rocha Gomes,vitoria.rocha.gomes.19022@example.com,São Paulo,Supervisor de qualidade,31,95526572563
Mariana Carvalho Rodrigues,mariana.carvalho.rodrigues.19023@example.com,Londrina,Coordenador de produção,43,40328795829
Aline Souza Monteiro,aline.souza.monteiro.19024@example.com,Manaus,Gerente financeiro,56,41890831341
Fernanda Cardoso Barros,fernanda.cardoso.barros.19025@example.com,Brasília,Analista de dados,57,42099355532
Vitória Nascimento Costa,vitoria.nascimento.costa.19026@example.com,São Paulo,Chefe de departamento pessoal,62,19005440265
Renata Barros Carvalho,renata.barros.carvalho.19027@example.com,Rio de Janeiro,Recepcionista,42,58407863046
Luana Dias Freitas,luana.dias.freitas.19028@example.com,Brasília,Supervisor de qualidade,47,52310868289
Diego Ribeiro Cardoso,diego.ribeiro.cardoso.19029@example.com,Recife,Chefe de compras,51,16870763861
Diego Nascimento Rocha,diego.nascimento.rocha.19030@example.com,Dourados,Coordenador de produção,59,55570090501
Otávio Almeida Nascimento,otavio.almeida.nascimento.19031@example.com,Campinas,Nutricionista,27,44262684048
Henrique Monteiro Castro,henrique.monteiro.castro.19032@example.com,Londrina,Programador,38,70831035281
Eduardo Santos Mendes,eduardo.santos.mendes.19033@example.com,Caxias do Sul,Chefe de departamento pessoal,23,51443545189
Thiago Gomes Lima,thiago.gomes.lima.19034@example.com,Natal,Arquiteto,40,85902951543
Camila Barros Santos,camila.barros.santos.19035@example.com,Brasília,Advogado,39,35724775194
Lucas Ribeiro Rocha,lucas.ribeiro.rocha.19036@example.com,Maringá,Arquiteto,35,92783133583
Gabriela Araújo Araújo,gabriela.araujo.araujo.19037@example.com,Belo Horizonte,Eletricista,55,30228609146
Larissa Pereira Santos,larissa.pereira.santos.19038@example.com,Curitiba,Auxiliar de produção,39,74003037058
Renata Mendes Alves,renata.mendes.alves.19039@example.com,Manaus,Técnico de segurança do trabalho,42,34973398082
Renata Freitas Mendes,renata.freitas.mendes.19040@example.com,Sorocaba,Coordenador administrativo,44,75845452513
João Pereira Freitas,joao.pereira.freitas.19041@example.com,Londrina,Recepcionista,30,02120457616
Vitória Barbosa Lima,vitoria.barbosa.lima.19042@example.com,São Paulo,Coordenador de logística,64,12042246743
Rafael Santos Lima,rafael.santos.lima.19043@example.com,Vitória,Pedreiro,26,75492553691
Igor Santos Almeida,igor.santos.almeida.19044@example.com,São Paulo,Advogado,24,59002161105
Mariana Santos Cardoso,mariana.santos.cardoso.19045@example.com,Rio de Janeiro,Técnico de segurança do trabalho,23,32571583555
Lucas Lima Barros,lucas.lima.barros.19046@example.com,Brasília,Pedreiro,41,35065528695
Paulo Barbosa Barros,paulo.barbosa.barros.19047@example.com,Recife,Analista de marketing,28,56864038088
Renata Castro Souza,renata.castro.souza.19048@example.com,Natal,Cozinheiro,28,35049726223
Luana Dias Barbosa,luana.dias.barbosa.19049@example.com,Brasília,Assistente administrativo,59,50097275101
Letícia Freitas Ribeiro,leticia.freitas.ribeiro.19050@example.com,Curitiba,Operador de caixa,58,55740073169
Carlos Monteiro Pereira,carlos.monteiro.pereira.19051@example.com,Fortaleza,Encarregado de produção,19,56531691623
José Rodrigues Freitas,jose.rodrigues.freitas.19052@example.com,Niterói,Coordenador de produção,34,34711704468
Larissa Martins Rodrigues,larissa.martins.rodrigues.19053@example.com,Natal,Coordenador de marketing,70,66309464487
Sandra Teixeira Gomes,sandra.teixeira.gomes.19054@example.com,Porto Alegre,Atendente,50,86303271736
Nicolas Dias Rodrigues,nicolas.dias.rodrigues.19055@example.com,Brasília,Supervisor de atendimento,41,37315998145
João Rodrigues Moreira,joao.rodrigues.moreira.19056@example.com,Niterói,Coordenador de logística,45,14603075291
Sandra Almeida Costa,sandra.almeida.costa.19057@example.com,Londrina,Diretor comercial,54,50942705061
Carlos Mendes Cardoso,carlos.mendes.cardoso.19058@example.com,Dourados,Assistente comercial,44,85474817755
Patrícia Araújo Castro,patricia.araujo.castro.19059@example.com,Curitiba,Técnico em informática,47,29023296021
Paulo Barros Moreira,paulo.barros.moreira.19060@example.com,Curitiba,Chefe de almoxarifado,57,88920591844
Nicolas Cardoso Moreira,nicolas.cardoso.moreira.19061@example.com,Uberlândia,Recepcionista,59,62116213043
Ana Costa Lima,ana.costa.lima.19062@example.com,São Paulo,Gerente de operações,34,90155763028
Paulo Dias Monteiro,paulo.dias.monteiro.19063@example.com,Uberlândia,Supervisor de atendimento,66,88573073532
Renata Barbosa Oliveira,renata.barbosa.oliveira.19064@example.com,Niterói,Analista de marketing,61,92050802933
Letícia Araújo Cardoso,leticia.araujo.cardoso.19065@example.com,Porto Alegre,Gerente comercial,43,88365274243
Felipe Freitas Martins,felipe.freitas.martins.19066@example.com,São Paulo,Técnico de enfermagem,51,26671523032
Vinícius Castro Alves,vinicius.castro.alves.19067@example.com,Belo Horizonte,Gerente comercial,37,08204855535
Amanda Araújo Monteiro,amanda.araujo.monteiro.19068@example.com,Natal,Professor,67,25795616648
Sérgio Teixeira Dias,sergio.teixeira.dias.19069@example.com,Uberlândia,Vendedor,31,64135502181
Vinícius Moreira Mendes,vinicius.moreira.mendes.19070@example.com,Curitiba,Analista de marketing,49,36200548036
Letícia Almeida Teixeira,leticia.almeida.teixeira.19071@example.com,Joinville,Pedreiro,24,79530498345
João Almeida Fernandes,joao.almeida.fernandes.19072@example.com,Campinas,Cozinheiro,55,08915897664
Ana Carvalho Gomes,ana.carvalho.gomes.19073@example.com,Rondonópolis,Analista financeiro,46,80931763966
Leonardo Silva Nascimento,leonardo.silva.nascimento.19074@example.com,Florianópolis,Contador,24,05794060435
Patrícia Gomes Ribeiro,patricia.gomes.ribeiro.19075@example.com,Caxias do Sul,Diretor de operações,56,38335977066
Ricardo Pereira Rocha,ricardo.pereira.rocha.19076@example.com,Porto Alegre,Supervisor de qualidade,48,99315050249
Larissa Silva Freitas,larissa.silva.freitas.19077@example.com,Brasília,Eletricista,43,95110110416
Carolina Teixeira Monteiro,carolina.teixeira.monteiro.19078@example.com,Belém,Assistente comercial,25,99853863064
Mariana Dias Mendes,mariana.dias.mendes.19079@example.com,Santos,Gerente de recursos humanos,70,75284682114
Vitória Araújo Martins,vitoria.araujo.martins.19080@example.com,Natal,Coordenador de produção,39,15457214888
Gustavo Oliveira Pereira,gustavo.oliveira.pereira.19081@example.com,Salvador,Motorista,55,95058550222
Luana Mendes Nascimento,luana.mendes.nascimento.19082@example.com,Londrina,Coordenador de marketing,49,51112068209
Renata Moreira Freitas,renata.moreira.freitas.19083@example.com,Maringá,Coordenador administrativo,31,26332114602
Sandra Freitas Souza,sandra.freitas.souza.19084@example.com,Niterói,Supervisor de manutenção,66,48257654164
Mariana Ribeiro Santos,mariana.ribeiro.santos.19085@example.com,Manaus,Professor,44,84999184542
Rafael Castro Rocha,rafael.castro.rocha.19086@example.com,Sorocaba,Assistente administrativo,70,45811567369
Rafael Barros Barros,rafael.barros.barros.19087@example.com,Goiânia,Engenheiro civil,60,49431292051
Gustavo Cardoso Mendes,gustavo.cardoso.mendes.19088@example.com,Belém,Farmacêutico,65,08436144367
Diego Monteiro Barbosa,diego.monteiro.barbosa.19089@example.com,Maringá,Supervisor de manutenção,67,46044817970
Vitória Silva Freitas,vitoria.silva.freitas.19090@example.com,Santos,Vendedor,30,04371609718
Rafael Alves Santos,rafael.alves.santos.19091@example.com,Cuiabá,Eletricista,56,00855506607
Ricardo Alves Almeida,ricardo.alves.almeida.19092@example.com,Rio de Janeiro,Técnico de enfermagem,29,66577509655
Simone Silva Rocha,simone.silva.rocha.19093@example.com,Fortaleza,Técnico em informática,60,80974583778
Eduardo Fernandes Oliveira,eduardo.fernandes.oliveira.19094@example.com,Manaus,Atendente,21,78762741181
Pedro Castro Barros,pedro.castro.barros.19095@example.com,Florianópolis,Vendedor,28,48514154083
Nicolas Rodrigues Castro,nicolas.rodrigues.castro.19096@example.com,São Paulo,Cozinheiro,25,25906480683
Simone Moreira Martins,simone.moreira.martins.19097@example.com,Fortaleza,Analista de dados,62,99095747045
João Lima Dias,joao.lima.dias.19098@example.com,São Paulo,Gerente de recursos humanos,57,54157362032
Débora Almeida Cardoso,debora.almeida.cardoso.19099@example.com,Manaus,Farmacêutico,52,91345828444
Nicolas Carvalho Almeida,nicolas.carvalho.almeida.19100@example.com,Fortaleza,Gerente comercial,51,61974503772
Paulo Almeida Santos,paulo.almeida.santos.19101@example.com,Dourados,Técnico em informática,20,66318795890
Tatiane Oliveira Lima,tatiane.oliveira.lima.19102@example.com,Manaus,Vendedor,38,78238948742
Gabriel Monteiro Dias,gabriel.monteiro.dias.19103@example.com,Joinville,Supervisor de qualidade,46,78612410003
José Almeida Carvalho,jose.almeida.carvalho.19104@example.com,Brasília,Coordenador de logística,42,50412478330
Renata Gomes Mendes,renata.gomes.mendes.19105@example.com,Recife,Arquiteto,48,67903149788
Felipe Silva Alves,felipe.silva.alves.19106@example.com,Uberlândia,Advogado,58,43447282831
Aline Costa Martins,aline.costa.martins.19107@example.com,Salvador,Gerente de operações,40,57962555914
Gabriela Alves Oliveira,gabriela.alves.oliveira.19108@example.com,Porto Alegre,Eletricista,51,03313273778
Beatriz Fernandes Nascimento,beatriz.fernandes.nascimento.19109@example.com,Belém,Professor,57,54866694679
Mariana Alves Fernandes,mariana.alves.fernandes.19110@example.com,Campo Grande,Auxiliar de produção,44,73255109385
Carlos Nascimento Martins,carlos.nascimento.martins.19111@example.com,Belo Horizonte,Eletricista,46,93473203549
Gabriel Mendes Rodrigues,gabriel.mendes.rodrigues.19112@example.com,Maringá,Supervisor de vendas,22,58855221329
Vitória Alves Nascimento,vitoria.alves.nascimento.19113@example.com,Sorocaba,Chefe de compras,58,32225910550
Lucas Silva Rodrigues,lucas.silva.rodrigues.19114@example.com,Rondonópolis,Advogado,31,37957269813
Vanessa Mendes Moreira,vanessa.mendes.moreira.19115@example.com,Goiânia,Supervisor de manutenção,31,71592059297
Pedro Barros Fernandes,pedro.barros.fernandes.19116@example.com,Recife,Mecânico,70,49897666691
Paulo Barros Barros,paulo.barros.barros.19117@example.com,Uberlândia,Gerente de recursos humanos,25,89088356040
Vitória Silva Costa,vitoria.silva.costa.19118@example.com,Santos,Advogado,60,04803776422
Larissa Dias Araújo,larissa.dias.araujo.19119@example.com,Caxias do Sul,Supervisor de manutenção,60,96464959913
Priscila Fernandes Monteiro,priscila.fernandes.monteiro.19120@example.com,Florianópolis,Líder de equipe,49,68048768767
Renata Rodrigues Moreira,renata.rodrigues.moreira.19121@example.com,Florianópolis,Fisioterapeuta,47,78640847575
Paulo Barros Barbosa,paulo.barros.barbosa.19122@example.com,Maringá,Atendente,33,23019329402
Luana Mendes Ribeiro,luana.mendes.ribeiro.19123@example.com,Brasília,Pedreiro,56,85539602873
Aline Rodrigues Alves,aline.rodrigues.alves.19124@example.com,Cuiabá,Diretor comercial,18,79655494738
Diego Cardoso Rodrigues,diego.cardoso.rodrigues.19125@example.com,Niterói,Supervisor de manutenção,42,17725597523
Letícia Cardoso Dias,leticia.cardoso.dias.19126@example.com,Salvador,Enfermeiro,22,52704215705
Juliana Dias Silva,juliana.dias.silva.19127@example.com,Belo Horizonte,Coordenador de logística,19,85406329547
Vitória Freitas Mendes,vitoria.freitas.mendes.19128@example.com,Rondonópolis,Coordenador de marketing,67,87517457373
Leonardo Lima Alves,leonardo.lima.alves.19129@example.com,Rio de Janeiro,Mecânico,67,65357288171
Gabriela Barbosa Cardoso,gabriela.barbosa.cardoso.19130@example.com,Santos,Enfermeiro,51,70320054356
Lucas Silva Nascimento,lucas.silva.nascimento.19131@example.com,Natal,Auxiliar de produção,53,31962664893
Vanessa Gomes Barbosa,vanessa.gomes.barbosa.19132@example.com,Belém,Atendente,34,10853693201
Lucas Teixeira Fernandes,lucas.teixeira.fernandes.19133@example.com,Manaus,Arquiteto,61,07981948685
Simone Freitas Fernandes,simone.freitas.fernandes.19134@example.com,Curitiba,Vendedor,61,41202509318
Carlos Alves Gomes,carlos.alves.gomes.19135@example.com,Florianópolis,Enfermeiro,62,58779994718
Fernanda Martins Alves,fernanda.martins.alves.19136@example.com,Florianópolis,Analista de marketing,43,30349888462
Sandra Monteiro Rocha,sandra.monteiro.rocha.19137@example.com,Manaus,Gerente de recursos humanos,45,94703764723
Vinícius Oliveira Martins,vinicius.oliveira.martins.19138@example.com,Porto Alegre,Diretor comercial,69,31120586512
Simone Castro Souza,simone.castro.souza.19139@example.com,Fortaleza,Gerente de tecnologia,60,58181441850
Vitória Monteiro Cardoso,vitoria.monteiro.cardoso.19140@example.com,Uberlândia,Supervisor de vendas,52,53126354671
Aline Gomes Rodrigues,aline.gomes.rodrigues.19141@example.com,Belém,Técnico em informática,67,00236500433
Eduardo Moreira Barros,eduardo.moreira.barros.19142@example.com,Dourados,Diretor de operações,65,30366420379
Carolina Freitas Fernandes,carolina.freitas.fernandes.19143@example.com,Curitiba,Analista de dados,62,41103189335
Luana Araújo Gomes,luana.araujo.gomes.19144@example.com,Florianópolis,Diretor de operações,47,54426436524
Henrique Almeida Mendes,henrique.almeida.mendes.19145@example.com,Caxias do Sul,Assistente comercial,56,80650181312
Felipe Silva Castro,felipe.silva.castro.19146@example.com,Fortaleza,Jornalista,23,07031875389
Vanessa Lima Mendes,vanessa.lima.mendes.19147@example.com,Rio de Janeiro,Gerente de operações,42,83036896729
Nicolas Nascimento Gomes,nicolas.nascimento.gomes.19148@example.com,Cuiabá,Designer gráfico,48,52928057607
Tatiane Teixeira Barbosa,tatiane.teixeira.barbosa.19149@example.com,Natal,Atendente,43,72124713606
Gabriela Alves Lima,gabriela.alves.lima.19150@example.com,Rio de Janeiro,Encarregado de produção,46,42617518763
Luana Souza Ribeiro,luana.souza.ribeiro.19151@example.com,Manaus,Técnico de segurança do trabalho,18,93693045750
Nicolas Freitas Gomes,nicolas.freitas.gomes.19152@example.com,Caxias do Sul,Motorista,60,50392451481
Leonardo Dias Ribeiro,leonardo.dias.ribeiro.19153@example.com,Santos,Professor,69,07663638998
Ana Rocha Dias,ana.rocha.dias.19154@example.com,Uberlândia,Nutricionista,33,46358767912
Camila Costa Castro,camila.costa.castro.19155@example.com,Maringá,Líder de equipe,54,33921986114
Leonardo Alves Santos,leonardo.alves.santos.19156@example.com,Niterói,Técnico em informática,32,37450875423
Patrícia Silva Monteiro,patricia.silva.monteiro.19157@example.com,Goiânia,Supervisor de atendimento,41,30909657002
Felipe Fernandes Gomes,felipe.fernandes.gomes.19158@example.com,Rio de Janeiro,Chefe de departamento pessoal,25,04995567523
Aline Alves Oliveira,aline.alves.oliveira.19159@example.com,Brasília,Supervisor de manutenção,43,03592605063
Tatiane Souza Lima,tatiane.souza.lima.19160@example.com,Belo Horizonte,Auxiliar de produção,46,63056296326
Carolina Gomes Alves,carolina.gomes.alves.19161@example.com,Niterói,Designer gráfico,22,22583357386
Daniela Dias Martins,daniela.dias.martins.19162@example.com,Niterói,Líder de equipe,66,76889367394
Vitória Barros Teixeira,vitoria.barros.teixeira.19163@example.com,Curitiba,Diretor comercial,69,71761388706
Sérgio Almeida Lima,sergio.almeida.lima.19164@example.com,Sorocaba,Fisioterapeuta,35,62852105791
Felipe Ribeiro Nascimento,felipe.ribeiro.nascimento.19165@example.com,Santos,Farmacêutico,41,24528785687
Priscila Cardoso Pereira,priscila.cardoso.pereira.19166@example.com,Recife,Operador de caixa,59,41715349031
Mariana Barros Castro,mariana.barros.castro.19167@example.com,Florianópolis,Assistente administrativo,25,84110140487
Sérgio Alves Barbosa,sergio.alves.barbosa.19168@example.com,Joinville,Analista de recursos humanos,67,84462887226
Gustavo Rocha Mendes,gustavo.rocha.mendes.19169@example.com,Vitória,Chefe de departamento pessoal,18,35314452660
Gustavo Rocha Silva,gustavo.rocha.silva.19170@example.com,Santos,Técnico em informática,50,88899128388
Sandra Almeida Nascimento,sandra.almeida.nascimento.19171@example.com,São Paulo,Supervisor de manutenção,63,37870286662
Camila Cardoso Moreira,camila.cardoso.moreira.19172@example.com,Porto Alegre,Diretor de operações,48,20891996510
Bruno Lima Moreira,bruno.lima.moreira.19173@example.com,Manaus,Gerente de recursos humanos,44,97289204746
Carolina Castro Fernandes,carolina.castro.fernandes.19174@example.com,Salvador,Diretor de operações,38,46374623610
Mariana Lima Silva,mariana.lima.silva.19175@example.com,São Paulo,Fisioterapeuta,46,58120014849
Lucas Souza Fernandes,lucas.souza.fernandes.19176@example.com,Rio de Janeiro,Designer gráfico,70,99282662525
Patrícia Castro Pereira,patricia.castro.pereira.19177@example.com,Cuiabá,Professor,65,52505587711
Gabriela Mendes Monteiro,gabriela.mendes.monteiro.19178@example.com,Santos,Supervisor de atendimento,49,55249831018
Ana Rodrigues Silva,ana.rodrigues.silva.19179@example.com,Campinas,Líder de equipe,45,47309650756
Gabriela Carvalho Souza,gabriela.carvalho.souza.19180@example.com,Santos,Estoquista,54,25701319362
Priscila Freitas Barbosa,priscila.freitas.barbosa.19181@example.com,São Paulo,Analista de recursos humanos,66,48766284301
Pedro Pereira Araújo,pedro.pereira.araujo.19182@example.com,Sorocaba,Analista de marketing,29,73404878238
Rafael Rodrigues Rodrigues,rafael.rodrigues.rodrigues.19183@example.com,Belém,Professor,32,43449967993
Ana Castro Monteiro,ana.castro.monteiro.19184@example.com,Natal,Supervisor de atendimento,52,77730513129
Camila Monteiro Lima,camila.monteiro.lima.19185@example.com,Curitiba,Motorista,41,41515023880
Amanda Rocha Souza,amanda.rocha.souza.19186@example.com,Joinville,Operador de caixa,70,67592815157
Fernanda Monteiro Barros,fernanda.monteiro.barros.19187@example.com,Curitiba,Cozinheiro,38,14683985958
Fernanda Dias Teixeira,fernanda.dias.teixeira.19188@example.com,Caxias do Sul,Motorista,28,67715333430
Sandra Gomes Castro,sandra.gomes.castro.19189@example.com,Cuiabá,Pedreiro,24,66506037211
Sérgio Almeida Nascimento,sergio.almeida.nascimento.19190@example.com,Brasília,Advogado,57,94238721455
Igor Alves Dias,igor.alves.dias.19191@example.com,Sorocaba,Líder de equipe,52,81212823887
Gustavo Almeida Monteiro,gustavo.almeida.monteiro.19192@example.com,Belo Horizonte,Padeiro,67,37452456338
Vanessa Monteiro Castro,vanessa.monteiro.castro.19193@example.com,Sorocaba,Coordenador de marketing,34,28110422857
Pedro Nascimento Almeida,pedro.nascimento.almeida.19194@example.com,Caxias do Sul,Coordenador de produção,41,00129868023
Paulo Gomes Dias,paulo.gomes.dias.19195@example.com,Brasília,Pedreiro,39,14980304558
Simone Cardoso Araújo,simone.cardoso.araujo.19196@example.com,Rio de Janeiro,Analista financeiro,62,29372459826
Patrícia Alves Oliveira,patricia.alves.oliveira.19197@example.com,Rio de Janeiro,Pedreiro,36,21402620249
Ana Martins Martins,ana.martins.martins.19198@example.com,Fortaleza,Analista de recursos humanos,37,37799416128
Débora Nascimento Oliveira,debora.nascimento.oliveira.19199@example.com,Niterói,Encarregado de produção,20,96871233591
João Santos Barbosa,joao.santos.barbosa.19200@example.com,Londrina,Gerente comercial,62,01428474095
Tatiane Monteiro Lima,tatiane.monteiro.lima.19201@example.com,Campo Grande,Gerente de recursos humanos,70,07279234119
Ricardo Souza Dias,ricardo.souza.dias.19202@example.com,Salvador,Analista de dados,67,61013450757
José Santos Rodrigues,jose.santos.rodrigues.19203@example.com,Goiânia,Técnico de segurança do trabalho,29,72853231963
Letícia Silva Araújo,leticia.silva.araujo.19204@example.com,Curitiba,Cozinheiro,26,71304023782
Gustavo Moreira Rodrigues,gustavo.moreira.rodrigues.19205@example.com,Niterói,Supervisor de qualidade,28,72633871341
Marcelo Fernandes Teixeira,marcelo.fernandes.teixeira.19206@example.com,Florianópolis,Recepcionista,69,80519179729
Beatriz Teixeira Ribeiro,beatriz.teixeira.ribeiro.19207@example.com,Caxias do Sul,Enfermeiro,61,33704028030
Simone Almeida Cardoso,simone.almeida.cardoso.19208@example.com,Belém,Vendedor,32,56618797383
Simone Teixeira Souza,simone.teixeira.souza.19209@example.com,Belém,Arquiteto,64,89743232349
Patrícia Rodrigues Moreira,patricia.rodrigues.moreira.19210@example.com,Cuiabá,Diretor comercial,56,50175347130
Felipe Lima Dias,felipe.lima.dias.19211@example.com,Maringá,Analista de dados,34,21097084567
Luana Mendes Pereira,luana.mendes.pereira.19212@example.com,Rondonópolis,Engenheiro civil,23,92176609168
Débora Souza Barros,debora.souza.barros.19213@example.com,Porto Alegre,Coordenador de logística,52,13346057937
Ana Alves Rocha,ana.alves.rocha.19214@example.com,Uberlândia,Coordenador de marketing,57,30403591434
José Teixeira Silva,jose.teixeira.silva.19215@example.com,Belém,Estoquista,56,84792293196
Sandra Moreira Silva,sandra.moreira.silva.19216@example.com,Recife,Técnico em informática,39,91459520703
Gustavo Pereira Rodrigues,gustavo.pereira.rodrigues.19217@example.com,Santos,Gerente financeiro,52,07936400429
Débora Moreira Souza,debora.moreira.souza.19218@example.com,Caxias do Sul,Líder de equipe,37,15574916061
Gabriela Costa Rodrigues,gabriela.costa.rodrigues.19219@example.com,Campo Grande,Analista financeiro,53,44421083960
Priscila Cardoso Mendes,priscila.cardoso.mendes.19220@example.com,Recife,Nutricionista,58,38043615715
Vinícius Teixeira Rocha,vinicius.teixeira.rocha.19221@example.com,São Paulo,Contador,24,36355023651
Camila Alves Rocha,camila.alves.rocha.19222@example.com,Belém,Coordenador de produção,18,72399312071
Camila Carvalho Barbosa,camila.carvalho.barbosa.19223@example.com,Manaus,Supervisor de atendimento,32,62989573582
Eduardo Gomes Almeida,eduardo.gomes.almeida.19224@example.com,Belém,Técnico de segurança do trabalho,57,36187638459
Felipe Araújo Costa,felipe.araujo.costa.19225@example.com,Manaus,Enfermeiro,65,15658299296
Vitória Pereira Castro,vitoria.pereira.castro.19226@example.com,Sorocaba,Gerente comercial,20,62630373915
Juliana Nascimento Barbosa,juliana.nascimento.barbosa.19227@example.com,Salvador,Pedreiro,43,46341684176
Henrique Lima Teixeira,henrique.lima.teixeira.19228@example.com,Curitiba,Vendedor,29,05480957076
Thiago Cardoso Nascimento,thiago.cardoso.nascimento.19229@example.com,Florianópolis,Advogado,60,67505046349
Aline Alves Carvalho,aline.alves.carvalho.19230@example.com,Niterói,Coordenador de marketing,29,19992341495
Vinícius Barros Mendes,vinicius.barros.mendes.19231@example.com,Recife,Jornalista,35,59917920309
Rafael Cardoso Pereira,rafael.cardoso.pereira.19232@example.com,Campinas,Engenheiro civil,33,64405373275
Henrique Dias Moreira,henrique.dias.moreira.19233@example.com,Londrina,Gerente de operações,53,53549422110
Bruno Rodrigues Gomes,bruno.rodrigues.gomes.19234@example.com,Curitiba,Cozinheiro,32,82631378167
Ana Barbosa Almeida,ana.barbosa.almeida.19235@example.com,Florianópolis,Mecânico,31,26379170121
Gustavo Mendes Moreira,gustavo.mendes.moreira.19236@example.com,Florianópolis,Advogado,68,73722867348
Ricardo Oliveira Monteiro,ricardo.oliveira.monteiro.19237@example.com,Belo Horizonte,Supervisor de qualidade,18,30764456262
João Carvalho Cardoso,joao.carvalho.cardoso.19238@example.com,Joinville,Supervisor de manutenção,41,93842436343
Leonardo Teixeira Freitas,leonardo.teixeira.freitas.19239@example.com,Curitiba,Contador,43,05834622617
Felipe Nascimento Pereira,felipe.nascimento.pereira.19240@example.com,Sorocaba,Pedreiro,61,95848396922
José Souza Silva,jose.souza.silva.19241@example.com,Porto Alegre,Coordenador de produção,23,34207288876
Luana Lima Santos,luana.lima.santos.19242@example.com,Belo Horizonte,Motorista,55,14458531220
Ana Ribeiro Pereira,ana.ribeiro.pereira.19243@example.com,Salvador,Eletricista,37,24972954384
Pedro Almeida Teixeira,pedro.almeida.teixeira.19244@example.com,Niterói,Arquiteto,41,42901502391
Carolina Moreira Alves,carolina.moreira.alves.19245@example.com,Belo Horizonte,Corretor de imóveis,41,07251667470
Marcelo Silva Mendes,marcelo.silva.mendes.19246@example.com,Manaus,Analista de dados,20,22705410951
Paulo Freitas Silva,paulo.freitas.silva.19247@example.com,Cuiabá,Engenheiro civil,34,17135640037
Fernanda Moreira Gomes,fernanda.moreira.gomes.19248@example.com,Joinville,Coordenador de marketing,48,47338400792
Bruno Barros Barbosa,bruno.barros.barbosa.19249@example.com,São Paulo,Eletricista,64,13673208727
Camila Gomes Mendes,camila.gomes.mendes.19250@example.com,São Paulo,Gerente financeiro,65,84704665948
Letícia Pereira Monteiro,leticia.pereira.monteiro.19251@example.com,Rio de Janeiro,Programador,34,46886334774
Paulo Gomes Castro,paulo.gomes.castro.19252@example.com,Uberlândia,Jornalista,46,44829013251
Fernanda Oliveira Costa,fernanda.oliveira.costa.19253@example.com,Vitória,Coordenador de produção,24,68955429420
Nicolas Almeida Araújo,nicolas.almeida.araujo.19254@example.com,Maringá,Líder de equipe,52,31217460701
Tatiane Freitas Silva,tatiane.freitas.silva.19255@example.com,Uberlândia,Contador,65,26157122879
Vitória Costa Souza,vitoria.costa.souza.19256@example.com,Campinas,Coordenador administrativo,29,74797350201
João Costa Ribeiro,joao.costa.ribeiro.19257@example.com,Sorocaba,Farmacêutico,33,17076261941
Leonardo Dias Pereira,leonardo.dias.pereira.19258@example.com,Fortaleza,Líder de equipe,63,46207143229
Eduardo Teixeira Araújo,eduardo.teixeira.araujo.19259@example.com,Joinville,Motorista,63,57997808829
Marcelo Nascimento Teixeira,marcelo.nascimento.teixeira.19260@example.com,Maringá,Jornalista,37,73624361376
Débora Barros Araújo,debora.barros.araujo.19261@example.com,Porto Alegre,Farmacêutico,53,29009148661
Larissa Alves Moreira,larissa.alves.moreira.19262@example.com,Natal,Eletricista,57,29706936229
Larissa Ribeiro Barbosa,larissa.ribeiro.barbosa.19263@example.com,Vitória,Analista de marketing,19,16888110723
Gabriel Alves Gomes,gabriel.alves.gomes.19264@example.com,Campinas,Técnico de enfermagem,20,42193356826
Camila Ribeiro Teixeira,camila.ribeiro.teixeira.19265@example.com,Rondonópolis,Vendedor,38,45034363428
Bruno Rocha Moreira,bruno.rocha.moreira.19266@example.com,Rondonópolis,Técnico de segurança do trabalho,44,13652669022
Gabriela Mendes Castro,gabriela.mendes.castro.19267@example.com,Belo Horizonte,Atendente,37,63995862324
Diego Pereira Rocha,diego.pereira.rocha.19268@example.com,Maringá,Enfermeiro,57,16784597001
Henrique Araújo Monteiro,henrique.araujo.monteiro.19269@example.com,Santos,Chefe de almoxarifado,60,98442862872
Gabriel Silva Carvalho,gabriel.silva.carvalho.19270@example.com,Manaus,Cozinheiro,59,01151506689
Tatiane Moreira Teixeira,tatiane.moreira.teixeira.19271@example.com,Brasília,Corretor de imóveis,58,10211114126
Gustavo Barbosa Freitas,gustavo.barbosa.freitas.19272@example.com,Campinas,Chefe de departamento pessoal,25,93288292649
Leonardo Silva Araújo,leonardo.silva.araujo.19273@example.com,Fortaleza,Gerente de tecnologia,21,57485622905
Vitória Rocha Lima,vitoria.rocha.lima.19274@example.com,Goiânia,Professor,51,35054296192
Letícia Barbosa Cardoso,leticia.barbosa.cardoso.19275@example.com,Brasília,Analista financeiro,21,57970011146
Sérgio Barros Moreira,sergio.barros.moreira.19276@example.com,Caxias do Sul,Professor,47,60347987359
Tatiane Ribeiro Souza,tatiane.ribeiro.souza.19277@example.com,Belém,Diretor de operações,42,55220564734
Vitória Carvalho Oliveira,vitoria.carvalho.oliveira.19278@example.com,Rondonópolis,Diretor de operações,53,99027073828
José Nascimento Lima,jose.nascimento.lima.19279@example.com,Curitiba,Gerente financeiro,20,48047791246
Leonardo Martins Lima,leonardo.martins.lima.19280@example.com,Rio de Janeiro,Encarregado de produção,41,16707944739
Aline Martins Rocha,aline.martins.rocha.19281@example.com,Rio de Janeiro,Supervisor de qualidade,42,16799243211
Débora Moreira Pereira,debora.moreira.pereira.19282@example.com,Rondonópolis,Designer gráfico,63,46234358190
Patrícia Barbosa Santos,patricia.barbosa.santos.19283@example.com,Manaus,Técnico em informática,39,35613254392
José Monteiro Santos,jose.monteiro.santos.19284@example.com,Maringá,Advogado,62,60811817423
Larissa Teixeira Souza,larissa.teixeira.souza.19285@example.com,Curitiba,Cozinheiro,37,12974044233
Camila Carvalho Alves,camila.carvalho.alves.19286@example.com,Rio de Janeiro,Técnico em informática,47,65981528604
Ana Ribeiro Freitas,ana.ribeiro.freitas.19287@example.com,Dourados,Padeiro,19,10172922097
Tatiane Rodrigues Mendes,tatiane.rodrigues.mendes.19288@example.com,Salvador,Técnico em informática,62,21684416760
Aline Carvalho Almeida,aline.carvalho.almeida.19289@example.com,Recife,Mecânico,61,48404370325
Marcelo Fernandes Silva,marcelo.fernandes.silva.19290@example.com,Salvador,Designer gráfico,56,69846360974
Diego Barros Moreira,diego.barros.moreira.19291@example.com,Cuiabá,Técnico em informática,22,44591530917
Daniela Silva Freitas,daniela.silva.freitas.19292@example.com,Vitória,Líder de equipe,69,27326734783
Vanessa Gomes Dias,vanessa.gomes.dias.19293@example.com,Manaus,Recepcionista,69,75594238313
Bruno Pereira Teixeira,bruno.pereira.teixeira.19294@example.com,Porto Alegre,Supervisor de manutenção,29,72119697283
Vinícius Castro Souza,vinicius.castro.souza.19295@example.com,Caxias do Sul,Técnico em informática,48,46454839045
Carolina Monteiro Costa,carolina.monteiro.costa.19296@example.com,Natal,Vendedor,19,72439506477
João Alves Pereira,joao.alves.pereira.19297@example.com,Santos,Assistente comercial,57,96891921864
Renata Castro Teixeira,renata.castro.teixeira.19298@example.com,Vitória,Mecânico,56,50293083038
Gabriela Alves Castro,gabriela.alves.castro.19299@example.com,Manaus,Técnico de enfermagem,59,62476739610
Sandra Cardoso Pereira,sandra.cardoso.pereira.19300@example.com,Santos,Contador,30,25408867061
Eduardo Pereira Araújo,eduardo.pereira.araujo.19301@example.com,Natal,Analista de dados,54,94831107892
Carolina Araújo Freitas,carolina.araujo.freitas.19302@example.com,Salvador,Fisioterapeuta,40,04115365831
Simone Ribeiro Moreira,simone.ribeiro.moreira.19303@example.com,Cuiabá,Jornalista,59,67435661252
Gustavo Dias Teixeira,gustavo.dias.teixeira.19304@example.com,Brasília,Vendedor,60,76941966011
Leonardo Ribeiro Oliveira,leonardo.ribeiro.oliveira.19305@example.com,Brasília,Supervisor de manutenção,52,97356619197
José Carvalho Dias,jose.carvalho.dias.19306@example.com,Salvador,Coordenador de logística,23,42724669006
Thiago Almeida Araújo,thiago.almeida.araujo.19307@example.com,Fortaleza,Diretor de operações,70,84776508962
Larissa Santos Santos,larissa.santos.santos.19308@example.com,Rio de Janeiro,Nutricionista,42,91072513713
Fernanda Castro Araújo,fernanda.castro.araujo.19309@example.com,Rondonópolis,Coordenador de logística,41,82978599076
Priscila Ribeiro Carvalho,priscila.ribeiro.carvalho.19310@example.com,Campinas,Gerente de recursos humanos,30,36665247680
Ana Almeida Costa,ana.almeida.costa.19311@example.com,Cuiabá,Estoquista,50,14462304635
Tatiane Costa Freitas,tatiane.costa.freitas.19312@example.com,Porto Alegre,Coordenador de marketing,24,94024373815
Rafael Ribeiro Pereira,rafael.ribeiro.pereira.19313@example.com,Belém,Encarregado de produção,28,84263505765
Beatriz Cardoso Dias,beatriz.cardoso.dias.19314@example.com,Campo Grande,Farmacêutico,29,92844047672
Felipe Araújo Pereira,felipe.araujo.pereira.19315@example.com,Santos,Analista de dados,44,87970266370
Daniela Fernandes Almeida,daniela.fernandes.almeida.19316@example.com,Londrina,Vendedor,39,55613645926
Leonardo Dias Pereira,leonardo.dias.pereira.19317@example.com,Cuiabá,Assistente comercial,65,19230556702
Débora Freitas Dias,debora.freitas.dias.19318@example.com,Joinville,Assistente administrativo,19,01358660301
João Santos Pereira,joao.santos.pereira.19319@example.com,Manaus,Nutricionista,43,03338900706
Marcelo Souza Barros,marcelo.souza.barros.19320@example.com,Belo Horizonte,Supervisor de qualidade,18,89828749382
Pedro Santos Cardoso,pedro.santos.cardoso.19321@example.com,Florianópolis,Supervisor de manutenção,59,34837458882
Nicolas Pereira Castro,nicolas.pereira.castro.19322@example.com,Recife,Comprador,47,15446834528
Daniela Moreira Dias,daniela.moreira.dias.19323@example.com,Uberlândia,Enfermeiro,55,54237266843
Thiago Fernandes Martins,thiago.fernandes.martins.19324@example.com,Rondonópolis,Gerente de tecnologia,20,39016190749
Leonardo Barbosa Alves,leonardo.barbosa.alves.19325@example.com,Maringá,Supervisor de qualidade,34,67541330530
Vanessa Rodrigues Cardoso,vanessa.rodrigues.cardoso.19326@example.com,Belo Horizonte,Chefe de almoxarifado,67,30223230962
Mariana Nascimento Fernandes,mariana.nascimento.fernandes.19327@example.com,Londrina,Professor,27,92501822093
Sandra Rodrigues Santos,sandra.rodrigues.santos.19328@example.com,Rondonópolis,Analista de marketing,52,78729904923
Carlos Araújo Dias,carlos.araujo.dias.19329@example.com,Fortaleza,Cozinheiro,19,73096596230
Débora Dias Teixeira,debora.dias.teixeira.19330@example.com,Joinville,Coordenador de marketing,18,59899506765
Ricardo Dias Dias,ricardo.dias.dias.19331@example.com,Londrina,Advogado,25,36920899414
Patrícia Mendes Moreira,patricia.mendes.moreira.19332@example.com,Joinville,Analista financeiro,23,80944033953
Thiago Carvalho Costa,thiago.carvalho.costa.19333@example.com,Salvador,Técnico em informática,42,75058766745
Nicolas Freitas Moreira,nicolas.freitas.moreira.19334@example.com,Campinas,Supervisor de qualidade,37,51219412104
Diego Carvalho Cardoso,diego.carvalho.cardoso.19335@example.com,Campo Grande,Pedreiro,54,85999469914
Beatriz Ribeiro Castro,beatriz.ribeiro.castro.19336@example.com,Salvador,Farmacêutico,65,15045496822
Juliana Teixeira Fernandes,juliana.teixeira.fernandes.19337@example.com,Joinville,Coordenador administrativo,42,45198772064
Gabriela Souza Dias,gabriela.souza.dias.19338@example.com,Niterói,Gerente comercial,48,42645667070
Felipe Barros Alves,felipe.barros.alves.19339@example.com,Caxias do Sul,Líder de equipe,36,12671697326
Sandra Cardoso Freitas,sandra.cardoso.freitas.19340@example.com,Rio de Janeiro,Analista de dados,70,34887283082
Pedro Nascimento Monteiro,pedro.nascimento.monteiro.19341@example.com,Campo Grande,Encarregado de produção,31,48160546637
Carolina Santos Silva,carolina.santos.silva.19342@example.com,Belo Horizonte,Diretor de operações,43,59837837198
Leonardo Barbosa Mendes,leonardo.barbosa.mendes.19343@example.com,Recife,Cozinheiro,58,65808705980
Lucas Cardoso Cardoso,lucas.cardoso.cardoso.19344@example.com,Rio de Janeiro,Cozinheiro,25,85798415485
João Almeida Alves,joao.almeida.alves.19345@example.com,Santos,Comprador,61,96665102765
Igor Freitas Almeida,igor.freitas.almeida.19346@example.com,Rondonópolis,Pedreiro,54,10255636812
José Carvalho Carvalho,jose.carvalho.carvalho.19347@example.com,Campinas,Analista de recursos humanos,64,62998965164
João Souza Freitas,joao.souza.freitas.19348@example.com,Uberlândia,Diretor comercial,48,54274888052
Larissa Nascimento Souza,larissa.nascimento.souza.19349@example.com,Caxias do Sul,Coordenador de produção,25,91942862289
Nicolas Rocha Alves,nicolas.rocha.alves.19350@example.com,São Paulo,Jornalista,43,33035041868
Eduardo Almeida Araújo,eduardo.almeida.araujo.19351@example.com,Rondonópolis,Assistente administrativo,53,16825613405
Bruno Martins Nascimento,bruno.martins.nascimento.19352@example.com,Joinville,Arquiteto,42,40703321746
Thiago Nascimento Barros,thiago.nascimento.barros.19353@example.com,Cuiabá,Diretor de operações,59,18758985020
Lucas Araújo Rodrigues,lucas.araujo.rodrigues.19354@example.com,Cuiabá,Pedreiro,20,56904423430
Patrícia Souza Moreira,patricia.souza.moreira.19355@example.com,Natal,Coordenador de marketing,48,27003521919
Nicolas Ribeiro Martins,nicolas.ribeiro.martins.19356@example.com,Cuiabá,Chefe de compras,65,92550325663
Leonardo Carvalho Nascimento,leonardo.carvalho.nascimento.19357@example.com,Belém,Programador,48,47982064369
Bruno Nascimento Moreira,bruno.nascimento.moreira.19358@example.com,Santos,Coordenador de marketing,41,03917260271
Vinícius Pereira Teixeira,vinicius.pereira.teixeira.19359@example.com,Uberlândia,Chefe de departamento pessoal,24,76912773981
Luana Santos Rocha,luana.santos.rocha.19360@example.com,Curitiba,Engenheiro civil,40,79394421187
Carolina Araújo Monteiro,carolina.araujo.monteiro.19361@example.com,Recife,Comprador,35,94223950713
Gustavo Carvalho Lima,gustavo.carvalho.lima.19362@example.com,Cuiabá,Atendente,45,34045064059
Sérgio Nascimento Barros,sergio.nascimento.barros.19363@example.com,Caxias do Sul,Supervisor de atendimento,51,65133699044
Marcelo Alves Pereira,marcelo.alves.pereira.19364@example.com,Natal,Motorista,45,42023676601
Henrique Freitas Mendes,henrique.freitas.mendes.19365@example.com,Londrina,Recepcionista,37,58392457830
Eduardo Moreira Rodrigues,eduardo.moreira.rodrigues.19366@example.com,Recife,Jornalista,28,70881363062
Marcelo Monteiro Cardoso,marcelo.monteiro.cardoso.19367@example.com,Natal,Cozinheiro,51,72574372062
Juliana Freitas Oliveira,juliana.freitas.oliveira.19368@example.com,Vitória,Estoquista,43,89531257606
Vanessa Freitas Castro,vanessa.freitas.castro.19369@example.com,Florianópolis,Chefe de almoxarifado,27,73420521559
Amanda Pereira Santos,amanda.pereira.santos.19370@example.com,São Paulo,Engenheiro civil,43,43121274495
Daniela Fernandes Araújo,daniela.fernandes.araujo.19371@example.com,Vitória,Padeiro,42,58190081453
Gabriel Ribeiro Castro,gabriel.ribeiro.castro.19372@example.com,Rondonópolis,Coordenador de produção,19,66542085926
Juliana Souza Lima,juliana.souza.lima.19373@example.com,Uberlândia,Farmacêutico,54,71803762296
Amanda Costa Oliveira,amanda.costa.oliveira.19374@example.com,Rio de Janeiro,Programador,63,46574309067
Thiago Mendes Ribeiro,thiago.mendes.ribeiro.19375@example.com,Brasília,Engenheiro civil,68,93228672575
Mariana Carvalho Monteiro,mariana.carvalho.monteiro.19376@example.com,Recife,Supervisor de qualidade,43,80404448965
Sérgio Moreira Rocha,sergio.moreira.rocha.19377@example.com,Sorocaba,Cozinheiro,25,23119294617
Tatiane Freitas Dias,tatiane.freitas.dias.19378@example.com,Recife,Designer gráfico,39,85025451238
Renata Barros Barbosa,renata.barros.barbosa.19379@example.com,Belo Horizonte,Supervisor de vendas,39,41663009807
Thiago Silva Alves,thiago.silva.alves.19380@example.com,Belém,Corretor de imóveis,47,41871467632
Vinícius Barros Gomes,vinicius.barros.gomes.19381@example.com,Vitória,Chefe de compras,42,12959019718
Eduardo Carvalho Carvalho,eduardo.carvalho.carvalho.19382@example.com,Campo Grande,Corretor de imóveis,59,48610407568
Carolina Oliveira Castro,carolina.oliveira.castro.19383@example.com,Rondonópolis,Eletricista,54,99582546471
Sérgio Oliveira Araújo,sergio.oliveira.araujo.19384@example.com,Belém,Técnico de enfermagem,32,28703916059
Ana Martins Dias,ana.martins.dias.19385@example.com,Fortaleza,Pedreiro,41,80194976199
Camila Ribeiro Almeida,camila.ribeiro.almeida.19386@example.com,Brasília,Gerente financeiro,63,30274544924
Ana Araújo Freitas,ana.araujo.freitas.19387@example.com,Santos,Chefe de compras,64,95166866597
Gustavo Cardoso Barros,gustavo.cardoso.barros.19388@example.com,Rondonópolis,Coordenador de produção,32,01692703853
Vinícius Oliveira Barros,vinicius.oliveira.barros.19389@example.com,Sorocaba,Engenheiro civil,52,96459755208
Bruno Rodrigues Rodrigues,bruno.rodrigues.rodrigues.19390@example.com,Fortaleza,Gerente de recursos humanos,58,38354014751
Bruno Carvalho Castro,bruno.carvalho.castro.19391@example.com,Rondonópolis,Supervisor de manutenção,44,43297830848
Nicolas Lima Dias,nicolas.lima.dias.19392@example.com,Manaus,Arquiteto,29,14536517488
Sérgio Dias Freitas,sergio.dias.freitas.19393@example.com,Florianópolis,Supervisor de manutenção,55,94037370452
Vanessa Moreira Barros,vanessa.moreira.barros.19394@example.com,Manaus,Vendedor,20,50034359356
Gabriel Moreira Teixeira,gabriel.moreira.teixeira.19395@example.com,Curitiba,Diretor comercial,40,13453820885
Paulo Barros Almeida,paulo.barros.almeida.19396@example.com,Caxias do Sul,Jornalista,46,31283062979
Marcelo Rocha Rocha,marcelo.rocha.rocha.19397@example.com,São Paulo,Gerente comercial,27,71633877291
Luana Souza Monteiro,luana.souza.monteiro.19398@example.com,Brasília,Programador,27,75580159558
Otávio Carvalho Araújo,otavio.carvalho.araujo.19399@example.com,Fortaleza,Analista de dados,69,95176601043
Patrícia Silva Araújo,patricia.silva.araujo.19400@example.com,Santos,Arquiteto,19,63305623528
Leonardo Pereira Carvalho,leonardo.pereira.carvalho.19401@example.com,Brasília,Nutricionista,54,03683454620
Otávio Araújo Alves,otavio.araujo.alves.19402@example.com,Rio de Janeiro,Programador,36,22883417004
Marcelo Mendes Moreira,marcelo.mendes.moreira.19403@example.com,Sorocaba,Comprador,36,20768410074
Sandra Santos Araújo,sandra.santos.araujo.19404@example.com,Belo Horizonte,Padeiro,56,45032744942
Camila Gomes Oliveira,camila.gomes.oliveira.19405@example.com,Rondonópolis,Supervisor de atendimento,63,51119005885
Carolina Barbosa Moreira,carolina.barbosa.moreira.19406@example.com,Curitiba,Padeiro,23,34619357981
Leonardo Rodrigues Castro,leonardo.rodrigues.castro.19407@example.com,Campinas,Gerente financeiro,27,75186283352
Vinícius Ribeiro Castro,vinicius.ribeiro.castro.19408@example.com,Londrina,Chefe de departamento pessoal,47,35331598776
Leonardo Lima Carvalho,leonardo.lima.carvalho.19409@example.com,Curitiba,Atendente,31,36390135871
Carlos Carvalho Silva,carlos.carvalho.silva.19410@example.com,Vitória,Coordenador administrativo,44,83607802761
Vitória Costa Carvalho,vitoria.costa.carvalho.19411@example.com,Florianópolis,Engenheiro civil,39,45506110933
Gabriela Lima Santos,gabriela.lima.santos.19412@example.com,Campinas,Enfermeiro,41,78104422301
Gabriel Gomes Lima,gabriel.gomes.lima.19413@example.com,Salvador,Assistente administrativo,49,41590969803
Carolina Araújo Martins,carolina.araujo.martins.19414@example.com,Cuiabá,Designer gráfico,52,06803697277
Priscila Freitas Santos,priscila.freitas.santos.19415@example.com,Vitória,Jornalista,68,10973864838
Renata Lima Barros,renata.lima.barros.19416@example.com,Belém,Auxiliar de produção,23,43100722099
Lucas Castro Pereira,lucas.castro.pereira.19417@example.com,Joinville,Corretor de imóveis,43,16023741409
Lucas Mendes Lima,lucas.mendes.lima.19418@example.com,Belém,Assistente comercial,66,83384636126
Gustavo Lima Souza,gustavo.lima.souza.19419@example.com,Brasília,Engenheiro civil,70,88795920433
Carolina Dias Carvalho,carolina.dias.carvalho.19420@example.com,Belo Horizonte,Chefe de compras,28,88792777252
Ricardo Souza Gomes,ricardo.souza.gomes.19421@example.com,Londrina,Coordenador administrativo,51,91209093790
Diego Araújo Fernandes,diego.araujo.fernandes.19422@example.com,Vitória,Atendente,63,62678451140
Paulo Carvalho Teixeira,paulo.carvalho.teixeira.19423@example.com,São Paulo,Diretor de operações,19,61848552531
Letícia Barros Souza,leticia.barros.souza.19424@example.com,Porto Alegre,Técnico em informática,57,04740932632
Débora Cardoso Fernandes,debora.cardoso.fernandes.19425@example.com,Belém,Gerente de tecnologia,42,71297366949
Otávio Costa Ribeiro,otavio.costa.ribeiro.19426@example.com,Sorocaba,Contador,35,29444677381
Gabriela Ribeiro Mendes,gabriela.ribeiro.mendes.19427@example.com,Londrina,Técnico de segurança do trabalho,21,22397252314
Luana Lima Dias,luana.lima.dias.19428@example.com,Cuiabá,Cozinheiro,41,63650577461
Sandra Dias Araújo,sandra.dias.araujo.19429@example.com,Belém,Engenheiro civil,53,63475858336
João Alves Almeida,joao.alves.almeida.19430@example.com,Manaus,Coordenador de produção,23,80345688207
Renata Lima Martins,renata.lima.martins.19431@example.com,Brasília,Advogado,24,99518746779
Felipe Rodrigues Monteiro,felipe.rodrigues.monteiro.19432@example.com,Natal,Analista de marketing,42,54671076515
Juliana Castro Souza,juliana.castro.souza.19433@example.com,Florianópolis,Engenheiro civil,30,49679533130
Vitória Ribeiro Fernandes,vitoria.ribeiro.fernandes.19434@example.com,Rondonópolis,Jornalista,34,18860943223
Aline Barros Castro,aline.barros.castro.19435@example.com,Recife,Pedreiro,55,18690593131
Pedro Gomes Cardoso,pedro.gomes.cardoso.19436@example.com,Sorocaba,Gerente de recursos humanos,60,35496482223
João Monteiro Mendes,joao.monteiro.mendes.19437@example.com,Vitória,Eletricista,23,52452017541
Felipe Teixeira Fernandes,felipe.teixeira.fernandes.19438@example.com,Curitiba,Comprador,19,66457832467
Marcelo Castro Barbosa,marcelo.castro.barbosa.19439@example.com,Florianópolis,Comprador,33,40999982802
Patrícia Oliveira Costa,patricia.oliveira.costa.19440@example.com,Florianópolis,Fisioterapeuta,58,06722648270
Felipe Mendes Carvalho,felipe.mendes.carvalho.19441@example.com,Rio de Janeiro,Enfermeiro,47,29947284985
Henrique Carvalho Rodrigues,henrique.carvalho.rodrigues.19442@example.com,Goiânia,Gerente de tecnologia,69,83723717081
Larissa Nascimento Mendes,larissa.nascimento.mendes.19443@example.com,Santos,Assistente administrativo,67,05918928344
Eduardo Castro Alves,eduardo.castro.alves.19444@example.com,Santos,Estoquista,44,09215067413
Camila Teixeira Nascimento,camila.teixeira.nascimento.19445@example.com,Belo Horizonte,Assistente comercial,33,11502281393
Felipe Teixeira Santos,felipe.teixeira.santos.19446@example.com,Campo Grande,Designer gráfico,66,09485154957
Pedro Silva Mendes,pedro.silva.mendes.19447@example.com,Joinville,Contador,20,14488643571
Priscila Fernandes Castro,priscila.fernandes.castro.19448@example.com,Goiânia,Operador de caixa,43,55648097085
Simone Gomes Rodrigues,simone.gomes.rodrigues.19449@example.com,Florianópolis,Gerente de recursos humanos,46,81664775466
Pedro Monteiro Dias,pedro.monteiro.dias.19450@example.com,Manaus,Assistente administrativo,50,97644538816
Renata Ribeiro Pereira,renata.ribeiro.pereira.19451@example.com,Curitiba,Estoquista,58,69993203464
Luana Silva Costa,luana.silva.costa.19452@example.com,Natal,Supervisor de qualidade,65,94999242780
Juliana Ribeiro Dias,juliana.ribeiro.dias.19453@example.com,Rio de Janeiro,Coordenador administrativo,21,88723371673
Otávio Lima Lima,otavio.lima.lima.19454@example.com,Manaus,Designer gráfico,56,80821285456
Débora Pereira Dias,debora.pereira.dias.19455@example.com,Salvador,Chefe de departamento pessoal,37,37789935757
Luana Almeida Castro,luana.almeida.castro.19456@example.com,Sorocaba,Programador,45,78093100279
Pedro Monteiro Rodrigues,pedro.monteiro.rodrigues.19457@example.com,Rio de Janeiro,Fisioterapeuta,40,33397238890
Aline Fernandes Castro,aline.fernandes.castro.19458@example.com,Florianópolis,Comprador,66,44178385289
Bruno Araújo Gomes,bruno.araujo.gomes.19459@example.com,Curitiba,Analista financeiro,33,94142425955
Aline Costa Castro,aline.costa.castro.19460@example.com,Salvador,Programador,32,34333958205
Paulo Almeida Barros,paulo.almeida.barros.19461@example.com,Rondonópolis,Corretor de imóveis,50,90215465190
Diego Teixeira Monteiro,diego.teixeira.monteiro.19462@example.com,Brasília,Assistente comercial,47,24385066655
Mariana Rodrigues Souza,mariana.rodrigues.souza.19463@example.com,Uberlândia,Analista de dados,50,62205888320
Priscila Nascimento Martins,priscila.nascimento.martins.19464@example.com,Salvador,Encarregado de produção,18,29250468692
Sandra Ribeiro Alves,sandra.ribeiro.alves.19465@example.com,Manaus,Gerente financeiro,59,88515297813
Mariana Oliveira Castro,mariana.oliveira.castro.19466@example.com,Florianópolis,Engenheiro civil,49,43764690415
Sérgio Nascimento Pereira,sergio.nascimento.pereira.19467@example.com,Niterói,Técnico em informática,33,87418663261
Gabriela Cardoso Gomes,gabriela.cardoso.gomes.19468@example.com,Porto Alegre,Auxiliar de produção,48,62189013870
Mariana Rocha Martins,mariana.rocha.martins.19469@example.com,Rio de Janeiro,Assistente comercial,47,63418131858
Simone Barros Castro,simone.barros.castro.19470@example.com,Dourados,Analista de dados,36,23073087534
Leonardo Oliveira Castro,leonardo.oliveira.castro.19471@example.com,Belém,Supervisor de vendas,66,93866329208
Letícia Dias Monteiro,leticia.dias.monteiro.19472@example.com,Salvador,Técnico de segurança do trabalho,53,02367973678
Carolina Santos Silva,carolina.santos.silva.19473@example.com,Londrina,Encarregado de produção,65,92436393156
Vinícius Fernandes Castro,vinicius.fernandes.castro.19474@example.com,Maringá,Supervisor de qualidade,26,20272532429
Fernanda Araújo Mendes,fernanda.araujo.mendes.19475@example.com,Santos,Supervisor de qualidade,53,35857992028
Igor Pereira Freitas,igor.pereira.freitas.19476@example.com,Londrina,Estoquista,38,67970198016
Daniela Gomes Cardoso,daniela.gomes.cardoso.19477@example.com,Campinas,Analista de recursos humanos,29,29736937364
Diego Barbosa Ribeiro,diego.barbosa.ribeiro.19478@example.com,Rio de Janeiro,Chefe de departamento pessoal,47,97646750037
Carlos Monteiro Monteiro,carlos.monteiro.monteiro.19479@example.com,Rondonópolis,Gerente comercial,65,98334715359
Vinícius Souza Carvalho,vinicius.souza.carvalho.19480@example.com,São Paulo,Diretor comercial,39,36144331066
Vanessa Castro Rocha,vanessa.castro.rocha.19481@example.com,Niterói,Auxiliar de produção,44,67286494714
José Araújo Barbosa,jose.araujo.barbosa.19482@example.com,Campinas,Líder de equipe,56,86066138109
Nicolas Almeida Gomes,nicolas.almeida.gomes.19483@example.com,Santos,Chefe de almoxarifado,68,07752696126
Felipe Martins Souza,felipe.martins.souza.19484@example.com,Manaus,Gerente de tecnologia,37,85700425210
Larissa Fernandes Ribeiro,larissa.fernandes.ribeiro.19485@example.com,Natal,Encarregado de produção,18,77796326197
Igor Souza Oliveira,igor.souza.oliveira.19486@example.com,Santos,Gerente de recursos humanos,21,22017502947
Juliana Souza Castro,juliana.souza.castro.19487@example.com,Goiânia,Engenheiro civil,57,65602613548
Fernanda Alves Costa,fernanda.alves.costa.19488@example.com,São Paulo,Enfermeiro,62,67119582736
Leonardo Alves Rocha,leonardo.alves.rocha.19489@example.com,Natal,Gerente de recursos humanos,61,72591082872
Carolina Silva Lima,carolina.silva.lima.19490@example.com,Santos,Supervisor de atendimento,70,38410511520
Tatiane Araújo Santos,tatiane.araujo.santos.19491@example.com,Florianópolis,Coordenador de marketing,52,25683634908
Felipe Santos Santos,felipe.santos.santos.19492@example.com,Salvador,Supervisor de vendas,45,21886994902
Leonardo Silva Souza,leonardo.silva.souza.19493@example.com,Belo Horizonte,Jornalista,23,74798500265
Paulo Freitas Rodrigues,paulo.freitas.rodrigues.19494@example.com,Dourados,Designer gráfico,21,61131273217
Priscila Teixeira Alves,priscila.teixeira.alves.19495@example.com,Dourados,Advogado,47,06039493387
Nicolas Martins Carvalho,nicolas.martins.carvalho.19496@example.com,Rondonópolis,Operador de caixa,55,62758395509
Bruno Gomes Almeida,bruno.gomes.almeida.19497@example.com,Campo Grande,Pedreiro,59,97744458043
Eduardo Nascimento Fernandes,eduardo.nascimento.fernandes.19498@example.com,Sorocaba,Designer gráfico,31,07191015743
Bruno Moreira Moreira,bruno.moreira.moreira.19499@example.com,Brasília,Coordenador administrativo,60,54019003130
Letícia Moreira Almeida,leticia.moreira.almeida.19500@example.com,Curitiba,Designer gráfico,23,25236895328
Sandra Teixeira Silva,sandra.teixeira.silva.19501@example.com,Caxias do Sul,Mecânico,36,40371042767
Priscila Fernandes Almeida,priscila.fernandes.almeida.19502@example.com,Brasília,Chefe de compras,26,74118840823
Paulo Dias Santos,paulo.dias.santos.19503@example.com,Florianópolis,Técnico em informática,32,28666262021
Carlos Santos Barros,carlos.santos.barros.19504@example.com,Cuiabá,Operador de caixa,22,35086144874
Juliana Cardoso Costa,juliana.cardoso.costa.19505@example.com,Goiânia,Técnico de enfermagem,41,65214187044
Gustavo Almeida Martins,gustavo.almeida.martins.19506@example.com,Florianópolis,Professor,24,76180827366
Ana Monteiro Fernandes,ana.monteiro.fernandes.19507@example.com,Belém,Mecânico,44,06028635236
Priscila Pereira Silva,priscila.pereira.silva.19508@example.com,Londrina,Analista de dados,50,53280084376
Beatriz Freitas Pereira,beatriz.freitas.pereira.19509@example.com,Salvador,Corretor de imóveis,20,76327306498
Camila Souza Barbosa,camila.souza.barbosa.19510@example.com,Vitória,Analista de marketing,25,54583901389
Leonardo Freitas Rodrigues,leonardo.freitas.rodrigues.19511@example.com,Sorocaba,Contador,44,92730812051
Carlos Rocha Ribeiro,carlos.rocha.ribeiro.19512@example.com,Londrina,Estoquista,42,02115874798
Juliana Ribeiro Barbosa,juliana.ribeiro.barbosa.19513@example.com,Campo Grande,Técnico em informática,69,11602751340
Vanessa Martins Castro,vanessa.martins.castro.19514@example.com,Goiânia,Analista de recursos humanos,21,98426531238
Carlos Teixeira Carvalho,carlos.teixeira.carvalho.19515@example.com,Vitória,Enfermeiro,25,31560549133
Renata Alves Nascimento,renata.alves.nascimento.19516@example.com,Londrina,Técnico de segurança do trabalho,36,70894075881
Carolina Mendes Rocha,carolina.mendes.rocha.19517@example.com,Brasília,Técnico de segurança do trabalho,65,01736088316
Aline Costa Teixeira,aline.costa.teixeira.19518@example.com,Rio de Janeiro,Advogado,40,93304339223
Daniela Martins Fernandes,daniela.martins.fernandes.19519@example.com,Maringá,Coordenador administrativo,54,80411270913
Sandra Carvalho Dias,sandra.carvalho.dias.19520@example.com,Belém,Enfermeiro,57,12342953007
Vanessa Dias Rocha,vanessa.dias.rocha.19521@example.com,Belo Horizonte,Chefe de departamento pessoal,49,19986522166
Mariana Fernandes Santos,mariana.fernandes.santos.19522@example.com,Uberlândia,Gerente de recursos humanos,33,48014227332
Paulo Araújo Rocha,paulo.araujo.rocha.19523@example.com,Goiânia,Jornalista,31,00433454838
Mariana Barros Martins,mariana.barros.martins.19524@example.com,Belo Horizonte,Assistente administrativo,19,34980762106
João Souza Almeida,joao.souza.almeida.19525@example.com,Cuiabá,Analista de recursos humanos,49,92649830442
Eduardo Rodrigues Almeida,eduardo.rodrigues.almeida.19526@example.com,Curitiba,Contador,43,65914942087
Patrícia Alves Fernandes,patricia.alves.fernandes.19527@example.com,Vitória,Gerente comercial,70,91041300494
Gabriel Cardoso Freitas,gabriel.cardoso.freitas.19528@example.com,Campo Grande,Gerente financeiro,61,96883326314
Renata Moreira Rocha,renata.moreira.rocha.19529@example.com,Florianópolis,Analista de marketing,63,70532674168
Felipe Teixeira Pereira,felipe.teixeira.pereira.19530@example.com,Natal,Operador de caixa,57,95161922180
Pedro Cardoso Dias,pedro.cardoso.dias.19531@example.com,Salvador,Analista financeiro,51,07150939371
Henrique Dias Santos,henrique.dias.santos.19532@example.com,Salvador,Comprador,41,44255355387
Carlos Barbosa Castro,carlos.barbosa.castro.19533@example.com,Brasília,Técnico de enfermagem,18,99130395841
Ricardo Barros Almeida,ricardo.barros.almeida.19534@example.com,Cuiabá,Designer gráfico,49,63281812945
Mariana Mendes Santos,mariana.mendes.santos.19535@example.com,Natal,Programador,66,58954887268
Priscila Barbosa Pereira,priscila.barbosa.pereira.19536@example.com,Belém,Líder de equipe,54,20928103149
Vinícius Ribeiro Teixeira,vinicius.ribeiro.teixeira.19537@example.com,São Paulo,Operador de caixa,24,88148657298
Patrícia Teixeira Nascimento,patricia.teixeira.nascimento.19538@example.com,Salvador,Arquiteto,43,36804378610
Simone Pereira Alves,simone.pereira.alves.19539@example.com,Joinville,Gerente comercial,53,08879512631
Gabriel Alves Barros,gabriel.alves.barros.19540@example.com,Porto Alegre,Programador,46,26227390245
Mariana Moreira Almeida,mariana.moreira.almeida.19541@example.com,Vitória,Advogado,36,93250758031
Leonardo Rodrigues Alves,leonardo.rodrigues.alves.19542@example.com,Uberlândia,Mecânico,65,43956205242
Pedro Dias Teixeira,pedro.dias.teixeira.19543@example.com,Maringá,Técnico em informática,54,85357179394
Rafael Lima Cardoso,rafael.lima.cardoso.19544@example.com,Recife,Cozinheiro,54,17568910606
Igor Castro Almeida,igor.castro.almeida.19545@example.com,Londrina,Coordenador de logística,39,50234299466
Marcelo Mendes Barbosa,marcelo.mendes.barbosa.19546@example.com,Londrina,Coordenador de produção,56,84059009858
Carolina Lima Moreira,carolina.lima.moreira.19547@example.com,Vitória,Pedreiro,30,95516426732
Igor Moreira Silva,igor.moreira.silva.19548@example.com,Campo Grande,Coordenador administrativo,45,89656407720
Gabriel Nascimento Almeida,gabriel.nascimento.almeida.19549@example.com,Vitória,Estoquista,41,16287882865
Fernanda Araújo Souza,fernanda.araujo.souza.19550@example.com,Londrina,Programador,36,12589107873
Marcelo Barros Dias,marcelo.barros.dias.19551@example.com,Fortaleza,Auxiliar de produção,48,53231210887
Carlos Freitas Gomes,carlos.freitas.gomes.19552@example.com,Belém,Vendedor,21,09312590818
Rafael Gomes Araújo,rafael.gomes.araujo.19553@example.com,Dourados,Cozinheiro,56,55107492222
Aline Dias Moreira,aline.dias.moreira.19554@example.com,Santos,Nutricionista,25,80214109648
Amanda Mendes Barros,amanda.mendes.barros.19555@example.com,Campinas,Corretor de imóveis,36,75351349437
Ana Rodrigues Martins,ana.rodrigues.martins.19556@example.com,Belo Horizonte,Gerente financeiro,60,28878164708
Débora Dias Alves,debora.dias.alves.19557@example.com,Goiânia,Técnico de segurança do trabalho,31,09414434765
Gabriel Rodrigues Gomes,gabriel.rodrigues.gomes.19558@example.com,Campinas,Cozinheiro,27,64324926638
Gabriela Teixeira Mendes,gabriela.teixeira.mendes.19559@example.com,Curitiba,Técnico de enfermagem,37,94880026239
Carlos Silva Mendes,carlos.silva.mendes.19560@example.com,Belo Horizonte,Arquiteto,24,22764694431
Sandra Cardoso Araújo,sandra.cardoso.araujo.19561@example.com,Goiânia,Gerente de operações,31,59288767747
Thiago Almeida Barros,thiago.almeida.barros.19562@example.com,Uberlândia,Supervisor de manutenção,49,70337314875
Simone Castro Rocha,simone.castro.rocha.19563@example.com,Fortaleza,Chefe de departamento pessoal,21,11896228313
Carlos Almeida Carvalho,carlos.almeida.carvalho.19564@example.com,Joinville,Engenheiro civil,41,86903302211
Fernanda Oliveira Nascimento,fernanda.oliveira.nascimento.19565@example.com,Joinville,Corretor de imóveis,69,20200115761
Sérgio Castro Martins,sergio.castro.martins.19566@example.com,Rondonópolis,Cozinheiro,54,73827017057
Amanda Teixeira Lima,amanda.teixeira.lima.19567@example.com,Fortaleza,Diretor de operações,27,17254724496
Larissa Barros Rodrigues,larissa.barros.rodrigues.19568@example.com,Sorocaba,Fisioterapeuta,41,90706843569
Carolina Oliveira Castro,carolina.oliveira.castro.19569@example.com,Uberlândia,Técnico em informática,33,92423315177
Mariana Lima Dias,mariana.lima.dias.19570@example.com,São Paulo,Pedreiro,31,53529308609
Vanessa Silva Rodrigues,vanessa.silva.rodrigues.19571@example.com,Niterói,Gerente de tecnologia,64,23781113000
Sandra Rodrigues Almeida,sandra.rodrigues.almeida.19572@example.com,Londrina,Coordenador de produção,33,73940674103
Otávio Souza Lima,otavio.souza.lima.19573@example.com,Brasília,Assistente administrativo,63,82221042173
Beatriz Souza Cardoso,beatriz.souza.cardoso.19574@example.com,Joinville,Técnico de segurança do trabalho,29,54246035854
Lucas Rocha Lima,lucas.rocha.lima.19575@example.com,Brasília,Técnico de segurança do trabalho,69,56428543855
Nicolas Barros Mendes,nicolas.barros.mendes.19576@example.com,Maringá,Comprador,66,54782689436
Gabriel Moreira Rocha,gabriel.moreira.rocha.19577@example.com,Recife,Coordenador de logística,48,62350976166
Gustavo Fernandes Souza,gustavo.fernandes.souza.19578@example.com,Santos,Programador,24,47950593482
Renata Barbosa Teixeira,renata.barbosa.teixeira.19579@example.com,Curitiba,Contador,28,10868579127
Igor Santos Teixeira,igor.santos.teixeira.19580@example.com,Brasília,Padeiro,37,29676189788
Pedro Souza Fernandes,pedro.souza.fernandes.19581@example.com,Manaus,Encarregado de produção,59,12629761115
Letícia Freitas Lima,leticia.freitas.lima.19582@example.com,Florianópolis,Recepcionista,60,00328017663
Luana Pereira Rodrigues,luana.pereira.rodrigues.19583@example.com,Brasília,Engenheiro civil,62,35769273763
Camila Martins Silva,camila.martins.silva.19584@example.com,Porto Alegre,Motorista,36,19301252992
Sérgio Carvalho Barros,sergio.carvalho.barros.19585@example.com,Manaus,Diretor de operações,36,75189462317
Rafael Santos Gomes,rafael.santos.gomes.19586@example.com,Rondonópolis,Mecânico,37,01101356645
Luana Dias Santos,luana.dias.santos.19587@example.com,Dourados,Gerente de tecnologia,22,22431758349
Thiago Nascimento Silva,thiago.nascimento.silva.19588@example.com,Sorocaba,Técnico de segurança do trabalho,63,48178454442
Leonardo Gomes Fernandes,leonardo.gomes.fernandes.19589@example.com,Fortaleza,Gerente de tecnologia,68,05245477936
Daniela Dias Silva,daniela.dias.silva.19590@example.com,Maringá,Professor,19,57746124342
Camila Mendes Nascimento,camila.mendes.nascimento.19591@example.com,Santos,Diretor de operações,67,04936248586
João Oliveira Pereira,joao.oliveira.pereira.19592@example.com,Goiânia,Atendente,23,04923603928
Gustavo Barbosa Barbosa,gustavo.barbosa.barbosa.19593@example.com,Maringá,Pedreiro,19,71410218775
Sérgio Santos Martins,sergio.santos.martins.19594@example.com,Joinville,Analista financeiro,57,38614243278
Sérgio Martins Costa,sergio.martins.costa.19595@example.com,Recife,Motorista,32,09497553625
Lucas Fernandes Castro,lucas.fernandes.castro.19596@example.com,Maringá,Técnico em informática,64,51008778604
Diego Santos Mendes,diego.santos.mendes.19597@example.com,Uberlândia,Pedreiro,65,16953843789
Gabriel Souza Alves,gabriel.souza.alves.19598@example.com,Rondonópolis,Técnico de segurança do trabalho,25,29632438438
Rafael Barros Alves,rafael.barros.alves.19599@example.com,Brasília,Gerente de recursos humanos,63,36615474892
Juliana Nascimento Costa,juliana.nascimento.costa.19600@example.com,Florianópolis,Programador,70,95157805659
Beatriz Cardoso Carvalho,beatriz.cardoso.carvalho.19601@example.com,Fortaleza,Comprador,28,11188820974
Paulo Alves Moreira,paulo.alves.moreira.19602@example.com,Cuiabá,Gerente financeiro,29,47788226826
Beatriz Costa Mendes,beatriz.costa.mendes.19603@example.com,Porto Alegre,Comprador,64,71433059525
Gabriela Almeida Lima,gabriela.almeida.lima.19604@example.com,Londrina,Operador de caixa,56,77147819624
Larissa Almeida Almeida,larissa.almeida.almeida.19605@example.com,Salvador,Programador,52,49893571154
Luana Ribeiro Rodrigues,luana.ribeiro.rodrigues.19606@example.com,Uberlândia,Designer gráfico,39,82318482924
Amanda Castro Araújo,amanda.castro.araujo.19607@example.com,Santos,Designer gráfico,23,97424529481
Gabriel Mendes Rocha,gabriel.mendes.rocha.19608@example.com,Campo Grande,Comprador,46,43008218683
Daniela Mendes Nascimento,daniela.mendes.nascimento.19609@example.com,Dourados,Coordenador administrativo,23,28181929299
Fernanda Freitas Moreira,fernanda.freitas.moreira.19610@example.com,Maringá,Motorista,37,54306763968
Igor Barbosa Mendes,igor.barbosa.mendes.19611@example.com,Porto Alegre,Técnico de enfermagem,47,01401523947
Gabriel Rocha Cardoso,gabriel.rocha.cardoso.19612@example.com,Vitória,Designer gráfico,66,26503161679
Bruno Dias Teixeira,bruno.dias.teixeira.19613@example.com,Joinville,Corretor de imóveis,62,65011515097
Vitória Rodrigues Pereira,vitoria.rodrigues.pereira.19614@example.com,São Paulo,Enfermeiro,64,93360850044
Débora Rocha Rodrigues,debora.rocha.rodrigues.19615@example.com,Vitória,Chefe de departamento pessoal,27,71332842131
Otávio Moreira Castro,otavio.moreira.castro.19616@example.com,Fortaleza,Líder de equipe,44,08727592615
Vanessa Monteiro Teixeira,vanessa.monteiro.teixeira.19617@example.com,Recife,Supervisor de vendas,56,70479036946
Eduardo Carvalho Rodrigues,eduardo.carvalho.rodrigues.19618@example.com,Belém,Assistente comercial,39,44480940013
Gustavo Monteiro Martins,gustavo.monteiro.martins.19619@example.com,São Paulo,Jornalista,51,20209729978
Simone Costa Gomes,simone.costa.gomes.19620@example.com,Porto Alegre,Técnico de enfermagem,56,97235682669
Letícia Lima Fernandes,leticia.lima.fernandes.19621@example.com,Londrina,Auxiliar de produção,47,79350019837
Gustavo Dias Monteiro,gustavo.dias.monteiro.19622@example.com,Caxias do Sul,Supervisor de qualidade,52,04678087379
Patrícia Teixeira Gomes,patricia.teixeira.gomes.19623@example.com,Uberlândia,Supervisor de atendimento,53,70254356122
Diego Castro Ribeiro,diego.castro.ribeiro.19624@example.com,Manaus,Assistente administrativo,66,43388218961
Gabriela Silva Costa,gabriela.silva.costa.19625@example.com,Belo Horizonte,Assistente comercial,24,89577941567
Felipe Barbosa Nascimento,felipe.barbosa.nascimento.19626@example.com,Sorocaba,Assistente comercial,25,96551434883
Felipe Moreira Rodrigues,felipe.moreira.rodrigues.19627@example.com,São Paulo,Chefe de departamento pessoal,53,20768259747
Carolina Mendes Freitas,carolina.mendes.freitas.19628@example.com,Santos,Arquiteto,18,68047870284
Letícia Alves Barros,leticia.alves.barros.19629@example.com,Florianópolis,Chefe de compras,55,37468906520
Otávio Castro Souza,otavio.castro.souza.19630@example.com,Dourados,Recepcionista,59,08805117202
Priscila Costa Souza,priscila.costa.souza.19631@example.com,Sorocaba,Coordenador de logística,23,60501220074
Camila Lima Carvalho,camila.lima.carvalho.19632@example.com,Niterói,Eletricista,56,12031745901
Patrícia Monteiro Cardoso,patricia.monteiro.cardoso.19633@example.com,Curitiba,Programador,26,94393195584
Mariana Nascimento Monteiro,mariana.nascimento.monteiro.19634@example.com,Belo Horizonte,Coordenador administrativo,45,30012312315
Luana Carvalho Moreira,luana.carvalho.moreira.19635@example.com,Joinville,Advogado,24,61812877988
Thiago Santos Oliveira,thiago.santos.oliveira.19636@example.com,Recife,Operador de caixa,44,14128580083
Gabriel Souza Freitas,gabriel.souza.freitas.19637@example.com,Rio de Janeiro,Padeiro,69,14094244926
Vinícius Barbosa Santos,vinicius.barbosa.santos.19638@example.com,Joinville,Analista financeiro,34,54687128292
Bruno Oliveira Rocha,bruno.oliveira.rocha.19639@example.com,Curitiba,Gerente comercial,31,57357070061
Otávio Carvalho Araújo,otavio.carvalho.araujo.19640@example.com,Niterói,Coordenador administrativo,39,27932794126
João Santos Oliveira,joao.santos.oliveira.19641@example.com,Recife,Coordenador administrativo,42,27467655236
Vinícius Souza Pereira,vinicius.souza.pereira.19642@example.com,Maringá,Supervisor de atendimento,47,28675256701
Larissa Nascimento Alves,larissa.nascimento.alves.19643@example.com,Curitiba,Chefe de almoxarifado,44,86111795117
Daniela Moreira Barros,daniela.moreira.barros.19644@example.com,Caxias do Sul,Coordenador de produção,35,71400563756
Paulo Pereira Mendes,paulo.pereira.mendes.19645@example.com,Londrina,Gerente de operações,28,25447955984
Eduardo Souza Alves,eduardo.souza.alves.19646@example.com,Cuiabá,Professor,42,63580464667
Leonardo Dias Lima,leonardo.dias.lima.19647@example.com,Salvador,Cozinheiro,59,86983857319
Amanda Gomes Almeida,amanda.gomes.almeida.19648@example.com,Recife,Técnico em informática,20,05300322778
Diego Pereira Cardoso,diego.pereira.cardoso.19649@example.com,Fortaleza,Professor,65,12920218544
Beatriz Rodrigues Dias,beatriz.rodrigues.dias.19650@example.com,Uberlândia,Motorista,41,08918327945
Carlos Freitas Castro,carlos.freitas.castro.19651@example.com,Curitiba,Cozinheiro,45,06015813589
Sandra Cardoso Rodrigues,sandra.cardoso.rodrigues.19652@example.com,Campo Grande,Coordenador de produção,61,13072027765
Sandra Ribeiro Barros,sandra.ribeiro.barros.19653@example.com,Uberlândia,Nutricionista,69,07655294850
Carlos Dias Alves,carlos.dias.alves.19654@example.com,Fortaleza,Padeiro,62,47600696651
Larissa Fernandes Barbosa,larissa.fernandes.barbosa.19655@example.com,Niterói,Fisioterapeuta,65,70362151616
Marcelo Costa Fernandes,marcelo.costa.fernandes.19656@example.com,Londrina,Técnico de segurança do trabalho,67,76778038608
Sérgio Rocha Martins,sergio.rocha.martins.19657@example.com,Rio de Janeiro,Supervisor de manutenção,56,69066957504
Gustavo Rocha Rodrigues,gustavo.rocha.rodrigues.19658@example.com,Porto Alegre,Atendente,67,29230892126
Renata Costa Martins,renata.costa.martins.19659@example.com,Curitiba,Estoquista,32,88570264878
Eduardo Lima Ribeiro,eduardo.lima.ribeiro.19660@example.com,Niterói,Jornalista,34,09881723533
Rafael Oliveira Mendes,rafael.oliveira.mendes.19661@example.com,Natal,Gerente de recursos humanos,51,55378787852
Daniela Monteiro Lima,daniela.monteiro.lima.19662@example.com,Uberlândia,Fisioterapeuta,18,33478389780
Gustavo Fernandes Rodrigues,gustavo.fernandes.rodrigues.19663@example.com,Joinville,Líder de equipe,35,52500774296
Gustavo Alves Barros,gustavo.alves.barros.19664@example.com,Niterói,Encarregado de produção,47,07960882338
José Barbosa Almeida,jose.barbosa.almeida.19665@example.com,Sorocaba,Coordenador de marketing,33,65495626496
Lucas Freitas Lima,lucas.freitas.lima.19666@example.com,Joinville,Operador de caixa,61,99004241212
Mariana Castro Barbosa,mariana.castro.barbosa.19667@example.com,Joinville,Líder de equipe,53,16588953939
Juliana Castro Costa,juliana.castro.costa.19668@example.com,Belém,Operador de caixa,37,06704319287
Igor Mendes Teixeira,igor.mendes.teixeira.19669@example.com,Rondonópolis,Assistente administrativo,64,29561213748
Vinícius Oliveira Fernandes,vinicius.oliveira.fernandes.19670@example.com,Vitória,Líder de equipe,58,70096802459
Ricardo Gomes Ribeiro,ricardo.gomes.ribeiro.19671@example.com,Curitiba,Mecânico,49,36977165527
Beatriz Nascimento Rocha,beatriz.nascimento.rocha.19672@example.com,Uberlândia,Gerente de operações,35,26625323849
Henrique Fernandes Rodrigues,henrique.fernandes.rodrigues.19673@example.com,Sorocaba,Líder de equipe,66,96482117532
Lucas Fernandes Nascimento,lucas.fernandes.nascimento.19674@example.com,Dourados,Assistente administrativo,44,97910467811
Mariana Araújo Lima,mariana.araujo.lima.19675@example.com,Sorocaba,Pedreiro,18,34602482299
Pedro Dias Rocha,pedro.dias.rocha.19676@example.com,Niterói,Encarregado de produção,63,99152031981
Ana Alves Oliveira,ana.alves.oliveira.19677@example.com,Rio de Janeiro,Engenheiro civil,31,68449366190
Gabriela Pereira Freitas,gabriela.pereira.freitas.19678@example.com,Belém,Líder de equipe,70,76813824455
Otávio Moreira Souza,otavio.moreira.souza.19679@example.com,Niterói,Arquiteto,37,71259102247
Simone Ribeiro Castro,simone.ribeiro.castro.19680@example.com,Maringá,Corretor de imóveis,68,55748972302
Eduardo Fernandes Almeida,eduardo.fernandes.almeida.19681@example.com,Caxias do Sul,Estoquista,50,18031972918
Nicolas Costa Barbosa,nicolas.costa.barbosa.19682@example.com,Belém,Coordenador de marketing,29,02826584218
Ricardo Nascimento Rocha,ricardo.nascimento.rocha.19683@example.com,Londrina,Supervisor de qualidade,20,09252185416
Letícia Rocha Lima,leticia.rocha.lima.19684@example.com,Maringá,Jornalista,19,11377315669
Letícia Barros Rodrigues,leticia.barros.rodrigues.19685@example.com,Sorocaba,Líder de equipe,29,98349875870
Diego Mendes Gomes,diego.mendes.gomes.19686@example.com,Vitória,Advogado,18,07926320899
Simone Alves Mendes,simone.alves.mendes.19687@example.com,Florianópolis,Programador,18,31761519549
Felipe Teixeira Pereira,felipe.teixeira.pereira.19688@example.com,Recife,Técnico de enfermagem,61,61152201132
Marcelo Silva Silva,marcelo.silva.silva.19689@example.com,Belém,Gerente de operações,28,32334095546
Patrícia Santos Ribeiro,patricia.santos.ribeiro.19690@example.com,Campo Grande,Encarregado de produção,48,95714726383
José Alves Araújo,jose.alves.araujo.19691@example.com,Londrina,Advogado,46,99350784927
Aline Gomes Martins,aline.gomes.martins.19692@example.com,São Paulo,Supervisor de vendas,39,45977570900
Sandra Pereira Pereira,sandra.pereira.pereira.19693@example.com,Florianópolis,Gerente de tecnologia,62,19191558264
Débora Freitas Gomes,debora.freitas.gomes.19694@example.com,Uberlândia,Coordenador administrativo,36,46782172082
José Mendes Martins,jose.mendes.martins.19695@example.com,Florianópolis,Professor,51,50721448923
Rafael Mendes Pereira,rafael.mendes.pereira.19696@example.com,Goiânia,Coordenador de logística,54,54441517923
Gabriela Rodrigues Costa,gabriela.rodrigues.costa.19697@example.com,Caxias do Sul,Analista de dados,31,86403602607
Renata Costa Almeida,renata.costa.almeida.19698@example.com,Santos,Enfermeiro,44,71991421915
Nicolas Carvalho Almeida,nicolas.carvalho.almeida.19699@example.com,Londrina,Padeiro,60,55671011524
Juliana Araújo Barros,juliana.araujo.barros.19700@example.com,Natal,Assistente administrativo,44,13620805733
Nicolas Castro Dias,nicolas.castro.dias.19701@example.com,Campo Grande,Operador de caixa,38,81797423389
Gustavo Freitas Moreira,gustavo.freitas.moreira.19702@example.com,Sorocaba,Comprador,36,69260995937
Ricardo Almeida Castro,ricardo.almeida.castro.19703@example.com,Porto Alegre,Chefe de departamento pessoal,65,91403454740
Sérgio Barbosa Alves,sergio.barbosa.alves.19704@example.com,Natal,Encarregado de produção,30,39122464195
Amanda Souza Mendes,amanda.souza.mendes.19705@example.com,Uberlândia,Gerente financeiro,18,60529249071
Ricardo Dias Oliveira,ricardo.dias.oliveira.19706@example.com,Campo Grande,Coordenador de produção,31,88213204639
Vitória Martins Carvalho,vitoria.martins.carvalho.19707@example.com,Recife,Nutricionista,37,04921824123
Felipe Santos Souza,felipe.santos.souza.19708@example.com,Rondonópolis,Comprador,67,27443249976
Gustavo Almeida Oliveira,gustavo.almeida.oliveira.19709@example.com,Uberlândia,Arquiteto,61,35669788028
Camila Monteiro Alves,camila.monteiro.alves.19710@example.com,Joinville,Gerente financeiro,64,74715371116
Gabriela Castro Martins,gabriela.castro.martins.19711@example.com,Brasília,Corretor de imóveis,34,06755819955
Tatiane Martins Rodrigues,tatiane.martins.rodrigues.19712@example.com,Campo Grande,Recepcionista,68,07529495618
Letícia Nascimento Barros,leticia.nascimento.barros.19713@example.com,Belém,Assistente administrativo,61,49575778373
Paulo Moreira Gomes,paulo.moreira.gomes.19714@example.com,Maringá,Analista financeiro,52,47611295144
Gabriela Pereira Lima,gabriela.pereira.lima.19715@example.com,Fortaleza,Gerente financeiro,28,59052965370
Juliana Almeida Teixeira,juliana.almeida.teixeira.19716@example.com,Recife,Coordenador administrativo,63,73246966550
Gustavo Dias Mendes,gustavo.dias.mendes.19717@example.com,Goiânia,Advogado,44,95056444519
Ana Souza Silva,ana.souza.silva.19718@example.com,Santos,Gerente de tecnologia,52,98368654832
Débora Martins Costa,debora.martins.costa.19719@example.com,Rondonópolis,Corretor de imóveis,30,11906346612
Luana Carvalho Silva,luana.carvalho.silva.19720@example.com,Caxias do Sul,Gerente de tecnologia,52,23081697546
Tatiane Dias Lima,tatiane.dias.lima.19721@example.com,Fortaleza,Pedreiro,65,34401699355
Juliana Carvalho Cardoso,juliana.carvalho.cardoso.19722@example.com,Joinville,Enfermeiro,57,17581508328
Igor Almeida Cardoso,igor.almeida.cardoso.19723@example.com,Santos,Chefe de compras,55,04979621108
Otávio Costa Silva,otavio.costa.silva.19724@example.com,Brasília,Gerente de operações,56,91464390675
Felipe Gomes Castro,felipe.gomes.castro.19725@example.com,Rio de Janeiro,Auxiliar de produção,51,18303324566
Ana Castro Oliveira,ana.castro.oliveira.19726@example.com,Campinas,Chefe de departamento pessoal,41,96891496769
Priscila Barbosa Freitas,priscila.barbosa.freitas.19727@example.com,Sorocaba,Professor,44,71167948397
Larissa Moreira Freitas,larissa.moreira.freitas.19728@example.com,Manaus,Diretor de operações,32,72873852469
Bruno Costa Barbosa,bruno.costa.barbosa.19729@example.com,Florianópolis,Chefe de compras,19,76097486059
Beatriz Gomes Almeida,beatriz.gomes.almeida.19730@example.com,Brasília,Analista financeiro,43,68713886714
Mariana Fernandes Monteiro,mariana.fernandes.monteiro.19731@example.com,Uberlândia,Arquiteto,49,34439322123
Felipe Monteiro Teixeira,felipe.monteiro.teixeira.19732@example.com,Manaus,Técnico de enfermagem,66,33837572297
Otávio Castro Araújo,otavio.castro.araujo.19733@example.com,Caxias do Sul,Coordenador administrativo,41,06466175584
Bruno Dias Freitas,bruno.dias.freitas.19734@example.com,Florianópolis,Nutricionista,38,89259439210
Aline Barros Teixeira,aline.barros.teixeira.19735@example.com,Recife,Coordenador de produção,56,53060692436
Felipe Monteiro Dias,felipe.monteiro.dias.19736@example.com,Joinville,Líder de equipe,19,42075946648
Ricardo Fernandes Freitas,ricardo.fernandes.freitas.19737@example.com,Manaus,Supervisor de manutenção,63,04297904743
Gustavo Rocha Santos,gustavo.rocha.santos.19738@example.com,Sorocaba,Técnico de segurança do trabalho,25,55613844281
Fernanda Gomes Barros,fernanda.gomes.barros.19739@example.com,Brasília,Programador,63,41196473265
Carolina Araújo Carvalho,carolina.araujo.carvalho.19740@example.com,Rondonópolis,Gerente financeiro,22,76689330780
João Barbosa Castro,joao.barbosa.castro.19741@example.com,Maringá,Coordenador de marketing,25,83900478287
Marcelo Fernandes Moreira,marcelo.fernandes.moreira.19742@example.com,Salvador,Chefe de almoxarifado,48,43563605210
Simone Freitas Alves,simone.freitas.alves.19743@example.com,São Paulo,Técnico em informática,68,00810774144
Paulo Nascimento Pereira,paulo.nascimento.pereira.19744@example.com,Belém,Operador de caixa,38,79405768662
Pedro Barbosa Ribeiro,pedro.barbosa.ribeiro.19745@example.com,Rio de Janeiro,Atendente,62,24662315978
Felipe Freitas Monteiro,felipe.freitas.monteiro.19746@example.com,Brasília,Corretor de imóveis,65,34265318965
Débora Barros Dias,debora.barros.dias.19747@example.com,Fortaleza,Comprador,48,11627041516
Eduardo Mendes Cardoso,eduardo.mendes.cardoso.19748@example.com,Florianópolis,Encarregado de produção,62,17001547745
Thiago Ribeiro Santos,thiago.ribeiro.santos.19749@example.com,Porto Alegre,Gerente de recursos humanos,19,01287499992
Daniela Araújo Alves,daniela.araujo.alves.19750@example.com,Campo Grande,Analista de marketing,32,28286241251
João Araújo Castro,joao.araujo.castro.19751@example.com,Londrina,Gerente financeiro,19,30156121780
Priscila Martins Moreira,priscila.martins.moreira.19752@example.com,Florianópolis,Contador,36,59816671628
Daniela Freitas Carvalho,daniela.freitas.carvalho.19753@example.com,Joinville,Técnico em informática,21,56371247202
Ana Silva Freitas,ana.silva.freitas.19754@example.com,Florianópolis,Diretor de operações,61,74132733108
Vanessa Souza Silva,vanessa.souza.silva.19755@example.com,Natal,Técnico em informática,56,73904326343
José Gomes Cardoso,jose.gomes.cardoso.19756@example.com,Florianópolis,Coordenador de produção,51,02722467516
Beatriz Silva Moreira,beatriz.silva.moreira.19757@example.com,Salvador,Diretor comercial,58,30687728913
Luana Santos Araújo,luana.santos.araujo.19758@example.com,São Paulo,Fisioterapeuta,64,89164052453
Carolina Gomes Gomes,carolina.gomes.gomes.19759@example.com,Santos,Técnico de segurança do trabalho,55,36447399825
Thiago Nascimento Ribeiro,thiago.nascimento.ribeiro.19760@example.com,Campinas,Diretor comercial,41,57802830777
Camila Martins Dias,camila.martins.dias.19761@example.com,Brasília,Chefe de almoxarifado,40,17444092875
Aline Moreira Oliveira,aline.moreira.oliveira.19762@example.com,Niterói,Engenheiro civil,61,74847832569
Letícia Freitas Monteiro,leticia.freitas.monteiro.19763@example.com,Dourados,Técnico de enfermagem,41,34027203211
Beatriz Santos Lima,beatriz.santos.lima.19764@example.com,São Paulo,Motorista,70,10813801843
Tatiane Monteiro Pereira,tatiane.monteiro.pereira.19765@example.com,Natal,Encarregado de produção,24,86479500911
Gustavo Nascimento Mendes,gustavo.nascimento.mendes.19766@example.com,Porto Alegre,Comprador,38,40996706322
Leonardo Costa Rodrigues,leonardo.costa.rodrigues.19767@example.com,Florianópolis,Supervisor de atendimento,60,65917060577
Vinícius Castro Rodrigues,vinicius.castro.rodrigues.19768@example.com,Manaus,Recepcionista,37,39720130468
Igor Dias Carvalho,igor.dias.carvalho.19769@example.com,Caxias do Sul,Pedreiro,46,67693088691
Letícia Cardoso Santos,leticia.cardoso.santos.19770@example.com,Caxias do Sul,Cozinheiro,24,88524149736
Tatiane Teixeira Oliveira,tatiane.teixeira.oliveira.19771@example.com,Joinville,Auxiliar de produção,43,62525202257
Simone Barros Mendes,simone.barros.mendes.19772@example.com,Londrina,Analista de dados,64,04657996416
Paulo Silva Cardoso,paulo.silva.cardoso.19773@example.com,Rio de Janeiro,Analista de marketing,38,81518179300
Gabriela Silva Araújo,gabriela.silva.araujo.19774@example.com,Curitiba,Diretor de operações,40,40787028818
Gabriel Dias Barros,gabriel.dias.barros.19775@example.com,Sorocaba,Supervisor de manutenção,44,78018709668
Pedro Dias Santos,pedro.dias.santos.19776@example.com,Sorocaba,Advogado,36,48504847024
Paulo Oliveira Ribeiro,paulo.oliveira.ribeiro.19777@example.com,Rondonópolis,Analista de marketing,30,81379295944
Sandra Mendes Santos,sandra.mendes.santos.19778@example.com,Rondonópolis,Técnico de segurança do trabalho,65,59222502161
Renata Santos Cardoso,renata.santos.cardoso.19779@example.com,Uberlândia,Engenheiro civil,45,39422710678
Ricardo Dias Almeida,ricardo.dias.almeida.19780@example.com,Maringá,Gerente de recursos humanos,34,36661089198
Ricardo Freitas Ribeiro,ricardo.freitas.ribeiro.19781@example.com,Curitiba,Gerente de tecnologia,34,87438418873
Simone Martins Rocha,simone.martins.rocha.19782@example.com,Niterói,Recepcionista,34,77300858480
Rafael Silva Barros,rafael.silva.barros.19783@example.com,Rondonópolis,Recepcionista,55,65018454890
Luana Carvalho Almeida,luana.carvalho.almeida.19784@example.com,Rondonópolis,Contador,51,41230959593
Carolina Alves Castro,carolina.alves.castro.19785@example.com,Fortaleza,Técnico em informática,37,90901643607
Thiago Cardoso Oliveira,thiago.cardoso.oliveira.19786@example.com,Goiânia,Técnico de enfermagem,36,34550171664
Henrique Souza Fernandes,henrique.souza.fernandes.19787@example.com,Florianópolis,Mecânico,33,18547994889
Daniela Lima Alves,daniela.lima.alves.19788@example.com,Campo Grande,Chefe de almoxarifado,31,81498420417
Diego Rocha Martins,diego.rocha.martins.19789@example.com,Joinville,Pedreiro,30,20448109714
Paulo Araújo Castro,paulo.araujo.castro.19790@example.com,São Paulo,Cozinheiro,58,79611146827
Carlos Freitas Dias,carlos.freitas.dias.19791@example.com,Vitória,Arquiteto,39,65814085374
Paulo Souza Cardoso,paulo.souza.cardoso.19792@example.com,Sorocaba,Atendente,35,72223573524
Simone Lima Ribeiro,simone.lima.ribeiro.19793@example.com,Caxias do Sul,Coordenador de logística,65,62177341519
Gabriel Teixeira Gomes,gabriel.teixeira.gomes.19794@example.com,Campo Grande,Analista de marketing,64,33936140221
Tatiane Gomes Martins,tatiane.gomes.martins.19795@example.com,Rondonópolis,Pedreiro,46,26095677133
Lucas Castro Santos,lucas.castro.santos.19796@example.com,Sorocaba,Arquiteto,51,76455177168
Gabriel Nascimento Silva,gabriel.nascimento.silva.19797@example.com,Campinas,Advogado,48,32156193988
Carolina Araújo Nascimento,carolina.araujo.nascimento.19798@example.com,Brasília,Programador,42,05432996773
Nicolas Rocha Moreira,nicolas.rocha.moreira.19799@example.com,Rondonópolis,Fisioterapeuta,30,19098054367
Fernanda Alves Araújo,fernanda.alves.araujo.19800@example.com,Recife,Comprador,52,93022967656
Daniela Rodrigues Moreira,daniela.rodrigues.moreira.19801@example.com,Natal,Enfermeiro,49,19135546503
Paulo Almeida Ribeiro,paulo.almeida.ribeiro.19802@example.com,Belo Horizonte,Chefe de compras,29,92435012297
Pedro Silva Barbosa,pedro.silva.barbosa.19803@example.com,Belo Horizonte,Engenheiro civil,58,51469472298
Sérgio Barbosa Santos,sergio.barbosa.santos.19804@example.com,Brasília,Técnico de enfermagem,67,49768426103
Aline Castro Santos,aline.castro.santos.19805@example.com,Rio de Janeiro,Programador,47,99782738907
Juliana Costa Gomes,juliana.costa.gomes.19806@example.com,Campo Grande,Supervisor de qualidade,56,08780098253
Eduardo Moreira Teixeira,eduardo.moreira.teixeira.19807@example.com,Londrina,Técnico de enfermagem,25,07845299530
Ana Martins Araújo,ana.martins.araujo.19808@example.com,Rio de Janeiro,Gerente financeiro,21,79760137589
Vinícius Teixeira Moreira,vinicius.teixeira.moreira.19809@example.com,Brasília,Estoquista,37,98949562613
Gabriel Gomes Monteiro,gabriel.gomes.monteiro.19810@example.com,Salvador,Gerente financeiro,34,94487902626
Otávio Rodrigues Freitas,otavio.rodrigues.freitas.19811@example.com,Salvador,Professor,21,47129274780
Gustavo Fernandes Cardoso,gustavo.fernandes.cardoso.19812@example.com,Recife,Atendente,44,37836937744
Renata Carvalho Souza,renata.carvalho.souza.19813@example.com,Brasília,Motorista,52,79094611178
José Costa Teixeira,jose.costa.teixeira.19814@example.com,Vitória,Analista financeiro,46,31222111911
Gabriela Fernandes Araújo,gabriela.fernandes.araujo.19815@example.com,Uberlândia,Chefe de departamento pessoal,23,41035587821
Larissa Barros Cardoso,larissa.barros.cardoso.19816@example.com,Sorocaba,Farmacêutico,26,82296919502
Renata Pereira Almeida,renata.pereira.almeida.19817@example.com,Dourados,Contador,68,40783863532
Renata Lima Carvalho,renata.lima.carvalho.19818@example.com,Belém,Nutricionista,43,43271467803
José Fernandes Barbosa,jose.fernandes.barbosa.19819@example.com,Maringá,Enfermeiro,57,87162392677
Thiago Martins Dias,thiago.martins.dias.19820@example.com,Goiânia,Analista de dados,68,56424677585
Juliana Alves Alves,juliana.alves.alves.19821@example.com,Santos,Advogado,30,69745528292
Gabriela Gomes Barbosa,gabriela.gomes.barbosa.19822@example.com,Salvador,Mecânico,39,10858209059
Amanda Barros Monteiro,amanda.barros.monteiro.19823@example.com,Sorocaba,Analista de dados,49,43974562011
Felipe Pereira Cardoso,felipe.pereira.cardoso.19824@example.com,Recife,Eletricista,32,56649208655
Luana Costa Ribeiro,luana.costa.ribeiro.19825@example.com,Curitiba,Motorista,43,16648275580
Larissa Gomes Carvalho,larissa.gomes.carvalho.19826@example.com,Belo Horizonte,Professor,40,89567177015
Carlos Moreira Gomes,carlos.moreira.gomes.19827@example.com,Sorocaba,Recepcionista,49,65946489321
Rafael Nascimento Fernandes,rafael.nascimento.fernandes.19828@example.com,Curitiba,Supervisor de manutenção,66,25641062986
Luana Barros Costa,luana.barros.costa.19829@example.com,Vitória,Supervisor de vendas,19,95356864800
Patrícia Ribeiro Barros,patricia.ribeiro.barros.19830@example.com,Curitiba,Designer gráfico,40,38902166975
Igor Mendes Martins,igor.mendes.martins.19831@example.com,Rondonópolis,Gerente financeiro,40,19380913652
João Pereira Pereira,joao.pereira.pereira.19832@example.com,Londrina,Mecânico,35,66551421858
Marcelo Monteiro Freitas,marcelo.monteiro.freitas.19833@example.com,Porto Alegre,Técnico de enfermagem,60,65463777797
Patrícia Freitas Ribeiro,patricia.freitas.ribeiro.19834@example.com,Curitiba,Contador,31,05362699652
Carolina Costa Santos,carolina.costa.santos.19835@example.com,Joinville,Cozinheiro,32,94658610940
Tatiane Rodrigues Fernandes,tatiane.rodrigues.fernandes.19836@example.com,Florianópolis,Advogado,53,36014149008
Tatiane Silva Barros,tatiane.silva.barros.19837@example.com,Campo Grande,Cozinheiro,51,58976819464
Vinícius Araújo Cardoso,vinicius.araujo.cardoso.19838@example.com,Natal,Designer gráfico,64,69438022567
Gabriela Rodrigues Alves,gabriela.rodrigues.alves.19839@example.com,Rio de Janeiro,Analista de dados,48,33960086946
Mariana Castro Barbosa,mariana.castro.barbosa.19840@example.com,Salvador,Comprador,66,85794511833
Vanessa Nascimento Carvalho,vanessa.nascimento.carvalho.19841@example.com,Goiânia,Vendedor,53,58881823333
Leonardo Santos Rodrigues,leonardo.santos.rodrigues.19842@example.com,Natal,Técnico de enfermagem,63,82259143199
Bruno Carvalho Martins,bruno.carvalho.martins.19843@example.com,Campo Grande,Analista de dados,48,19050850533
Camila Nascimento Barros,camila.nascimento.barros.19844@example.com,Manaus,Operador de caixa,56,10539081229
Marcelo Almeida Martins,marcelo.almeida.martins.19845@example.com,Rio de Janeiro,Eletricista,27,01676339512
Bruno Castro Oliveira,bruno.castro.oliveira.19846@example.com,Fortaleza,Chefe de almoxarifado,29,01134538952
Letícia Barbosa Rodrigues,leticia.barbosa.rodrigues.19847@example.com,Niterói,Supervisor de qualidade,43,70162968973
Paulo Silva Barros,paulo.silva.barros.19848@example.com,Goiânia,Chefe de compras,18,41325507212
Leonardo Nascimento Oliveira,leonardo.nascimento.oliveira.19849@example.com,Curitiba,Mecânico,70,52836796718
Patrícia Fernandes Silva,patricia.fernandes.silva.19850@example.com,Santos,Supervisor de atendimento,55,54933671020
Letícia Gomes Souza,leticia.gomes.souza.19851@example.com,Goiânia,Designer gráfico,44,81925284008
Débora Ribeiro Costa,debora.ribeiro.costa.19852@example.com,Vitória,Técnico de enfermagem,69,63991695595
Pedro Rodrigues Santos,pedro.rodrigues.santos.19853@example.com,Curitiba,Recepcionista,50,52293884670
Beatriz Fernandes Mendes,beatriz.fernandes.mendes.19854@example.com,Brasília,Supervisor de atendimento,57,96286225806
Diego Oliveira Rocha,diego.oliveira.rocha.19855@example.com,Campinas,Coordenador de logística,35,66179586253
Tatiane Silva Lima,tatiane.silva.lima.19856@example.com,Manaus,Padeiro,35,59190229934
Felipe Rodrigues Silva,felipe.rodrigues.silva.19857@example.com,Natal,Analista financeiro,22,78717936931
Bruno Alves Ribeiro,bruno.alves.ribeiro.19858@example.com,Vitória,Fisioterapeuta,52,09235028690
Vinícius Dias Freitas,vinicius.dias.freitas.19859@example.com,Campo Grande,Pedreiro,68,12172549835
Bruno Monteiro Dias,bruno.monteiro.dias.19860@example.com,Santos,Nutricionista,32,92823933730
Marcelo Carvalho Castro,marcelo.carvalho.castro.19861@example.com,Sorocaba,Padeiro,54,54288696720
Diego Moreira Teixeira,diego.moreira.teixeira.19862@example.com,Rio de Janeiro,Gerente financeiro,61,20816788555
Carlos Costa Nascimento,carlos.costa.nascimento.19863@example.com,Fortaleza,Supervisor de atendimento,66,22288357663
Eduardo Costa Gomes,eduardo.costa.gomes.19864@example.com,Porto Alegre,Chefe de almoxarifado,18,95443837071
Renata Lima Fernandes,renata.lima.fernandes.19865@example.com,Rio de Janeiro,Coordenador administrativo,34,38731128566
Aline Rodrigues Martins,aline.rodrigues.martins.19866@example.com,Brasília,Chefe de almoxarifado,50,03186780327
Luana Moreira Barbosa,luana.moreira.barbosa.19867@example.com,Manaus,Jornalista,30,63265348914
Diego Martins Martins,diego.martins.martins.19868@example.com,Manaus,Chefe de compras,36,16928846005
Tatiane Ribeiro Rocha,tatiane.ribeiro.rocha.19869@example.com,Niterói,Jornalista,51,11118485880
João Barbosa Monteiro,joao.barbosa.monteiro.19870@example.com,Brasília,Coordenador administrativo,36,38667807704
João Silva Almeida,joao.silva.almeida.19871@example.com,Rondonópolis,Supervisor de qualidade,42,68065418107
Otávio Barbosa Silva,otavio.barbosa.silva.19872@example.com,Fortaleza,Recepcionista,45,53854904506
Sérgio Nascimento Pereira,sergio.nascimento.pereira.19873@example.com,Dourados,Supervisor de qualidade,65,96134395041
Daniela Nascimento Oliveira,daniela.nascimento.oliveira.19874@example.com,Maringá,Estoquista,63,37603779710
Fernanda Araújo Costa,fernanda.araujo.costa.19875@example.com,Brasília,Professor,63,90155864978
Thiago Silva Fernandes,thiago.silva.fernandes.19876@example.com,Londrina,Fisioterapeuta,32,62817975235
Fernanda Ribeiro Barbosa,fernanda.ribeiro.barbosa.19877@example.com,Sorocaba,Encarregado de produção,34,84831491817
Pedro Nascimento Pereira,pedro.nascimento.pereira.19878@example.com,Sorocaba,Gerente financeiro,21,94150875844
Tatiane Mendes Almeida,tatiane.mendes.almeida.19879@example.com,Caxias do Sul,Diretor de operações,35,24919974083
Sérgio Souza Monteiro,sergio.souza.monteiro.19880@example.com,Florianópolis,Contador,43,47974044570
Ana Rocha Gomes,ana.rocha.gomes.19881@example.com,São Paulo,Supervisor de qualidade,31,39133409037
Juliana Almeida Moreira,juliana.almeida.moreira.19882@example.com,Porto Alegre,Auxiliar de produção,41,27066639311
Paulo Costa Alves,paulo.costa.alves.19883@example.com,Cuiabá,Chefe de compras,66,71898269987
Renata Carvalho Costa,renata.carvalho.costa.19884@example.com,Campo Grande,Engenheiro civil,37,60179818355
Rafael Pereira Martins,rafael.pereira.martins.19885@example.com,Campo Grande,Analista de dados,52,33015937968
Simone Martins Mendes,simone.martins.mendes.19886@example.com,Belo Horizonte,Eletricista,23,23999380861
Sandra Carvalho Barbosa,sandra.carvalho.barbosa.19887@example.com,Goiânia,Analista de marketing,55,76524106753
Daniela Rocha Barros,daniela.rocha.barros.19888@example.com,Rondonópolis,Vendedor,53,31231933946
Gabriela Ribeiro Lima,gabriela.ribeiro.lima.19889@example.com,Niterói,Comprador,68,04382928972
Amanda Rocha Almeida,amanda.rocha.almeida.19890@example.com,Rio de Janeiro,Gerente financeiro,39,00894501416
Patrícia Carvalho Carvalho,patricia.carvalho.carvalho.19891@example.com,Joinville,Assistente comercial,32,87214059374
Luana Teixeira Castro,luana.teixeira.castro.19892@example.com,Maringá,Coordenador de produção,64,16798478428
Juliana Barbosa Santos,juliana.barbosa.santos.19893@example.com,Caxias do Sul,Supervisor de qualidade,29,56241282228
Patrícia Fernandes Martins,patricia.fernandes.martins.19894@example.com,Goiânia,Mecânico,35,68049940889
Eduardo Gomes Nascimento,eduardo.gomes.nascimento.19895@example.com,Campo Grande,Técnico de enfermagem,51,22660534199
João Alves Dias,joao.alves.dias.19896@example.com,Santos,Enfermeiro,34,77794061956
Igor Costa Freitas,igor.costa.freitas.19897@example.com,Uberlândia,Supervisor de qualidade,55,91090374281
João Ribeiro Rocha,joao.ribeiro.rocha.19898@example.com,Florianópolis,Coordenador de produção,47,08539451590
Gustavo Nascimento Costa,gustavo.nascimento.costa.19899@example.com,Salvador,Comprador,39,20813320286
Priscila Araújo Mendes,priscila.araujo.mendes.19900@example.com,Uberlândia,Gerente de recursos humanos,22,16040072450
Felipe Fernandes Martins,felipe.fernandes.martins.19901@example.com,Dourados,Recepcionista,54,68325337264
Daniela Ribeiro Barbosa,daniela.ribeiro.barbosa.19902@example.com,Natal,Corretor de imóveis,70,26318903847
Fernanda Nascimento Freitas,fernanda.nascimento.freitas.19903@example.com,Uberlândia,Comprador,38,69603094091
Priscila Almeida Nascimento,priscila.almeida.nascimento.19904@example.com,Salvador,Técnico de segurança do trabalho,32,15397225050
Felipe Rodrigues Rodrigues,felipe.rodrigues.rodrigues.19905@example.com,Joinville,Diretor comercial,49,24556546612
Vitória Teixeira Monteiro,vitoria.teixeira.monteiro.19906@example.com,São Paulo,Engenheiro civil,70,41436008922
João Nascimento Alves,joao.nascimento.alves.19907@example.com,Niterói,Nutricionista,26,06871977890
Sérgio Castro Freitas,sergio.castro.freitas.19908@example.com,Uberlândia,Cozinheiro,19,13971605309
Fernanda Lima Oliveira,fernanda.lima.oliveira.19909@example.com,Maringá,Diretor de operações,55,06686375186
Marcelo Almeida Lima,marcelo.almeida.lima.19910@example.com,Recife,Analista de recursos humanos,59,79801797265
Diego Mendes Ribeiro,diego.mendes.ribeiro.19911@example.com,Sorocaba,Supervisor de qualidade,41,45770155861
Carlos Barros Rodrigues,carlos.barros.rodrigues.19912@example.com,Londrina,Diretor de operações,39,53844727888
Vanessa Pereira Cardoso,vanessa.pereira.cardoso.19913@example.com,Rio de Janeiro,Gerente financeiro,22,02559764375
Marcelo Barros Teixeira,marcelo.barros.teixeira.19914@example.com,Dourados,Auxiliar de produção,57,63214651753
Diego Gomes Santos,diego.gomes.santos.19915@example.com,Caxias do Sul,Gerente de recursos humanos,46,99202426825
Priscila Barbosa Gomes,priscila.barbosa.gomes.19916@example.com,Belo Horizonte,Analista de recursos humanos,21,93534013835
Nicolas Moreira Teixeira,nicolas.moreira.teixeira.19917@example.com,Curitiba,Enfermeiro,47,75361952851
Letícia Gomes Freitas,leticia.gomes.freitas.19918@example.com,Caxias do Sul,Supervisor de vendas,69,55717146156
Gustavo Costa Alves,gustavo.costa.alves.19919@example.com,Campo Grande,Recepcionista,49,25284713988
Sandra Teixeira Souza,sandra.teixeira.souza.19920@example.com,Porto Alegre,Gerente de tecnologia,30,89880334354
Ricardo Lima Ribeiro,ricardo.lima.ribeiro.19921@example.com,Maringá,Engenheiro civil,52,68425096947
Larissa Teixeira Pereira,larissa.teixeira.pereira.19922@example.com,Santos,Assistente comercial,55,27382116213
Sandra Oliveira Nascimento,sandra.oliveira.nascimento.19923@example.com,Goiânia,Eletricista,48,74433370749
Otávio Monteiro Barbosa,otavio.monteiro.barbosa.19924@example.com,Rondonópolis,Gerente comercial,62,18948279340
Pedro Araújo Monteiro,pedro.araujo.monteiro.19925@example.com,Cuiabá,Chefe de compras,49,65684594131
Aline Castro Pereira,aline.castro.pereira.19926@example.com,Campinas,Professor,70,41380805290
Beatriz Carvalho Rocha,beatriz.carvalho.rocha.19927@example.com,Santos,Contador,67,46062510221
Ana Pereira Santos,ana.pereira.santos.19928@example.com,Cuiabá,Engenheiro civil,27,83781731622
Vitória Dias Alves,vitoria.dias.alves.19929@example.com,Porto Alegre,Gerente de tecnologia,35,42694222965
Larissa Freitas Santos,larissa.freitas.santos.19930@example.com,Joinville,Coordenador de logística,35,02415729479
Fernanda Castro Gomes,fernanda.castro.gomes.19931@example.com,Fortaleza,Pedreiro,41,15520671667
Bruno Lima Teixeira,bruno.lima.teixeira.19932@example.com,Salvador,Gerente de tecnologia,68,87215066015
Letícia Almeida Fernandes,leticia.almeida.fernandes.19933@example.com,Campinas,Diretor comercial,62,42758710030
Vitória Almeida Costa,vitoria.almeida.costa.19934@example.com,Londrina,Estoquista,63,06392668151
Leonardo Dias Barbosa,leonardo.dias.barbosa.19935@example.com,Vitória,Motorista,19,45399205680
Rafael Barros Cardoso,rafael.barros.cardoso.19936@example.com,Rondonópolis,Coordenador de marketing,66,07506441453
Henrique Costa Martins,henrique.costa.martins.19937@example.com,Dourados,Assistente comercial,62,07531545412
Henrique Gomes Rocha,henrique.gomes.rocha.19938@example.com,Florianópolis,Professor,61,77392121764
Carolina Alves Gomes,carolina.alves.gomes.19939@example.com,Goiânia,Padeiro,53,91863296202
João Oliveira Alves,joao.oliveira.alves.19940@example.com,Fortaleza,Chefe de departamento pessoal,63,75203746193
Ricardo Santos Carvalho,ricardo.santos.carvalho.19941@example.com,Florianópolis,Recepcionista,56,92058821241
Fernanda Moreira Barbosa,fernanda.moreira.barbosa.19942@example.com,Goiânia,Técnico de segurança do trabalho,26,67636539617
Gustavo Souza Fernandes,gustavo.souza.fernandes.19943@example.com,Dourados,Técnico de segurança do trabalho,53,15630384249
Simone Freitas Martins,simone.freitas.martins.19944@example.com,Belo Horizonte,Coordenador de logística,61,53813029277
José Martins Rocha,jose.martins.rocha.19945@example.com,Caxias do Sul,Encarregado de produção,61,33296388271
Eduardo Castro Pereira,eduardo.castro.pereira.19946@example.com,Campo Grande,Arquiteto,32,93770125104
Bruno Almeida Souza,bruno.almeida.souza.19947@example.com,Salvador,Arquiteto,42,72622302308
Tatiane Moreira Costa,tatiane.moreira.costa.19948@example.com,Joinville,Professor,26,78313174557
Gabriel Rodrigues Rodrigues,gabriel.rodrigues.rodrigues.19949@example.com,São Paulo,Advogado,70,53921150932
Aline Martins Ribeiro,aline.martins.ribeiro.19950@example.com,Sorocaba,Gerente de operações,52,44953582817
Aline Cardoso Monteiro,aline.cardoso.monteiro.19951@example.com,Londrina,Diretor comercial,34,66808694300
Luana Almeida Martins,luana.almeida.martins.19952@example.com,Santos,Assistente administrativo,30,85534484897
Aline Ribeiro Rodrigues,aline.ribeiro.rodrigues.19953@example.com,Recife,Coordenador de produção,41,29419075527
Gustavo Carvalho Martins,gustavo.carvalho.martins.19954@example.com,São Paulo,Chefe de compras,26,02460857298
Eduardo Cardoso Costa,eduardo.cardoso.costa.19955@example.com,Recife,Coordenador de logística,19,56305726333
Débora Almeida Carvalho,debora.almeida.carvalho.19956@example.com,Rondonópolis,Analista de marketing,50,39556966510
Gustavo Fernandes Santos,gustavo.fernandes.santos.19957@example.com,Dourados,Contador,65,48036561895
Letícia Fernandes Almeida,leticia.fernandes.almeida.19958@example.com,Porto Alegre,Fisioterapeuta,65,68410934029
Renata Silva Ribeiro,renata.silva.ribeiro.19959@example.com,Campinas,Comprador,30,11508930827
Daniela Rodrigues Santos,daniela.rodrigues.santos.19960@example.com,Salvador,Analista de recursos humanos,50,25397121330
Henrique Teixeira Costa,henrique.teixeira.costa.19961@example.com,Joinville,Chefe de compras,43,07017150529
Fernanda Carvalho Gomes,fernanda.carvalho.gomes.19962@example.com,Sorocaba,Assistente administrativo,19,22389236081
Larissa Castro Oliveira,larissa.castro.oliveira.19963@example.com,Curitiba,Gerente de tecnologia,37,44311793861
Igor Martins Silva,igor.martins.silva.19964@example.com,Belém,Vendedor,27,41387996134
Simone Pereira Lima,simone.pereira.lima.19965@example.com,Niterói,Supervisor de manutenção,20,92940492470
Lucas Monteiro Teixeira,lucas.monteiro.teixeira.19966@example.com,Sorocaba,Analista de dados,21,86080456910
Marcelo Pereira Dias,marcelo.pereira.dias.19967@example.com,Salvador,Gerente comercial,47,87959767022
Mariana Barbosa Gomes,mariana.barbosa.gomes.19968@example.com,Uberlândia,Contador,65,31719573726
Simone Almeida Cardoso,simone.almeida.cardoso.19969@example.com,Dourados,Padeiro,42,52999522406
Aline Rodrigues Moreira,aline.rodrigues.moreira.19970@example.com,Porto Alegre,Recepcionista,53,95371734200
Bruno Santos Castro,bruno.santos.castro.19971@example.com,Joinville,Auxiliar de produção,43,95557091018
Mariana Rodrigues Costa,mariana.rodrigues.costa.19972@example.com,Uberlândia,Operador de caixa,21,59653255998
Larissa Rocha Freitas,larissa.rocha.freitas.19973@example.com,Caxias do Sul,Chefe de departamento pessoal,18,39933896526
Sérgio Gomes Araújo,sergio.gomes.araujo.19974@example.com,Porto Alegre,Jornalista,50,72563216115
Igor Dias Freitas,igor.dias.freitas.19975@example.com,São Paulo,Vendedor,29,78184765662
Marcelo Teixeira Lima,marcelo.teixeira.lima.19976@example.com,Belém,Engenheiro civil,63,82988151615
Gabriel Almeida Lima,gabriel.almeida.lima.19977@example.com,Maringá,Enfermeiro,34,00987392919
Tatiane Rocha Dias,tatiane.rocha.dias.19978@example.com,Porto Alegre,Chefe de departamento pessoal,18,53438393955
Igor Lima Martins,igor.lima.martins.19979@example.com,Belo Horizonte,Gerente de operações,35,17380164893
Eduardo Santos Martins,eduardo.santos.martins.19980@example.com,Londrina,Vendedor,32,50744348821
Mariana Mendes Rocha,mariana.mendes.rocha.19981@example.com,São Paulo,Pedreiro,41,75348378011
Pedro Carvalho Araújo,pedro.carvalho.araujo.19982@example.com,Porto Alegre,Diretor de operações,58,96189446595
Diego Almeida Monteiro,diego.almeida.monteiro.19983@example.com,Campinas,Coordenador de logística,51,05984854283
Luana Dias Carvalho,luana.dias.carvalho.19984@example.com,Belo Horizonte,Analista financeiro,68,60728738045
Otávio Castro Monteiro,otavio.castro.monteiro.19985@example.com,Campo Grande,Auxiliar de produção,45,80892817597
Bruno Monteiro Rocha,bruno.monteiro.rocha.19986@example.com,Santos,Pedreiro,70,38390041364
Beatriz Monteiro Rocha,beatriz.monteiro.rocha.19987@example.com,Sorocaba,Operador de caixa,18,54312236650
Otávio Almeida Teixeira,otavio.almeida.teixeira.19988@example.com,Santos,Coordenador de logística,34,90732288396
José Mendes Silva,jose.mendes.silva.19989@example.com,Florianópolis,Fisioterapeuta,70,33460966500
Diego Monteiro Cardoso,diego.monteiro.cardoso.19990@example.com,Caxias do Sul,Recepcionista,40,86617824088
Ana Almeida Fernandes,ana.almeida.fernandes.19991@example.com,Sorocaba,Supervisor de qualidade,30,01505187934
Mariana Almeida Nascimento,mariana.almeida.nascimento.19992@example.com,Uberlândia,Motorista,26,23401275485
Gabriela Cardoso Alves,gabriela.cardoso.alves.19993@example.com,Goiânia,Coordenador de marketing,20,13098108942
Tatiane Costa Oliveira,tatiane.costa.oliveira.19994@example.com,Rio de Janeiro,Engenheiro civil,26,20145242290
Pedro Martins Moreira,pedro.martins.moreira.19995@example.com,Porto Alegre,Assistente administrativo,20,00937756344
Marcelo Dias Teixeira,marcelo.dias.teixeira.19996@example.com,Santos,Gerente de operações,37,01697996217
Gabriel Souza Souza,gabriel.souza.souza.19997@example.com,Londrina,Chefe de compras,30,96269934064
Pedro Pereira Barbosa,pedro.pereira.barbosa.19998@example.com,Dourados,Jornalista,38,25638879107
Aline Gomes Martins,aline.gomes.martins.19999@example.com,Belo Horizonte,Coordenador de logística,51,04433589419
Tatiane Rodrigues Almeida,tatiane.rodrigues.almeida.20000@example.com,Porto Alegre,Diretor comercial,51,78838759688
Letícia Nascimento Fernandes,leticia.nascimento.fernandes.20001@example.com,Campo Grande,Analista de recursos humanos,44,54441173054
Vinícius Lima Souza,vinicius.lima.souza.20002@example.com,Niterói,Coordenador de marketing,35,65601357444
Renata Rocha Santos,renata.rocha.santos.20003@example.com,São Paulo,Programador,41,49010162593
Juliana Santos Barbosa,juliana.santos.barbosa.20004@example.com,Porto Alegre,Mecânico,30,71887312073
Paulo Monteiro Barbosa,paulo.monteiro.barbosa.20005@example.com,Caxias do Sul,Analista de recursos humanos,49,43133949501
Patrícia Martins Oliveira,patricia.martins.oliveira.20006@example.com,Florianópolis,Auxiliar de produção,29,66967085983
Sérgio Nascimento Monteiro,sergio.nascimento.monteiro.20007@example.com,Belém,Cozinheiro,46,49485419984
Débora Silva Ribeiro,debora.silva.ribeiro.20008@example.com,Niterói,Farmacêutico,31,60339027371
Patrícia Teixeira Oliveira,patricia.teixeira.oliveira.20009@example.com,Londrina,Cozinheiro,58,15501832944
Larissa Martins Rocha,larissa.martins.rocha.20010@example.com,Natal,Assistente administrativo,47,82435142792
Gabriela Lima Pereira,gabriela.lima.pereira.20011@example.com,Curitiba,Técnico de enfermagem,60,55544602914
Bruno Barbosa Teixeira,bruno.barbosa.teixeira.20012@example.com,Natal,Farmacêutico,62,32256824027
Luana Martins Fernandes,luana.martins.fernandes.20013@example.com,Belém,Mecânico,45,36841160181
Beatriz Santos Araújo,beatriz.santos.araujo.20014@example.com,Fortaleza,Farmacêutico,59,35561265088
Luana Teixeira Fernandes,luana.teixeira.fernandes.20015@example.com,Campinas,Analista de marketing,48,76746197627
José Souza Gomes,jose.souza.gomes.20016@example.com,Santos,Contador,27,35192477502
Diego Barbosa Rocha,diego.barbosa.rocha.20017@example.com,Rondonópolis,Assistente administrativo,67,12175618398
Luana Freitas Martins,luana.freitas.martins.20018@example.com,Porto Alegre,Gerente de tecnologia,42,23029347593
Otávio Dias Almeida,otavio.dias.almeida.20019@example.com,Joinville,Chefe de departamento pessoal,20,79110203133
Eduardo Almeida Martins,eduardo.almeida.martins.20020@example.com,São Paulo,Coordenador administrativo,41,84746517131
Ricardo Alves Araújo,ricardo.alves.araujo.20021@example.com,Belo Horizonte,Gerente de recursos humanos,65,31237406459
Henrique Castro Alves,henrique.castro.alves.20022@example.com,Belo Horizonte,Operador de caixa,21,18250518103
Carlos Costa Silva,carlos.costa.silva.20023@example.com,Campinas,Enfermeiro,49,27576728196
Larissa Dias Rocha,larissa.dias.rocha.20024@example.com,Rio de Janeiro,Gerente de recursos humanos,28,94367811403
Igor Dias Monteiro,igor.dias.monteiro.20025@example.com,Niterói,Motorista,20,74014298565
Amanda Lima Monteiro,amanda.lima.monteiro.20026@example.com,Rondonópolis,Farmacêutico,59,10273628077
Gabriela Castro Moreira,gabriela.castro.moreira.20027@example.com,Rio de Janeiro,Técnico de segurança do trabalho,40,46193585427
Ricardo Alves Rodrigues,ricardo.alves.rodrigues.20028@example.com,Natal,Supervisor de qualidade,45,67498689930
Amanda Teixeira Alves,amanda.teixeira.alves.20029@example.com,Rio de Janeiro,Padeiro,62,89718540336
Beatriz Ribeiro Alves,beatriz.ribeiro.alves.20030@example.com,Porto Alegre,Enfermeiro,59,48674596906
João Santos Souza,joao.santos.souza.20031@example.com,Manaus,Operador de caixa,47,78233154897
Beatriz Teixeira Alves,beatriz.teixeira.alves.20032@example.com,Goiânia,Advogado,47,96739884971
Simone Almeida Oliveira,simone.almeida.oliveira.20033@example.com,Florianópolis,Analista financeiro,48,01748592005
Eduardo Barros Lima,eduardo.barros.lima.20034@example.com,Rondonópolis,Assistente comercial,49,61273442518
Simone Alves Santos,simone.alves.santos.20035@example.com,Natal,Analista de dados,31,07088712823
Ricardo Rodrigues Freitas,ricardo.rodrigues.freitas.20036@example.com,Dourados,Analista de marketing,35,34595731781
Fernanda Barros Costa,fernanda.barros.costa.20037@example.com,Vitória,Analista financeiro,55,73156597841
Lucas Castro Santos,lucas.castro.santos.20038@example.com,Brasília,Arquiteto,64,62492715560
Gabriel Souza Gomes,gabriel.souza.gomes.20039@example.com,Belo Horizonte,Coordenador administrativo,69,79219509696
Igor Silva Freitas,igor.silva.freitas.20040@example.com,Fortaleza,Pedreiro,22,10026075194
Larissa Mendes Freitas,larissa.mendes.freitas.20041@example.com,Campo Grande,Gerente de recursos humanos,46,24539747778
Rafael Silva Alves,rafael.silva.alves.20042@example.com,São Paulo,Professor,68,76993400837
Paulo Teixeira Cardoso,paulo.teixeira.cardoso.20043@example.com,Belém,Assistente administrativo,24,32152734293
Fernanda Carvalho Martins,fernanda.carvalho.martins.20044@example.com,Cuiabá,Assistente administrativo,50,58306697890
Tatiane Teixeira Carvalho,tatiane.teixeira.carvalho.20045@example.com,Belém,Advogado,47,70473786108
Patrícia Barbosa Almeida,patricia.barbosa.almeida.20046@example.com,Natal,Gerente comercial,48,03082194403
Vanessa Rodrigues Cardoso,vanessa.rodrigues.cardoso.20047@example.com,Salvador,Chefe de departamento pessoal,36,90721947829
Bruno Cardoso Cardoso,bruno.cardoso.cardoso.20048@example.com,Caxias do Sul,Padeiro,50,05590063686
Paulo Monteiro Castro,paulo.monteiro.castro.20049@example.com,Fortaleza,Supervisor de atendimento,56,24300218955
Thiago Ribeiro Carvalho,thiago.ribeiro.carvalho.20050@example.com,Brasília,Diretor de operações,29,46736052102
Rafael Oliveira Silva,rafael.oliveira.silva.20051@example.com,Campo Grande,Mecânico,39,50397332903
Lucas Barbosa Rodrigues,lucas.barbosa.rodrigues.20052@example.com,Campo Grande,Contador,39,57330986606
Nicolas Carvalho Carvalho,nicolas.carvalho.carvalho.20053@example.com,Maringá,Supervisor de manutenção,22,19536888217
Patrícia Araújo Nascimento,patricia.araujo.nascimento.20054@example.com,Joinville,Advogado,29,91347009501
Gustavo Barbosa Mendes,gustavo.barbosa.mendes.20055@example.com,Rio de Janeiro,Chefe de departamento pessoal,20,07772013334
Rafael Costa Ribeiro,rafael.costa.ribeiro.20056@example.com,Manaus,Jornalista,59,67169097830
Leonardo Lima Gomes,leonardo.lima.gomes.20057@example.com,Recife,Eletricista,70,47666903022
Rafael Souza Fernandes,rafael.souza.fernandes.20058@example.com,Manaus,Técnico de enfermagem,40,54960326536
Gabriela Dias Rodrigues,gabriela.dias.rodrigues.20059@example.com,Rio de Janeiro,Farmacêutico,62,56965513967
Gabriela Silva Almeida,gabriela.silva.almeida.20060@example.com,Brasília,Eletricista,50,81113804053
Gustavo Mendes Fernandes,gustavo.mendes.fernandes.20061@example.com,Florianópolis,Enfermeiro,30,27607962371
Daniela Barros Teixeira,daniela.barros.teixeira.20062@example.com,Campinas,Analista financeiro,20,56012764119
Gabriel Freitas Teixeira,gabriel.freitas.teixeira.20063@example.com,Florianópolis,Supervisor de qualidade,60,36532420468
Eduardo Santos Rodrigues,eduardo.santos.rodrigues.20064@example.com,Belo Horizonte,Padeiro,25,06517771817
Carlos Ribeiro Castro,carlos.ribeiro.castro.20065@example.com,Curitiba,Gerente de recursos humanos,62,38316988520
Gabriela Silva Fernandes,gabriela.silva.fernandes.20066@example.com,Caxias do Sul,Diretor de operações,28,69464325162
José Lima Rodrigues,jose.lima.rodrigues.20067@example.com,Belém,Arquiteto,52,95409279748
Tatiane Alves Araújo,tatiane.alves.araujo.20068@example.com,Campo Grande,Diretor de operações,31,35119251706
Gabriela Gomes Costa,gabriela.gomes.costa.20069@example.com,Niterói,Técnico de segurança do trabalho,41,23944966771
Larissa Souza Barros,larissa.souza.barros.20070@example.com,Belém,Programador,37,94251579765
José Rocha Santos,jose.rocha.santos.20071@example.com,Brasília,Diretor comercial,59,41464984840
Henrique Ribeiro Santos,henrique.ribeiro.santos.20072@example.com,Curitiba,Auxiliar de produção,23,56280858670
Priscila Gomes Souza,priscila.gomes.souza.20073@example.com,Brasília,Analista de marketing,32,05282202097
Bruno Silva Gomes,bruno.silva.gomes.20074@example.com,Curitiba,Supervisor de atendimento,40,18022192432
Amanda Nascimento Almeida,amanda.nascimento.almeida.20075@example.com,Vitória,Assistente administrativo,47,85596274742
Letícia Castro Fernandes,leticia.castro.fernandes.20076@example.com,Caxias do Sul,Diretor comercial,38,45186475997
Patrícia Martins Castro,patricia.martins.castro.20077@example.com,Dourados,Padeiro,61,05558332877
Rafael Silva Freitas,rafael.silva.freitas.20078@example.com,Campinas,Eletricista,65,43671984172
Simone Lima Almeida,simone.lima.almeida.20079@example.com,Niterói,Mecânico,70,15293729682
Rafael Costa Teixeira,rafael.costa.teixeira.20080@example.com,Belém,Supervisor de qualidade,65,24438847493
Vitória Mendes Almeida,vitoria.mendes.almeida.20081@example.com,Caxias do Sul,Pedreiro,38,26660412748
Carolina Martins Ribeiro,carolina.martins.ribeiro.20082@example.com,Salvador,Arquiteto,35,67759088624
Pedro Moreira Carvalho,pedro.moreira.carvalho.20083@example.com,São Paulo,Operador de caixa,31,79901139111
Vitória Rodrigues Cardoso,vitoria.rodrigues.cardoso.20084@example.com,Joinville,Coordenador administrativo,43,65138794389
Eduardo Castro Costa,eduardo.castro.costa.20085@example.com,Maringá,Engenheiro civil,34,74322257383
Débora Martins Monteiro,debora.martins.monteiro.20086@example.com,Goiânia,Operador de caixa,63,73941792685
Letícia Pereira Moreira,leticia.pereira.moreira.20087@example.com,Sorocaba,Encarregado de produção,52,94218064777
Gabriela Alves Ribeiro,gabriela.alves.ribeiro.20088@example.com,São Paulo,Designer gráfico,62,56503294415
Mariana Mendes Gomes,mariana.mendes.gomes.20089@example.com,Manaus,Arquiteto,26,60008210984
Daniela Nascimento Barbosa,daniela.nascimento.barbosa.20090@example.com,Joinville,Jornalista,23,23936711534
Camila Martins Carvalho,camila.martins.carvalho.20091@example.com,Niterói,Cozinheiro,27,10341562431
Daniela Martins Castro,daniela.martins.castro.20092@example.com,Maringá,Líder de equipe,37,17582354058
Luana Cardoso Dias,luana.cardoso.dias.20093@example.com,Natal,Fisioterapeuta,21,74556067085
Eduardo Martins Souza,eduardo.martins.souza.20094@example.com,Fortaleza,Gerente financeiro,59,27669971565
Pedro Rocha Araújo,pedro.rocha.araujo.20095@example.com,Porto Alegre,Diretor comercial,31,70288466803
Larissa Oliveira Freitas,larissa.oliveira.freitas.20096@example.com,Uberlândia,Supervisor de manutenção,18,57124543460
Paulo Nascimento Carvalho,paulo.nascimento.carvalho.20097@example.com,Florianópolis,Líder de equipe,39,62346386591
Amanda Gomes Ribeiro,amanda.gomes.ribeiro.20098@example.com,São Paulo,Mecânico,42,04345807570
José Moreira Cardoso,jose.moreira.cardoso.20099@example.com,Londrina,Chefe de compras,53,89454353751
Beatriz Oliveira Alves,beatriz.oliveira.alves.20100@example.com,Uberlândia,Supervisor de vendas,55,94210298513
Carolina Alves Santos,carolina.alves.santos.20101@example.com,Dourados,Enfermeiro,57,44664643269
Eduardo Castro Gomes,eduardo.castro.gomes.20102@example.com,Goiânia,Advogado,22,04100472981
Bruno Souza Costa,bruno.souza.costa.20103@example.com,Belém,Analista de dados,38,92472007130
Mariana Souza Santos,mariana.souza.santos.20104@example.com,Campinas,Coordenador administrativo,50,17230594767
Marcelo Nascimento Barbosa,marcelo.nascimento.barbosa.20105@example.com,Sorocaba,Jornalista,63,91272528625
José Cardoso Moreira,jose.cardoso.moreira.20106@example.com,Manaus,Diretor de operações,38,73308383489
Sandra Santos Mendes,sandra.santos.mendes.20107@example.com,Rio de Janeiro,Designer gráfico,51,65384650928
Gabriela Araújo Dias,gabriela.araujo.dias.20108@example.com,Campinas,Coordenador de produção,39,93882677251
Simone Costa Pereira,simone.costa.pereira.20109@example.com,Campo Grande,Farmacêutico,29,42979673030
Sérgio Pereira Freitas,sergio.pereira.freitas.20110@example.com,Brasília,Coordenador de marketing,62,23623407834
Débora Barros Silva,debora.barros.silva.20111@example.com,Curitiba,Supervisor de vendas,44,24593926733
Henrique Pereira Castro,henrique.pereira.castro.20112@example.com,Brasília,Atendente,25,64389629839
José Gomes Castro,jose.gomes.castro.20113@example.com,Uberlândia,Gerente de operações,69,22869542242
Priscila Araújo Teixeira,priscila.araujo.teixeira.20114@example.com,Rio de Janeiro,Analista de dados,19,20585475098
Larissa Alves Freitas,larissa.alves.freitas.20115@example.com,Cuiabá,Arquiteto,53,63050823799
Renata Oliveira Barbosa,renata.oliveira.barbosa.20116@example.com,Florianópolis,Técnico de enfermagem,36,30660854009
Sandra Lima Moreira,sandra.lima.moreira.20117@example.com,Brasília,Designer gráfico,70,10862187872
Gabriela Rodrigues Monteiro,gabriela.rodrigues.monteiro.20118@example.com,Londrina,Técnico de segurança do trabalho,41,00174039980
Igor Barbosa Dias,igor.barbosa.dias.20119@example.com,Curitiba,Técnico de enfermagem,31,48684811329
Henrique Rocha Fernandes,henrique.rocha.fernandes.20120@example.com,Joinville,Professor,52,97888438077
Bruno Nascimento Oliveira,bruno.nascimento.oliveira.20121@example.com,Belém,Eletricista,41,40555396988
Gustavo Souza Rocha,gustavo.souza.rocha.20122@example.com,Manaus,Coordenador administrativo,57,02962560487
Thiago Ribeiro Fernandes,thiago.ribeiro.fernandes.20123@example.com,Goiânia,Gerente de operações,69,53606902285
Ana Santos Gomes,ana.santos.gomes.20124@example.com,Sorocaba,Diretor comercial,68,58433722962
Camila Barbosa Monteiro,camila.barbosa.monteiro.20125@example.com,Recife,Coordenador de logística,61,54064050969
Ricardo Alves Gomes,ricardo.alves.gomes.20126@example.com,Campinas,Fisioterapeuta,49,47304093890
Gabriela Rodrigues Lima,gabriela.rodrigues.lima.20127@example.com,Niterói,Eletricista,55,73420025981
José Oliveira Barros,jose.oliveira.barros.20128@example.com,Campinas,Diretor comercial,20,26904214135
Débora Santos Cardoso,debora.santos.cardoso.20129@example.com,Dourados,Gerente comercial,19,07966886395
Carlos Pereira Teixeira,carlos.pereira.teixeira.20130@example.com,Salvador,Corretor de imóveis,29,79952965245
Luana Monteiro Gomes,luana.monteiro.gomes.20131@example.com,Manaus,Comprador,63,53410663464
Larissa Monteiro Barbosa,larissa.monteiro.barbosa.20132@example.com,Florianópolis,Gerente de tecnologia,55,09144527291
Diego Costa Moreira,diego.costa.moreira.20133@example.com,São Paulo,Atendente,36,04690890170
João Barbosa Teixeira,joao.barbosa.teixeira.20134@example.com,Florianópolis,Professor,23,41590752684
Eduardo Souza Dias,eduardo.souza.dias.20135@example.com,Uberlândia,Encarregado de produção,26,89230996963
Letícia Nascimento Teixeira,leticia.nascimento.teixeira.20136@example.com,Campo Grande,Auxiliar de produção,61,06822366172
Luana Martins Alves,luana.martins.alves.20137@example.com,Natal,Engenheiro civil,51,96459503463
Vinícius Lima Freitas,vinicius.lima.freitas.20138@example.com,Natal,Fisioterapeuta,47,05531825673
Larissa Carvalho Rocha,larissa.carvalho.rocha.20139@example.com,Sorocaba,Gerente comercial,25,43604239842
Marcelo Moreira Carvalho,marcelo.moreira.carvalho.20140@example.com,Caxias do Sul,Enfermeiro,53,69849171548
Daniela Dias Barros,daniela.dias.barros.20141@example.com,Belém,Enfermeiro,59,88917764788
Vanessa Mendes Mendes,vanessa.mendes.mendes.20142@example.com,Uberlândia,Nutricionista,29,83117604144
Gabriel Freitas Silva,gabriel.freitas.silva.20143@example.com,Belo Horizonte,Supervisor de qualidade,21,80814384476
Felipe Pereira Oliveira,felipe.pereira.oliveira.20144@example.com,São Paulo,Enfermeiro,60,93989907972
Ricardo Oliveira Rocha,ricardo.oliveira.rocha.20145@example.com,Fortaleza,Gerente de tecnologia,47,30716716696
Rafael Barbosa Costa,rafael.barbosa.costa.20146@example.com,Fortaleza,Padeiro,57,58484589563
Aline Costa Barbosa,aline.costa.barbosa.20147@example.com,Goiânia,Chefe de compras,33,14673159832
Marcelo Dias Dias,marcelo.dias.dias.20148@example.com,Recife,Gerente comercial,64,00821381630
Gabriela Martins Oliveira,gabriela.martins.oliveira.20149@example.com,Rondonópolis,Supervisor de qualidade,49,44182176280
Henrique Teixeira Martins,henrique.teixeira.martins.20150@example.com,Santos,Operador de caixa,66,86194462304
Vitória Alves Souza,vitoria.alves.souza.20151@example.com,Caxias do Sul,Supervisor de vendas,63,55339515588
Carolina Silva Almeida,carolina.silva.almeida.20152@example.com,Rondonópolis,Chefe de compras,44,80897521273
Gabriela Nascimento Costa,gabriela.nascimento.costa.20153@example.com,Dourados,Recepcionista,26,98644334431
Débora Fernandes Alves,debora.fernandes.alves.20154@example.com,Rondonópolis,Arquiteto,33,69424070823
Priscila Mendes Nascimento,priscila.mendes.nascimento.20155@example.com,Vitória,Coordenador de marketing,61,36338117989
Igor Barros Fernandes,igor.barros.fernandes.20156@example.com,Campinas,Advogado,47,98108850562
Tatiane Araújo Rodrigues,tatiane.araujo.rodrigues.20157@example.com,Santos,Corretor de imóveis,40,27396729042
Letícia Martins Souza,leticia.martins.souza.20158@example.com,Niterói,Gerente financeiro,54,85645254339
Simone Teixeira Santos,simone.teixeira.santos.20159@example.com,Recife,Analista financeiro,65,38655422779
Ana Nascimento Souza,ana.nascimento.souza.20160@example.com,Vitória,Farmacêutico,51,95805124347
Juliana Dias Araújo,juliana.dias.araujo.20161@example.com,Cuiabá,Cozinheiro,22,69768452451
José Gomes Carvalho,jose.gomes.carvalho.20162@example.com,Campo Grande,Técnico de segurança do trabalho,43,95048829660
Ricardo Ribeiro Alves,ricardo.ribeiro.alves.20163@example.com,Londrina,Gerente comercial,47,37695105357
Carolina Carvalho Teixeira,carolina.carvalho.teixeira.20164@example.com,Florianópolis,Eletricista,48,99293150367
Leonardo Costa Rodrigues,leonardo.costa.rodrigues.20165@example.com,Rondonópolis,Gerente de tecnologia,29,42732366034
Débora Santos Fernandes,debora.santos.fernandes.20166@example.com,Salvador,Cozinheiro,37,60866256977
Sandra Souza Carvalho,sandra.souza.carvalho.20167@example.com,Porto Alegre,Pedreiro,25,81818095500
Sandra Monteiro Castro,sandra.monteiro.castro.20168@example.com,Joinville,Contador,49,93596602412
Gustavo Costa Santos,gustavo.costa.santos.20169@example.com,Cuiabá,Designer gráfico,61,43829099006
Rafael Martins Oliveira,rafael.martins.oliveira.20170@example.com,Joinville,Cozinheiro,46,16157243747
Simone Santos Dias,simone.santos.dias.20171@example.com,Sorocaba,Analista de dados,23,05103231868
Thiago Santos Barros,thiago.santos.barros.20172@example.com,Rio de Janeiro,Analista de dados,54,59341709816
Ana Nascimento Carvalho,ana.nascimento.carvalho.20173@example.com,Belém,Mecânico,60,28877306975
Henrique Souza Nascimento,henrique.souza.nascimento.20174@example.com,Porto Alegre,Farmacêutico,19,78743835446
Vitória Almeida Ribeiro,vitoria.almeida.ribeiro.20175@example.com,Joinville,Motorista,29,42250092240
Leonardo Nascimento Barros,leonardo.nascimento.barros.20176@example.com,Maringá,Supervisor de manutenção,66,15196738140
João Rocha Teixeira,joao.rocha.teixeira.20177@example.com,Vitória,Enfermeiro,61,72848265973
Diego Oliveira Freitas,diego.oliveira.freitas.20178@example.com,Niterói,Coordenador de marketing,70,06575109987
Ana Moreira Alves,ana.moreira.alves.20179@example.com,Porto Alegre,Coordenador de marketing,57,94459675801
Letícia Costa Souza,leticia.costa.souza.20180@example.com,Vitória,Nutricionista,52,03884972199
Nicolas Teixeira Cardoso,nicolas.teixeira.cardoso.20181@example.com,Curitiba,Supervisor de atendimento,66,37739307884
Beatriz Mendes Santos,beatriz.mendes.santos.20182@example.com,Curitiba,Analista de recursos humanos,43,73543596680
Juliana Nascimento Freitas,juliana.nascimento.freitas.20183@example.com,Belo Horizonte,Chefe de almoxarifado,38,37962800101
Paulo Rocha Cardoso,paulo.rocha.cardoso.20184@example.com,Manaus,Assistente administrativo,55,93853665763
Leonardo Fernandes Almeida,leonardo.fernandes.almeida.20185@example.com,Natal,Supervisor de qualidade,64,44216783141
Paulo Cardoso Ribeiro,paulo.cardoso.ribeiro.20186@example.com,Porto Alegre,Diretor comercial,60,22389370440
Marcelo Costa Mendes,marcelo.costa.mendes.20187@example.com,Londrina,Auxiliar de produção,62,57566393276
Priscila Freitas Santos,priscila.freitas.santos.20188@example.com,Niterói,Recepcionista,31,65248018823
Marcelo Almeida Rodrigues,marcelo.almeida.rodrigues.20189@example.com,Sorocaba,Chefe de almoxarifado,44,04149786157
Bruno Oliveira Silva,bruno.oliveira.silva.20190@example.com,Rondonópolis,Técnico em informática,68,11280492782
Paulo Fernandes Rocha,paulo.fernandes.rocha.20191@example.com,Porto Alegre,Analista de marketing,63,41445726011
Tatiane Barros Fernandes,tatiane.barros.fernandes.20192@example.com,Brasília,Coordenador de logística,47,42161740951
Bruno Araújo Rocha,bruno.araujo.rocha.20193@example.com,Campinas,Operador de caixa,62,84950558835
Vinícius Almeida Carvalho,vinicius.almeida.carvalho.20194@example.com,São Paulo,Analista financeiro,68,36405582227
Juliana Barros Gomes,juliana.barros.gomes.20195@example.com,Natal,Estoquista,42,16930620204
Rafael Mendes Teixeira,rafael.mendes.teixeira.20196@example.com,Brasília,Chefe de departamento pessoal,42,14347830180
Tatiane Rodrigues Mendes,tatiane.rodrigues.mendes.20197@example.com,Rio de Janeiro,Recepcionista,62,58122814191
Thiago Dias Castro,thiago.dias.castro.20198@example.com,Rondonópolis,Designer gráfico,37,94961366903
Larissa Costa Cardoso,larissa.costa.cardoso.20199@example.com,Florianópolis,Encarregado de produção,23,50893005165
Aline Lima Cardoso,aline.lima.cardoso.20200@example.com,Rio de Janeiro,Arquiteto,33,19261122256
Leonardo Araújo Nascimento,leonardo.araujo.nascimento.20201@example.com,Sorocaba,Auxiliar de produção,48,29172568913
José Alves Martins,jose.alves.martins.20202@example.com,Campinas,Chefe de departamento pessoal,32,29920584960
Camila Fernandes Mendes,camila.fernandes.mendes.20203@example.com,São Paulo,Programador,60,65779117469
Gabriela Mendes Alves,gabriela.mendes.alves.20204@example.com,Recife,Gerente de tecnologia,18,61710499805
Rafael Pereira Teixeira,rafael.pereira.teixeira.20205@example.com,Goiânia,Mecânico,58,24152654802
Carolina Gomes Cardoso,carolina.gomes.cardoso.20206@example.com,Santos,Designer gráfico,64,62192674802
Vinícius Martins Castro,vinicius.martins.castro.20207@example.com,Caxias do Sul,Coordenador de marketing,66,07402636433
Letícia Costa Almeida,leticia.costa.almeida.20208@example.com,Niterói,Chefe de departamento pessoal,37,97995033786
Fernanda Ribeiro Cardoso,fernanda.ribeiro.cardoso.20209@example.com,Rondonópolis,Supervisor de qualidade,56,01312825306
Larissa Barros Teixeira,larissa.barros.teixeira.20210@example.com,Belém,Chefe de departamento pessoal,70,69104877460
José Barros Monteiro,jose.barros.monteiro.20211@example.com,Porto Alegre,Encarregado de produção,52,08446557840
Sandra Araújo Gomes,sandra.araujo.gomes.20212@example.com,Florianópolis,Gerente comercial,18,06189032426
Gustavo Alves Araújo,gustavo.alves.araujo.20213@example.com,Rondonópolis,Diretor comercial,59,87651791085
Carlos Barbosa Souza,carlos.barbosa.souza.20214@example.com,Joinville,Mecânico,62,73437268142
Otávio Moreira Silva,otavio.moreira.silva.20215@example.com,Niterói,Técnico em informática,21,51998767981
José Mendes Barbosa,jose.mendes.barbosa.20216@example.com,Vitória,Advogado,69,65871313362
Gabriela Teixeira Alves,gabriela.teixeira.alves.20217@example.com,Recife,Vendedor,30,10363119585
Vitória Almeida Gomes,vitoria.almeida.gomes.20218@example.com,Uberlândia,Gerente financeiro,36,92060924104
Marcelo Barros Carvalho,marcelo.barros.carvalho.20219@example.com,Campo Grande,Advogado,47,44860754829
Sérgio Martins Lima,sergio.martins.lima.20220@example.com,Goiânia,Programador,43,16935638077
Sandra Almeida Gomes,sandra.almeida.gomes.20221@example.com,Rondonópolis,Jornalista,39,20839192912
Leonardo Mendes Souza,leonardo.mendes.souza.20222@example.com,Niterói,Fisioterapeuta,34,29536616393
Rafael Silva Freitas,rafael.silva.freitas.20223@example.com,Porto Alegre,Gerente financeiro,48,37466498602
Rafael Cardoso Silva,rafael.cardoso.silva.20224@example.com,Campo Grande,Coordenador de produção,31,05417978345
Daniela Carvalho Mendes,daniela.carvalho.mendes.20225@example.com,Joinville,Padeiro,52,83404570004
Marcelo Nascimento Ribeiro,marcelo.nascimento.ribeiro.20226@example.com,Goiânia,Mecânico,60,15585656906
Gabriel Barros Pereira,gabriel.barros.pereira.20227@example.com,Belém,Gerente comercial,66,16461939178
Paulo Barbosa Cardoso,paulo.barbosa.cardoso.20228@example.com,Uberlândia,Encarregado de produção,66,51908810724
Felipe Souza Souza,felipe.souza.souza.20229@example.com,Cuiabá,Mecânico,63,79929571430
Igor Araújo Martins,igor.araujo.martins.20230@example.com,Campinas,Fisioterapeuta,34,63297870022
João Souza Rodrigues,joao.souza.rodrigues.20231@example.com,Florianópolis,Supervisor de atendimento,20,79304810694
José Rodrigues Monteiro,jose.rodrigues.monteiro.20232@example.com,Sorocaba,Contador,67,54855086574
Vanessa Freitas Fernandes,vanessa.freitas.fernandes.20233@example.com,Curitiba,Pedreiro,19,59441576865
Lucas Silva Dias,lucas.silva.dias.20234@example.com,Brasília,Estoquista,30,35362937063
Larissa Moreira Ribeiro,larissa.moreira.ribeiro.20235@example.com,Manaus,Contador,29,76587811170
Eduardo Ribeiro Freitas,eduardo.ribeiro.freitas.20236@example.com,Manaus,Vendedor,53,50706302434
Igor Oliveira Alves,igor.oliveira.alves.20237@example.com,Londrina,Programador,61,64545229056
Sandra Freitas Almeida,sandra.freitas.almeida.20238@example.com,Belo Horizonte,Gerente comercial,69,82093273734
Sandra Barbosa Teixeira,sandra.barbosa.teixeira.20239@example.com,São Paulo,Comprador,35,45543342229
Marcelo Teixeira Alves,marcelo.teixeira.alves.20240@example.com,Goiânia,Diretor comercial,49,49936396522
Rafael Alves Santos,rafael.alves.santos.20241@example.com,Campinas,Diretor comercial,54,61833024831
Ana Moreira Silva,ana.moreira.silva.20242@example.com,Joinville,Jornalista,53,59659028801
Gustavo Almeida Fernandes,gustavo.almeida.fernandes.20243@example.com,Florianópolis,Farmacêutico,20,35268765508
Gabriel Barbosa Pereira,gabriel.barbosa.pereira.20244@example.com,Cuiabá,Analista financeiro,33,79726488252
Luana Fernandes Freitas,luana.fernandes.freitas.20245@example.com,Natal,Farmacêutico,63,46485451810
Thiago Barros Pereira,thiago.barros.pereira.20246@example.com,Joinville,Coordenador administrativo,61,91742542014
Vinícius Rocha Monteiro,vinicius.rocha.monteiro.20247@example.com,Goiânia,Jornalista,57,21309265428
Camila Gomes Almeida,camila.gomes.almeida.20248@example.com,Londrina,Gerente financeiro,35,92194596391
Vanessa Freitas Nascimento,vanessa.freitas.nascimento.20249@example.com,Maringá,Jornalista,35,35914744345
Igor Almeida Moreira,igor.almeida.moreira.20250@example.com,Belém,Técnico de segurança do trabalho,70,24251578864
Marcelo Teixeira Barbosa,marcelo.teixeira.barbosa.20251@example.com,Cuiabá,Contador,28,33114785594
Camila Pereira Martins,camila.pereira.martins.20252@example.com,Campinas,Contador,35,43806080886
Gabriela Barros Barbosa,gabriela.barros.barbosa.20253@example.com,Porto Alegre,Gerente financeiro,50,83251558778
Juliana Souza Fernandes,juliana.souza.fernandes.20254@example.com,Belém,Gerente de operações,49,30309592354
Gustavo Martins Cardoso,gustavo.martins.cardoso.20255@example.com,Sorocaba,Padeiro,48,08543531070
Gustavo Santos Barbosa,gustavo.santos.barbosa.20256@example.com,Porto Alegre,Programador,36,24013624667
Camila Castro Moreira,camila.castro.moreira.20257@example.com,Campinas,Coordenador administrativo,31,09850198271
Fernanda Carvalho Fernandes,fernanda.carvalho.fernandes.20258@example.com,São Paulo,Supervisor de atendimento,38,26036140808
Vinícius Carvalho Silva,vinicius.carvalho.silva.20259@example.com,Niterói,Supervisor de vendas,20,19685965247
Fernanda Rocha Souza,fernanda.rocha.souza.20260@example.com,Manaus,Coordenador de produção,59,90140870251
José Freitas Mendes,jose.freitas.mendes.20261@example.com,Londrina,Técnico em informática,40,86260303745
João Gomes Alves,joao.gomes.alves.20262@example.com,Campinas,Analista de recursos humanos,63,77852854327
Patrícia Pereira Almeida,patricia.pereira.almeida.20263@example.com,Rio de Janeiro,Encarregado de produção,40,22269930532
Gabriela Teixeira Souza,gabriela.teixeira.souza.20264@example.com,Campinas,Supervisor de atendimento,62,05703371015
Henrique Teixeira Almeida,henrique.teixeira.almeida.20265@example.com,Porto Alegre,Pedreiro,46,53834219721
Beatriz Alves Dias,beatriz.alves.dias.20266@example.com,Rio de Janeiro,Analista de dados,22,15073888565
Carolina Fernandes Carvalho,carolina.fernandes.carvalho.20267@example.com,Porto Alegre,Cozinheiro,36,78090340905
Fernanda Rocha Souza,fernanda.rocha.souza.20268@example.com,Belém,Analista financeiro,34,49617809889
Simone Ribeiro Barros,simone.ribeiro.barros.20269@example.com,Londrina,Assistente comercial,29,82557928619
Carlos Oliveira Souza,carlos.oliveira.souza.20270@example.com,São Paulo,Auxiliar de produção,50,71653440253
Mariana Gomes Carvalho,mariana.gomes.carvalho.20271@example.com,Sorocaba,Líder de equipe,32,12483927157
Camila Silva Silva,camila.silva.silva.20272@example.com,Campo Grande,Analista de recursos humanos,54,74935846023
Vanessa Rocha Santos,vanessa.rocha.santos.20273@example.com,Londrina,Mecânico,66,52380159342
Gabriela Fernandes Araújo,gabriela.fernandes.araujo.20274@example.com,Belo Horizonte,Advogado,39,31706451904
Gustavo Almeida Souza,gustavo.almeida.souza.20275@example.com,Caxias do Sul,Corretor de imóveis,23,50534422202
Fernanda Freitas Araújo,fernanda.freitas.araujo.20276@example.com,Goiânia,Professor,58,67155605314
Lucas Mendes Nascimento,lucas.mendes.nascimento.20277@example.com,Recife,Chefe de departamento pessoal,32,67682752355
Luana Carvalho Dias,luana.carvalho.dias.20278@example.com,Uberlândia,Jornalista,57,55825962547
José Barbosa Almeida,jose.barbosa.almeida.20279@example.com,Joinville,Recepcionista,20,78301892219
Priscila Gomes Almeida,priscila.gomes.almeida.20280@example.com,Goiânia,Operador de caixa,61,79008692608
Lucas Freitas Almeida,lucas.freitas.almeida.20281@example.com,Recife,Farmacêutico,43,81396393019
Gustavo Silva Barros,gustavo.silva.barros.20282@example.com,Belém,Chefe de departamento pessoal,42,73275369444
Vitória Cardoso Alves,vitoria.cardoso.alves.20283@example.com,Rondonópolis,Supervisor de manutenção,49,29611664226
Vinícius Monteiro Mendes,vinicius.monteiro.mendes.20284@example.com,São Paulo,Coordenador administrativo,48,61482794608
Pedro Santos Oliveira,pedro.santos.oliveira.20285@example.com,Maringá,Gerente de tecnologia,36,51844027624
Luana Pereira Barbosa,luana.pereira.barbosa.20286@example.com,Maringá,Gerente de operações,55,26588312546
Sandra Moreira Silva,sandra.moreira.silva.20287@example.com,Curitiba,Eletricista,49,44008322590
Carolina Rocha Silva,carolina.rocha.silva.20288@example.com,Londrina,Assistente comercial,56,94388145143
Beatriz Almeida Lima,beatriz.almeida.lima.20289@example.com,Sorocaba,Coordenador de logística,68,83989128109
Sandra Lima Mendes,sandra.lima.mendes.20290@example.com,Salvador,Mecânico,42,90253015816
Camila Rodrigues Oliveira,camila.rodrigues.oliveira.20291@example.com,Rio de Janeiro,Supervisor de vendas,32,84195600741
Felipe Almeida Nascimento,felipe.almeida.nascimento.20292@example.com,Fortaleza,Gerente financeiro,61,40630029024
Amanda Carvalho Rocha,amanda.carvalho.rocha.20293@example.com,Sorocaba,Analista de recursos humanos,63,28222052173
Aline Almeida Almeida,aline.almeida.almeida.20294@example.com,Campinas,Técnico de enfermagem,46,92226504571
Renata Teixeira Souza,renata.teixeira.souza.20295@example.com,Recife,Coordenador administrativo,39,94488357478
Felipe Oliveira Moreira,felipe.oliveira.moreira.20296@example.com,Londrina,Farmacêutico,18,38253466934
Gabriel Freitas Rocha,gabriel.freitas.rocha.20297@example.com,Uberlândia,Auxiliar de produção,42,23614988397
Letícia Rodrigues Araújo,leticia.rodrigues.araujo.20298@example.com,Curitiba,Gerente de tecnologia,66,44562923812
Daniela Lima Alves,daniela.lima.alves.20299@example.com,Maringá,Cozinheiro,49,85245652077
Mariana Pereira Costa,mariana.pereira.costa.20300@example.com,Natal,Supervisor de manutenção,42,14734082287
Beatriz Martins Gomes,beatriz.martins.gomes.20301@example.com,Belém,Gerente de recursos humanos,47,63954232580
Renata Fernandes Moreira,renata.fernandes.moreira.20302@example.com,Brasília,Diretor comercial,46,55864377476
Daniela Carvalho Silva,daniela.carvalho.silva.20303@example.com,Niterói,Gerente financeiro,38,75866937323
Rafael Teixeira Moreira,rafael.teixeira.moreira.20304@example.com,Belo Horizonte,Coordenador de marketing,43,77126355474
Leonardo Martins Martins,leonardo.martins.martins.20305@example.com,Salvador,Coordenador de produção,59,92619290528
Diego Teixeira Monteiro,diego.teixeira.monteiro.20306@example.com,São Paulo,Motorista,62,78892712788
Thiago Almeida Araújo,thiago.almeida.araujo.20307@example.com,Joinville,Jornalista,34,93897921287
Fernanda Costa Rocha,fernanda.costa.rocha.20308@example.com,Londrina,Gerente de operações,52,33905117805
Camila Silva Araújo,camila.silva.araujo.20309@example.com,Florianópolis,Técnico de segurança do trabalho,38,35922322731
Vitória Lima Barros,vitoria.lima.barros.20310@example.com,Maringá,Chefe de departamento pessoal,32,59303759243
Carolina Castro Santos,carolina.castro.santos.20311@example.com,Dourados,Mecânico,24,81354817560
Amanda Monteiro Costa,amanda.monteiro.costa.20312@example.com,Florianópolis,Corretor de imóveis,54,13614547708
Priscila Monteiro Cardoso,priscila.monteiro.cardoso.20313@example.com,Brasília,Gerente de tecnologia,59,57637999203
Vinícius Cardoso Araújo,vinicius.cardoso.araujo.20314@example.com,Belém,Coordenador de marketing,18,13213719584
Renata Martins Carvalho,renata.martins.carvalho.20315@example.com,Goiânia,Jornalista,38,15984207674
Rafael Martins Dias,rafael.martins.dias.20316@example.com,Caxias do Sul,Mecânico,35,87154274688
Gustavo Rodrigues Martins,gustavo.rodrigues.martins.20317@example.com,Rondonópolis,Arquiteto,23,24658272426
Mariana Almeida Nascimento,mariana.almeida.nascimento.20318@example.com,Natal,Coordenador de produção,55,82830364158
Gustavo Alves Nascimento,gustavo.alves.nascimento.20319@example.com,Campinas,Atendente,54,03503085676
Amanda Barbosa Costa,amanda.barbosa.costa.20320@example.com,Cuiabá,Técnico de segurança do trabalho,48,85673664899
Amanda Silva Lima,amanda.silva.lima.20321@example.com,Cuiabá,Eletricista,57,12626624213
Thiago Pereira Nascimento,thiago.pereira.nascimento.20322@example.com,Londrina,Enfermeiro,41,78057342530
Diego Mendes Carvalho,diego.mendes.carvalho.20323@example.com,Cuiabá,Diretor de operações,50,71094340340
Aline Oliveira Santos,aline.oliveira.santos.20324@example.com,Niterói,Assistente comercial,54,16928980741
Fernanda Costa Alves,fernanda.costa.alves.20325@example.com,Porto Alegre,Gerente de tecnologia,51,72516404557
Fernanda Silva Rodrigues,fernanda.silva.rodrigues.20326@example.com,Florianópolis,Programador,43,11145987181
Carlos Fernandes Rocha,carlos.fernandes.rocha.20327@example.com,Goiânia,Técnico de enfermagem,35,93134175344
Amanda Gomes Dias,amanda.gomes.dias.20328@example.com,Florianópolis,Corretor de imóveis,30,41711192559
Sérgio Araújo Souza,sergio.araujo.souza.20329@example.com,Salvador,Vendedor,60,08422971069
Camila Fernandes Fernandes,camila.fernandes.fernandes.20330@example.com,Curitiba,Nutricionista,41,63816540140
Bruno Gomes Rodrigues,bruno.gomes.rodrigues.20331@example.com,Manaus,Operador de caixa,46,65556071299
Vanessa Dias Santos,vanessa.dias.santos.20332@example.com,Belém,Supervisor de qualidade,48,61989979564
Amanda Mendes Oliveira,amanda.mendes.oliveira.20333@example.com,Dourados,Designer gráfico,20,29064945401
Felipe Almeida Moreira,felipe.almeida.moreira.20334@example.com,Rondonópolis,Pedreiro,52,36759430564
Marcelo Dias Mendes,marcelo.dias.mendes.20335@example.com,Niterói,Comprador,70,20234386104
Rafael Cardoso Barros,rafael.cardoso.barros.20336@example.com,Niterói,Coordenador de logística,21,25418001736
Paulo Carvalho Araújo,paulo.carvalho.araujo.20337@example.com,Uberlândia,Corretor de imóveis,23,49651140425
José Gomes Almeida,jose.gomes.almeida.20338@example.com,Sorocaba,Coordenador de marketing,63,41732558353
Camila Monteiro Almeida,camila.monteiro.almeida.20339@example.com,Joinville,Vendedor,19,44356468190
Carolina Costa Gomes,carolina.costa.gomes.20340@example.com,Salvador,Auxiliar de produção,19,76344596724
Carolina Barbosa Pereira,carolina.barbosa.pereira.20341@example.com,Rio de Janeiro,Motorista,66,86164925420
Camila Fernandes Souza,camila.fernandes.souza.20342@example.com,Fortaleza,Contador,20,60041097098
Leonardo Gomes Carvalho,leonardo.gomes.carvalho.20343@example.com,Niterói,Vendedor,49,50259468714
Pedro Alves Barbosa,pedro.alves.barbosa.20344@example.com,Vitória,Comprador,57,18276728411
Gustavo Rocha Nascimento,gustavo.rocha.nascimento.20345@example.com,Curitiba,Gerente de operações,33,65112625806
Paulo Lima Silva,paulo.lima.silva.20346@example.com,Belém,Pedreiro,42,12415711523
Ricardo Silva Rocha,ricardo.silva.rocha.20347@example.com,Natal,Diretor comercial,60,62843487595
Larissa Santos Dias,larissa.santos.dias.20348@example.com,Fortaleza,Analista de dados,36,04846992132
Letícia Rodrigues Martins,leticia.rodrigues.martins.20349@example.com,Caxias do Sul,Supervisor de vendas,31,40725452606
Amanda Carvalho Carvalho,amanda.carvalho.carvalho.20350@example.com,Dourados,Analista de recursos humanos,64,08431820665
João Ribeiro Moreira,joao.ribeiro.moreira.20351@example.com,Fortaleza,Supervisor de manutenção,50,70400833225
Thiago Alves Santos,thiago.alves.santos.20352@example.com,Joinville,Arquiteto,67,24350405487
Leonardo Alves Freitas,leonardo.alves.freitas.20353@example.com,Porto Alegre,Técnico de segurança do trabalho,27,24715977257
Juliana Mendes Silva,juliana.mendes.silva.20354@example.com,Curitiba,Coordenador de produção,39,23896552978
Ana Martins Martins,ana.martins.martins.20355@example.com,Belo Horizonte,Técnico de segurança do trabalho,19,33413967176
Lucas Rodrigues Moreira,lucas.rodrigues.moreira.20356@example.com,Curitiba,Vendedor,43,10487641468
Leonardo Monteiro Cardoso,leonardo.monteiro.cardoso.20357@example.com,Brasília,Supervisor de vendas,23,58693150129
Lucas Barros Rodrigues,lucas.barros.rodrigues.20358@example.com,Florianópolis,Atendente,25,54477097461
Ana Barbosa Alves,ana.barbosa.alves.20359@example.com,Fortaleza,Diretor de operações,52,27685855055
Gabriel Fernandes Dias,gabriel.fernandes.dias.20360@example.com,Recife,Designer gráfico,39,77148807154
Nicolas Nascimento Rodrigues,nicolas.nascimento.rodrigues.20361@example.com,Campinas,Analista de dados,21,09900182242
Vanessa Oliveira Freitas,vanessa.oliveira.freitas.20362@example.com,Brasília,Assistente administrativo,20,41911656199
Aline Cardoso Alves,aline.cardoso.alves.20363@example.com,Dourados,Técnico em informática,67,14555700487
Luana Moreira Alves,luana.moreira.alves.20364@example.com,Belém,Enfermeiro,64,54606505041
Gabriela Barros Lima,gabriela.barros.lima.20365@example.com,Niterói,Pedreiro,63,52633468827
Vitória Castro Rodrigues,vitoria.castro.rodrigues.20366@example.com,Curitiba,Engenheiro civil,32,08473852309
Otávio Mendes Alves,otavio.mendes.alves.20367@example.com,Vitória,Enfermeiro,26,20611529810
Rafael Fernandes Dias,rafael.fernandes.dias.20368@example.com,São Paulo,Analista de marketing,69,85696223067
Pedro Teixeira Oliveira,pedro.teixeira.oliveira.20369@example.com,Belo Horizonte,Programador,34,64151953278
Tatiane Cardoso Barbosa,tatiane.cardoso.barbosa.20370@example.com,Porto Alegre,Gerente de recursos humanos,26,80607044889
Letícia Mendes Freitas,leticia.mendes.freitas.20371@example.com,Londrina,Diretor de operações,52,28745421023
José Oliveira Monteiro,jose.oliveira.monteiro.20372@example.com,Belém,Motorista,23,29079966244
Henrique Moreira Mendes,henrique.moreira.mendes.20373@example.com,Porto Alegre,Arquiteto,25,10571158204
Igor Araújo Silva,igor.araujo.silva.20374@example.com,Londrina,Assistente administrativo,27,79677830921
Patrícia Nascimento Freitas,patricia.nascimento.freitas.20375@example.com,Vitória,Supervisor de vendas,33,73742647082
Bruno Martins Gomes,bruno.martins.gomes.20376@example.com,Campo Grande,Contador,53,74381435161
Carlos Costa Pereira,carlos.costa.pereira.20377@example.com,Uberlândia,Comprador,21,74112405908
João Barros Almeida,joao.barros.almeida.20378@example.com,Niterói,Cozinheiro,66,33862358974
Sandra Silva Moreira,sandra.silva.moreira.20379@example.com,Londrina,Motorista,46,50603282712
Rafael Rodrigues Costa,rafael.rodrigues.costa.20380@example.com,Caxias do Sul,Professor,39,68349835039
Eduardo Mendes Costa,eduardo.mendes.costa.20381@example.com,Goiânia,Analista de dados,25,18236769187
Thiago Freitas Monteiro,thiago.freitas.monteiro.20382@example.com,São Paulo,Farmacêutico,56,81893569453
Carlos Dias Barros,carlos.dias.barros.20383@example.com,Manaus,Corretor de imóveis,20,22370318451
João Barbosa Rocha,joao.barbosa.rocha.20384@example.com,Recife,Coordenador de marketing,70,90053071497
Ana Souza Lima,ana.souza.lima.20385@example.com,Dourados,Analista de recursos humanos,28,14833487174
Rafael Moreira Gomes,rafael.moreira.gomes.20386@example.com,Brasília,Analista de marketing,66,86222180868
Carolina Barbosa Alves,carolina.barbosa.alves.20387@example.com,Caxias do Sul,Gerente comercial,62,06189760269
Daniela Barros Rocha,daniela.barros.rocha.20388@example.com,Cuiabá,Gerente de recursos humanos,20,87941307250
Larissa Castro Araújo,larissa.castro.araujo.20389@example.com,Londrina,Supervisor de qualidade,50,38957923561
Lucas Teixeira Martins,lucas.teixeira.martins.20390@example.com,Rio de Janeiro,Comprador,39,56785003954
Sérgio Costa Monteiro,sergio.costa.monteiro.20391@example.com,São Paulo,Líder de equipe,23,15243134011
Fernanda Mendes Barros,fernanda.mendes.barros.20392@example.com,Belém,Analista de marketing,18,68045673558
Thiago Santos Rocha,thiago.santos.rocha.20393@example.com,Rio de Janeiro,Auxiliar de produção,60,96542076523
Patrícia Ribeiro Lima,patricia.ribeiro.lima.20394@example.com,Recife,Gerente de tecnologia,34,80231514392
Leonardo Santos Barbosa,leonardo.santos.barbosa.20395@example.com,Cuiabá,Comprador,49,38012914790
Daniela Teixeira Santos,daniela.teixeira.santos.20396@example.com,Dourados,Técnico em informática,59,59588925797
Gabriel Costa Nascimento,gabriel.costa.nascimento.20397@example.com,Campinas,Chefe de almoxarifado,46,98570443872
Ricardo Barros Silva,ricardo.barros.silva.20398@example.com,Londrina,Cozinheiro,32,39664587367
Marcelo Fernandes Fernandes,marcelo.fernandes.fernandes.20399@example.com,Fortaleza,Enfermeiro,58,68799890811
Eduardo Barbosa Silva,eduardo.barbosa.silva.20400@example.com,Rio de Janeiro,Analista financeiro,55,64504669441
Daniela Moreira Gomes,daniela.moreira.gomes.20401@example.com,Brasília,Coordenador de logística,22,03056949671
Bruno Rodrigues Martins,bruno.rodrigues.martins.20402@example.com,Santos,Analista de dados,58,72811790683
Nicolas Nascimento Mendes,nicolas.nascimento.mendes.20403@example.com,Fortaleza,Estoquista,51,93032179380
Vanessa Moreira Martins,vanessa.moreira.martins.20404@example.com,Londrina,Chefe de compras,27,64009632581
Sérgio Teixeira Rocha,sergio.teixeira.rocha.20405@example.com,Maringá,Líder de equipe,60,86418096118
Gabriel Nascimento Martins,gabriel.nascimento.martins.20406@example.com,Curitiba,Comprador,49,80351707830
Gabriel Araújo Almeida,gabriel.araujo.almeida.20407@example.com,Rio de Janeiro,Diretor de operações,24,97294426227
Larissa Dias Ribeiro,larissa.dias.ribeiro.20408@example.com,Porto Alegre,Assistente comercial,18,32973185668
Nicolas Fernandes Barros,nicolas.fernandes.barros.20409@example.com,Belo Horizonte,Designer gráfico,33,84343948895
Igor Mendes Dias,igor.mendes.dias.20410@example.com,Brasília,Analista de recursos humanos,42,46385129816
Mariana Moreira Barros,mariana.moreira.barros.20411@example.com,Joinville,Chefe de departamento pessoal,47,28467170755
Mariana Rodrigues Barbosa,mariana.rodrigues.barbosa.20412@example.com,Dourados,Recepcionista,62,12053976298
Carlos Alves Almeida,carlos.alves.almeida.20413@example.com,Joinville,Vendedor,19,89519135594
Mariana Barros Barbosa,mariana.barros.barbosa.20414@example.com,Curitiba,Coordenador de marketing,18,85859578487
Felipe Barros Martins,felipe.barros.martins.20415@example.com,Londrina,Gerente financeiro,39,87888317578
Otávio Martins Araújo,otavio.martins.araujo.20416@example.com,Belém,Assistente comercial,22,50134407813
Gabriel Rocha Martins,gabriel.rocha.martins.20417@example.com,Curitiba,Advogado,22,75914493084
Camila Barros Fernandes,camila.barros.fernandes.20418@example.com,Sorocaba,Supervisor de manutenção,42,51279426027
Gabriel Cardoso Silva,gabriel.cardoso.silva.20419@example.com,Rondonópolis,Gerente de recursos humanos,28,71774439334
Leonardo Martins Almeida,leonardo.martins.almeida.20420@example.com,Belo Horizonte,Advogado,44,70143025925
Carolina Souza Souza,carolina.souza.souza.20421@example.com,Natal,Contador,40,14330626973
Vanessa Mendes Pereira,vanessa.mendes.pereira.20422@example.com,Belém,Designer gráfico,66,04715908218
Priscila Souza Rodrigues,priscila.souza.rodrigues.20423@example.com,Recife,Recepcionista,27,77099625441
Carlos Ribeiro Freitas,carlos.ribeiro.freitas.20424@example.com,Campinas,Coordenador de produção,25,67053393275
Beatriz Ribeiro Rocha,beatriz.ribeiro.rocha.20425@example.com,Maringá,Pedreiro,22,75383598645
Vitória Monteiro Barbosa,vitoria.monteiro.barbosa.20426@example.com,Belo Horizonte,Eletricista,65,84115905674
Débora Silva Cardoso,debora.silva.cardoso.20427@example.com,Cuiabá,Diretor de operações,39,82900059672
Otávio Rocha Freitas,otavio.rocha.freitas.20428@example.com,Londrina,Designer gráfico,45,44056351062
Marcelo Martins Barbosa,marcelo.martins.barbosa.20429@example.com,São Paulo,Gerente de operações,69,60340048536
Gabriel Alves Barros,gabriel.alves.barros.20430@example.com,Campo Grande,Supervisor de atendimento,67,69618089503
Bruno Pereira Gomes,bruno.pereira.gomes.20431@example.com,Rondonópolis,Gerente de tecnologia,54,31170153647
Gabriel Oliveira Freitas,gabriel.oliveira.freitas.20432@example.com,Dourados,Eletricista,30,96170410652
Bruno Mendes Dias,bruno.mendes.dias.20433@example.com,Florianópolis,Coordenador administrativo,22,82148454563
Felipe Teixeira Santos,felipe.teixeira.santos.20434@example.com,Recife,Gerente de recursos humanos,64,48753251026
Amanda Souza Souza,amanda.souza.souza.20435@example.com,Belo Horizonte,Programador,60,22216875160
Pedro Costa Martins,pedro.costa.martins.20436@example.com,Rio de Janeiro,Diretor de operações,19,39680261360
Luana Ribeiro Rocha,luana.ribeiro.rocha.20437@example.com,Caxias do Sul,Engenheiro civil,65,44390045306
Luana Rodrigues Araújo,luana.rodrigues.araujo.20438@example.com,Natal,Estoquista,68,63154619872
Patrícia Carvalho Monteiro,patricia.carvalho.monteiro.20439@example.com,Curitiba,Vendedor,53,98929491848
Nicolas Lima Santos,nicolas.lima.santos.20440@example.com,Vitória,Corretor de imóveis,23,41430239918
Marcelo Oliveira Moreira,marcelo.oliveira.moreira.20441@example.com,Joinville,Estoquista,41,85626962964
Rafael Costa Santos,rafael.costa.santos.20442@example.com,Goiânia,Gerente de operações,32,85670924385
Fernanda Moreira Almeida,fernanda.moreira.almeida.20443@example.com,Londrina,Enfermeiro,69,59457685827
Carlos Alves Moreira,carlos.alves.moreira.20444@example.com,São Paulo,Chefe de almoxarifado,47,11145435646
Vinícius Araújo Santos,vinicius.araujo.santos.20445@example.com,Goiânia,Assistente comercial,62,84551886966
Diego Moreira Silva,diego.moreira.silva.20446@example.com,Cuiabá,Técnico de segurança do trabalho,37,83925809563
Sandra Costa Costa,sandra.costa.costa.20447@example.com,Rondonópolis,Programador,18,54761304115
Ana Souza Fernandes,ana.souza.fernandes.20448@example.com,Uberlândia,Auxiliar de produção,52,41411952455
Fernanda Castro Barbosa,fernanda.castro.barbosa.20449@example.com,Joinville,Programador,53,15606497557
Sandra Santos Oliveira,sandra.santos.oliveira.20450@example.com,Dourados,Vendedor,30,70277601537
Sérgio Freitas Cardoso,sergio.freitas.cardoso.20451@example.com,Londrina,Enfermeiro,55,35289456374
Aline Teixeira Rodrigues,aline.teixeira.rodrigues.20452@example.com,Belém,Chefe de almoxarifado,30,44321705944
Débora Monteiro Fernandes,debora.monteiro.fernandes.20453@example.com,Natal,Programador,62,06567952958
João Cardoso Nascimento,joao.cardoso.nascimento.20454@example.com,Sorocaba,Pedreiro,25,69684090719
Mariana Monteiro Araújo,mariana.monteiro.araujo.20455@example.com,Recife,Chefe de departamento pessoal,27,37974856248
Mariana Dias Castro,mariana.dias.castro.20456@example.com,Brasília,Recepcionista,30,83176886386
Marcelo Almeida Oliveira,marcelo.almeida.oliveira.20457@example.com,Curitiba,Atendente,55,34991012140
Mariana Pereira Castro,mariana.pereira.castro.20458@example.com,Salvador,Comprador,56,99418966533
Ricardo Silva Castro,ricardo.silva.castro.20459@example.com,Florianópolis,Estoquista,23,22081324550
João Oliveira Ribeiro,joao.oliveira.ribeiro.20460@example.com,Salvador,Mecânico,21,38562845610
Rafael Barbosa Nascimento,rafael.barbosa.nascimento.20461@example.com,Caxias do Sul,Técnico de enfermagem,69,47211173811
Luana Martins Ribeiro,luana.martins.ribeiro.20462@example.com,Campo Grande,Corretor de imóveis,61,26621129943
Sérgio Fernandes Alves,sergio.fernandes.alves.20463@example.com,Cuiabá,Gerente comercial,45,93668897498
Renata Teixeira Gomes,renata.teixeira.gomes.20464@example.com,Sorocaba,Atendente,49,59026946937
Priscila Martins Rodrigues,priscila.martins.rodrigues.20465@example.com,Cuiabá,Assistente comercial,31,20688041433
Mariana Nascimento Alves,mariana.nascimento.alves.20466@example.com,Salvador,Atendente,30,94366264390
Simone Rocha Lima,simone.rocha.lima.20467@example.com,Maringá,Analista financeiro,57,71831916691
Gustavo Castro Mendes,gustavo.castro.mendes.20468@example.com,Porto Alegre,Técnico em informática,32,31640461978
Priscila Silva Carvalho,priscila.silva.carvalho.20469@example.com,Salvador,Diretor comercial,31,70017454401
Beatriz Fernandes Dias,beatriz.fernandes.dias.20470@example.com,Florianópolis,Assistente administrativo,46,65104890079
Amanda Fernandes Souza,amanda.fernandes.souza.20471@example.com,Porto Alegre,Diretor comercial,31,78701732092
Gabriel Barbosa Rocha,gabriel.barbosa.rocha.20472@example.com,Recife,Contador,30,48386297336
Ana Pereira Alves,ana.pereira.alves.20473@example.com,Recife,Farmacêutico,36,71128425355
Patrícia Mendes Barbosa,patricia.mendes.barbosa.20474@example.com,Salvador,Assistente administrativo,19,72242670402
Vanessa Cardoso Oliveira,vanessa.cardoso.oliveira.20475@example.com,Joinville,Chefe de compras,53,45592133780
Renata Almeida Araújo,renata.almeida.araujo.20476@example.com,Belo Horizonte,Técnico em informática,67,93988525765
Camila Freitas Rocha,camila.freitas.rocha.20477@example.com,Goiânia,Jornalista,45,32250267812
Gabriela Nascimento Fernandes,gabriela.nascimento.fernandes.20478@example.com,Porto Alegre,Analista de recursos humanos,61,06644647476
Carolina Alves Dias,carolina.alves.dias.20479@example.com,Florianópolis,Operador de caixa,30,89508091766
Priscila Ribeiro Cardoso,priscila.ribeiro.cardoso.20480@example.com,Florianópolis,Contador,55,33405599569
Lucas Mendes Martins,lucas.mendes.martins.20481@example.com,Niterói,Motorista,62,05381409549
Eduardo Teixeira Araújo,eduardo.teixeira.araujo.20482@example.com,Rio de Janeiro,Supervisor de atendimento,39,59606858469
Camila Dias Castro,camila.dias.castro.20483@example.com,Florianópolis,Eletricista,40,42197239682
Carlos Fernandes Carvalho,carlos.fernandes.carvalho.20484@example.com,São Paulo,Gerente de operações,53,57889678640
Leonardo Barbosa Barros,leonardo.barbosa.barros.20485@example.com,Manaus,Coordenador de produção,70,08818500288
Aline Barbosa Carvalho,aline.barbosa.carvalho.20486@example.com,Salvador,Jornalista,58,07347878927
Tatiane Dias Freitas,tatiane.dias.freitas.20487@example.com,Maringá,Supervisor de manutenção,55,09408089894
Vinícius Gomes Rodrigues,vinicius.gomes.rodrigues.20488@example.com,Joinville,Gerente de operações,18,09356934830
Fernanda Araújo Teixeira,fernanda.araujo.teixeira.20489@example.com,Joinville,Assistente administrativo,61,04950337710
Ana Santos Carvalho,ana.santos.carvalho.20490@example.com,Florianópolis,Auxiliar de produção,30,87353512105
Lucas Martins Teixeira,lucas.martins.teixeira.20491@example.com,Natal,Enfermeiro,28,34258104318
Priscila Barros Alves,priscila.barros.alves.20492@example.com,Santos,Técnico em informática,61,70009824531
Lucas Cardoso Mendes,lucas.cardoso.mendes.20493@example.com,Uberlândia,Enfermeiro,44,81645484990
Leonardo Barbosa Rodrigues,leonardo.barbosa.rodrigues.20494@example.com,Fortaleza,Engenheiro civil,66,03407543730
Carlos Barbosa Freitas,carlos.barbosa.freitas.20495@example.com,São Paulo,Engenheiro civil,65,39193735165
Henrique Rocha Mendes,henrique.rocha.mendes.20496@example.com,Cuiabá,Engenheiro civil,32,57259308238
José Alves Castro,jose.alves.castro.20497@example.com,Brasília,Comprador,40,12237708350
Sérgio Pereira Gomes,sergio.pereira.gomes.20498@example.com,Santos,Assistente administrativo,38,41499333981
Priscila Santos Barros,priscila.santos.barros.20499@example.com,Campo Grande,Padeiro,69,78376859927
Amanda Cardoso Costa,amanda.cardoso.costa.20500@example.com,Sorocaba,Encarregado de produção,50,66242930733
Vitória Barbosa Araújo,vitoria.barbosa.araujo.20501@example.com,Goiânia,Eletricista,60,78602863731
Vitória Rodrigues Araújo,vitoria.rodrigues.araujo.20502@example.com,Niterói,Auxiliar de produção,40,90328329499
Paulo Moreira Oliveira,paulo.moreira.oliveira.20503@example.com,Niterói,Professor,70,86699498147
Sérgio Carvalho Carvalho,sergio.carvalho.carvalho.20504@example.com,Maringá,Programador,27,07666789669
Gabriela Souza Monteiro,gabriela.souza.monteiro.20505@example.com,Florianópolis,Padeiro,24,09649875951
Carlos Souza Freitas,carlos.souza.freitas.20506@example.com,Brasília,Supervisor de atendimento,31,78039476442
Juliana Fernandes Mendes,juliana.fernandes.mendes.20507@example.com,Belo Horizonte,Nutricionista,68,20841078641
Leonardo Fernandes Pereira,leonardo.fernandes.pereira.20508@example.com,Joinville,Padeiro,27,64724210255
Igor Freitas Teixeira,igor.freitas.teixeira.20509@example.com,Belo Horizonte,Mecânico,18,32619246722
Letícia Martins Castro,leticia.martins.castro.20510@example.com,Recife,Chefe de almoxarifado,46,82234522606
Mariana Monteiro Teixeira,mariana.monteiro.teixeira.20511@example.com,Maringá,Contador,31,97164856938
Carlos Costa Souza,carlos.costa.souza.20512@example.com,Porto Alegre,Gerente comercial,57,35123820476
Thiago Gomes Fernandes,thiago.gomes.fernandes.20513@example.com,Joinville,Programador,20,61983823908
Marcelo Fernandes Almeida,marcelo.fernandes.almeida.20514@example.com,Joinville,Enfermeiro,35,47084836180
Ana Oliveira Santos,ana.oliveira.santos.20515@example.com,Joinville,Vendedor,18,24857237121
Otávio Monteiro Carvalho,otavio.monteiro.carvalho.20516@example.com,Uberlândia,Recepcionista,51,89064467925
Diego Ribeiro Rocha,diego.ribeiro.rocha.20517@example.com,Recife,Atendente,51,62922011369
Simone Fernandes Martins,simone.fernandes.martins.20518@example.com,Maringá,Supervisor de vendas,25,58685649802
Henrique Nascimento Castro,henrique.nascimento.castro.20519@example.com,Salvador,Técnico de segurança do trabalho,40,49945921415
Ana Cardoso Carvalho,ana.cardoso.carvalho.20520@example.com,Curitiba,Engenheiro civil,65,81828554512
Rafael Araújo Souza,rafael.araujo.souza.20521@example.com,Campinas,Gerente de recursos humanos,27,96188082217
Letícia Santos Castro,leticia.santos.castro.20522@example.com,Campo Grande,Encarregado de produção,37,43384717722
Larissa Mendes Barros,larissa.mendes.barros.20523@example.com,Manaus,Coordenador de produção,45,77756466046
Letícia Nascimento Lima,leticia.nascimento.lima.20524@example.com,Brasília,Eletricista,32,68259700082
João Rodrigues Cardoso,joao.rodrigues.cardoso.20525@example.com,Vitória,Arquiteto,34,43003140509
Pedro Pereira Teixeira,pedro.pereira.teixeira.20526@example.com,Rondonópolis,Recepcionista,20,06961404976
Paulo Lima Oliveira,paulo.lima.oliveira.20527@example.com,Natal,Supervisor de qualidade,25,78321742979
Bruno Oliveira Almeida,bruno.oliveira.almeida.20528@example.com,Fortaleza,Analista de recursos humanos,33,04751887722
Gustavo Barros Cardoso,gustavo.barros.cardoso.20529@example.com,Cuiabá,Assistente comercial,49,02813025505
Vitória Castro Oliveira,vitoria.castro.oliveira.20530@example.com,Campo Grande,Técnico de segurança do trabalho,45,76155401015
Carlos Barbosa Mendes,carlos.barbosa.mendes.20531@example.com,Natal,Assistente administrativo,52,30010644592
Paulo Gomes Rodrigues,paulo.gomes.rodrigues.20532@example.com,Uberlândia,Professor,33,25969665437
Sérgio Santos Silva,sergio.santos.silva.20533@example.com,Belo Horizonte,Professor,60,19671954886
Beatriz Lima Carvalho,beatriz.lima.carvalho.20534@example.com,Belém,Contador,32,93834956884
Ricardo Martins Barros,ricardo.martins.barros.20535@example.com,Santos,Analista de recursos humanos,68,43619598692
João Dias Martins,joao.dias.martins.20536@example.com,Londrina,Gerente comercial,54,34040262182
Gustavo Carvalho Cardoso,gustavo.carvalho.cardoso.20537@example.com,Caxias do Sul,Supervisor de vendas,52,58518339152
Ana Rocha Dias,ana.rocha.dias.20538@example.com,Niterói,Técnico em informática,25,92755180217
Mariana Nascimento Martins,mariana.nascimento.martins.20539@example.com,Sorocaba,Motorista,66,16004567863
Daniela Souza Moreira,daniela.souza.moreira.20540@example.com,Manaus,Chefe de compras,28,93974297669
Priscila Cardoso Nascimento,priscila.cardoso.nascimento.20541@example.com,Santos,Enfermeiro,48,83245559854
Pedro Lima Barbosa,pedro.lima.barbosa.20542@example.com,Dourados,Gerente de tecnologia,57,18439571997
Aline Freitas Ribeiro,aline.freitas.ribeiro.20543@example.com,Belém,Coordenador de produção,20,54559087280
Aline Rodrigues Oliveira,aline.rodrigues.oliveira.20544@example.com,Joinville,Encarregado de produção,30,56387117436
Carolina Carvalho Lima,carolina.carvalho.lima.20545@example.com,Londrina,Supervisor de vendas,65,47499206635
Bruno Rocha Silva,bruno.rocha.silva.20546@example.com,Brasília,Gerente comercial,52,06402378331
Letícia Nascimento Freitas,leticia.nascimento.freitas.20547@example.com,Cuiabá,Coordenador de produção,23,63176530570
Sérgio Barbosa Castro,sergio.barbosa.castro.20548@example.com,Brasília,Supervisor de qualidade,42,71364371242
Nicolas Freitas Araújo,nicolas.freitas.araujo.20549@example.com,Goiânia,Estoquista,68,95809658259
Henrique Martins Teixeira,henrique.martins.teixeira.20550@example.com,Porto Alegre,Mecânico,21,72581896156
Diego Teixeira Almeida,diego.teixeira.almeida.20551@example.com,Recife,Analista de recursos humanos,52,08599618712
Aline Almeida Souza,aline.almeida.souza.20552@example.com,Uberlândia,Assistente administrativo,70,69261706801
Letícia Carvalho Rodrigues,leticia.carvalho.rodrigues.20553@example.com,Uberlândia,Analista de dados,38,95053894025
Thiago Ribeiro Souza,thiago.ribeiro.souza.20554@example.com,Fortaleza,Pedreiro,37,23058048420
Amanda Martins Ribeiro,amanda.martins.ribeiro.20555@example.com,Caxias do Sul,Padeiro,29,55640644916
Gustavo Teixeira Mendes,gustavo.teixeira.mendes.20556@example.com,Uberlândia,Fisioterapeuta,30,83466358114
Daniela Santos Castro,daniela.santos.castro.20557@example.com,Rondonópolis,Padeiro,24,32161183691
Vanessa Rocha Monteiro,vanessa.rocha.monteiro.20558@example.com,Florianópolis,Coordenador administrativo,47,81809575675
Vitória Silva Cardoso,vitoria.silva.cardoso.20559@example.com,Rondonópolis,Técnico de segurança do trabalho,47,64942792891
Henrique Rodrigues Ribeiro,henrique.rodrigues.ribeiro.20560@example.com,Goiânia,Motorista,36,09722112169
João Oliveira Mendes,joao.oliveira.mendes.20561@example.com,Natal,Coordenador de marketing,26,81157250061
Aline Castro Pereira,aline.castro.pereira.20562@example.com,Salvador,Analista de recursos humanos,39,58904243065
Renata Costa Rodrigues,renata.costa.rodrigues.20563@example.com,Campo Grande,Mecânico,64,85212968184
Larissa Fernandes Martins,larissa.fernandes.martins.20564@example.com,Rio de Janeiro,Contador,30,98921612619
Camila Lima Santos,camila.lima.santos.20565@example.com,Salvador,Nutricionista,28,07714799845
Paulo Freitas Dias,paulo.freitas.dias.20566@example.com,Rio de Janeiro,Chefe de almoxarifado,48,80452297894
Ricardo Dias Pereira,ricardo.dias.pereira.20567@example.com,São Paulo,Coordenador administrativo,39,98976713993
Ricardo Rodrigues Silva,ricardo.rodrigues.silva.20568@example.com,Natal,Designer gráfico,32,41045465170
Ana Teixeira Dias,ana.teixeira.dias.20569@example.com,Campo Grande,Coordenador de produção,45,38426044659
José Santos Castro,jose.santos.castro.20570@example.com,Vitória,Chefe de departamento pessoal,20,99611724834
Vinícius Santos Freitas,vinicius.santos.freitas.20571@example.com,Cuiabá,Vendedor,31,18317252097
Ana Mendes Monteiro,ana.mendes.monteiro.20572@example.com,Florianópolis,Engenheiro civil,45,21944745174
Vitória Costa Santos,vitoria.costa.santos.20573@example.com,Belo Horizonte,Técnico de enfermagem,21,08841745037
Bruno Silva Fernandes,bruno.silva.fernandes.20574@example.com,Campinas,Programador,32,38314525717
Priscila Ribeiro Dias,priscila.ribeiro.dias.20575@example.com,Campo Grande,Chefe de compras,61,09919046773
Bruno Souza Silva,bruno.souza.silva.20576@example.com,Manaus,Gerente de tecnologia,34,29587845355
Sandra Souza Silva,sandra.souza.silva.20577@example.com,Rio de Janeiro,Analista de dados,42,71829070354
Thiago Alves Cardoso,thiago.alves.cardoso.20578@example.com,Uberlândia,Nutricionista,42,28903872733
Paulo Gomes Moreira,paulo.gomes.moreira.20579@example.com,São Paulo,Encarregado de produção,49,48251169202
Thiago Castro Martins,thiago.castro.martins.20580@example.com,Uberlândia,Chefe de departamento pessoal,27,29503684794
José Barbosa Ribeiro,jose.barbosa.ribeiro.20581@example.com,Recife,Jornalista,65,18950085227
Pedro Lima Santos,pedro.lima.santos.20582@example.com,Maringá,Coordenador administrativo,70,47038366263
Paulo Gomes Mendes,paulo.gomes.mendes.20583@example.com,Rondonópolis,Chefe de departamento pessoal,30,26386460543
Henrique Monteiro Alves,henrique.monteiro.alves.20584@example.com,Maringá,Farmacêutico,29,50050687537
Paulo Rodrigues Castro,paulo.rodrigues.castro.20585@example.com,Campo Grande,Gerente de tecnologia,34,35167872161
Letícia Costa Martins,leticia.costa.martins.20586@example.com,Campo Grande,Supervisor de vendas,35,59598981596
Eduardo Araújo Gomes,eduardo.araujo.gomes.20587@example.com,Florianópolis,Pedreiro,63,97061219767
Vanessa Martins Mendes,vanessa.martins.mendes.20588@example.com,Maringá,Eletricista,51,81983582869
Tatiane Teixeira Santos,tatiane.teixeira.santos.20589@example.com,Curitiba,Advogado,68,14375895392
Eduardo Cardoso Ribeiro,eduardo.cardoso.ribeiro.20590@example.com,Goiânia,Supervisor de qualidade,65,29450207698
Thiago Moreira Oliveira,thiago.moreira.oliveira.20591@example.com,Brasília,Arquiteto,48,65670406631
Larissa Monteiro Martins,larissa.monteiro.martins.20592@example.com,Londrina,Cozinheiro,60,30751724576
Luana Alves Cardoso,luana.alves.cardoso.20593@example.com,Campo Grande,Gerente comercial,70,06168862800
Vitória Pereira Mendes,vitoria.pereira.mendes.20594@example.com,Natal,Coordenador administrativo,63,87369166462
Eduardo Mendes Moreira,eduardo.mendes.moreira.20595@example.com,Belo Horizonte,Supervisor de atendimento,28,04409140146
Otávio Santos Fernandes,otavio.santos.fernandes.20596@example.com,Dourados,Padeiro,52,17688917505
Fernanda Barbosa Castro,fernanda.barbosa.castro.20597@example.com,Rio de Janeiro,Analista de dados,20,09261369250
João Rocha Gomes,joao.rocha.gomes.20598@example.com,Natal,Coordenador de logística,20,48385268537
Vinícius Silva Gomes,vinicius.silva.gomes.20599@example.com,Rio de Janeiro,Estoquista,47,93897671030
Igor Moreira Alves,igor.moreira.alves.20600@example.com,Maringá,Nutricionista,67,08553534327
Mariana Dias Carvalho,mariana.dias.carvalho.20601@example.com,Belém,Cozinheiro,66,74123353191
Larissa Mendes Santos,larissa.mendes.santos.20602@example.com,Rio de Janeiro,Assistente comercial,35,88079081925
Felipe Silva Santos,felipe.silva.santos.20603@example.com,Londrina,Encarregado de produção,54,11049057058
Camila Ribeiro Barros,camila.ribeiro.barros.20604@example.com,Porto Alegre,Coordenador administrativo,49,84706304741
Felipe Rocha Oliveira,felipe.rocha.oliveira.20605@example.com,Santos,Chefe de departamento pessoal,70,36066535035
Simone Teixeira Martins,simone.teixeira.martins.20606@example.com,Recife,Coordenador de logística,22,86985172560
Débora Alves Martins,debora.alves.martins.20607@example.com,Rio de Janeiro,Analista de recursos humanos,34,27553738600
Amanda Ribeiro Rodrigues,amanda.ribeiro.rodrigues.20608@example.com,Londrina,Assistente administrativo,60,42279239370
Marcelo Souza Rodrigues,marcelo.souza.rodrigues.20609@example.com,Rondonópolis,Chefe de departamento pessoal,37,37392643084
Vitória Almeida Mendes,vitoria.almeida.mendes.20610@example.com,Recife,Técnico em informática,70,40506412422
Aline Castro Fernandes,aline.castro.fernandes.20611@example.com,Campinas,Coordenador de logística,56,02191236716
Paulo Oliveira Mendes,paulo.oliveira.mendes.20612@example.com,Porto Alegre,Padeiro,47,03350919280
Vitória Teixeira Mendes,vitoria.teixeira.mendes.20613@example.com,Curitiba,Diretor de operações,66,22370389629
Paulo Silva Freitas,paulo.silva.freitas.20614@example.com,Maringá,Técnico de segurança do trabalho,58,76451938632
Sandra Fernandes Castro,sandra.fernandes.castro.20615@example.com,São Paulo,Analista de marketing,33,92998173837
Gabriela Mendes Nascimento,gabriela.mendes.nascimento.20616@example.com,Campinas,Enfermeiro,18,08406749993
Aline Santos Pereira,aline.santos.pereira.20617@example.com,Porto Alegre,Pedreiro,48,91592860565
Vinícius Rodrigues Cardoso,vinicius.rodrigues.cardoso.20618@example.com,Dourados,Chefe de compras,70,60459403166
Letícia Alves Lima,leticia.alves.lima.20619@example.com,Rio de Janeiro,Recepcionista,28,10370093086
Gabriel Teixeira Lima,gabriel.teixeira.lima.20620@example.com,Porto Alegre,Programador,27,59448308766
Diego Fernandes Fernandes,diego.fernandes.fernandes.20621@example.com,São Paulo,Analista de dados,32,68178272232
Camila Ribeiro Alves,camila.ribeiro.alves.20622@example.com,Porto Alegre,Coordenador administrativo,34,90784291187
Igor Lima Santos,igor.lima.santos.20623@example.com,Joinville,Diretor de operações,21,88849101030
Sérgio Castro Barros,sergio.castro.barros.20624@example.com,Cuiabá,Recepcionista,41,01043150378
Vanessa Gomes Costa,vanessa.gomes.costa.20625@example.com,Rio de Janeiro,Líder de equipe,48,07152074151
José Teixeira Rocha,jose.teixeira.rocha.20626@example.com,Recife,Farmacêutico,43,59058297876
Gustavo Pereira Nascimento,gustavo.pereira.nascimento.20627@example.com,Salvador,Técnico em informática,38,49014697128
Tatiane Mendes Ribeiro,tatiane.mendes.ribeiro.20628@example.com,Rio de Janeiro,Recepcionista,58,21821779480
Sandra Lima Pereira,sandra.lima.pereira.20629@example.com,Porto Alegre,Fisioterapeuta,57,30313599830
José Mendes Pereira,jose.mendes.pereira.20630@example.com,Rondonópolis,Fisioterapeuta,66,65074920643
Leonardo Rodrigues Araújo,leonardo.rodrigues.araujo.20631@example.com,Joinville,Gerente comercial,43,07336538180
Priscila Monteiro Pereira,priscila.monteiro.pereira.20632@example.com,Caxias do Sul,Contador,47,07136640339
Felipe Araújo Fernandes,felipe.araujo.fernandes.20633@example.com,Brasília,Auxiliar de produção,49,75009562140
Ricardo Moreira Costa,ricardo.moreira.costa.20634@example.com,Florianópolis,Designer gráfico,59,94244922895
Vanessa Barbosa Pereira,vanessa.barbosa.pereira.20635@example.com,Campo Grande,Chefe de departamento pessoal,69,14125834704
Daniela Castro Costa,daniela.castro.costa.20636@example.com,Fortaleza,Eletricista,56,14188403688
Ana Martins Araújo,ana.martins.araujo.20637@example.com,Manaus,Diretor comercial,54,02447068037
Larissa Monteiro Mendes,larissa.monteiro.mendes.20638@example.com,Campo Grande,Operador de caixa,43,33605796807
Vitória Barros Teixeira,vitoria.barros.teixeira.20639@example.com,Uberlândia,Professor,30,92806858322
Marcelo Barros Rocha,marcelo.barros.rocha.20640@example.com,Maringá,Professor,38,17663054474
Eduardo Dias Rocha,eduardo.dias.rocha.20641@example.com,Manaus,Programador,37,70992270605
Gabriela Almeida Almeida,gabriela.almeida.almeida.20642@example.com,Goiânia,Supervisor de manutenção,33,19294752646
Lucas Moreira Oliveira,lucas.moreira.oliveira.20643@example.com,Maringá,Líder de equipe,64,88792604869
Igor Carvalho Nascimento,igor.carvalho.nascimento.20644@example.com,Londrina,Assistente administrativo,59,51716315216
Nicolas Mendes Fernandes,nicolas.mendes.fernandes.20645@example.com,Porto Alegre,Supervisor de vendas,56,20431087533
Amanda Souza Carvalho,amanda.souza.carvalho.20646@example.com,Porto Alegre,Programador,68,32652450168
João Costa Lima,joao.costa.lima.20647@example.com,Maringá,Chefe de departamento pessoal,66,65854885321
Patrícia Mendes Nascimento,patricia.mendes.nascimento.20648@example.com,Joinville,Cozinheiro,70,14632785928
Mariana Silva Pereira,mariana.silva.pereira.20649@example.com,Vitória,Supervisor de atendimento,23,82224690143
Beatriz Martins Martins,beatriz.martins.martins.20650@example.com,Vitória,Chefe de departamento pessoal,66,94655013177
Lucas Fernandes Martins,lucas.fernandes.martins.20651@example.com,Florianópolis,Gerente de operações,40,38461824594
Otávio Carvalho Mendes,otavio.carvalho.mendes.20652@example.com,Rio de Janeiro,Diretor comercial,64,56800363276
Henrique Barbosa Barros,henrique.barbosa.barros.20653@example.com,Natal,Arquiteto,54,43413677884
Camila Souza Martins,camila.souza.martins.20654@example.com,Niterói,Vendedor,54,81520385940
Beatriz Teixeira Lima,beatriz.teixeira.lima.20655@example.com,Recife,Eletricista,39,42925316811
Patrícia Monteiro Nascimento,patricia.monteiro.nascimento.20656@example.com,Uberlândia,Vendedor,48,70866957716
Sérgio Barros Santos,sergio.barros.santos.20657@example.com,Brasília,Gerente financeiro,25,04702956732
Priscila Nascimento Carvalho,priscila.nascimento.carvalho.20658@example.com,Santos,Atendente,28,58915921564
Priscila Fernandes Mendes,priscila.fernandes.mendes.20659@example.com,Recife,Cozinheiro,62,89486708319
Otávio Pereira Monteiro,otavio.pereira.monteiro.20660@example.com,Dourados,Supervisor de manutenção,56,29655716625
Letícia Rodrigues Ribeiro,leticia.rodrigues.ribeiro.20661@example.com,Londrina,Estoquista,41,33311526393
Larissa Lima Oliveira,larissa.lima.oliveira.20662@example.com,Niterói,Operador de caixa,22,12430202152
Camila Pereira Cardoso,camila.pereira.cardoso.20663@example.com,Fortaleza,Mecânico,59,24967445203
Carolina Oliveira Fernandes,carolina.oliveira.fernandes.20664@example.com,Manaus,Coordenador de produção,31,87827569336
Leonardo Monteiro Rodrigues,leonardo.monteiro.rodrigues.20665@example.com,Campinas,Diretor comercial,53,25293216989
Priscila Teixeira Lima,priscila.teixeira.lima.20666@example.com,Belém,Supervisor de qualidade,33,86211947796
Patrícia Teixeira Freitas,patricia.teixeira.freitas.20667@example.com,São Paulo,Cozinheiro,47,35941273769
João Martins Alves,joao.martins.alves.20668@example.com,Sorocaba,Coordenador de produção,26,59757962977
Carolina Monteiro Teixeira,carolina.monteiro.teixeira.20669@example.com,Florianópolis,Estoquista,45,46307989985
Vanessa Almeida Martins,vanessa.almeida.martins.20670@example.com,Caxias do Sul,Diretor de operações,55,97573474394
Letícia Alves Costa,leticia.alves.costa.20671@example.com,Campo Grande,Operador de caixa,57,56826997315
Daniela Silva Rodrigues,daniela.silva.rodrigues.20672@example.com,Fortaleza,Coordenador de logística,19,95249916440
Luana Santos Araújo,luana.santos.araujo.20673@example.com,Natal,Jornalista,57,55133225011
Paulo Fernandes Fernandes,paulo.fernandes.fernandes.20674@example.com,Rondonópolis,Assistente administrativo,50,89997034389
Vitória Teixeira Moreira,vitoria.teixeira.moreira.20675@example.com,Rio de Janeiro,Cozinheiro,25,20714506414
Fernanda Alves Cardoso,fernanda.alves.cardoso.20676@example.com,Belém,Gerente de recursos humanos,44,78422890097
Luana Rocha Santos,luana.rocha.santos.20677@example.com,Fortaleza,Comprador,18,55275753610
Priscila Alves Barros,priscila.alves.barros.20678@example.com,Maringá,Designer gráfico,52,58509429447
Carolina Freitas Dias,carolina.freitas.dias.20679@example.com,Maringá,Analista de dados,43,16555517950
Diego Rocha Moreira,diego.rocha.moreira.20680@example.com,Belo Horizonte,Analista de recursos humanos,39,37622111568
Camila Costa Martins,camila.costa.martins.20681@example.com,Sorocaba,Coordenador de logística,37,41450644184
José Santos Alves,jose.santos.alves.20682@example.com,Curitiba,Operador de caixa,55,62532298829
Otávio Almeida Santos,otavio.almeida.santos.20683@example.com,Fortaleza,Professor,27,00230620816
Diego Barbosa Silva,diego.barbosa.silva.20684@example.com,Florianópolis,Motorista,27,31871815705
Daniela Ribeiro Barbosa,daniela.ribeiro.barbosa.20685@example.com,Londrina,Analista de dados,63,96178646516
Beatriz Silva Santos,beatriz.silva.santos.20686@example.com,Florianópolis,Técnico de segurança do trabalho,41,82796068817
Priscila Santos Gomes,priscila.santos.gomes.20687@example.com,Maringá,Eletricista,24,94986464380
Camila Monteiro Pereira,camila.monteiro.pereira.20688@example.com,Vitória,Supervisor de vendas,22,70163417186
Larissa Teixeira Santos,larissa.teixeira.santos.20689@example.com,Curitiba,Técnico de enfermagem,55,34513488489
Priscila Teixeira Monteiro,priscila.teixeira.monteiro.20690@example.com,Santos,Professor,28,65885455814
Tatiane Alves Monteiro,tatiane.alves.monteiro.20691@example.com,Rondonópolis,Chefe de compras,70,22110002969
Bruno Rodrigues Gomes,bruno.rodrigues.gomes.20692@example.com,Porto Alegre,Padeiro,65,23526068972
Bruno Ribeiro Oliveira,bruno.ribeiro.oliveira.20693@example.com,Manaus,Supervisor de vendas,38,97994655240
Leonardo Costa Costa,leonardo.costa.costa.20694@example.com,Caxias do Sul,Analista de recursos humanos,41,63146959813
Rafael Gomes Teixeira,rafael.gomes.teixeira.20695@example.com,Uberlândia,Chefe de departamento pessoal,18,03814770590
Felipe Ribeiro Dias,felipe.ribeiro.dias.20696@example.com,Niterói,Motorista,69,33152368956
Sandra Gomes Carvalho,sandra.gomes.carvalho.20697@example.com,Porto Alegre,Pedreiro,22,64573117265
Igor Teixeira Oliveira,igor.teixeira.oliveira.20698@example.com,Recife,Técnico em informática,49,03130904481
Larissa Cardoso Costa,larissa.cardoso.costa.20699@example.com,Niterói,Coordenador administrativo,54,62414757184
Carolina Rocha Castro,carolina.rocha.castro.20700@example.com,Recife,Fisioterapeuta,21,60777041144
Henrique Santos Dias,henrique.santos.dias.20701@example.com,Campinas,Jornalista,39,97109310685
Vitória Silva Rodrigues,vitoria.silva.rodrigues.20702@example.com,Recife,Vendedor,49,19430556766
Sérgio Carvalho Teixeira,sergio.carvalho.teixeira.20703@example.com,Curitiba,Operador de caixa,31,69880015417
Gabriela Alves Souza,gabriela.alves.souza.20704@example.com,Rondonópolis,Chefe de departamento pessoal,41,48660895191
Tatiane Silva Fernandes,tatiane.silva.fernandes.20705@example.com,Goiânia,Padeiro,26,60561915809
Pedro Pereira Costa,pedro.pereira.costa.20706@example.com,Joinville,Coordenador de marketing,30,41452694357
Larissa Santos Araújo,larissa.santos.araujo.20707@example.com,Porto Alegre,Motorista,29,70019519817
Daniela Almeida Dias,daniela.almeida.dias.20708@example.com,Salvador,Motorista,39,86610842120
Thiago Carvalho Nascimento,thiago.carvalho.nascimento.20709@example.com,Santos,Coordenador de logística,27,72515188521
Vinícius Teixeira Alves,vinicius.teixeira.alves.20710@example.com,Dourados,Pedreiro,45,89533257391
Diego Araújo Ribeiro,diego.araujo.ribeiro.20711@example.com,Belém,Coordenador de produção,56,94679855960
Letícia Rodrigues Oliveira,leticia.rodrigues.oliveira.20712@example.com,Campinas,Contador,44,93762836734
Pedro Martins Nascimento,pedro.martins.nascimento.20713@example.com,Goiânia,Professor,22,25584144488
Renata Costa Moreira,renata.costa.moreira.20714@example.com,Natal,Padeiro,67,23491271989
Daniela Nascimento Barros,daniela.nascimento.barros.20715@example.com,Curitiba,Programador,50,49775583660
Vinícius Monteiro Carvalho,vinicius.monteiro.carvalho.20716@example.com,São Paulo,Chefe de compras,31,86842225305
João Rocha Dias,joao.rocha.dias.20717@example.com,Vitória,Gerente de tecnologia,23,24903016543
Aline Pereira Carvalho,aline.pereira.carvalho.20718@example.com,Belém,Gerente financeiro,24,23952767423
Ana Costa Dias,ana.costa.dias.20719@example.com,Porto Alegre,Gerente financeiro,32,73972918362
Carolina Rocha Araújo,carolina.rocha.araujo.20720@example.com,Campinas,Coordenador de logística,55,26931914893
Tatiane Dias Souza,tatiane.dias.souza.20721@example.com,São Paulo,Líder de equipe,42,92359268109
Bruno Castro Fernandes,bruno.castro.fernandes.20722@example.com,Salvador,Pedreiro,24,11140786817
Juliana Monteiro Carvalho,juliana.monteiro.carvalho.20723@example.com,Brasília,Supervisor de qualidade,44,01614023505
Carolina Ribeiro Freitas,carolina.ribeiro.freitas.20724@example.com,Curitiba,Analista de marketing,69,33620892446
Leonardo Dias Freitas,leonardo.dias.freitas.20725@example.com,Cuiabá,Programador,32,86870182465
Marcelo Dias Gomes,marcelo.dias.gomes.20726@example.com,Natal,Coordenador de marketing,62,63069031434
Ricardo Monteiro Silva,ricardo.monteiro.silva.20727@example.com,Curitiba,Corretor de imóveis,39,75014953093
Bruno Freitas Souza,bruno.freitas.souza.20728@example.com,Salvador,Técnico de enfermagem,55,96783278587
Carolina Nascimento Rodrigues,carolina.nascimento.rodrigues.20729@example.com,Vitória,Assistente comercial,27,64697596903
Letícia Alves Ribeiro,leticia.alves.ribeiro.20730@example.com,Manaus,Coordenador administrativo,23,75682859692
Amanda Mendes Martins,amanda.mendes.martins.20731@example.com,Salvador,Diretor comercial,70,54220935780
Gabriel Costa Nascimento,gabriel.costa.nascimento.20732@example.com,Londrina,Jornalista,53,41917514896
Débora Nascimento Cardoso,debora.nascimento.cardoso.20733@example.com,Porto Alegre,Contador,22,84651073680
Thiago Monteiro Rocha,thiago.monteiro.rocha.20734@example.com,Dourados,Advogado,18,85951335752
Rafael Gomes Cardoso,rafael.gomes.cardoso.20735@example.com,Rondonópolis,Vendedor,55,44942800265
Carlos Alves Carvalho,carlos.alves.carvalho.20736@example.com,Salvador,Gerente de recursos humanos,24,45849386990
Ricardo Moreira Alves,ricardo.moreira.alves.20737@example.com,Goiânia,Chefe de compras,65,24083467892
Débora Oliveira Oliveira,debora.oliveira.oliveira.20738@example.com,Niterói,Chefe de departamento pessoal,58,88281724696
Fernanda Ribeiro Costa,fernanda.ribeiro.costa.20739@example.com,Natal,Atendente,27,78989801474
Thiago Araújo Barros,thiago.araujo.barros.20740@example.com,Porto Alegre,Analista de recursos humanos,45,19201093750
Ana Araújo Fernandes,ana.araujo.fernandes.20741@example.com,Santos,Jornalista,48,79106143409
Paulo Costa Carvalho,paulo.costa.carvalho.20742@example.com,Belo Horizonte,Padeiro,69,47295592444
Gabriela Moreira Alves,gabriela.moreira.alves.20743@example.com,Campinas,Fisioterapeuta,64,50905709947
Patrícia Alves Lima,patricia.alves.lima.20744@example.com,Uberlândia,Analista de recursos humanos,45,68261644972
Renata Ribeiro Nascimento,renata.ribeiro.nascimento.20745@example.com,São Paulo,Engenheiro civil,23,39802650667
Vitória Rodrigues Martins,vitoria.rodrigues.martins.20746@example.com,Brasília,Gerente financeiro,27,32810171797
Lucas Almeida Araújo,lucas.almeida.araujo.20747@example.com,Porto Alegre,Eletricista,30,29015362412
Henrique Moreira Souza,henrique.moreira.souza.20748@example.com,Belém,Assistente administrativo,31,64964054173
Aline Costa Teixeira,aline.costa.teixeira.20749@example.com,Londrina,Corretor de imóveis,31,53423224457
Sérgio Monteiro Mendes,sergio.monteiro.mendes.20750@example.com,Campo Grande,Gerente comercial,44,20107149464
José Almeida Dias,jose.almeida.dias.20751@example.com,Santos,Gerente financeiro,40,44630839388
José Barbosa Santos,jose.barbosa.santos.20752@example.com,Belém,Encarregado de produção,23,99648069050
Débora Nascimento Ribeiro,debora.nascimento.ribeiro.20753@example.com,Campinas,Assistente comercial,49,66455086707
Sérgio Alves Oliveira,sergio.alves.oliveira.20754@example.com,Maringá,Assistente administrativo,28,64344555232
Otávio Costa Rodrigues,otavio.costa.rodrigues.20755@example.com,Niterói,Engenheiro civil,19,49698846463
Gustavo Pereira Rocha,gustavo.pereira.rocha.20756@example.com,Recife,Chefe de departamento pessoal,43,57318953258
Diego Araújo Barros,diego.araujo.barros.20757@example.com,São Paulo,Técnico de enfermagem,31,13106693365
Diego Alves Barros,diego.alves.barros.20758@example.com,Niterói,Gerente financeiro,39,82023180740
Bruno Monteiro Gomes,bruno.monteiro.gomes.20759@example.com,Rondonópolis,Mecânico,42,33429757240
Marcelo Monteiro Monteiro,marcelo.monteiro.monteiro.20760@example.com,Fortaleza,Técnico de segurança do trabalho,25,28965384972
Renata Araújo Rodrigues,renata.araujo.rodrigues.20761@example.com,Londrina,Programador,42,69345265082
Larissa Gomes Barbosa,larissa.gomes.barbosa.20762@example.com,Curitiba,Padeiro,40,47411678656
Sérgio Freitas Freitas,sergio.freitas.freitas.20763@example.com,Salvador,Coordenador administrativo,69,11865555456
Aline Silva Carvalho,aline.silva.carvalho.20764@example.com,Campinas,Cozinheiro,38,08502668511
Eduardo Costa Nascimento,eduardo.costa.nascimento.20765@example.com,Caxias do Sul,Fisioterapeuta,20,09507999292
Igor Rodrigues Nascimento,igor.rodrigues.nascimento.20766@example.com,Florianópolis,Advogado,22,68621384100
Diego Cardoso Alves,diego.cardoso.alves.20767@example.com,Goiânia,Corretor de imóveis,31,96490396630
Simone Oliveira Santos,simone.oliveira.santos.20768@example.com,Brasília,Enfermeiro,62,37157804929
Letícia Costa Carvalho,leticia.costa.carvalho.20769@example.com,Rio de Janeiro,Técnico em informática,20,83273391891
Carolina Cardoso Barros,carolina.cardoso.barros.20770@example.com,Niterói,Gerente de operações,44,45525432864
Daniela Santos Ribeiro,daniela.santos.ribeiro.20771@example.com,Florianópolis,Advogado,38,74127117241
Vitória Ribeiro Santos,vitoria.ribeiro.santos.20772@example.com,Santos,Analista financeiro,39,08141221700
Igor Ribeiro Barros,igor.ribeiro.barros.20773@example.com,Goiânia,Coordenador de logística,23,02975910783
Eduardo Castro Oliveira,eduardo.castro.oliveira.20774@example.com,Sorocaba,Recepcionista,42,58243796618
Simone Carvalho Oliveira,simone.carvalho.oliveira.20775@example.com,Cuiabá,Técnico de segurança do trabalho,28,28567590672
Camila Lima Fernandes,camila.lima.fernandes.20776@example.com,Brasília,Assistente administrativo,69,16544419441
Marcelo Freitas Souza,marcelo.freitas.souza.20777@example.com,Porto Alegre,Técnico em informática,22,65171558753
Camila Fernandes Silva,camila.fernandes.silva.20778@example.com,Santos,Professor,59,99906846326
Henrique Mendes Costa,henrique.mendes.costa.20779@example.com,Santos,Vendedor,27,47923562579
Aline Almeida Fernandes,aline.almeida.fernandes.20780@example.com,Belém,Farmacêutico,41,03450909213
Tatiane Costa Lima,tatiane.costa.lima.20781@example.com,Natal,Líder de equipe,26,12468864005
Sérgio Araújo Castro,sergio.araujo.castro.20782@example.com,Campo Grande,Técnico em informática,53,30217792387
Carolina Fernandes Alves,carolina.fernandes.alves.20783@example.com,São Paulo,Atendente,26,10952052411
Paulo Mendes Almeida,paulo.mendes.almeida.20784@example.com,Sorocaba,Estoquista,57,28156811871
Aline Araújo Nascimento,aline.araujo.nascimento.20785@example.com,Belém,Técnico em informática,66,32429718037
Vinícius Monteiro Castro,vinicius.monteiro.castro.20786@example.com,Fortaleza,Atendente,36,47635064844
Simone Oliveira Mendes,simone.oliveira.mendes.20787@example.com,Dourados,Chefe de departamento pessoal,26,49302012584
José Barros Lima,jose.barros.lima.20788@example.com,Porto Alegre,Fisioterapeuta,57,82949858583
Larissa Barros Alves,larissa.barros.alves.20789@example.com,São Paulo,Chefe de almoxarifado,20,93648787386
Sandra Monteiro Pereira,sandra.monteiro.pereira.20790@example.com,Curitiba,Recepcionista,62,35241522701
Vinícius Castro Rodrigues,vinicius.castro.rodrigues.20791@example.com,Brasília,Professor,54,54339360954
Eduardo Cardoso Barros,eduardo.cardoso.barros.20792@example.com,Sorocaba,Gerente de recursos humanos,57,32787251519
Beatriz Pereira Mendes,beatriz.pereira.mendes.20793@example.com,Fortaleza,Recepcionista,44,03748560029
Aline Fernandes Santos,aline.fernandes.santos.20794@example.com,Florianópolis,Estoquista,70,52160755215
Bruno Carvalho Teixeira,bruno.carvalho.teixeira.20795@example.com,Niterói,Supervisor de manutenção,29,73859514411
Gabriela Lima Ribeiro,gabriela.lima.ribeiro.20796@example.com,Sorocaba,Comprador,56,96792720042
Thiago Martins Rodrigues,thiago.martins.rodrigues.20797@example.com,Goiânia,Gerente de operações,68,05647429955
Débora Martins Pereira,debora.martins.pereira.20798@example.com,Rondonópolis,Comprador,18,05395931286
José Almeida Martins,jose.almeida.martins.20799@example.com,Natal,Enfermeiro,62,88019321459
Renata Oliveira Teixeira,renata.oliveira.teixeira.20800@example.com,Santos,Arquiteto,54,41551814490
Mariana Costa Alves,mariana.costa.alves.20801@example.com,Rondonópolis,Gerente de recursos humanos,60,80235137673
Tatiane Freitas Mendes,tatiane.freitas.mendes.20802@example.com,Campo Grande,Engenheiro civil,34,68133810879
Gabriela Oliveira Santos,gabriela.oliveira.santos.20803@example.com,Maringá,Contador,66,00550568359
Vinícius Almeida Freitas,vinicius.almeida.freitas.20804@example.com,Niterói,Técnico de segurança do trabalho,21,05522778894
Vanessa Silva Alves,vanessa.silva.alves.20805@example.com,Vitória,Auxiliar de produção,28,71258517365
Lucas Pereira Rodrigues,lucas.pereira.rodrigues.20806@example.com,Vitória,Gerente financeiro,28,23671805586
Ana Teixeira Araújo,ana.teixeira.araujo.20807@example.com,Campinas,Pedreiro,36,58702506490
Amanda Moreira Mendes,amanda.moreira.mendes.20808@example.com,Goiânia,Chefe de compras,24,50324573140
Mariana Castro Moreira,mariana.castro.moreira.20809@example.com,Belo Horizonte,Assistente administrativo,21,07163350705
Sandra Barbosa Fernandes,sandra.barbosa.fernandes.20810@example.com,São Paulo,Diretor de operações,22,14632924439
Beatriz Cardoso Barros,beatriz.cardoso.barros.20811@example.com,Recife,Técnico em informática,37,25861783716
Paulo Oliveira Pereira,paulo.oliveira.pereira.20812@example.com,Sorocaba,Gerente financeiro,64,05487217251
Lucas Silva Mendes,lucas.silva.mendes.20813@example.com,Caxias do Sul,Engenheiro civil,37,78893413653
Paulo Rocha Silva,paulo.rocha.silva.20814@example.com,Manaus,Chefe de almoxarifado,49,31318621167
Patrícia Araújo Dias,patricia.araujo.dias.20815@example.com,Caxias do Sul,Gerente de recursos humanos,56,48250595981
Amanda Oliveira Pereira,amanda.oliveira.pereira.20816@example.com,Curitiba,Professor,28,12490044783
Bruno Ribeiro Pereira,bruno.ribeiro.pereira.20817@example.com,Belém,Diretor de operações,22,31722261588
Sérgio Monteiro Moreira,sergio.monteiro.moreira.20818@example.com,Caxias do Sul,Comprador,45,90246843252
Bruno Nascimento Dias,bruno.nascimento.dias.20819@example.com,Brasília,Coordenador administrativo,56,70206779323
Mariana Rocha Martins,mariana.rocha.martins.20820@example.com,Curitiba,Coordenador de produção,24,33388813272
Henrique Santos Moreira,henrique.santos.moreira.20821@example.com,Caxias do Sul,Gerente de tecnologia,68,54807276840
Henrique Pereira Teixeira,henrique.pereira.teixeira.20822@example.com,Vitória,Diretor comercial,19,05461135677
Fernanda Cardoso Carvalho,fernanda.cardoso.carvalho.20823@example.com,Uberlândia,Analista de dados,18,35946153870
Tatiane Barros Mendes,tatiane.barros.mendes.20824@example.com,Campo Grande,Gerente comercial,32,56049434852
Fernanda Costa Araújo,fernanda.costa.araujo.20825@example.com,Vitória,Gerente financeiro,41,14234710070
Tatiane Ribeiro Castro,tatiane.ribeiro.castro.20826@example.com,Londrina,Diretor comercial,67,44104760825
Juliana Araújo Carvalho,juliana.araujo.carvalho.20827@example.com,São Paulo,Corretor de imóveis,32,63237824157
Sandra Lima Teixeira,sandra.lima.teixeira.20828@example.com,Uberlândia,Chefe de compras,34,12311228639
Patrícia Nascimento Barbosa,patricia.nascimento.barbosa.20829@example.com,Caxias do Sul,Mecânico,22,86779914300
Mariana Barbosa Santos,mariana.barbosa.santos.20830@example.com,Vitória,Chefe de compras,41,73148919459
Henrique Silva Alves,henrique.silva.alves.20831@example.com,Joinville,Recepcionista,63,59546787877
Beatriz Souza Rocha,beatriz.souza.rocha.20832@example.com,Cuiabá,Comprador,27,50681619522
Ana Monteiro Barbosa,ana.monteiro.barbosa.20833@example.com,Londrina,Estoquista,53,98816518001
Carolina Cardoso Monteiro,carolina.cardoso.monteiro.20834@example.com,Cuiabá,Eletricista,31,78265366653
Otávio Martins Lima,otavio.martins.lima.20835@example.com,Rio de Janeiro,Programador,64,96731804792
Beatriz Monteiro Mendes,beatriz.monteiro.mendes.20836@example.com,Florianópolis,Arquiteto,49,58772154051
Henrique Souza Rocha,henrique.souza.rocha.20837@example.com,Campinas,Designer gráfico,48,99952244522
Carlos Souza Nascimento,carlos.souza.nascimento.20838@example.com,Natal,Coordenador administrativo,46,01550432357
Aline Almeida Pereira,aline.almeida.pereira.20839@example.com,Manaus,Gerente de recursos humanos,42,62197799480
Ana Cardoso Alves,ana.cardoso.alves.20840@example.com,Salvador,Farmacêutico,27,59007209877
José Castro Santos,jose.castro.santos.20841@example.com,Recife,Padeiro,59,53651573896
Letícia Ribeiro Almeida,leticia.ribeiro.almeida.20842@example.com,Rondonópolis,Gerente comercial,43,78823819669
Henrique Dias Araújo,henrique.dias.araujo.20843@example.com,Fortaleza,Encarregado de produção,51,07047315371
Ricardo Monteiro Castro,ricardo.monteiro.castro.20844@example.com,Santos,Analista de dados,23,26311822882
Pedro Almeida Almeida,pedro.almeida.almeida.20845@example.com,Dourados,Corretor de imóveis,27,12466907089
José Martins Lima,jose.martins.lima.20846@example.com,Uberlândia,Técnico de segurança do trabalho,49,98530882135
Larissa Fernandes Castro,larissa.fernandes.castro.20847@example.com,Florianópolis,Supervisor de vendas,38,77725679976
Henrique Souza Rocha,henrique.souza.rocha.20848@example.com,Curitiba,Nutricionista,51,91141803283
Rafael Costa Teixeira,rafael.costa.teixeira.20849@example.com,Joinville,Designer gráfico,70,89710677125
Igor Silva Pereira,igor.silva.pereira.20850@example.com,Belém,Fisioterapeuta,31,65336772723
Carolina Santos Ribeiro,carolina.santos.ribeiro.20851@example.com,Fortaleza,Supervisor de qualidade,32,52450962142
Eduardo Martins Fernandes,eduardo.martins.fernandes.20852@example.com,Vitória,Advogado,54,99397277283
Leonardo Martins Cardoso,leonardo.martins.cardoso.20853@example.com,Brasília,Designer gráfico,65,46323740642
João Teixeira Ribeiro,joao.teixeira.ribeiro.20854@example.com,Sorocaba,Advogado,24,16334278130
Fernanda Freitas Almeida,fernanda.freitas.almeida.20855@example.com,Brasília,Gerente financeiro,51,87230623204
Sandra Teixeira Freitas,sandra.teixeira.freitas.20856@example.com,Niterói,Técnico de segurança do trabalho,32,71624468987
Vinícius Barbosa Dias,vinicius.barbosa.dias.20857@example.com,Sorocaba,Gerente de recursos humanos,25,65143043410
Daniela Lima Teixeira,daniela.lima.teixeira.20858@example.com,Curitiba,Coordenador administrativo,44,07488960715
Simone Freitas Ribeiro,simone.freitas.ribeiro.20859@example.com,Rio de Janeiro,Programador,41,20419258009
Carlos Dias Dias,carlos.dias.dias.20860@example.com,Maringá,Corretor de imóveis,34,63211255542
Henrique Mendes Silva,henrique.mendes.silva.20861@example.com,Uberlândia,Arquiteto,25,45794121267
Leonardo Fernandes Barros,leonardo.fernandes.barros.20862@example.com,Curitiba,Técnico de enfermagem,48,61313405867
Larissa Castro Almeida,larissa.castro.almeida.20863@example.com,Salvador,Operador de caixa,70,90545919022
José Fernandes Gomes,jose.fernandes.gomes.20864@example.com,Cuiabá,Técnico de enfermagem,44,82802618892
Vinícius Nascimento Santos,vinicius.nascimento.santos.20865@example.com,Florianópolis,Supervisor de manutenção,41,34827828210
Gustavo Nascimento Almeida,gustavo.nascimento.almeida.20866@example.com,Belo Horizonte,Líder de equipe,50,24213696142
João Almeida Pereira,joao.almeida.pereira.20867@example.com,Uberlândia,Mecânico,39,07435367128
Carolina Monteiro Martins,carolina.monteiro.martins.20868@example.com,Fortaleza,Chefe de departamento pessoal,30,73262485427
Lucas Araújo Martins,lucas.araujo.martins.20869@example.com,Goiânia,Analista de dados,50,06019237640
Marcelo Cardoso Rocha,marcelo.cardoso.rocha.20870@example.com,Curitiba,Programador,46,03014075008
Pedro Almeida Almeida,pedro.almeida.almeida.20871@example.com,Rondonópolis,Técnico de enfermagem,63,45817904814
Larissa Freitas Cardoso,larissa.freitas.cardoso.20872@example.com,Cuiabá,Supervisor de qualidade,36,19855421130
Paulo Monteiro Pereira,paulo.monteiro.pereira.20873@example.com,São Paulo,Professor,21,82135391926
Daniela Cardoso Fernandes,daniela.cardoso.fernandes.20874@example.com,Goiânia,Analista de dados,52,92414145737
Juliana Martins Fernandes,juliana.martins.fernandes.20875@example.com,Belém,Arquiteto,25,27664782472
Pedro Santos Rodrigues,pedro.santos.rodrigues.20876@example.com,Santos,Líder de equipe,55,14874613665
Sérgio Nascimento Fernandes,sergio.nascimento.fernandes.20877@example.com,Santos,Analista de dados,46,19806719554
Amanda Nascimento Alves,amanda.nascimento.alves.20878@example.com,Fortaleza,Programador,28,35448303839
Rafael Teixeira Alves,rafael.teixeira.alves.20879@example.com,Goiânia,Operador de caixa,24,04115653665
Luana Rocha Cardoso,luana.rocha.cardoso.20880@example.com,Salvador,Professor,68,31354298682
Aline Oliveira Martins,aline.oliveira.martins.20881@example.com,Porto Alegre,Líder de equipe,34,66533489207
Lucas Santos Martins,lucas.santos.martins.20882@example.com,Recife,Enfermeiro,24,16608608498
Vanessa Costa Almeida,vanessa.costa.almeida.20883@example.com,Cuiabá,Técnico de enfermagem,22,48451857311
Priscila Santos Oliveira,priscila.santos.oliveira.20884@example.com,Manaus,Vendedor,26,84469219927
Renata Barros Ribeiro,renata.barros.ribeiro.20885@example.com,São Paulo,Técnico de enfermagem,51,66490704050
Nicolas Santos Mendes,nicolas.santos.mendes.20886@example.com,Niterói,Gerente de operações,57,35992840989
Sérgio Monteiro Fernandes,sergio.monteiro.fernandes.20887@example.com,Cuiabá,Gerente de recursos humanos,68,59200369545
Beatriz Lima Castro,beatriz.lima.castro.20888@example.com,Sorocaba,Comprador,54,79502153930
Priscila Costa Martins,priscila.costa.martins.20889@example.com,Vitória,Supervisor de vendas,38,99120750850
Carlos Lima Martins,carlos.lima.martins.20890@example.com,Joinville,Designer gráfico,58,48211761013
Eduardo Fernandes Almeida,eduardo.fernandes.almeida.20891@example.com,Santos,Diretor comercial,56,44136623091
Paulo Dias Pereira,paulo.dias.pereira.20892@example.com,Fortaleza,Fisioterapeuta,41,83631093504
Gustavo Alves Santos,gustavo.alves.santos.20893@example.com,Maringá,Engenheiro civil,67,29120529486
Camila Lima Alves,camila.lima.alves.20894@example.com,Rondonópolis,Enfermeiro,25,57106952084
Fernanda Monteiro Pereira,fernanda.monteiro.pereira.20895@example.com,Brasília,Supervisor de qualidade,27,74785051887
Priscila Gomes Nascimento,priscila.gomes.nascimento.20896@example.com,Niterói,Gerente de operações,58,44821793622
Bruno Oliveira Freitas,bruno.oliveira.freitas.20897@example.com,Curitiba,Operador de caixa,63,91924204298
Diego Ribeiro Rodrigues,diego.ribeiro.rodrigues.20898@example.com,Recife,Gerente de recursos humanos,18,70624719332
Amanda Moreira Araújo,amanda.moreira.araujo.20899@example.com,Londrina,Coordenador de marketing,24,04622756519
Gabriela Souza Carvalho,gabriela.souza.carvalho.20900@example.com,São Paulo,Comprador,25,58154307138
Carolina Rocha Oliveira,carolina.rocha.oliveira.20901@example.com,Fortaleza,Coordenador de marketing,47,42482645514
João Barros Carvalho,joao.barros.carvalho.20902@example.com,Porto Alegre,Designer gráfico,39,13008452878
Aline Rocha Moreira,aline.rocha.moreira.20903@example.com,Recife,Gerente financeiro,34,91338771320
Leonardo Barbosa Almeida,leonardo.barbosa.almeida.20904@example.com,Joinville,Estoquista,45,88428118224
Simone Gomes Nascimento,simone.gomes.nascimento.20905@example.com,Goiânia,Assistente administrativo,38,06663982665
Fernanda Gomes Silva,fernanda.gomes.silva.20906@example.com,Uberlândia,Operador de caixa,31,71868453886
Priscila Santos Alves,priscila.santos.alves.20907@example.com,Fortaleza,Gerente de operações,27,31344536093
Felipe Pereira Rocha,felipe.pereira.rocha.20908@example.com,Santos,Eletricista,23,08455274558
Fernanda Pereira Santos,fernanda.pereira.santos.20909@example.com,Santos,Técnico de segurança do trabalho,18,35218760898
Sandra Cardoso Santos,sandra.cardoso.santos.20910@example.com,Salvador,Coordenador de marketing,58,89754896908
Leonardo Cardoso Lima,leonardo.cardoso.lima.20911@example.com,Uberlândia,Atendente,56,92126988343
Beatriz Mendes Lima,beatriz.mendes.lima.20912@example.com,Dourados,Engenheiro civil,21,83175494913
Vitória Alves Freitas,vitoria.alves.freitas.20913@example.com,Florianópolis,Supervisor de qualidade,53,34566130057
Otávio Barbosa Pereira,otavio.barbosa.pereira.20914@example.com,Vitória,Operador de caixa,53,34410609201
Lucas Silva Araújo,lucas.silva.araujo.20915@example.com,Rio de Janeiro,Pedreiro,33,59578133679
José Santos Rocha,jose.santos.rocha.20916@example.com,Niterói,Cozinheiro,58,38487101390
Felipe Cardoso Teixeira,felipe.cardoso.teixeira.20917@example.com,Brasília,Supervisor de vendas,44,84554180026
Vanessa Castro Rocha,vanessa.castro.rocha.20918@example.com,Belo Horizonte,Líder de equipe,56,37154576331
Fernanda Alves Rodrigues,fernanda.alves.rodrigues.20919@example.com,Dourados,Analista de marketing,56,17399057959
Simone Cardoso Gomes,simone.cardoso.gomes.20920@example.com,Niterói,Analista de marketing,44,56218499204
Débora Rocha Alves,debora.rocha.alves.20921@example.com,Goiânia,Programador,29,86767652072
Henrique Teixeira Castro,henrique.teixeira.castro.20922@example.com,Londrina,Motorista,45,50749626443
Aline Gomes Ribeiro,aline.gomes.ribeiro.20923@example.com,Goiânia,Professor,29,90005108301
Igor Gomes Almeida,igor.gomes.almeida.20924@example.com,Niterói,Pedreiro,32,11070069965
Otávio Lima Cardoso,otavio.lima.cardoso.20925@example.com,Campo Grande,Chefe de departamento pessoal,19,04371044328
Mariana Martins Gomes,mariana.martins.gomes.20926@example.com,Belém,Chefe de departamento pessoal,51,81070608530
Thiago Oliveira Monteiro,thiago.oliveira.monteiro.20927@example.com,Campo Grande,Analista de marketing,47,73617872475
Vanessa Castro Barbosa,vanessa.castro.barbosa.20928@example.com,Campinas,Analista de recursos humanos,56,76390836416
João Martins Fernandes,joao.martins.fernandes.20929@example.com,Caxias do Sul,Padeiro,54,09252028952
Marcelo Cardoso Nascimento,marcelo.cardoso.nascimento.20930@example.com,Fortaleza,Diretor de operações,22,57496512325
Carlos Freitas Pereira,carlos.freitas.pereira.20931@example.com,Niterói,Assistente comercial,68,62220796581
Gabriela Araújo Teixeira,gabriela.araujo.teixeira.20932@example.com,Vitória,Líder de equipe,42,61163065758
Sérgio Martins Alves,sergio.martins.alves.20933@example.com,Londrina,Contador,63,68339330709
Henrique Freitas Mendes,henrique.freitas.mendes.20934@example.com,Dourados,Cozinheiro,56,34984152540
Gabriela Souza Oliveira,gabriela.souza.oliveira.20935@example.com,Niterói,Cozinheiro,19,61772007569
Felipe Dias Souza,felipe.dias.souza.20936@example.com,Niterói,Chefe de compras,18,40771304854
Gabriela Pereira Martins,gabriela.pereira.martins.20937@example.com,Maringá,Coordenador de marketing,25,21310433161
Ana Souza Dias,ana.souza.dias.20938@example.com,Dourados,Chefe de compras,41,34824823447
Sérgio Alves Rodrigues,sergio.alves.rodrigues.20939@example.com,Belém,Chefe de almoxarifado,53,15905925270
Ana Souza Carvalho,ana.souza.carvalho.20940@example.com,Sorocaba,Corretor de imóveis,37,38010919053
Gabriel Santos Moreira,gabriel.santos.moreira.20941@example.com,Uberlândia,Coordenador de logística,24,84541965693
Sandra Carvalho Ribeiro,sandra.carvalho.ribeiro.20942@example.com,Fortaleza,Chefe de departamento pessoal,37,82002487639
Priscila Souza Barros,priscila.souza.barros.20943@example.com,Manaus,Motorista,61,52006263936
Felipe Oliveira Rodrigues,felipe.oliveira.rodrigues.20944@example.com,Cuiabá,Gerente de recursos humanos,45,96045267667
Larissa Araújo Teixeira,larissa.araujo.teixeira.20945@example.com,Dourados,Fisioterapeuta,50,14619549746
Diego Dias Barbosa,diego.dias.barbosa.20946@example.com,Maringá,Coordenador de logística,19,20765256004
Carolina Araújo Lima,carolina.araujo.lima.20947@example.com,Joinville,Estoquista,54,78196306780
José Cardoso Almeida,jose.cardoso.almeida.20948@example.com,Uberlândia,Nutricionista,35,75976126095
Letícia Pereira Alves,leticia.pereira.alves.20949@example.com,Brasília,Arquiteto,23,10132582614
Lucas Dias Barros,lucas.dias.barros.20950@example.com,Porto Alegre,Eletricista,30,43391502005
Simone Souza Almeida,simone.souza.almeida.20951@example.com,Curitiba,Operador de caixa,18,17198880015
Henrique Alves Silva,henrique.alves.silva.20952@example.com,Dourados,Técnico de segurança do trabalho,28,36610400348
Luana Freitas Teixeira,luana.freitas.teixeira.20953@example.com,Caxias do Sul,Analista de dados,42,98280227346
José Freitas Freitas,jose.freitas.freitas.20954@example.com,Caxias do Sul,Motorista,19,47527295894
Débora Monteiro Rocha,debora.monteiro.rocha.20955@example.com,Campinas,Professor,58,25370325938
Vinícius Moreira Pereira,vinicius.moreira.pereira.20956@example.com,Joinville,Chefe de compras,19,22272249294
Luana Freitas Fernandes,luana.freitas.fernandes.20957@example.com,Manaus,Engenheiro civil,28,81959495789
Thiago Mendes Castro,thiago.mendes.castro.20958@example.com,Goiânia,Assistente administrativo,57,51205805341
Igor Moreira Almeida,igor.moreira.almeida.20959@example.com,Uberlândia,Analista de marketing,19,74157917637
Carolina Rocha Cardoso,carolina.rocha.cardoso.20960@example.com,Natal,Advogado,43,15766824195
Luana Martins Ribeiro,luana.martins.ribeiro.20961@example.com,Manaus,Coordenador de produção,63,56584046722
Vitória Costa Fernandes,vitoria.costa.fernandes.20962@example.com,Campo Grande,Gerente comercial,50,36699211455
Otávio Costa Araújo,otavio.costa.araujo.20963@example.com,Londrina,Analista financeiro,31,07798831324
Lucas Oliveira Gomes,lucas.oliveira.gomes.20964@example.com,Manaus,Coordenador de produção,33,27426043702
Carolina Lima Santos,carolina.lima.santos.20965@example.com,Sorocaba,Fisioterapeuta,22,97447046929
Thiago Oliveira Alves,thiago.oliveira.alves.20966@example.com,São Paulo,Engenheiro civil,42,33825129411
Bruno Lima Alves,bruno.lima.alves.20967@example.com,São Paulo,Técnico de enfermagem,60,70529767638
Vanessa Teixeira Costa,vanessa.teixeira.costa.20968@example.com,Uberlândia,Programador,63,17197863550
Débora Nascimento Moreira,debora.nascimento.moreira.20969@example.com,Campinas,Gerente de operações,47,01925115478
Felipe Fernandes Barbosa,felipe.fernandes.barbosa.20970@example.com,Belém,Farmacêutico,66,70151873145
Sérgio Dias Rocha,sergio.dias.rocha.20971@example.com,Caxias do Sul,Gerente financeiro,52,23624574070
Sérgio Rocha Costa,sergio.rocha.costa.20972@example.com,Vitória,Coordenador administrativo,56,16084641493
José Alves Pereira,jose.alves.pereira.20973@example.com,Brasília,Enfermeiro,23,09501026578
Sandra Gomes Lima,sandra.gomes.lima.20974@example.com,Belém,Mecânico,54,73648499760
Lucas Cardoso Mendes,lucas.cardoso.mendes.20975@example.com,Caxias do Sul,Analista de recursos humanos,70,39581959940
Felipe Rodrigues Araújo,felipe.rodrigues.araujo.20976@example.com,Campinas,Gerente financeiro,63,07963277322
Ana Alves Lima,ana.alves.lima.20977@example.com,Manaus,Coordenador de marketing,31,68768679247
Sandra Souza Santos,sandra.souza.santos.20978@example.com,Recife,Mecânico,41,79938422734
Juliana Castro Moreira,juliana.castro.moreira.20979@example.com,Uberlândia,Engenheiro civil,38,86128508807
Vanessa Alves Moreira,vanessa.alves.moreira.20980@example.com,Recife,Recepcionista,36,94732803753
Luana Monteiro Barros,luana.monteiro.barros.20981@example.com,Cuiabá,Auxiliar de produção,24,61670540473
Juliana Castro Freitas,juliana.castro.freitas.20982@example.com,Joinville,Gerente financeiro,40,96996851324
João Mendes Monteiro,joao.mendes.monteiro.20983@example.com,Recife,Cozinheiro,38,37287895964
Gabriel Oliveira Cardoso,gabriel.oliveira.cardoso.20984@example.com,Maringá,Auxiliar de produção,35,87190478729
Ricardo Almeida Mendes,ricardo.almeida.mendes.20985@example.com,Natal,Supervisor de vendas,27,45617762135
Amanda Carvalho Alves,amanda.carvalho.alves.20986@example.com,Rondonópolis,Programador,47,01257960981
Ana Rodrigues Moreira,ana.rodrigues.moreira.20987@example.com,Rondonópolis,Técnico de segurança do trabalho,26,71306193674
Felipe Moreira Freitas,felipe.moreira.freitas.20988@example.com,Cuiabá,Diretor comercial,58,38428944506
Felipe Teixeira Barros,felipe.teixeira.barros.20989@example.com,Londrina,Gerente financeiro,46,19123735450
Aline Rocha Teixeira,aline.rocha.teixeira.20990@example.com,Caxias do Sul,Supervisor de qualidade,66,50534451746
Débora Silva Almeida,debora.silva.almeida.20991@example.com,Vitória,Supervisor de manutenção,47,07689988726
Juliana Santos Almeida,juliana.santos.almeida.20992@example.com,Joinville,Supervisor de manutenção,28,84168726888
Otávio Ribeiro Teixeira,otavio.ribeiro.teixeira.20993@example.com,Maringá,Vendedor,34,49284808508
Leonardo Souza Santos,leonardo.souza.santos.20994@example.com,Curitiba,Professor,26,42165103644
Vitória Rodrigues Alves,vitoria.rodrigues.alves.20995@example.com,Niterói,Estoquista,30,63866217823
Leonardo Rodrigues Oliveira,leonardo.rodrigues.oliveira.20996@example.com,Manaus,Analista de marketing,39,02864235329
Nicolas Mendes Nascimento,nicolas.mendes.nascimento.20997@example.com,Caxias do Sul,Supervisor de vendas,62,87015881102
Patrícia Rodrigues Teixeira,patricia.rodrigues.teixeira.20998@example.com,Belo Horizonte,Técnico em informática,30,34489143195
Daniela Araújo Cardoso,daniela.araujo.cardoso.20999@example.com,Rondonópolis,Designer gráfico,40,34523283779
Larissa Pereira Pereira,larissa.pereira.pereira.21000@example.com,Rio de Janeiro,Assistente administrativo,63,77425910840
