nome,email,cidade,profissao,idade,cpf
Letícia Castro Oliveira,leticia.castro.oliveira.15001@example.com,Fortaleza,Nutricionista,41,40548207156
Gustavo Rocha Ribeiro,gustavo.rocha.ribeiro.15002@example.com,Goiânia,Analista financeiro,65,04991037395
Camila Castro Cardoso,camila.castro.cardoso.15003@example.com,Dourados,Corretor de imóveis,54,16456283051
Paulo Souza Pereira,paulo.souza.pereira.15004@example.com,Niterói,Contador,68,86776285270
Luana Gomes Cardoso,luana.gomes.cardoso.15005@example.com,Vitória,Coordenador de logística,20,51295845958
Sandra Pereira Santos,sandra.pereira.santos.15006@example.com,Campo Grande,Jornalista,39,43166612521
Débora Oliveira Pereira,debora.oliveira.pereira.15007@example.com,Recife,Designer gráfico,65,95850431820
Vinícius Costa Martins,vinicius.costa.martins.15008@example.com,Porto Alegre,Supervisor de atendimento,68,10957856230
Pedro Lima Rocha,pedro.lima.rocha.15009@example.com,Niterói,Farmacêutico,42,81928601761
Rafael Araújo Lima,rafael.araujo.lima.15010@example.com,Sorocaba,Gerente de tecnologia,53,81400365692
Gabriela Santos Nascimento,gabriela.santos.nascimento.15011@example.com,Dourados,Arquiteto,64,29338556138
Vanessa Araújo Santos,vanessa.araujo.santos.15012@example.com,Sorocaba,Recepcionista,42,09323617980
Aline Ribeiro Cardoso,aline.ribeiro.cardoso.15013@example.com,Belo Horizonte,Advogado,45,45869311801
Vitória Dias Monteiro,vitoria.dias.monteiro.15014@example.com,Belo Horizonte,Designer gráfico,65,63396033082
Diego Costa Costa,diego.costa.costa.15015@example.com,Joinville,Coordenador de produção,53,95555649510
Rafael Dias Ribeiro,rafael.dias.ribeiro.15016@example.com,Campo Grande,Arquiteto,33,91000579781
João Fernandes Nascimento,joao.fernandes.nascimento.15017@example.com,Salvador,Cozinheiro,47,41202628694
Letícia Gomes Rocha,leticia.gomes.rocha.15018@example.com,Manaus,Farmacêutico,49,25156843682
Sandra Silva Santos,sandra.silva.santos.15019@example.com,Niterói,Gerente comercial,65,38267316809
Débora Costa Rodrigues,debora.costa.rodrigues.15020@example.com,Cuiabá,Gerente comercial,24,66230415800
Letícia Almeida Rodrigues,leticia.almeida.rodrigues.15021@example.com,Rio de Janeiro,Diretor comercial,40,63950865986
Patrícia Lima Castro,patricia.lima.castro.15022@example.com,Santos,Coordenador de logística,18,92505851711
Eduardo Oliveira Barros,eduardo.oliveira.barros.15023@example.com,Sorocaba,Coordenador de marketing,48,04264222610
Henrique Santos Santos,henrique.santos.santos.15024@example.com,Caxias do Sul,Analista financeiro,31,86931446626
Eduardo Carvalho Silva,eduardo.carvalho.silva.15025@example.com,Goiânia,Analista de recursos humanos,25,84502763840
Camila Barbosa Rocha,camila.barbosa.rocha.15026@example.com,Joinville,Gerente financeiro,35,74455463387
Mariana Castro Carvalho,mariana.castro.carvalho.15027@example.com,Joinville,Comprador,45,05891460905
Rafael Souza Martins,rafael.souza.martins.15028@example.com,Porto Alegre,Farmacêutico,56,73131854998
Fernanda Rocha Souza,fernanda.rocha.souza.15029@example.com,Belém,Técnico de segurança do trabalho,61,13346270692
Vitória Moreira Rocha,vitoria.moreira.rocha.15030@example.com,Santos,Analista financeiro,68,95495628108
Aline Souza Araújo,aline.souza.araujo.15031@example.com,Fortaleza,Chefe de compras,24,09264233878
Mariana Mendes Castro,mariana.mendes.castro.15032@example.com,Campo Grande,Gerente de recursos humanos,26,56543525710
Marcelo Cardoso Pereira,marcelo.cardoso.pereira.15033@example.com,Florianópolis,Atendente,45,81992554856
Carlos Fernandes Castro,carlos.fernandes.castro.15034@example.com,Londrina,Gerente comercial,36,29001471251
Sérgio Lima Oliveira,sergio.lima.oliveira.15035@example.com,Porto Alegre,Pedreiro,52,60681069417
Sérgio Rocha Fernandes,sergio.rocha.fernandes.15036@example.com,Caxias do Sul,Encarregado de produção,55,70927847909
Gabriel Rocha Castro,gabriel.rocha.castro.15037@example.com,Sorocaba,Supervisor de qualidade,54,43675846583
Luana Gomes Cardoso,luana.gomes.cardoso.15038@example.com,São Paulo,Engenheiro civil,59,45682522036
Lucas Freitas Castro,lucas.freitas.castro.15039@example.com,Porto Alegre,Encarregado de produção,32,29126841398
Aline Nascimento Ribeiro,aline.nascimento.ribeiro.15040@example.com,Brasília,Diretor comercial,25,50141456871
Gabriela Martins Carvalho,gabriela.martins.carvalho.15041@example.com,Salvador,Coordenador de produção,42,88937842063
Priscila Cardoso Moreira,priscila.cardoso.moreira.15042@example.com,Brasília,Analista financeiro,70,54452849948
Sérgio Souza Moreira,sergio.souza.moreira.15043@example.com,Brasília,Recepcionista,56,81858676058
Gabriela Souza Santos,gabriela.souza.santos.15044@example.com,Niterói,Gerente de operações,23,46287448845
Leonardo Freitas Alves,leonardo.freitas.alves.15045@example.com,Vitória,Engenheiro civil,45,49448647112
Nicolas Nascimento Rocha,nicolas.nascimento.rocha.15046@example.com,Uberlândia,Supervisor de vendas,51,23440827659
Marcelo Rocha Castro,marcelo.rocha.castro.15047@example.com,Campo Grande,Pedreiro,68,42623046990
Vanessa Nascimento Barros,vanessa.nascimento.barros.15048@example.com,Rondonópolis,Enfermeiro,25,45257914669
Lucas Freitas Rocha,lucas.freitas.rocha.15049@example.com,Maringá,Técnico de segurança do trabalho,34,08297864828
Marcelo Rodrigues Cardoso,marcelo.rodrigues.cardoso.15050@example.com,Manaus,Fisioterapeuta,36,33166809568
Rafael Moreira Mendes,rafael.moreira.mendes.15051@example.com,Goiânia,Analista de marketing,58,20904481397
Vinícius Rocha Araújo,vinicius.rocha.araujo.15052@example.com,Porto Alegre,Gerente de tecnologia,28,37626375515
Igor Almeida Alves,igor.almeida.alves.15053@example.com,Curitiba,Farmacêutico,20,05513079593
Rafael Monteiro Castro,rafael.monteiro.castro.15054@example.com,Caxias do Sul,Chefe de compras,19,95216943749
Beatriz Rodrigues Araújo,beatriz.rodrigues.araujo.15055@example.com,São Paulo,Técnico de enfermagem,69,53215549065
Lucas Fernandes Carvalho,lucas.fernandes.carvalho.15056@example.com,Cuiabá,Gerente comercial,35,49754891930
João Rodrigues Souza,joao.rodrigues.souza.15057@example.com,Uberlândia,Supervisor de vendas,64,66790391189
Vanessa Moreira Dias,vanessa.moreira.dias.15058@example.com,Rondonópolis,Supervisor de atendimento,62,58732841750
Luana Almeida Nascimento,luana.almeida.nascimento.15059@example.com,Niterói,Analista de marketing,55,60291499345
Carolina Araújo Nascimento,carolina.araujo.nascimento.15060@example.com,Brasília,Assistente administrativo,67,53455442345
José Nascimento Freitas,jose.nascimento.freitas.15061@example.com,Belo Horizonte,Corretor de imóveis,27,73185616521
Diego Moreira Ribeiro,diego.moreira.ribeiro.15062@example.com,Porto Alegre,Gerente financeiro,32,54032878567
Tatiane Moreira Araújo,tatiane.moreira.araujo.15063@example.com,Dourados,Supervisor de vendas,35,28554412453
Leonardo Carvalho Freitas,leonardo.carvalho.freitas.15064@example.com,Cuiabá,Vendedor,69,16277051636
Daniela Santos Cardoso,daniela.santos.cardoso.15065@example.com,Fortaleza,Fisioterapeuta,22,50619138046
Rafael Freitas Almeida,rafael.freitas.almeida.15066@example.com,Maringá,Encarregado de produção,25,65388779562
Fernanda Fernandes Carvalho,fernanda.fernandes.carvalho.15067@example.com,Cuiabá,Analista financeiro,64,27642349576
Rafael Almeida Santos,rafael.almeida.santos.15068@example.com,Dourados,Estoquista,27,67120949928
Nicolas Rocha Moreira,nicolas.rocha.moreira.15069@example.com,Recife,Corretor de imóveis,61,02095662050
Otávio Silva Almeida,otavio.silva.almeida.15070@example.com,Porto Alegre,Fisioterapeuta,21,94792304787
Bruno Araújo Martins,bruno.araujo.martins.15071@example.com,Salvador,Técnico em informática,49,30552017591
Sérgio Almeida Barros,sergio.almeida.barros.15072@example.com,Fortaleza,Auxiliar de produção,28,24797855535
Rafael Barbosa Castro,rafael.barbosa.castro.15073@example.com,Brasília,Chefe de departamento pessoal,30,63963932623
Débora Almeida Castro,debora.almeida.castro.15074@example.com,Recife,Analista financeiro,42,63667083742
Ricardo Oliveira Barros,ricardo.oliveira.barros.15075@example.com,São Paulo,Mecânico,53,43586661705
Juliana Dias Mendes,juliana.dias.mendes.15076@example.com,Maringá,Enfermeiro,63,91396242934
Felipe Dias Martins,felipe.dias.martins.15077@example.com,Belém,Estoquista,68,78508978600
Camila Araújo Rodrigues,camila.araujo.rodrigues.15078@example.com,Rio de Janeiro,Supervisor de atendimento,32,09924338276
Nicolas Santos Lima,nicolas.santos.lima.15079@example.com,São Paulo,Supervisor de atendimento,43,91507215616
Larissa Araújo Mendes,larissa.araujo.mendes.15080@example.com,Belém,Diretor comercial,37,27147821714
João Martins Almeida,joao.martins.almeida.15081@example.com,Cuiabá,Gerente de tecnologia,52,56191258345
João Barbosa Cardoso,joao.barbosa.cardoso.15082@example.com,Sorocaba,Engenheiro civil,65,15667998529
Patrícia Teixeira Rocha,patricia.teixeira.rocha.15083@example.com,Rio de Janeiro,Farmacêutico,69,74010388290
Letícia Santos Cardoso,leticia.santos.cardoso.15084@example.com,Sorocaba,Fisioterapeuta,22,44284220644
Beatriz Castro Carvalho,beatriz.castro.carvalho.15085@example.com,Maringá,Cozinheiro,31,66401697057
Camila Dias Costa,camila.dias.costa.15086@example.com,Dourados,Chefe de compras,55,94670510815
Beatriz Mendes Lima,beatriz.mendes.lima.15087@example.com,Belém,Engenheiro civil,55,65440691455
Felipe Barbosa Lima,felipe.barbosa.lima.15088@example.com,Sorocaba,Coordenador de marketing,54,57280458782
Carolina Araújo Cardoso,carolina.araujo.cardoso.15089@example.com,Fortaleza,Eletricista,18,55351252195
Gustavo Santos Teixeira,gustavo.santos.teixeira.15090@example.com,Maringá,Supervisor de manutenção,42,77370362914
Larissa Nascimento Barros,larissa.nascimento.barros.15091@example.com,Caxias do Sul,Diretor comercial,69,00783063649
Pedro Barros Freitas,pedro.barros.freitas.15092@example.com,Sorocaba,Assistente comercial,48,04874558080
Fernanda Costa Almeida,fernanda.costa.almeida.15093@example.com,Caxias do Sul,Supervisor de manutenção,38,63372705387
Fernanda Souza Barbosa,fernanda.souza.barbosa.15094@example.com,Salvador,Arquiteto,36,30307582799
Vanessa Castro Carvalho,vanessa.castro.carvalho.15095@example.com,Curitiba,Técnico em informática,32,02884043615
Mariana Mendes Oliveira,mariana.mendes.oliveira.15096@example.com,Dourados,Coordenador de marketing,69,49757119623
Rafael Almeida Monteiro,rafael.almeida.monteiro.15097@example.com,Santos,Comprador,41,01414984418
Daniela Ribeiro Dias,daniela.ribeiro.dias.15098@example.com,Niterói,Padeiro,39,25902219721
Patrícia Rodrigues Silva,patricia.rodrigues.silva.15099@example.com,Salvador,Supervisor de manutenção,25,70525531663
Sérgio Rodrigues Mendes,sergio.rodrigues.mendes.15100@example.com,Santos,Analista de recursos humanos,29,92193155561
Rafael Oliveira Alves,rafael.oliveira.alves.15101@example.com,Brasília,Recepcionista,40,81472630449
Renata Fernandes Teixeira,renata.fernandes.teixeira.15102@example.com,Santos,Vendedor,43,68011770344
Vitória Monteiro Barbosa,vitoria.monteiro.barbosa.15103@example.com,Natal,Pedreiro,31,19044631728
Juliana Carvalho Barros,juliana.carvalho.barros.15104@example.com,Rio de Janeiro,Professor,41,31074353818
Rafael Barbosa Silva,rafael.barbosa.silva.15105@example.com,Goiânia,Engenheiro civil,58,43915487386
Carolina Costa Teixeira,carolina.costa.teixeira.15106@example.com,Campinas,Técnico em informática,51,96479716286
Sérgio Carvalho Silva,sergio.carvalho.silva.15107@example.com,Salvador,Professor,68,58602450749
Carolina Ribeiro Dias,carolina.ribeiro.dias.15108@example.com,Campo Grande,Advogado,54,15244377503
Bruno Barbosa Almeida,bruno.barbosa.almeida.15109@example.com,São Paulo,Chefe de departamento pessoal,26,58103319187
Thiago Barbosa Araújo,thiago.barbosa.araujo.15110@example.com,Maringá,Analista de dados,67,63195653279
Fernanda Teixeira Moreira,fernanda.teixeira.moreira.15111@example.com,Campo Grande,Padeiro,35,20287028971
Carolina Alves Souza,carolina.alves.souza.15112@example.com,Caxias do Sul,Supervisor de qualidade,47,60242676322
Paulo Nascimento Monteiro,paulo.nascimento.monteiro.15113@example.com,Caxias do Sul,Motorista,54,61143148837
Aline Silva Fernandes,aline.silva.fernandes.15114@example.com,Belo Horizonte,Chefe de almoxarifado,32,56939771414
Leonardo Castro Araújo,leonardo.castro.araujo.15115@example.com,Manaus,Contador,63,46262333281
Fernanda Ribeiro Castro,fernanda.ribeiro.castro.15116@example.com,Campo Grande,Diretor comercial,29,34067046786
Sérgio Nascimento Rodrigues,sergio.nascimento.rodrigues.15117@example.com,Goiânia,Fisioterapeuta,23,95180386024
Priscila Araújo Castro,priscila.araujo.castro.15118@example.com,Dourados,Coordenador de marketing,45,02047499719
Nicolas Carvalho Silva,nicolas.carvalho.silva.15119@example.com,Joinville,Supervisor de vendas,22,90710656914
Gustavo Costa Costa,gustavo.costa.costa.15120@example.com,São Paulo,Gerente comercial,26,31128027626
João Cardoso Martins,joao.cardoso.martins.15121@example.com,Salvador,Designer gráfico,21,31848092510
Marcelo Dias Fernandes,marcelo.dias.fernandes.15122@example.com,Florianópolis,Motorista,63,62021370903
Ana Rocha Mendes,ana.rocha.mendes.15123@example.com,Santos,Cozinheiro,31,67960130391
Diego Lima Martins,diego.lima.martins.15124@example.com,Vitória,Técnico em informática,65,19335777713
Felipe Silva Ribeiro,felipe.silva.ribeiro.15125@example.com,Niterói,Gerente de recursos humanos,51,28717465842
Juliana Dias Pereira,juliana.dias.pereira.15126@example.com,Manaus,Líder de equipe,45,16786390550
Luana Martins Freitas,luana.martins.freitas.15127@example.com,Campo Grande,Gerente financeiro,52,14956554329
Patrícia Rodrigues Silva,patricia.rodrigues.silva.15128@example.com,Natal,Nutricionista,20,59479605228
Renata Freitas Nascimento,renata.freitas.nascimento.15129@example.com,Goiânia,Programador,34,62516362749
Renata Dias Costa,renata.dias.costa.15130@example.com,Salvador,Diretor de operações,60,42468494568
Vinícius Pereira Martins,vinicius.pereira.martins.15131@example.com,Maringá,Programador,31,14856425242
Mariana Nascimento Gomes,mariana.nascimento.gomes.15132@example.com,Salvador,Gerente de tecnologia,23,51593226752
Diego Monteiro Barros,diego.monteiro.barros.15133@example.com,Brasília,Analista de marketing,64,09657193448
Camila Barros Almeida,camila.barros.almeida.15134@example.com,Cuiabá,Estoquista,52,34218669060
Sandra Araújo Carvalho,sandra.araujo.carvalho.15135@example.com,Rondonópolis,Chefe de compras,19,70441168378
Vanessa Barbosa Martins,vanessa.barbosa.martins.15136@example.com,Brasília,Mecânico,61,65489005457
Paulo Costa Castro,paulo.costa.castro.15137@example.com,Vitória,Analista financeiro,40,37881023510
Carlos Rocha Moreira,carlos.rocha.moreira.15138@example.com,Londrina,Auxiliar de produção,48,62334490916
João Freitas Alves,joao.freitas.alves.15139@example.com,Maringá,Assistente comercial,18,45643838137
Fernanda Dias Lima,fernanda.dias.lima.15140@example.com,Sorocaba,Farmacêutico,33,94239022902
Carlos Almeida Freitas,carlos.almeida.freitas.15141@example.com,Rondonópolis,Supervisor de qualidade,49,35525056228
Amanda Martins Santos,amanda.martins.santos.15142@example.com,Belém,Cozinheiro,57,77574340189
Thiago Gomes Silva,thiago.gomes.silva.15143@example.com,Sorocaba,Supervisor de manutenção,21,38214229634
José Freitas Teixeira,jose.freitas.teixeira.15144@example.com,Cuiabá,Operador de caixa,68,29618256148
Gustavo Martins Moreira,gustavo.martins.moreira.15145@example.com,São Paulo,Fisioterapeuta,43,96063095152
Aline Carvalho Carvalho,aline.carvalho.carvalho.15146@example.com,Brasília,Gerente de tecnologia,49,52002451317
Patrícia Mendes Rodrigues,patricia.mendes.rodrigues.15147@example.com,Sorocaba,Chefe de almoxarifado,36,86853709603
Patrícia Oliveira Barros,patricia.oliveira.barros.15148@example.com,Uberlândia,Arquiteto,67,71631966851
Gabriela Rocha Souza,gabriela.rocha.souza.15149@example.com,Dourados,Arquiteto,63,55271218063
Bruno Rodrigues Almeida,bruno.rodrigues.almeida.15150@example.com,Brasília,Coordenador de logística,20,11554038802
Camila Dias Dias,camila.dias.dias.15151@example.com,Uberlândia,Líder de equipe,23,74946291206
Rafael Nascimento Castro,rafael.nascimento.castro.15152@example.com,Joinville,Analista de marketing,58,08705083831
Diego Rodrigues Almeida,diego.rodrigues.almeida.15153@example.com,Maringá,Recepcionista,66,15988271772
Vanessa Carvalho Barbosa,vanessa.carvalho.barbosa.15154@example.com,Goiânia,Gerente de tecnologia,43,00597863520
Renata Moreira Fernandes,renata.moreira.fernandes.15155@example.com,Salvador,Gerente de operações,55,16204050297
Vanessa Gomes Teixeira,vanessa.gomes.teixeira.15156@example.com,Goiânia,Eletricista,56,34898505241
Ricardo Barbosa Teixeira,ricardo.barbosa.teixeira.15157@example.com,Salvador,Analista de dados,66,22066703518
Tatiane Oliveira Teixeira,tatiane.oliveira.teixeira.15158@example.com,Florianópolis,Fisioterapeuta,32,59250652753
Ana Freitas Oliveira,ana.freitas.oliveira.15159@example.com,Vitória,Comprador,24,75834993158
João Almeida Lima,joao.almeida.lima.15160@example.com,Campo Grande,Auxiliar de produção,58,32816893897
José Cardoso Almeida,jose.cardoso.almeida.15161@example.com,Dourados,Eletricista,59,63297471496
Thiago Lima Costa,thiago.lima.costa.15162@example.com,Santos,Coordenador de marketing,55,51083652626
Beatriz Monteiro Moreira,beatriz.monteiro.moreira.15163@example.com,Uberlândia,Programador,19,69861902703
Sandra Cardoso Fernandes,sandra.cardoso.fernandes.15164@example.com,Dourados,Eletricista,63,69424206824
Letícia Alves Barbosa,leticia.alves.barbosa.15165@example.com,Manaus,Recepcionista,28,50317398903
Luana Santos Costa,luana.santos.costa.15166@example.com,Niterói,Arquiteto,29,85490910640
Patrícia Dias Martins,patricia.dias.martins.15167@example.com,Belo Horizonte,Supervisor de qualidade,29,69809990128
Gustavo Freitas Barros,gustavo.freitas.barros.15168@example.com,Campo Grande,Professor,64,05569765983
Débora Moreira Rocha,debora.moreira.rocha.15169@example.com,Caxias do Sul,Vendedor,41,79780154140
Simone Barros Cardoso,simone.barros.cardoso.15170@example.com,Dourados,Encarregado de produção,40,20824777931
Marcelo Rodrigues Martins,marcelo.rodrigues.martins.15171@example.com,Niterói,Técnico de enfermagem,30,35104303470
Larissa Fernandes Castro,larissa.fernandes.castro.15172@example.com,Porto Alegre,Coordenador de marketing,56,16333144925
Carolina Freitas Dias,carolina.freitas.dias.15173@example.com,Rondonópolis,Recepcionista,52,35092332074
Rafael Oliveira Gomes,rafael.oliveira.gomes.15174@example.com,Manaus,Auxiliar de produção,46,80525353665
Carolina Almeida Araújo,carolina.almeida.araujo.15175@example.com,Londrina,Professor,33,00191158281
José Dias Carvalho,jose.dias.carvalho.15176@example.com,Dourados,Eletricista,34,96632010274
Sandra Cardoso Martins,sandra.cardoso.martins.15177@example.com,Cuiabá,Diretor de operações,39,75739017134
José Dias Souza,jose.dias.souza.15178@example.com,Joinville,Designer gráfico,64,77625313534
Fernanda Castro Gomes,fernanda.castro.gomes.15179@example.com,Recife,Analista de marketing,57,83942379689
Diego Rocha Araújo,diego.rocha.araujo.15180@example.com,Florianópolis,Vendedor,64,36626889378
Larissa Barbosa Souza,larissa.barbosa.souza.15181@example.com,São Paulo,Fisioterapeuta,44,96012861646
Priscila Souza Teixeira,priscila.souza.teixeira.15182@example.com,Recife,Mecânico,50,86123867499
Nicolas Cardoso Castro,nicolas.cardoso.castro.15183@example.com,Salvador,Analista de marketing,44,03604324718
Fernanda Barbosa Monteiro,fernanda.barbosa.monteiro.15184@example.com,Natal,Analista de dados,35,17474447642
Paulo Carvalho Monteiro,paulo.carvalho.monteiro.15185@example.com,Cuiabá,Analista de recursos humanos,31,10361326911
Otávio Monteiro Araújo,otavio.monteiro.araujo.15186@example.com,Niterói,Corretor de imóveis,26,45734246564
Priscila Ribeiro Rocha,priscila.ribeiro.rocha.15187@example.com,Rondonópolis,Pedreiro,49,81933873120
Aline Souza Fernandes,aline.souza.fernandes.15188@example.com,Belém,Jornalista,20,29841130480
Otávio Lima Monteiro,otavio.lima.monteiro.15189@example.com,Niterói,Analista de recursos humanos,46,58525447205
Letícia Fernandes Nascimento,leticia.fernandes.nascimento.15190@example.com,Caxias do Sul,Advogado,47,77332888420
Gabriela Barros Moreira,gabriela.barros.moreira.15191@example.com,Caxias do Sul,Técnico em informática,44,87785163105
Débora Gomes Carvalho,debora.gomes.carvalho.15192@example.com,Rondonópolis,Jornalista,46,92919669845
Lucas Silva Silva,lucas.silva.silva.15193@example.com,Caxias do Sul,Chefe de compras,65,54757090690
Gustavo Santos Oliveira,gustavo.santos.oliveira.15194@example.com,Vitória,Enfermeiro,58,71101092826
Gabriel Martins Dias,gabriel.martins.dias.15195@example.com,Campinas,Cozinheiro,53,13358577066
Débora Ribeiro Araújo,debora.ribeiro.araujo.15196@example.com,Niterói,Designer gráfico,68,67096828313
Sandra Rocha Barros,sandra.rocha.barros.15197@example.com,Salvador,Chefe de almoxarifado,55,72808772157
Tatiane Almeida Carvalho,tatiane.almeida.carvalho.15198@example.com,Caxias do Sul,Analista financeiro,30,54798422071
Mariana Pereira Monteiro,mariana.pereira.monteiro.15199@example.com,Porto Alegre,Cozinheiro,54,39279133283
Felipe Gomes Lima,felipe.gomes.lima.15200@example.com,Curitiba,Fisioterapeuta,23,34082373761
Eduardo Barbosa Dias,eduardo.barbosa.dias.15201@example.com,Fortaleza,Operador de caixa,54,78546648094
Mariana Oliveira Teixeira,mariana.oliveira.teixeira.15202@example.com,Caxias do Sul,Assistente administrativo,42,27164672577
Juliana Pereira Fernandes,juliana.pereira.fernandes.15203@example.com,Joinville,Analista financeiro,37,30948330962
Tatiane Pereira Dias,tatiane.pereira.dias.15204@example.com,Fortaleza,Supervisor de vendas,29,47652852402
Nicolas Mendes Silva,nicolas.mendes.silva.15205@example.com,Sorocaba,Encarregado de produção,65,41668248871
Igor Monteiro Ribeiro,igor.monteiro.ribeiro.15206@example.com,São Paulo,Professor,45,89046288140
Lucas Rodrigues Santos,lucas.rodrigues.santos.15207@example.com,Recife,Mecânico,70,03578104928
Gustavo Souza Alves,gustavo.souza.alves.15208@example.com,São Paulo,Analista de recursos humanos,48,51322515701
Felipe Santos Oliveira,felipe.santos.oliveira.15209@example.com,Campo Grande,Mecânico,48,99007696645
Fernanda Oliveira Nascimento,fernanda.oliveira.nascimento.15210@example.com,Curitiba,Padeiro,25,46264765652
Mariana Alves Rocha,mariana.alves.rocha.15211@example.com,Florianópolis,Encarregado de produção,26,59998801718
Nicolas Costa Santos,nicolas.costa.santos.15212@example.com,Belo Horizonte,Programador,28,24191701618
Carolina Almeida Fernandes,carolina.almeida.fernandes.15213@example.com,Campinas,Diretor comercial,46,00306209674
Gabriel Lima Freitas,gabriel.lima.freitas.15214@example.com,Niterói,Auxiliar de produção,30,42091141610
Gabriela Silva Santos,gabriela.silva.santos.15215@example.com,Joinville,Coordenador de marketing,56,75743286828
Bruno Nascimento Freitas,bruno.nascimento.freitas.15216@example.com,Salvador,Contador,34,68071581208
Simone Barbosa Teixeira,simone.barbosa.teixeira.15217@example.com,Brasília,Analista financeiro,65,87594905574
Henrique Cardoso Costa,henrique.cardoso.costa.15218@example.com,Manaus,Engenheiro civil,28,20137106640
Igor Fernandes Nascimento,igor.fernandes.nascimento.15219@example.com,São Paulo,Motorista,18,89037004123
Patrícia Nascimento Santos,patricia.nascimento.santos.15220@example.com,Campo Grande,Estoquista,69,00619086418
Eduardo Rocha Pereira,eduardo.rocha.pereira.15221@example.com,Santos,Coordenador administrativo,48,70893579587
Camila Fernandes Lima,camila.fernandes.lima.15222@example.com,Sorocaba,Supervisor de qualidade,57,51131684691
Bruno Almeida Souza,bruno.almeida.souza.15223@example.com,Niterói,Coordenador de produção,67,65744508823
Camila Mendes Ribeiro,camila.mendes.ribeiro.15224@example.com,Fortaleza,Supervisor de vendas,64,09921336726
Vinícius Santos Mendes,vinicius.santos.mendes.15225@example.com,Campinas,Técnico de segurança do trabalho,62,97716003548
Lucas Carvalho Fernandes,lucas.carvalho.fernandes.15226@example.com,Campinas,Auxiliar de produção,63,49991661560
Eduardo Nascimento Pereira,eduardo.nascimento.pereira.15227@example.com,Recife,Cozinheiro,69,47977257964
Carolina Martins Nascimento,carolina.martins.nascimento.15228@example.com,Santos,Encarregado de produção,24,18634186001
Gabriela Alves Pereira,gabriela.alves.pereira.15229@example.com,Caxias do Sul,Designer gráfico,66,55565226026
Daniela Teixeira Teixeira,daniela.teixeira.teixeira.15230@example.com,Sorocaba,Gerente de operações,45,09794141306
João Martins Martins,joao.martins.martins.15231@example.com,Niterói,Enfermeiro,29,84338754023
Thiago Silva Monteiro,thiago.silva.monteiro.15232@example.com,Goiânia,Corretor de imóveis,52,59180924901
Felipe Santos Moreira,felipe.santos.moreira.15233@example.com,Florianópolis,Chefe de compras,68,67282875404
Carlos Costa Teixeira,carlos.costa.teixeira.15234@example.com,Fortaleza,Arquiteto,34,77461894720
Rafael Costa Silva,rafael.costa.silva.15235@example.com,Porto Alegre,Chefe de compras,62,50213530115
Otávio Dias Barros,otavio.dias.barros.15236@example.com,Campinas,Coordenador administrativo,60,13989882877
Gabriel Rodrigues Silva,gabriel.rodrigues.silva.15237@example.com,Joinville,Fisioterapeuta,36,95982828542
Pedro Monteiro Castro,pedro.monteiro.castro.15238@example.com,Maringá,Gerente de operações,47,18215033470
Débora Cardoso Ribeiro,debora.cardoso.ribeiro.15239@example.com,Curitiba,Jornalista,19,56921728419
Diego Monteiro Moreira,diego.monteiro.moreira.15240@example.com,Rio de Janeiro,Professor,43,89733143567
Larissa Araújo Santos,larissa.araujo.santos.15241@example.com,Fortaleza,Pedreiro,50,20311538310
Nicolas Teixeira Moreira,nicolas.teixeira.moreira.15242@example.com,Recife,Auxiliar de produção,29,37986201423
Felipe Rodrigues Lima,felipe.rodrigues.lima.15243@example.com,Salvador,Diretor comercial,34,62402210602
Camila Rodrigues Rodrigues,camila.rodrigues.rodrigues.15244@example.com,Rondonópolis,Supervisor de manutenção,26,61643428191
Felipe Rodrigues Oliveira,felipe.rodrigues.oliveira.15245@example.com,Natal,Designer gráfico,38,21064985961
Amanda Pereira Souza,amanda.pereira.souza.15246@example.com,Cuiabá,Técnico em informática,58,58880623099
Gabriel Dias Fernandes,gabriel.dias.fernandes.15247@example.com,Londrina,Gerente financeiro,55,20810321178
Gabriela Dias Santos,gabriela.dias.santos.15248@example.com,Londrina,Operador de caixa,34,18489237127
Amanda Castro Cardoso,amanda.castro.cardoso.15249@example.com,Rio de Janeiro,Designer gráfico,33,95505905003
Patrícia Pereira Araújo,patricia.pereira.araujo.15250@example.com,Recife,Diretor comercial,47,37744997519
Ricardo Monteiro Silva,ricardo.monteiro.silva.15251@example.com,Sorocaba,Coordenador de produção,29,75589691473
Daniela Carvalho Dias,daniela.carvalho.dias.15252@example.com,Fortaleza,Coordenador administrativo,56,75527055112
Vitória Gomes Ribeiro,vitoria.gomes.ribeiro.15253@example.com,Fortaleza,Estoquista,59,46522603292
Pedro Santos Martins,pedro.santos.martins.15254@example.com,Caxias do Sul,Líder de equipe,18,15159685772
Beatriz Fernandes Fernandes,beatriz.fernandes.fernandes.15255@example.com,Belo Horizonte,Corretor de imóveis,35,68018878741
Juliana Lima Barros,juliana.lima.barros.15256@example.com,Londrina,Coordenador de produção,64,55298778500
Larissa Costa Moreira,larissa.costa.moreira.15257@example.com,Sorocaba,Recepcionista,68,63551721393
Simone Teixeira Moreira,simone.teixeira.moreira.15258@example.com,Campinas,Assistente administrativo,68,65398811618
Débora Nascimento Dias,debora.nascimento.dias.15259@example.com,Santos,Analista de marketing,60,11995326925
Vitória Moreira Costa,vitoria.moreira.costa.15260@example.com,Rio de Janeiro,Gerente comercial,29,03144614004
Camila Ribeiro Dias,camila.ribeiro.dias.15261@example.com,Belo Horizonte,Chefe de departamento pessoal,65,01653268967
Ana Monteiro Barbosa,ana.monteiro.barbosa.15262@example.com,Santos,Estoquista,19,49948221898
Carlos Almeida Fernandes,carlos.almeida.fernandes.15263@example.com,Londrina,Coordenador administrativo,37,04264177593
Letícia Souza Mendes,leticia.souza.mendes.15264@example.com,Londrina,Designer gráfico,27,30029190319
Vinícius Oliveira Costa,vinicius.oliveira.costa.15265@example.com,Niterói,Engenheiro civil,24,84632003489
Carlos Fernandes Alves,carlos.fernandes.alves.15266@example.com,Dourados,Professor,55,87747605850
Carlos Almeida Castro,carlos.almeida.castro.15267@example.com,Vitória,Diretor de operações,54,05517676793
Pedro Barros Santos,pedro.barros.santos.15268@example.com,Maringá,Supervisor de vendas,20,24789721557
Luana Martins Castro,luana.martins.castro.15269@example.com,Belo Horizonte,Gerente de operações,24,80692711150
Pedro Dias Mendes,pedro.dias.mendes.15270@example.com,Recife,Gerente comercial,67,15681225593
Leonardo Castro Barros,leonardo.castro.barros.15271@example.com,Recife,Enfermeiro,21,49613833407
Sandra Lima Teixeira,sandra.lima.teixeira.15272@example.com,Goiânia,Corretor de imóveis,43,83745367496
Ricardo Barbosa Fernandes,ricardo.barbosa.fernandes.15273@example.com,Londrina,Chefe de departamento pessoal,48,45701690957
Felipe Gomes Martins,felipe.gomes.martins.15274@example.com,Campo Grande,Supervisor de manutenção,50,32635949405
Sérgio Souza Alves,sergio.souza.alves.15275@example.com,Santos,Farmacêutico,31,36034582709
Camila Freitas Souza,camila.freitas.souza.15276@example.com,Salvador,Coordenador de produção,27,39986048432
Ana Castro Fernandes,ana.castro.fernandes.15277@example.com,Rondonópolis,Eletricista,27,49976661036
Eduardo Monteiro Teixeira,eduardo.monteiro.teixeira.15278@example.com,Goiânia,Farmacêutico,65,67800175431
Juliana Rocha Rodrigues,juliana.rocha.rodrigues.15279@example.com,Natal,Padeiro,62,93018952391
Letícia Pereira Barros,leticia.pereira.barros.15280@example.com,Curitiba,Assistente administrativo,49,56602412474
Vitória Pereira Almeida,vitoria.pereira.almeida.15281@example.com,Goiânia,Técnico de segurança do trabalho,32,37824048982
Sérgio Lima Oliveira,sergio.lima.oliveira.15282@example.com,Dourados,Designer gráfico,52,16926119431
Otávio Monteiro Ribeiro,otavio.monteiro.ribeiro.15283@example.com,Brasília,Supervisor de atendimento,25,52518056601
Nicolas Ribeiro Silva,nicolas.ribeiro.silva.15284@example.com,São Paulo,Corretor de imóveis,26,43259564655
Ricardo Barbosa Martins,ricardo.barbosa.martins.15285@example.com,Cuiabá,Encarregado de produção,68,51954839991
Vitória Fernandes Alves,vitoria.fernandes.alves.15286@example.com,Londrina,Analista financeiro,36,73303207980
Débora Fernandes Silva,debora.fernandes.silva.15287@example.com,Recife,Gerente de tecnologia,47,00271006342
Nicolas Barbosa Santos,nicolas.barbosa.santos.15288@example.com,São Paulo,Supervisor de vendas,33,44126057036
Vitória Araújo Souza,vitoria.araujo.souza.15289@example.com,Caxias do Sul,Designer gráfico,35,85406162570
Gustavo Carvalho Costa,gustavo.carvalho.costa.15290@example.com,Sorocaba,Assistente administrativo,63,07993997759
Camila Araújo Rodrigues,camila.araujo.rodrigues.15291@example.com,Belém,Jornalista,29,66222593309
Vinícius Rodrigues Teixeira,vinicius.rodrigues.teixeira.15292@example.com,Dourados,Mecânico,36,90464941025
Mariana Santos Gomes,mariana.santos.gomes.15293@example.com,Joinville,Analista de dados,50,19371517093
Tatiane Teixeira Lima,tatiane.teixeira.lima.15294@example.com,Recife,Professor,30,68976266536
Gabriel Cardoso Barbosa,gabriel.cardoso.barbosa.15295@example.com,Maringá,Eletricista,62,05856127676
Henrique Carvalho Silva,henrique.carvalho.silva.15296@example.com,Salvador,Gerente de recursos humanos,21,50443423511
Priscila Barros Costa,priscila.barros.costa.15297@example.com,Niterói,Motorista,24,56500185305
Pedro Freitas Dias,pedro.freitas.dias.15298@example.com,Niterói,Designer gráfico,39,43411564222
Camila Carvalho Costa,camila.carvalho.costa.15299@example.com,Salvador,Padeiro,55,37005324415
Aline Oliveira Gomes,aline.oliveira.gomes.15300@example.com,Fortaleza,Professor,20,61549211088
Tatiane Pereira Freitas,tatiane.pereira.freitas.15301@example.com,Londrina,Atendente,56,61915839127
Paulo Rodrigues Rocha,paulo.rodrigues.rocha.15302@example.com,Londrina,Mecânico,54,65928127768
Ricardo Rodrigues Araújo,ricardo.rodrigues.araujo.15303@example.com,Belém,Técnico em informática,42,09082777472
Amanda Fernandes Nascimento,amanda.fernandes.nascimento.15304@example.com,Manaus,Arquiteto,41,71743532847
Nicolas Fernandes Barros,nicolas.fernandes.barros.15305@example.com,São Paulo,Analista de recursos humanos,40,02383439280
Beatriz Fernandes Pereira,beatriz.fernandes.pereira.15306@example.com,Vitória,Gerente financeiro,45,80311104557
Ana Silva Barros,ana.silva.barros.15307@example.com,Belo Horizonte,Diretor de operações,44,30643980401
Ana Pereira Rocha,ana.pereira.rocha.15308@example.com,Dourados,Corretor de imóveis,28,44040496937
Gustavo Cardoso Martins,gustavo.cardoso.martins.15309@example.com,Sorocaba,Designer gráfico,28,53290847585
Luana Rocha Freitas,luana.rocha.freitas.15310@example.com,Uberlândia,Gerente comercial,30,44061485242
Ricardo Castro Alves,ricardo.castro.alves.15311@example.com,Salvador,Contador,42,66182709560
Priscila Souza Castro,priscila.souza.castro.15312@example.com,Goiânia,Programador,45,92098595831
Mariana Nascimento Moreira,mariana.nascimento.moreira.15313@example.com,Sorocaba,Motorista,27,03311197072
Gustavo Rodrigues Rocha,gustavo.rodrigues.rocha.15314@example.com,Campinas,Nutricionista,40,11111333743
Luana Alves Lima,luana.alves.lima.15315@example.com,Fortaleza,Chefe de almoxarifado,29,70232838017
Vitória Nascimento Freitas,vitoria.nascimento.freitas.15316@example.com,Florianópolis,Técnico em informática,40,46184114823
Aline Mendes Souza,aline.mendes.souza.15317@example.com,Manaus,Analista de recursos humanos,26,76776049752
João Moreira Ribeiro,joao.moreira.ribeiro.15318@example.com,Curitiba,Mecânico,42,19602210246
Mariana Gomes Barbosa,mariana.gomes.barbosa.15319@example.com,Uberlândia,Enfermeiro,29,49322466238
Ricardo Mendes Gomes,ricardo.mendes.gomes.15320@example.com,Belém,Atendente,53,22020042787
Letícia Teixeira Monteiro,leticia.teixeira.monteiro.15321@example.com,Fortaleza,Assistente administrativo,62,35331242125
Sérgio Rodrigues Ribeiro,sergio.rodrigues.ribeiro.15322@example.com,Maringá,Coordenador administrativo,24,82699899361
Simone Fernandes Costa,simone.fernandes.costa.15323@example.com,Londrina,Analista financeiro,57,31428637940
Sandra Ribeiro Rocha,sandra.ribeiro.rocha.15324@example.com,Vitória,Analista de dados,27,83502035946
Letícia Santos Freitas,leticia.santos.freitas.15325@example.com,Belém,Fisioterapeuta,67,77394041596
Carolina Moreira Mendes,carolina.moreira.mendes.15326@example.com,Cuiabá,Gerente financeiro,31,20515171288
Camila Nascimento Rodrigues,camila.nascimento.rodrigues.15327@example.com,Curitiba,Analista de dados,42,99071496511
Beatriz Alves Teixeira,beatriz.alves.teixeira.15328@example.com,Uberlândia,Enfermeiro,51,36741691026
Renata Rocha Alves,renata.rocha.alves.15329@example.com,Manaus,Operador de caixa,54,28123188368
Débora Teixeira Monteiro,debora.teixeira.monteiro.15330@example.com,Belo Horizonte,Coordenador de marketing,35,72888142830
Diego Silva Teixeira,diego.silva.teixeira.15331@example.com,Porto Alegre,Contador,24,90458443613
Nicolas Costa Freitas,nicolas.costa.freitas.15332@example.com,Dourados,Enfermeiro,47,69485792371
Sérgio Monteiro Rocha,sergio.monteiro.rocha.15333@example.com,Campinas,Pedreiro,23,28280722374
Henrique Freitas Pereira,henrique.freitas.pereira.15334@example.com,Goiânia,Gerente de recursos humanos,33,23508475503
Juliana Moreira Fernandes,juliana.moreira.fernandes.15335@example.com,Campinas,Mecânico,66,36264564272
Fernanda Souza Almeida,fernanda.souza.almeida.15336@example.com,Sorocaba,Analista financeiro,47,91504913416
Patrícia Pereira Silva,patricia.pereira.silva.15337@example.com,Vitória,Gerente de operações,26,87741053759
Diego Souza Gomes,diego.souza.gomes.15338@example.com,Caxias do Sul,Estoquista,52,40278622907
Aline Teixeira Freitas,aline.teixeira.freitas.15339@example.com,Belém,Técnico de enfermagem,56,55439468395
Henrique Nascimento Santos,henrique.nascimento.santos.15340@example.com,Belém,Gerente financeiro,41,12354489632
Eduardo Barros Moreira,eduardo.barros.moreira.15341@example.com,Florianópolis,Analista de recursos humanos,46,68532482463
Renata Moreira Dias,renata.moreira.dias.15342@example.com,Londrina,Gerente de operações,32,58516842078
Priscila Fernandes Araújo,priscila.fernandes.araujo.15343@example.com,Sorocaba,Analista de dados,48,81878639688
Aline Ribeiro Cardoso,aline.ribeiro.cardoso.15344@example.com,Rondonópolis,Assistente comercial,61,79630638096
José Araújo Castro,jose.araujo.castro.15345@example.com,Belém,Analista de dados,24,06189835459
Henrique Mendes Barbosa,henrique.mendes.barbosa.15346@example.com,Brasília,Diretor comercial,48,00166662165
Sérgio Silva Costa,sergio.silva.costa.15347@example.com,Natal,Assistente comercial,50,30100156706
Débora Lima Santos,debora.lima.santos.15348@example.com,Maringá,Farmacêutico,47,88691120262
Mariana Araújo Rocha,mariana.araujo.rocha.15349@example.com,Goiânia,Farmacêutico,46,51194868029
Tatiane Barros Nascimento,tatiane.barros.nascimento.15350@example.com,Dourados,Diretor de operações,43,26840803057
Bruno Fernandes Fernandes,bruno.fernandes.fernandes.15351@example.com,Cuiabá,Líder de equipe,24,32831076918
Henrique Rodrigues Carvalho,henrique.rodrigues.carvalho.15352@example.com,Manaus,Assistente comercial,60,72586880286
Daniela Ribeiro Pereira,daniela.ribeiro.pereira.15353@example.com,Brasília,Corretor de imóveis,68,39115782757
Mariana Mendes Oliveira,mariana.mendes.oliveira.15354@example.com,Manaus,Fisioterapeuta,52,66512707387
Larissa Barros Dias,larissa.barros.dias.15355@example.com,Niterói,Eletricista,53,68157081692
Tatiane Almeida Lima,tatiane.almeida.lima.15356@example.com,Dourados,Chefe de compras,58,15690372196
Renata Martins Martins,renata.martins.martins.15357@example.com,Sorocaba,Designer gráfico,66,55169545525
Tatiane Barros Castro,tatiane.barros.castro.15358@example.com,Santos,Técnico em informática,34,49981352470
Eduardo Castro Alves,eduardo.castro.alves.15359@example.com,Recife,Corretor de imóveis,61,25335222307
Juliana Castro Gomes,juliana.castro.gomes.15360@example.com,Curitiba,Diretor de operações,67,16458642275
Eduardo Freitas Barros,eduardo.freitas.barros.15361@example.com,Porto Alegre,Diretor de operações,25,51019515645
Marcelo Gomes Cardoso,marcelo.gomes.cardoso.15362@example.com,Florianópolis,Eletricista,69,21040905218
Camila Teixeira Cardoso,camila.teixeira.cardoso.15363@example.com,Rondonópolis,Supervisor de atendimento,34,65559206317
Camila Mendes Rodrigues,camila.mendes.rodrigues.15364@example.com,Dourados,Diretor comercial,27,82788838528
Leonardo Costa Moreira,leonardo.costa.moreira.15365@example.com,Curitiba,Auxiliar de produção,67,97102370979
Felipe Pereira Dias,felipe.pereira.dias.15366@example.com,Sorocaba,Coordenador administrativo,24,41105938931
Luana Monteiro Almeida,luana.monteiro.almeida.15367@example.com,Campinas,Nutricionista,61,09917307630
Gustavo Dias Barbosa,gustavo.dias.barbosa.15368@example.com,Recife,Diretor de operações,21,00329633119
Gustavo Castro Lima,gustavo.castro.lima.15369@example.com,Rio de Janeiro,Diretor de operações,44,46348351759
Rafael Almeida Moreira,rafael.almeida.moreira.15370@example.com,Maringá,Recepcionista,34,28212741660
Henrique Martins Castro,henrique.martins.castro.15371@example.com,Florianópolis,Assistente comercial,67,71814997117
Nicolas Oliveira Teixeira,nicolas.oliveira.teixeira.15372@example.com,Dourados,Supervisor de vendas,28,84044700862
Henrique Rocha Oliveira,henrique.rocha.oliveira.15373@example.com,Campinas,Operador de caixa,36,40017179415
Carlos Lima Martins,carlos.lima.martins.15374@example.com,Vitória,Pedreiro,22,60119977479
Gabriela Mendes Mendes,gabriela.mendes.mendes.15375@example.com,Caxias do Sul,Coordenador de produção,32,01170228970
Letícia Costa Costa,leticia.costa.costa.15376@example.com,Santos,Advogado,28,15013611115
Luana Santos Silva,luana.santos.silva.15377@example.com,Brasília,Arquiteto,55,81178886286
Eduardo Almeida Moreira,eduardo.almeida.moreira.15378@example.com,Rondonópolis,Gerente de operações,20,77064708301
Sandra Oliveira Pereira,sandra.oliveira.pereira.15379@example.com,Niterói,Pedreiro,66,56127455021
Ricardo Souza Lima,ricardo.souza.lima.15380@example.com,Fortaleza,Líder de equipe,67,91291795611
João Barbosa Cardoso,joao.barbosa.cardoso.15381@example.com,Goiânia,Pedreiro,36,51948341299
Daniela Souza Almeida,daniela.souza.almeida.15382@example.com,Rio de Janeiro,Técnico de enfermagem,57,20165752412
Rafael Souza Martins,rafael.souza.martins.15383@example.com,Belo Horizonte,Farmacêutico,29,61037399777
Tatiane Cardoso Araújo,tatiane.cardoso.araujo.15384@example.com,Caxias do Sul,Vendedor,36,96467816767
Simone Costa Alves,simone.costa.alves.15385@example.com,Natal,Supervisor de vendas,30,38833408476
Ana Nascimento Freitas,ana.nascimento.freitas.15386@example.com,Rondonópolis,Comprador,61,10828636026
Leonardo Silva Costa,leonardo.silva.costa.15387@example.com,Rio de Janeiro,Técnico em informática,39,72468722691
Beatriz Silva Moreira,beatriz.silva.moreira.15388@example.com,São Paulo,Gerente de tecnologia,18,17409882140
Mariana Ribeiro Alves,mariana.ribeiro.alves.15389@example.com,Brasília,Analista de recursos humanos,65,18603396580
Vinícius Moreira Oliveira,vinicius.moreira.oliveira.15390@example.com,Rondonópolis,Engenheiro civil,19,51199147329
Priscila Ribeiro Silva,priscila.ribeiro.silva.15391@example.com,Fortaleza,Coordenador de logística,29,97295145096
Lucas Costa Araújo,lucas.costa.araujo.15392@example.com,Rio de Janeiro,Operador de caixa,40,27493732308
Sérgio Monteiro Martins,sergio.monteiro.martins.15393@example.com,Caxias do Sul,Técnico em informática,20,58405589321
Gabriela Almeida Barbosa,gabriela.almeida.barbosa.15394@example.com,Florianópolis,Supervisor de manutenção,61,05190772405
Amanda Freitas Fernandes,amanda.freitas.fernandes.15395@example.com,Manaus,Coordenador de produção,67,13199430275
Amanda Lima Souza,amanda.lima.souza.15396@example.com,Joinville,Contador,41,15026368681
Carolina Rocha Almeida,carolina.rocha.almeida.15397@example.com,Campinas,Assistente administrativo,54,24899520848
Patrícia Santos Barros,patricia.santos.barros.15398@example.com,Niterói,Coordenador administrativo,69,54282113918
Camila Moreira Cardoso,camila.moreira.cardoso.15399@example.com,Manaus,Nutricionista,40,71295049418
Marcelo Barros Martins,marcelo.barros.martins.15400@example.com,Fortaleza,Técnico em informática,57,88600516234
Mariana Oliveira Cardoso,mariana.oliveira.cardoso.15401@example.com,Fortaleza,Assistente administrativo,19,97112584773
Paulo Dias Souza,paulo.dias.souza.15402@example.com,Campo Grande,Farmacêutico,18,88712218440
Camila Freitas Barbosa,camila.freitas.barbosa.15403@example.com,Niterói,Analista de recursos humanos,19,00710080421
Nicolas Costa Cardoso,nicolas.costa.cardoso.15404@example.com,Rio de Janeiro,Pedreiro,52,42511063045
Sandra Castro Rodrigues,sandra.castro.rodrigues.15405@example.com,Maringá,Jornalista,64,90484072347
Juliana Ribeiro Moreira,juliana.ribeiro.moreira.15406@example.com,Dourados,Arquiteto,26,96015538249
Juliana Cardoso Alves,juliana.cardoso.alves.15407@example.com,Santos,Coordenador de produção,40,45952801700
Tatiane Araújo Rodrigues,tatiane.araujo.rodrigues.15408@example.com,Londrina,Chefe de departamento pessoal,34,57621826026
Ricardo Ribeiro Costa,ricardo.ribeiro.costa.15409@example.com,Caxias do Sul,Supervisor de atendimento,61,62010080478
Gustavo Santos Dias,gustavo.santos.dias.15410@example.com,Recife,Coordenador administrativo,32,57759139074
João Santos Dias,joao.santos.dias.15411@example.com,Campinas,Professor,23,99251570459
Luana Cardoso Fernandes,luana.cardoso.fernandes.15412@example.com,Londrina,Advogado,35,59258198043
João Santos Alves,joao.santos.alves.15413@example.com,Florianópolis,Supervisor de vendas,22,01894853636
Gustavo Alves Lima,gustavo.alves.lima.15414@example.com,Campo Grande,Encarregado de produção,25,55871611991
Fernanda Martins Costa,fernanda.martins.costa.15415@example.com,Belo Horizonte,Nutricionista,39,83149379470
Gustavo Martins Barros,gustavo.martins.barros.15416@example.com,Maringá,Farmacêutico,32,65442826462
Vinícius Rocha Carvalho,vinicius.rocha.carvalho.15417@example.com,Campo Grande,Assistente administrativo,69,95294583790
Gabriela Teixeira Araújo,gabriela.teixeira.araujo.15418@example.com,Manaus,Chefe de departamento pessoal,19,22799441697
Sandra Barros Santos,sandra.barros.santos.15419@example.com,Salvador,Analista de recursos humanos,42,78147506264
Sandra Araújo Costa,sandra.araujo.costa.15420@example.com,Salvador,Mecânico,38,25234865886
Rafael Mendes Pereira,rafael.mendes.pereira.15421@example.com,Caxias do Sul,Comprador,51,74355754023
Rafael Rodrigues Mendes,rafael.rodrigues.mendes.15422@example.com,Fortaleza,Advogado,61,03607573621
Thiago Fernandes Moreira,thiago.fernandes.moreira.15423@example.com,Cuiabá,Mecânico,45,15677080568
Leonardo Carvalho Dias,leonardo.carvalho.dias.15424@example.com,Campo Grande,Analista financeiro,56,86280072840
Mariana Souza Lima,mariana.souza.lima.15425@example.com,Salvador,Advogado,55,92587628980
Vitória Souza Mendes,vitoria.souza.mendes.15426@example.com,São Paulo,Mecânico,29,76518567152
Igor Barros Martins,igor.barros.martins.15427@example.com,Santos,Técnico de enfermagem,38,37285724818
Vanessa Nascimento Dias,vanessa.nascimento.dias.15428@example.com,Maringá,Programador,34,84051638115
Otávio Barros Moreira,otavio.barros.moreira.15429@example.com,Vitória,Auxiliar de produção,19,28782551792
Ana Moreira Martins,ana.moreira.martins.15430@example.com,Belo Horizonte,Analista de recursos humanos,62,61169159926
Thiago Barros Castro,thiago.barros.castro.15431@example.com,Porto Alegre,Coordenador de logística,45,13095870521
Ricardo Mendes Rodrigues,ricardo.mendes.rodrigues.15432@example.com,Santos,Gerente de recursos humanos,62,51754681671
João Lima Alves,joao.lima.alves.15433@example.com,São Paulo,Supervisor de vendas,51,31532933995
Igor Alves Costa,igor.alves.costa.15434@example.com,Manaus,Analista financeiro,50,03272580767
Fernanda Ribeiro Araújo,fernanda.ribeiro.araujo.15435@example.com,Curitiba,Recepcionista,27,17344269812
Carolina Rodrigues Nascimento,carolina.rodrigues.nascimento.15436@example.com,Fortaleza,Gerente financeiro,44,74440888335
Eduardo Araújo Oliveira,eduardo.araujo.oliveira.15437@example.com,Londrina,Chefe de departamento pessoal,42,56408966269
Otávio Souza Alves,otavio.souza.alves.15438@example.com,Rondonópolis,Pedreiro,70,88231414247
Vanessa Cardoso Barbosa,vanessa.cardoso.barbosa.15439@example.com,Natal,Diretor de operações,45,31065168833
Renata Barros Barros,renata.barros.barros.15440@example.com,Rondonópolis,Engenheiro civil,32,52724537719
Patrícia Mendes Souza,patricia.mendes.souza.15441@example.com,Florianópolis,Eletricista,59,58261603315
Rafael Carvalho Alves,rafael.carvalho.alves.15442@example.com,Rio de Janeiro,Analista de recursos humanos,64,80227359400
Mariana Moreira Barbosa,mariana.moreira.barbosa.15443@example.com,Dourados,Analista de marketing,33,65305730865
Débora Santos Santos,debora.santos.santos.15444@example.com,Uberlândia,Técnico de enfermagem,25,68911859536
Gabriel Monteiro Teixeira,gabriel.monteiro.teixeira.15445@example.com,Recife,Gerente financeiro,61,36349463828
Fernanda Costa Dias,fernanda.costa.dias.15446@example.com,Natal,Padeiro,41,47600982003
Ricardo Rodrigues Castro,ricardo.rodrigues.castro.15447@example.com,Salvador,Engenheiro civil,51,05789859118
Otávio Gomes Santos,otavio.gomes.santos.15448@example.com,Campo Grande,Chefe de compras,52,43574044536
Otávio Teixeira Barros,otavio.teixeira.barros.15449@example.com,Brasília,Analista de dados,69,35243593246
Vitória Rodrigues Dias,vitoria.rodrigues.dias.15450@example.com,Salvador,Supervisor de qualidade,53,50489611466
Marcelo Freitas Araújo,marcelo.freitas.araujo.15451@example.com,Belém,Diretor de operações,46,20077244450
Vanessa Carvalho Freitas,vanessa.carvalho.freitas.15452@example.com,Salvador,Analista de recursos humanos,59,88992927331
Aline Castro Rodrigues,aline.castro.rodrigues.15453@example.com,Sorocaba,Pedreiro,23,23633636130
José Gomes Moreira,jose.gomes.moreira.15454@example.com,Belém,Recepcionista,24,15938797113
Rafael Dias Castro,rafael.dias.castro.15455@example.com,Campo Grande,Auxiliar de produção,52,56998054762
Ana Castro Rocha,ana.castro.rocha.15456@example.com,Sorocaba,Estoquista,35,97108778653
Felipe Ribeiro Barbosa,felipe.ribeiro.barbosa.15457@example.com,Fortaleza,Advogado,51,23408911289
João Gomes Barbosa,joao.gomes.barbosa.15458@example.com,Rio de Janeiro,Coordenador administrativo,47,01293125958
Mariana Pereira Barros,mariana.pereira.barros.15459@example.com,Sorocaba,Fisioterapeuta,28,30862927805
Marcelo Barbosa Oliveira,marcelo.barbosa.oliveira.15460@example.com,Rondonópolis,Técnico de segurança do trabalho,25,35579638275
João Carvalho Freitas,joao.carvalho.freitas.15461@example.com,Belo Horizonte,Coordenador de marketing,36,52876489081
José Rodrigues Alves,jose.rodrigues.alves.15462@example.com,Curitiba,Coordenador de logística,28,25072722243
Juliana Monteiro Monteiro,juliana.monteiro.monteiro.15463@example.com,Niterói,Auxiliar de produção,48,24900717548
Vanessa Mendes Lima,vanessa.mendes.lima.15464@example.com,São Paulo,Analista de recursos humanos,18,99655822472
Henrique Barbosa Mendes,henrique.barbosa.mendes.15465@example.com,Natal,Gerente financeiro,21,07429594306
Eduardo Lima Moreira,eduardo.lima.moreira.15466@example.com,Brasília,Contador,55,71454582524
Luana Pereira Martins,luana.pereira.martins.15467@example.com,Natal,Mecânico,27,24557489333
Beatriz Oliveira Oliveira,beatriz.oliveira.oliveira.15468@example.com,São Paulo,Enfermeiro,66,01856732974
Amanda Silva Cardoso,amanda.silva.cardoso.15469@example.com,Rio de Janeiro,Gerente de tecnologia,52,57540163057
João Rocha Teixeira,joao.rocha.teixeira.15470@example.com,Recife,Gerente comercial,35,10969476349
Gabriela Pereira Souza,gabriela.pereira.souza.15471@example.com,Natal,Encarregado de produção,31,75455951252
Luana Fernandes Pereira,luana.fernandes.pereira.15472@example.com,Recife,Assistente comercial,60,16162747187
Marcelo Mendes Freitas,marcelo.mendes.freitas.15473@example.com,Curitiba,Técnico de enfermagem,67,82912478780
Mariana Pereira Costa,mariana.pereira.costa.15474@example.com,Sorocaba,Coordenador administrativo,59,59104555833
Thiago Freitas Araújo,thiago.freitas.araujo.15475@example.com,Londrina,Coordenador administrativo,18,54979309356
Ana Monteiro Moreira,ana.monteiro.moreira.15476@example.com,Curitiba,Líder de equipe,59,04413304884
Amanda Martins Alves,amanda.martins.alves.15477@example.com,Natal,Programador,38,49151763298
Bruno Alves Carvalho,bruno.alves.carvalho.15478@example.com,Joinville,Gerente de recursos humanos,47,01127158867
Camila Oliveira Moreira,camila.oliveira.moreira.15479@example.com,São Paulo,Comprador,27,66297267994
João Dias Mendes,joao.dias.mendes.15480@example.com,Niterói,Chefe de departamento pessoal,38,94654054000
Ana Dias Freitas,ana.dias.freitas.15481@example.com,Uberlândia,Corretor de imóveis,35,15068993571
Carolina Lima Monteiro,carolina.lima.monteiro.15482@example.com,Londrina,Assistente comercial,29,07891455196
Lucas Rocha Dias,lucas.rocha.dias.15483@example.com,Curitiba,Coordenador administrativo,32,62988854412
Daniela Martins Souza,daniela.martins.souza.15484@example.com,Rio de Janeiro,Técnico de segurança do trabalho,18,51221268620
Gabriela Castro Lima,gabriela.castro.lima.15485@example.com,Campo Grande,Gerente comercial,24,17224726119
Daniela Mendes Araújo,daniela.mendes.araujo.15486@example.com,Brasília,Jornalista,39,62510887704
Bruno Fernandes Almeida,bruno.fernandes.almeida.15487@example.com,Maringá,Contador,25,19163410431
Ricardo Silva Rodrigues,ricardo.silva.rodrigues.15488@example.com,Salvador,Diretor de operações,59,23697215342
Carolina Pereira Castro,carolina.pereira.castro.15489@example.com,Joinville,Contador,32,68165431475
Gabriela Teixeira Lima,gabriela.teixeira.lima.15490@example.com,Belém,Arquiteto,66,45474945780
Thiago Monteiro Lima,thiago.monteiro.lima.15491@example.com,Joinville,Comprador,63,93499546093
Renata Teixeira Mendes,renata.teixeira.mendes.15492@example.com,Porto Alegre,Advogado,45,27674364723
Sandra Rocha Teixeira,sandra.rocha.teixeira.15493@example.com,Sorocaba,Supervisor de manutenção,51,75715476527
Henrique Rodrigues Almeida,henrique.rodrigues.almeida.15494@example.com,Rondonópolis,Recepcionista,18,46250632503
Leonardo Teixeira Carvalho,leonardo.teixeira.carvalho.15495@example.com,Rio de Janeiro,Chefe de departamento pessoal,25,11866935004
Letícia Castro Alves,leticia.castro.alves.15496@example.com,Caxias do Sul,Atendente,45,36614966497
Lucas Monteiro Silva,lucas.monteiro.silva.15497@example.com,Londrina,Analista de recursos humanos,62,23600592593
Luana Dias Araújo,luana.dias.araujo.15498@example.com,Maringá,Vendedor,63,55797568518
Lucas Souza Teixeira,lucas.souza.teixeira.15499@example.com,Campo Grande,Encarregado de produção,34,98328162596
Lucas Teixeira Castro,lucas.teixeira.castro.15500@example.com,Campinas,Atendente,41,33882931124
Leonardo Rocha Silva,leonardo.rocha.silva.15501@example.com,Brasília,Analista de recursos humanos,48,75866111753
Renata Rodrigues Rodrigues,renata.rodrigues.rodrigues.15502@example.com,Londrina,Pedreiro,34,43090549170
Mariana Gomes Gomes,mariana.gomes.gomes.15503@example.com,Cuiabá,Técnico de segurança do trabalho,69,09182126435
Lucas Nascimento Gomes,lucas.nascimento.gomes.15504@example.com,Sorocaba,Vendedor,19,48928963457
Marcelo Barros Silva,marcelo.barros.silva.15505@example.com,Maringá,Analista de recursos humanos,54,10198698622
Ricardo Araújo Martins,ricardo.araujo.martins.15506@example.com,Belém,Engenheiro civil,44,16239785236
Camila Freitas Barros,camila.freitas.barros.15507@example.com,Fortaleza,Analista financeiro,40,95633503073
Juliana Gomes Oliveira,juliana.gomes.oliveira.15508@example.com,Cuiabá,Diretor de operações,37,22976374573
Paulo Silva Cardoso,paulo.silva.cardoso.15509@example.com,Brasília,Gerente de operações,18,45504936139
Otávio Ribeiro Mendes,otavio.ribeiro.mendes.15510@example.com,Vitória,Programador,70,09113663635
Rafael Monteiro Pereira,rafael.monteiro.pereira.15511@example.com,Porto Alegre,Diretor comercial,23,88763799518
Lucas Alves Silva,lucas.alves.silva.15512@example.com,Curitiba,Advogado,50,57421772254
Thiago Araújo Cardoso,thiago.araujo.cardoso.15513@example.com,Brasília,Gerente de recursos humanos,33,66448563841
Vinícius Cardoso Dias,vinicius.cardoso.dias.15514@example.com,Belo Horizonte,Enfermeiro,54,65507068238
Luana Cardoso Castro,luana.cardoso.castro.15515@example.com,Vitória,Operador de caixa,26,42189435336
Priscila Carvalho Dias,priscila.carvalho.dias.15516@example.com,Caxias do Sul,Supervisor de vendas,60,30147002806
Larissa Ribeiro Freitas,larissa.ribeiro.freitas.15517@example.com,Salvador,Cozinheiro,29,43262995252
Débora Costa Costa,debora.costa.costa.15518@example.com,Dourados,Técnico em informática,57,42143971253
Daniela Martins Araújo,daniela.martins.araujo.15519@example.com,Caxias do Sul,Assistente administrativo,66,03293648451
Vinícius Dias Souza,vinicius.dias.souza.15520@example.com,Rondonópolis,Advogado,69,17763584635
Débora Rodrigues Nascimento,debora.rodrigues.nascimento.15521@example.com,Joinville,Professor,18,04905115359
Tatiane Moreira Alves,tatiane.moreira.alves.15522@example.com,Curitiba,Advogado,40,77350160890
Otávio Mendes Oliveira,otavio.mendes.oliveira.15523@example.com,Campinas,Diretor comercial,39,40322286193
Marcelo Lima Martins,marcelo.lima.martins.15524@example.com,Goiânia,Analista de marketing,34,07837501856
Gustavo Ribeiro Gomes,gustavo.ribeiro.gomes.15525@example.com,Belém,Recepcionista,66,65767823838
Gabriel Nascimento Rocha,gabriel.nascimento.rocha.15526@example.com,Campinas,Assistente comercial,20,31330238608
Carlos Freitas Carvalho,carlos.freitas.carvalho.15527@example.com,Uberlândia,Supervisor de atendimento,66,64954024433
Gabriel Lima Castro,gabriel.lima.castro.15528@example.com,Santos,Chefe de departamento pessoal,27,67142406624
João Costa Araújo,joao.costa.araujo.15529@example.com,Manaus,Programador,47,57117004719
Priscila Costa Rocha,priscila.costa.rocha.15530@example.com,Joinville,Líder de equipe,23,33901207906
Débora Cardoso Fernandes,debora.cardoso.fernandes.15531@example.com,Campinas,Assistente administrativo,30,48092395281
Renata Pereira Pereira,renata.pereira.pereira.15532@example.com,São Paulo,Enfermeiro,52,29945081635
Simone Pereira Costa,simone.pereira.costa.15533@example.com,Belém,Gerente comercial,63,87547745586
Renata Barros Martins,renata.barros.martins.15534@example.com,Uberlândia,Técnico de segurança do trabalho,60,19223780743
Thiago Ribeiro Costa,thiago.ribeiro.costa.15535@example.com,Salvador,Coordenador de logística,64,55827286492
Débora Martins Dias,debora.martins.dias.15536@example.com,Niterói,Gerente de tecnologia,51,99072398909
Simone Costa Mendes,simone.costa.mendes.15537@example.com,Vitória,Supervisor de manutenção,42,47627045076
Henrique Alves Teixeira,henrique.alves.teixeira.15538@example.com,Dourados,Técnico em informática,55,24014140718
Felipe Almeida Dias,felipe.almeida.dias.15539@example.com,Niterói,Analista de marketing,27,73015395975
Mariana Nascimento Rocha,mariana.nascimento.rocha.15540@example.com,Caxias do Sul,Professor,52,93543224586
Simone Dias Costa,simone.dias.costa.15541@example.com,Salvador,Arquiteto,67,50139164407
Sérgio Mendes Cardoso,sergio.mendes.cardoso.15542@example.com,Maringá,Técnico em informática,20,83031634968
Letícia Rocha Araújo,leticia.rocha.araujo.15543@example.com,Rondonópolis,Operador de caixa,27,75216364708
Nicolas Santos Pereira,nicolas.santos.pereira.15544@example.com,Brasília,Gerente comercial,47,10971986001
Camila Barbosa Alves,camila.barbosa.alves.15545@example.com,Campo Grande,Diretor comercial,26,76572545952
Ana Martins Santos,ana.martins.santos.15546@example.com,Fortaleza,Técnico de segurança do trabalho,30,03663262443
Patrícia Rodrigues Teixeira,patricia.rodrigues.teixeira.15547@example.com,Rondonópolis,Atendente,59,88675295697
Gabriela Moreira Teixeira,gabriela.moreira.teixeira.15548@example.com,Joinville,Coordenador administrativo,62,75739789458
Tatiane Araújo Fernandes,tatiane.araujo.fernandes.15549@example.com,Campinas,Técnico de enfermagem,26,08728204098
Carlos Ribeiro Gomes,carlos.ribeiro.gomes.15550@example.com,Belém,Motorista,35,42843739496
Diego Mendes Araújo,diego.mendes.araujo.15551@example.com,Sorocaba,Farmacêutico,65,35967835101
Gabriela Lima Souza,gabriela.lima.souza.15552@example.com,Curitiba,Técnico de segurança do trabalho,48,68144887042
João Martins Gomes,joao.martins.gomes.15553@example.com,Niterói,Técnico em informática,23,41708259580
Daniela Mendes Martins,daniela.mendes.martins.15554@example.com,Recife,Supervisor de manutenção,52,31701171201
Vinícius Souza Rodrigues,vinicius.souza.rodrigues.15555@example.com,Campinas,Técnico de segurança do trabalho,28,86215104525
Bruno Lima Carvalho,bruno.lima.carvalho.15556@example.com,Niterói,Gerente financeiro,43,61540577210
Patrícia Almeida Carvalho,patricia.almeida.carvalho.15557@example.com,Natal,Chefe de almoxarifado,59,03474146107
Thiago Costa Castro,thiago.costa.castro.15558@example.com,Belo Horizonte,Técnico de enfermagem,26,81448407803
Sandra Moreira Moreira,sandra.moreira.moreira.15559@example.com,Niterói,Corretor de imóveis,26,59628022850
Nicolas Almeida Martins,nicolas.almeida.martins.15560@example.com,Maringá,Motorista,67,51394509271
Carlos Alves Carvalho,carlos.alves.carvalho.15561@example.com,Curitiba,Mecânico,51,72159283515
Simone Teixeira Almeida,simone.teixeira.almeida.15562@example.com,Natal,Líder de equipe,23,92634724243
Gabriel Martins Mendes,gabriel.martins.mendes.15563@example.com,Londrina,Gerente de tecnologia,59,39920349514
Patrícia Moreira Martins,patricia.moreira.martins.15564@example.com,Recife,Assistente comercial,36,90873795363
Otávio Dias Oliveira,otavio.dias.oliveira.15565@example.com,Manaus,Vendedor,38,02137975376
Juliana Martins Nascimento,juliana.martins.nascimento.15566@example.com,Florianópolis,Analista de marketing,70,05743724560
Otávio Alves Araújo,otavio.alves.araujo.15567@example.com,Campo Grande,Jornalista,54,98754928046
Gabriel Souza Monteiro,gabriel.souza.monteiro.15568@example.com,Santos,Professor,58,70124399785
Simone Pereira Barbosa,simone.pereira.barbosa.15569@example.com,Campinas,Engenheiro civil,42,97679166950
Paulo Freitas Freitas,paulo.freitas.freitas.15570@example.com,Fortaleza,Professor,47,97586977289
Daniela Moreira Nascimento,daniela.moreira.nascimento.15571@example.com,Santos,Farmacêutico,62,17670488305
Fernanda Nascimento Gomes,fernanda.nascimento.gomes.15572@example.com,Natal,Enfermeiro,41,69049536077
Lucas Santos Silva,lucas.santos.silva.15573@example.com,Campo Grande,Gerente financeiro,38,56716340936
Gabriel Barbosa Rodrigues,gabriel.barbosa.rodrigues.15574@example.com,Goiânia,Vendedor,66,41947533978
Vanessa Ribeiro Barros,vanessa.ribeiro.barros.15575@example.com,Joinville,Mecânico,36,87981074007
João Fernandes Almeida,joao.fernandes.almeida.15576@example.com,São Paulo,Jornalista,62,36330645588
Juliana Alves Barros,juliana.alves.barros.15577@example.com,Londrina,Diretor de operações,43,17276943586
Gustavo Gomes Rocha,gustavo.gomes.rocha.15578@example.com,Maringá,Contador,38,43673370259
Juliana Barbosa Barros,juliana.barbosa.barros.15579@example.com,Maringá,Coordenador de marketing,48,63343224697
Débora Almeida Rocha,debora.almeida.rocha.15580@example.com,Florianópolis,Arquiteto,47,16028929856
Otávio Gomes Rocha,otavio.gomes.rocha.15581@example.com,Fortaleza,Gerente financeiro,44,46078750121
Carlos Cardoso Cardoso,carlos.cardoso.cardoso.15582@example.com,Recife,Gerente financeiro,50,91287136030
Rafael Castro Santos,rafael.castro.santos.15583@example.com,Uberlândia,Analista de recursos humanos,41,90564953185
Débora Gomes Castro,debora.gomes.castro.15584@example.com,Natal,Gerente de tecnologia,53,26543056413
Larissa Souza Pereira,larissa.souza.pereira.15585@example.com,Florianópolis,Recepcionista,20,26106637710
Daniela Fernandes Santos,daniela.fernandes.santos.15586@example.com,Vitória,Analista de marketing,37,31278007265
Simone Martins Barbosa,simone.martins.barbosa.15587@example.com,Belo Horizonte,Técnico em informática,27,95804261232
João Carvalho Teixeira,joao.carvalho.teixeira.15588@example.com,Goiânia,Auxiliar de produção,68,69120621302
Ricardo Rocha Nascimento,ricardo.rocha.nascimento.15589@example.com,Florianópolis,Gerente comercial,20,66696477230
Thiago Silva Martins,thiago.silva.martins.15590@example.com,Sorocaba,Líder de equipe,68,14418073831
Camila Barbosa Alves,camila.barbosa.alves.15591@example.com,Recife,Técnico em informática,33,28689392935
Camila Carvalho Rocha,camila.carvalho.rocha.15592@example.com,Campo Grande,Gerente de recursos humanos,43,46047292808
Lucas Silva Cardoso,lucas.silva.cardoso.15593@example.com,Uberlândia,Coordenador de produção,57,34862179378
Camila Nascimento Fernandes,camila.nascimento.fernandes.15594@example.com,Caxias do Sul,Gerente comercial,65,06435075168
Carolina Dias Martins,carolina.dias.martins.15595@example.com,Belo Horizonte,Contador,26,65623962161
Amanda Silva Araújo,amanda.silva.araujo.15596@example.com,Manaus,Diretor comercial,18,43528782908
José Cardoso Alves,jose.cardoso.alves.15597@example.com,Goiânia,Supervisor de vendas,66,13208044414
Beatriz Mendes Mendes,beatriz.mendes.mendes.15598@example.com,Vitória,Designer gráfico,43,29534352137
Leonardo Freitas Lima,leonardo.freitas.lima.15599@example.com,Joinville,Técnico de enfermagem,51,18209829534
Pedro Silva Araújo,pedro.silva.araujo.15600@example.com,Caxias do Sul,Técnico de enfermagem,66,37818814612
José Barros Lima,jose.barros.lima.15601@example.com,Manaus,Eletricista,29,03371588476
Thiago Pereira Araújo,thiago.pereira.araujo.15602@example.com,Maringá,Encarregado de produção,32,53693260967
Nicolas Martins Araújo,nicolas.martins.araujo.15603@example.com,Natal,Padeiro,45,53169884280
Vanessa Rodrigues Alves,vanessa.rodrigues.alves.15604@example.com,Campinas,Enfermeiro,25,53408420598
Renata Pereira Rocha,renata.pereira.rocha.15605@example.com,Maringá,Coordenador de logística,42,94141010914
Juliana Santos Barbosa,juliana.santos.barbosa.15606@example.com,Natal,Padeiro,22,71300775473
Carolina Cardoso Fernandes,carolina.cardoso.fernandes.15607@example.com,Fortaleza,Líder de equipe,49,64690013136
Bruno Cardoso Carvalho,bruno.cardoso.carvalho.15608@example.com,Niterói,Farmacêutico,45,77479192907
Ricardo Mendes Freitas,ricardo.mendes.freitas.15609@example.com,São Paulo,Encarregado de produção,25,30805083177
Marcelo Dias Oliveira,marcelo.dias.oliveira.15610@example.com,Rondonópolis,Comprador,53,46328210308
João Monteiro Costa,joao.monteiro.costa.15611@example.com,Curitiba,Corretor de imóveis,54,75452732096
Sérgio Rocha Santos,sergio.rocha.santos.15612@example.com,Brasília,Assistente administrativo,40,30889991071
Bruno Santos Nascimento,bruno.santos.nascimento.15613@example.com,Fortaleza,Gerente de operações,41,31867551845
Gustavo Teixeira Rocha,gustavo.teixeira.rocha.15614@example.com,Belo Horizonte,Gerente de recursos humanos,61,21478863683
Débora Gomes Silva,debora.gomes.silva.15615@example.com,São Paulo,Supervisor de atendimento,64,66931026097
Amanda Teixeira Castro,amanda.teixeira.castro.15616@example.com,Rio de Janeiro,Analista financeiro,62,66383411849
Carlos Moreira Fernandes,carlos.moreira.fernandes.15617@example.com,Curitiba,Encarregado de produção,46,66365429236
Vanessa Teixeira Santos,vanessa.teixeira.santos.15618@example.com,Campinas,Analista de marketing,20,29753973105
Thiago Barros Moreira,thiago.barros.moreira.15619@example.com,Maringá,Analista financeiro,69,68487183802
Eduardo Freitas Alves,eduardo.freitas.alves.15620@example.com,São Paulo,Técnico de segurança do trabalho,36,85157304333
Otávio Monteiro Cardoso,otavio.monteiro.cardoso.15621@example.com,Campo Grande,Assistente comercial,22,93146472414
Rafael Freitas Monteiro,rafael.freitas.monteiro.15622@example.com,Curitiba,Jornalista,64,41372457584
Bruno Silva Costa,bruno.silva.costa.15623@example.com,Dourados,Supervisor de atendimento,21,92859276159
Gabriel Castro Almeida,gabriel.castro.almeida.15624@example.com,Manaus,Encarregado de produção,31,82364960107
Priscila Monteiro Fernandes,priscila.monteiro.fernandes.15625@example.com,Belém,Atendente,19,73777576555
Tatiane Costa Souza,tatiane.costa.souza.15626@example.com,Salvador,Comprador,62,99563657678
Gustavo Silva Lima,gustavo.silva.lima.15627@example.com,Fortaleza,Eletricista,19,67318644692
Luana Silva Mendes,luana.silva.mendes.15628@example.com,Uberlândia,Analista de marketing,38,09520373183
Patrícia Souza Teixeira,patricia.souza.teixeira.15629@example.com,Fortaleza,Técnico em informática,45,42209018078
Luana Santos Souza,luana.santos.souza.15630@example.com,Maringá,Supervisor de atendimento,58,98393724645
Gabriel Martins Rodrigues,gabriel.martins.rodrigues.15631@example.com,Curitiba,Motorista,23,03990871644
Henrique Silva Freitas,henrique.silva.freitas.15632@example.com,Dourados,Advogado,24,18169385651
Camila Gomes Freitas,camila.gomes.freitas.15633@example.com,Vitória,Chefe de compras,70,58386761010
Otávio Mendes Freitas,otavio.mendes.freitas.15634@example.com,Florianópolis,Gerente de tecnologia,70,81524407204
Aline Alves Pereira,aline.alves.pereira.15635@example.com,Campinas,Professor,56,85122395831
Letícia Mendes Barros,leticia.mendes.barros.15636@example.com,Fortaleza,Recepcionista,63,20924083234
Vanessa Araújo Martins,vanessa.araujo.martins.15637@example.com,Joinville,Cozinheiro,58,82138930202
Aline Silva Costa,aline.silva.costa.15638@example.com,Sorocaba,Chefe de compras,26,82938213522
Fernanda Araújo Rocha,fernanda.araujo.rocha.15639@example.com,Brasília,Programador,33,94776600923
Mariana Martins Almeida,mariana.martins.almeida.15640@example.com,Brasília,Fisioterapeuta,53,38755253087
Amanda Mendes Barros,amanda.mendes.barros.15641@example.com,Fortaleza,Contador,63,15406282113
Lucas Martins Freitas,lucas.martins.freitas.15642@example.com,Caxias do Sul,Analista de dados,66,36184951296
Daniela Nascimento Castro,daniela.nascimento.castro.15643@example.com,Maringá,Corretor de imóveis,61,37995043054
Letícia Pereira Castro,leticia.pereira.castro.15644@example.com,Belém,Gerente de recursos humanos,61,84489815839
Lucas Pereira Rocha,lucas.pereira.rocha.15645@example.com,Londrina,Contador,34,92528586443
Eduardo Cardoso Souza,eduardo.cardoso.souza.15646@example.com,Rio de Janeiro,Cozinheiro,59,02788762484
Letícia Moreira Martins,leticia.moreira.martins.15647@example.com,Caxias do Sul,Estoquista,39,16257292822
Carlos Moreira Lima,carlos.moreira.lima.15648@example.com,Florianópolis,Encarregado de produção,44,14675166367
Otávio Cardoso Rodrigues,otavio.cardoso.rodrigues.15649@example.com,Salvador,Analista financeiro,42,59672402203
Henrique Alves Cardoso,henrique.alves.cardoso.15650@example.com,Caxias do Sul,Analista de dados,38,83579584875
Rafael Gomes Oliveira,rafael.gomes.oliveira.15651@example.com,Campo Grande,Atendente,69,74522678372
Renata Cardoso Silva,renata.cardoso.silva.15652@example.com,Salvador,Designer gráfico,67,90647068724
Vinícius Castro Costa,vinicius.castro.costa.15653@example.com,Recife,Assistente administrativo,64,08065606966
Gabriela Carvalho Costa,gabriela.carvalho.costa.15654@example.com,Rondonópolis,Corretor de imóveis,40,40268045849
Mariana Santos Gomes,mariana.santos.gomes.15655@example.com,Salvador,Estoquista,46,36696259134
Vanessa Almeida Fernandes,vanessa.almeida.fernandes.15656@example.com,Brasília,Supervisor de manutenção,46,11729818295
Patrícia Pereira Moreira,patricia.pereira.moreira.15657@example.com,Manaus,Farmacêutico,54,82860404972
Aline Barros Mendes,aline.barros.mendes.15658@example.com,Salvador,Analista financeiro,60,18796041497
Mariana Almeida Freitas,mariana.almeida.freitas.15659@example.com,Rondonópolis,Técnico de segurança do trabalho,34,10701468959
Beatriz Costa Gomes,beatriz.costa.gomes.15660@example.com,Uberlândia,Engenheiro civil,56,98436277447
Tatiane Barbosa Mendes,tatiane.barbosa.mendes.15661@example.com,Belo Horizonte,Contador,22,54137683812
Letícia Mendes Costa,leticia.mendes.costa.15662@example.com,Vitória,Diretor comercial,20,83965361593
Priscila Santos Santos,priscila.santos.santos.15663@example.com,Rondonópolis,Analista de marketing,29,23795806084
Gabriel Martins Rodrigues,gabriel.martins.rodrigues.15664@example.com,São Paulo,Padeiro,47,83093198635
Bruno Cardoso Carvalho,bruno.cardoso.carvalho.15665@example.com,Sorocaba,Diretor de operações,33,95098616662
Gustavo Santos Mendes,gustavo.santos.mendes.15666@example.com,Curitiba,Recepcionista,27,33206079499
Ana Barros Barros,ana.barros.barros.15667@example.com,Natal,Líder de equipe,38,80140029272
Sérgio Silva Ribeiro,sergio.silva.ribeiro.15668@example.com,Brasília,Supervisor de atendimento,24,37091175734
Simone Martins Santos,simone.martins.santos.15669@example.com,Dourados,Supervisor de manutenção,39,09461903485
Rafael Alves Souza,rafael.alves.souza.15670@example.com,Rondonópolis,Assistente administrativo,50,77440228770
Igor Santos Freitas,igor.santos.freitas.15671@example.com,Brasília,Gerente financeiro,64,54597920980
Ana Mendes Freitas,ana.mendes.freitas.15672@example.com,Cuiabá,Nutricionista,34,08386306660
Gabriela Santos Barbosa,gabriela.santos.barbosa.15673@example.com,Natal,Motorista,44,92112778807
Felipe Teixeira Freitas,felipe.teixeira.freitas.15674@example.com,Maringá,Professor,59,11946295600
Vanessa Monteiro Cardoso,vanessa.monteiro.cardoso.15675@example.com,Maringá,Operador de caixa,62,70397008904
Nicolas Moreira Mendes,nicolas.moreira.mendes.15676@example.com,Cuiabá,Farmacêutico,52,83940425754
Carolina Gomes Pereira,carolina.gomes.pereira.15677@example.com,Dourados,Engenheiro civil,22,91066524964
Vitória Barros Barros,vitoria.barros.barros.15678@example.com,Londrina,Recepcionista,51,85787187618
Débora Alves Araújo,debora.alves.araujo.15679@example.com,Porto Alegre,Professor,41,07195271563
Gabriela Ribeiro Ribeiro,gabriela.ribeiro.ribeiro.15680@example.com,Natal,Gerente de operações,50,07217591945
Daniela Rodrigues Souza,daniela.rodrigues.souza.15681@example.com,Salvador,Nutricionista,33,99830627437
Sérgio Almeida Cardoso,sergio.almeida.cardoso.15682@example.com,São Paulo,Contador,37,24654638118
Priscila Santos Mendes,priscila.santos.mendes.15683@example.com,Rondonópolis,Supervisor de manutenção,60,25342336041
João Alves Carvalho,joao.alves.carvalho.15684@example.com,Sorocaba,Mecânico,65,41520285174
Igor Rocha Cardoso,igor.rocha.cardoso.15685@example.com,Goiânia,Gerente de recursos humanos,70,79922953857
Aline Oliveira Souza,aline.oliveira.souza.15686@example.com,Salvador,Corretor de imóveis,49,14179297060
Beatriz Teixeira Araújo,beatriz.teixeira.araujo.15687@example.com,Fortaleza,Operador de caixa,62,30165377621
Luana Costa Monteiro,luana.costa.monteiro.15688@example.com,Joinville,Analista de marketing,38,78612881852
Sandra Oliveira Oliveira,sandra.oliveira.oliveira.15689@example.com,Manaus,Farmacêutico,49,36125784531
Rafael Martins Ribeiro,rafael.martins.ribeiro.15690@example.com,Recife,Supervisor de vendas,33,04464823749
Beatriz Santos Lima,beatriz.santos.lima.15691@example.com,Campo Grande,Gerente de recursos humanos,54,12458848097
Vitória Moreira Oliveira,vitoria.moreira.oliveira.15692@example.com,Dourados,Gerente de tecnologia,19,32531165441
Débora Moreira Ribeiro,debora.moreira.ribeiro.15693@example.com,Recife,Farmacêutico,29,99537688100
Daniela Freitas Barros,daniela.freitas.barros.15694@example.com,Rondonópolis,Auxiliar de produção,49,18433797743
Gabriela Oliveira Pereira,gabriela.oliveira.pereira.15695@example.com,Maringá,Eletricista,49,47251653166
Ricardo Moreira Freitas,ricardo.moreira.freitas.15696@example.com,Cuiabá,Mecânico,40,41132035701
João Castro Carvalho,joao.castro.carvalho.15697@example.com,Campinas,Líder de equipe,21,76163361780
Nicolas Santos Rocha,nicolas.santos.rocha.15698@example.com,Salvador,Padeiro,40,01093325483
Igor Castro Barbosa,igor.castro.barbosa.15699@example.com,Uberlândia,Gerente financeiro,36,25765452600
Tatiane Ribeiro Rodrigues,tatiane.ribeiro.rodrigues.15700@example.com,Maringá,Advogado,20,47579946448
Igor Martins Castro,igor.martins.castro.15701@example.com,Uberlândia,Vendedor,68,69068842832
Renata Fernandes Araújo,renata.fernandes.araujo.15702@example.com,Santos,Técnico de enfermagem,44,34206405470
Thiago Ribeiro Ribeiro,thiago.ribeiro.ribeiro.15703@example.com,Brasília,Diretor de operações,23,73177055068
Débora Monteiro Castro,debora.monteiro.castro.15704@example.com,Londrina,Supervisor de qualidade,22,81609924420
Eduardo Oliveira Souza,eduardo.oliveira.souza.15705@example.com,Londrina,Auxiliar de produção,56,03992174361
Priscila Costa Nascimento,priscila.costa.nascimento.15706@example.com,Manaus,Cozinheiro,69,78550776142
Ana Santos Barros,ana.santos.barros.15707@example.com,Manaus,Supervisor de qualidade,18,67155521303
Sandra Araújo Barros,sandra.araujo.barros.15708@example.com,Vitória,Cozinheiro,36,73873581343
Amanda Rodrigues Mendes,amanda.rodrigues.mendes.15709@example.com,Vitória,Analista de marketing,70,33568042056
Sandra Carvalho Carvalho,sandra.carvalho.carvalho.15710@example.com,Niterói,Fisioterapeuta,38,60199482157
Ricardo Castro Almeida,ricardo.castro.almeida.15711@example.com,Belém,Analista financeiro,40,81782746987
Sérgio Souza Freitas,sergio.souza.freitas.15712@example.com,Caxias do Sul,Vendedor,45,30890474600
Aline Souza Barbosa,aline.souza.barbosa.15713@example.com,Campinas,Operador de caixa,34,73600949782
Camila Freitas Castro,camila.freitas.castro.15714@example.com,Rio de Janeiro,Estoquista,54,25677319099
Débora Cardoso Castro,debora.cardoso.castro.15715@example.com,Manaus,Coordenador de produção,38,95525280368
Rafael Silva Gomes,rafael.silva.gomes.15716@example.com,Salvador,Gerente de tecnologia,31,69544155204
Mariana Oliveira Ribeiro,mariana.oliveira.ribeiro.15717@example.com,Maringá,Assistente administrativo,44,75288044531
Renata Martins Moreira,renata.martins.moreira.15718@example.com,Santos,Analista financeiro,36,84118588730
Gustavo Martins Ribeiro,gustavo.martins.ribeiro.15719@example.com,Vitória,Gerente de recursos humanos,57,67587803748
Gustavo Silva Carvalho,gustavo.silva.carvalho.15720@example.com,Rio de Janeiro,Técnico em informática,29,84504741300
Nicolas Carvalho Monteiro,nicolas.carvalho.monteiro.15721@example.com,Rio de Janeiro,Diretor comercial,54,45082465871
Thiago Gomes Souza,thiago.gomes.souza.15722@example.com,Campinas,Técnico de segurança do trabalho,48,40605651381
Ana Silva Oliveira,ana.silva.oliveira.15723@example.com,Uberlândia,Analista financeiro,69,09931966655
Letícia Rodrigues Dias,leticia.rodrigues.dias.15724@example.com,Belo Horizonte,Gerente financeiro,45,82323876038
Juliana Monteiro Cardoso,juliana.monteiro.cardoso.15725@example.com,Natal,Auxiliar de produção,34,30677477442
Fernanda Carvalho Oliveira,fernanda.carvalho.oliveira.15726@example.com,Brasília,Chefe de compras,22,87022017848
Renata Santos Costa,renata.santos.costa.15727@example.com,Uberlândia,Designer gráfico,43,10979057489
Thiago Fernandes Pereira,thiago.fernandes.pereira.15728@example.com,Joinville,Advogado,57,38614094737
Débora Rodrigues Nascimento,debora.rodrigues.nascimento.15729@example.com,Dourados,Coordenador de produção,66,58109690354
Renata Nascimento Almeida,renata.nascimento.almeida.15730@example.com,Porto Alegre,Técnico de enfermagem,29,97737898373
Beatriz Rodrigues Mendes,beatriz.rodrigues.mendes.15731@example.com,Rondonópolis,Assistente administrativo,45,53733840449
José Silva Dias,jose.silva.dias.15732@example.com,Dourados,Encarregado de produção,24,75699329068
Vitória Mendes Teixeira,vitoria.mendes.teixeira.15733@example.com,Vitória,Operador de caixa,54,25179949408
Camila Martins Nascimento,camila.martins.nascimento.15734@example.com,Campo Grande,Padeiro,34,19110709906
Luana Rocha Ribeiro,luana.rocha.ribeiro.15735@example.com,Maringá,Encarregado de produção,46,34302910465
Gabriela Mendes Oliveira,gabriela.mendes.oliveira.15736@example.com,Londrina,Encarregado de produção,37,20963563813
Vanessa Lima Alves,vanessa.lima.alves.15737@example.com,Recife,Contador,47,81910646244
Fernanda Almeida Souza,fernanda.almeida.souza.15738@example.com,Fortaleza,Pedreiro,40,84162089519
Vitória Castro Moreira,vitoria.castro.moreira.15739@example.com,Santos,Assistente administrativo,35,00736277933
Paulo Mendes Silva,paulo.mendes.silva.15740@example.com,Uberlândia,Chefe de almoxarifado,33,11106114057
João Souza Teixeira,joao.souza.teixeira.15741@example.com,Natal,Diretor de operações,57,89352160863
Gabriela Gomes Santos,gabriela.gomes.santos.15742@example.com,Campo Grande,Supervisor de qualidade,65,52039924414
Marcelo Oliveira Mendes,marcelo.oliveira.mendes.15743@example.com,Curitiba,Encarregado de produção,33,04130752419
José Teixeira Barbosa,jose.teixeira.barbosa.15744@example.com,Manaus,Cozinheiro,28,30837699873
João Ribeiro Almeida,joao.ribeiro.almeida.15745@example.com,Dourados,Supervisor de qualidade,46,79274356019
Carolina Rocha Costa,carolina.rocha.costa.15746@example.com,Dourados,Diretor comercial,68,21850673079
Mariana Fernandes Teixeira,mariana.fernandes.teixeira.15747@example.com,Campo Grande,Coordenador de produção,41,36332651517
João Moreira Gomes,joao.moreira.gomes.15748@example.com,Dourados,Comprador,42,13049891074
Henrique Nascimento Mendes,henrique.nascimento.mendes.15749@example.com,Sorocaba,Supervisor de vendas,40,51708021590
Larissa Gomes Barros,larissa.gomes.barros.15750@example.com,Santos,Eletricista,32,46214788872
Carlos Freitas Carvalho,carlos.freitas.carvalho.15751@example.com,Caxias do Sul,Nutricionista,49,58749503701
Patrícia Carvalho Castro,patricia.carvalho.castro.15752@example.com,Florianópolis,Operador de caixa,36,64736044442
Ana Barros Fernandes,ana.barros.fernandes.15753@example.com,Fortaleza,Fisioterapeuta,61,59008926376
Patrícia Nascimento Ribeiro,patricia.nascimento.ribeiro.15754@example.com,Santos,Assistente administrativo,59,56643963645
Carolina Moreira Monteiro,carolina.moreira.monteiro.15755@example.com,Manaus,Técnico em informática,49,16716274175
Ricardo Pereira Nascimento,ricardo.pereira.nascimento.15756@example.com,Campinas,Atendente,69,98883034057
Luana Castro Souza,luana.castro.souza.15757@example.com,Belém,Programador,22,56376824496
Camila Monteiro Castro,camila.monteiro.castro.15758@example.com,Maringá,Técnico em informática,69,07918718665
Pedro Oliveira Fernandes,pedro.oliveira.fernandes.15759@example.com,Campo Grande,Supervisor de qualidade,56,70008683414
Eduardo Monteiro Pereira,eduardo.monteiro.pereira.15760@example.com,Santos,Arquiteto,20,60054022602
Marcelo Souza Alves,marcelo.souza.alves.15761@example.com,Campo Grande,Motorista,44,83328131040
Felipe Mendes Lima,felipe.mendes.lima.15762@example.com,Florianópolis,Chefe de compras,67,59042586942
Diego Carvalho Gomes,diego.carvalho.gomes.15763@example.com,Rio de Janeiro,Gerente de operações,60,01361184141
Débora Cardoso Castro,debora.cardoso.castro.15764@example.com,Curitiba,Gerente de tecnologia,44,61008790030
Renata Fernandes Gomes,renata.fernandes.gomes.15765@example.com,Porto Alegre,Coordenador de produção,51,16775191481
Pedro Souza Rodrigues,pedro.souza.rodrigues.15766@example.com,Rondonópolis,Encarregado de produção,47,87227912959
Otávio Rocha Almeida,otavio.rocha.almeida.15767@example.com,Belo Horizonte,Supervisor de manutenção,20,65029604007
Larissa Nascimento Pereira,larissa.nascimento.pereira.15768@example.com,Vitória,Chefe de departamento pessoal,43,27195461690
Nicolas Silva Pereira,nicolas.silva.pereira.15769@example.com,Goiânia,Gerente de tecnologia,67,80513915944
Sandra Nascimento Martins,sandra.nascimento.martins.15770@example.com,Maringá,Encarregado de produção,30,08109477524
Henrique Costa Ribeiro,henrique.costa.ribeiro.15771@example.com,Fortaleza,Técnico de segurança do trabalho,50,15313211078
Nicolas Barros Rocha,nicolas.barros.rocha.15772@example.com,Florianópolis,Motorista,51,27392109695
Letícia Silva Ribeiro,leticia.silva.ribeiro.15773@example.com,Campinas,Corretor de imóveis,26,38245869186
Felipe Monteiro Gomes,felipe.monteiro.gomes.15774@example.com,Brasília,Arquiteto,24,90130276620
Thiago Nascimento Teixeira,thiago.nascimento.teixeira.15775@example.com,Uberlândia,Nutricionista,22,23598412405
Lucas Dias Silva,lucas.dias.silva.15776@example.com,Fortaleza,Vendedor,56,81366197250
Eduardo Martins Martins,eduardo.martins.martins.15777@example.com,Dourados,Assistente comercial,46,76616793936
Camila Martins Souza,camila.martins.souza.15778@example.com,Santos,Cozinheiro,43,16816436909
Vanessa Gomes Monteiro,vanessa.gomes.monteiro.15779@example.com,Santos,Nutricionista,47,62839683102
Larissa Gomes Gomes,larissa.gomes.gomes.15780@example.com,Londrina,Estoquista,54,00057813620
Débora Fernandes Barros,debora.fernandes.barros.15781@example.com,Porto Alegre,Coordenador de marketing,47,72434544378
Henrique Lima Nascimento,henrique.lima.nascimento.15782@example.com,Londrina,Analista de recursos humanos,27,16251653599
Luana Dias Ribeiro,luana.dias.ribeiro.15783@example.com,Maringá,Gerente de recursos humanos,60,36527068617
Daniela Carvalho Ribeiro,daniela.carvalho.ribeiro.15784@example.com,Porto Alegre,Programador,54,75058591261
Camila Silva Freitas,camila.silva.freitas.15785@example.com,Natal,Diretor comercial,19,06820687017
Amanda Fernandes Teixeira,amanda.fernandes.teixeira.15786@example.com,Goiânia,Supervisor de manutenção,47,88539394293
João Carvalho Mendes,joao.carvalho.mendes.15787@example.com,Caxias do Sul,Engenheiro civil,42,19714380087
Patrícia Martins Lima,patricia.martins.lima.15788@example.com,Belo Horizonte,Engenheiro civil,63,46623409435
Henrique Almeida Mendes,henrique.almeida.mendes.15789@example.com,Fortaleza,Recepcionista,30,21451136528
José Dias Barros,jose.dias.barros.15790@example.com,Belo Horizonte,Coordenador administrativo,56,71704476543
Patrícia Ribeiro Gomes,patricia.ribeiro.gomes.15791@example.com,Joinville,Técnico de enfermagem,65,30511698963
Otávio Rocha Moreira,otavio.rocha.moreira.15792@example.com,Goiânia,Comprador,63,93051410119
Ana Ribeiro Ribeiro,ana.ribeiro.ribeiro.15793@example.com,São Paulo,Chefe de departamento pessoal,23,95479989513
Luana Martins Silva,luana.martins.silva.15794@example.com,São Paulo,Motorista,46,36165694027
Marcelo Rocha Rodrigues,marcelo.rocha.rodrigues.15795@example.com,Campo Grande,Técnico de enfermagem,22,05784812157
Vitória Barbosa Rocha,vitoria.barbosa.rocha.15796@example.com,Campo Grande,Assistente comercial,27,98429435650
Carolina Martins Santos,carolina.martins.santos.15797@example.com,Curitiba,Auxiliar de produção,58,79682312336
Beatriz Rocha Almeida,beatriz.rocha.almeida.15798@example.com,Santos,Coordenador de marketing,22,86259207941
Vinícius Gomes Costa,vinicius.gomes.costa.15799@example.com,Cuiabá,Atendente,35,75433643819
Vitória Ribeiro Martins,vitoria.ribeiro.martins.15800@example.com,Recife,Técnico de segurança do trabalho,18,99309805987
Débora Rocha Ribeiro,debora.rocha.ribeiro.15801@example.com,Londrina,Farmacêutico,27,65980684137
Eduardo Nascimento Gomes,eduardo.nascimento.gomes.15802@example.com,Sorocaba,Padeiro,36,73072740480
Letícia Araújo Alves,leticia.araujo.alves.15803@example.com,Niterói,Comprador,33,66919297232
Paulo Almeida Mendes,paulo.almeida.mendes.15804@example.com,São Paulo,Nutricionista,50,35609567982
Carlos Castro Costa,carlos.castro.costa.15805@example.com,Belo Horizonte,Atendente,45,23781472196
Eduardo Silva Costa,eduardo.silva.costa.15806@example.com,Florianópolis,Chefe de almoxarifado,38,35201149620
Ricardo Monteiro Gomes,ricardo.monteiro.gomes.15807@example.com,Belém,Advogado,34,24461573069
Renata Moreira Fernandes,renata.moreira.fernandes.15808@example.com,Rondonópolis,Contador,52,29664489551
Daniela Freitas Costa,daniela.freitas.costa.15809@example.com,Rondonópolis,Advogado,45,23428567479
Aline Freitas Gomes,aline.freitas.gomes.15810@example.com,Brasília,Diretor de operações,37,04870358560
Vitória Rodrigues Araújo,vitoria.rodrigues.araujo.15811@example.com,Joinville,Analista de recursos humanos,49,33778360861
Débora Teixeira Monteiro,debora.teixeira.monteiro.15812@example.com,Recife,Chefe de compras,31,94901976066
Gabriel Santos Nascimento,gabriel.santos.nascimento.15813@example.com,Niterói,Gerente de operações,25,44633714979
Simone Lima Cardoso,simone.lima.cardoso.15814@example.com,Caxias do Sul,Supervisor de vendas,55,51939439518
Ana Fernandes Moreira,ana.fernandes.moreira.15815@example.com,Brasília,Coordenador de produção,20,87760233019
Vanessa Rodrigues Mendes,vanessa.rodrigues.mendes.15816@example.com,Florianópolis,Mecânico,67,77992122001
Thiago Barros Araújo,thiago.barros.araujo.15817@example.com,Manaus,Mecânico,23,69521668027
Gabriela Barros Cardoso,gabriela.barros.cardoso.15818@example.com,Maringá,Analista de dados,32,06419021086
Felipe Santos Barros,felipe.santos.barros.15819@example.com,Natal,Gerente de operações,19,77456477784
Thiago Carvalho Teixeira,thiago.carvalho.teixeira.15820@example.com,Manaus,Gerente de tecnologia,69,20545318350
Pedro Freitas Costa,pedro.freitas.costa.15821@example.com,Uberlândia,Técnico de segurança do trabalho,26,00341136642
Ricardo Carvalho Barbosa,ricardo.carvalho.barbosa.15822@example.com,Maringá,Pedreiro,29,47824778311
Daniela Santos Dias,daniela.santos.dias.15823@example.com,Belo Horizonte,Corretor de imóveis,61,08862338588
Otávio Barbosa Nascimento,otavio.barbosa.nascimento.15824@example.com,Joinville,Gerente financeiro,40,27989355148
Letícia Teixeira Fernandes,leticia.teixeira.fernandes.15825@example.com,Curitiba,Chefe de departamento pessoal,30,12070567564
Ricardo Castro Nascimento,ricardo.castro.nascimento.15826@example.com,Salvador,Recepcionista,42,26778767640
Sérgio Rocha Cardoso,sergio.rocha.cardoso.15827@example.com,Campinas,Eletricista,30,31529686701
João Pereira Silva,joao.pereira.silva.15828@example.com,Dourados,Contador,18,54108073130
Sérgio Nascimento Mendes,sergio.nascimento.mendes.15829@example.com,Campo Grande,Supervisor de vendas,50,53098251640
Henrique Monteiro Rocha,henrique.monteiro.rocha.15830@example.com,Caxias do Sul,Analista de marketing,70,11173227120
Pedro Ribeiro Silva,pedro.ribeiro.silva.15831@example.com,Belém,Diretor comercial,25,52668422537
Carolina Ribeiro Nascimento,carolina.ribeiro.nascimento.15832@example.com,Caxias do Sul,Corretor de imóveis,53,79799695860
Mariana Moreira Almeida,mariana.moreira.almeida.15833@example.com,Manaus,Coordenador de logística,33,00915718750
Larissa Teixeira Alves,larissa.teixeira.alves.15834@example.com,Brasília,Chefe de departamento pessoal,62,27668407855
Diego Monteiro Barbosa,diego.monteiro.barbosa.15835@example.com,Curitiba,Supervisor de atendimento,42,24018390565
Camila Rodrigues Alves,camila.rodrigues.alves.15836@example.com,Natal,Gerente de recursos humanos,60,15251359815
Nicolas Moreira Pereira,nicolas.moreira.pereira.15837@example.com,Porto Alegre,Engenheiro civil,28,65868279704
Ana Ribeiro Castro,ana.ribeiro.castro.15838@example.com,Brasília,Analista de dados,45,33096946756
Amanda Nascimento Rocha,amanda.nascimento.rocha.15839@example.com,Campo Grande,Supervisor de qualidade,23,82838148236
Marcelo Cardoso Fernandes,marcelo.cardoso.fernandes.15840@example.com,Santos,Auxiliar de produção,67,18427199427
Marcelo Silva Araújo,marcelo.silva.araujo.15841@example.com,Fortaleza,Analista de recursos humanos,42,84904023310
Daniela Barbosa Mendes,daniela.barbosa.mendes.15842@example.com,Niterói,Analista financeiro,20,80886209921
Eduardo Monteiro Dias,eduardo.monteiro.dias.15843@example.com,Londrina,Enfermeiro,62,10252527196
Renata Oliveira Nascimento,renata.oliveira.nascimento.15844@example.com,Salvador,Assistente administrativo,60,68157185190
Juliana Cardoso Santos,juliana.cardoso.santos.15845@example.com,Porto Alegre,Estoquista,70,17589076980
Aline Rocha Rocha,aline.rocha.rocha.15846@example.com,Uberlândia,Analista de marketing,55,52825866478
Amanda Rodrigues Moreira,amanda.rodrigues.moreira.15847@example.com,Londrina,Supervisor de manutenção,18,78597926307
Aline Castro Mendes,aline.castro.mendes.15848@example.com,Caxias do Sul,Técnico de enfermagem,69,68891106022
Carolina Santos Lima,carolina.santos.lima.15849@example.com,Salvador,Analista financeiro,24,02041833300
Fernanda Carvalho Freitas,fernanda.carvalho.freitas.15850@example.com,Salvador,Supervisor de atendimento,67,80885277698
Vitória Monteiro Araújo,vitoria.monteiro.araujo.15851@example.com,Dourados,Jornalista,35,12939027493
Vinícius Barbosa Lima,vinicius.barbosa.lima.15852@example.com,Goiânia,Chefe de almoxarifado,22,47889302122
Bruno Rocha Castro,bruno.rocha.castro.15853@example.com,Rio de Janeiro,Arquiteto,65,14054927888
Sandra Costa Silva,sandra.costa.silva.15854@example.com,Rio de Janeiro,Advogado,35,56823350597
Rafael Mendes Freitas,rafael.mendes.freitas.15855@example.com,Dourados,Programador,53,43944684912
Letícia Moreira Barros,leticia.moreira.barros.15856@example.com,Goiânia,Encarregado de produção,49,72765553779
Leonardo Nascimento Santos,leonardo.nascimento.santos.15857@example.com,Cuiabá,Eletricista,37,24130814051
Vanessa Rodrigues Moreira,vanessa.rodrigues.moreira.15858@example.com,Porto Alegre,Supervisor de atendimento,31,15145663328
Larissa Alves Monteiro,larissa.alves.monteiro.15859@example.com,Brasília,Comprador,20,41702417099
Vanessa Monteiro Mendes,vanessa.monteiro.mendes.15860@example.com,Campo Grande,Enfermeiro,41,44537845093
Fernanda Dias Araújo,fernanda.dias.araujo.15861@example.com,Recife,Corretor de imóveis,20,78280018795
Eduardo Rocha Lima,eduardo.rocha.lima.15862@example.com,Maringá,Operador de caixa,28,11698206747
Eduardo Silva Almeida,eduardo.silva.almeida.15863@example.com,Santos,Fisioterapeuta,39,26802628513
Mariana Dias Alves,mariana.dias.alves.15864@example.com,Sorocaba,Técnico de segurança do trabalho,21,47966300225
João Gomes Martins,joao.gomes.martins.15865@example.com,Natal,Operador de caixa,35,07454589202
Vinícius Silva Teixeira,vinicius.silva.teixeira.15866@example.com,Recife,Atendente,61,52232043852
Fernanda Gomes Barros,fernanda.gomes.barros.15867@example.com,Belo Horizonte,Comprador,67,81296734592
Gustavo Barbosa Martins,gustavo.barbosa.martins.15868@example.com,São Paulo,Coordenador de logística,58,00071629366
Débora Fernandes Freitas,debora.fernandes.freitas.15869@example.com,Recife,Técnico em informática,45,99645114131
Vitória Dias Nascimento,vitoria.dias.nascimento.15870@example.com,Rio de Janeiro,Engenheiro civil,35,92205873993
Rafael Alves Oliveira,rafael.alves.oliveira.15871@example.com,Belo Horizonte,Analista de recursos humanos,32,41267711042
Luana Ribeiro Moreira,luana.ribeiro.moreira.15872@example.com,Vitória,Vendedor,28,40899671717
Paulo Gomes Souza,paulo.gomes.souza.15873@example.com,Santos,Atendente,43,47765331329
Beatriz Cardoso Costa,beatriz.cardoso.costa.15874@example.com,Florianópolis,Advogado,59,91913410990
Eduardo Santos Costa,eduardo.santos.costa.15875@example.com,Campinas,Gerente comercial,31,77220318319
Fernanda Castro Rocha,fernanda.castro.rocha.15876@example.com,Santos,Assistente comercial,52,49248963042
Débora Gomes Pereira,debora.gomes.pereira.15877@example.com,Curitiba,Diretor comercial,24,70749559165
Daniela Dias Freitas,daniela.dias.freitas.15878@example.com,Fortaleza,Atendente,68,47078088928
Nicolas Martins Teixeira,nicolas.martins.teixeira.15879@example.com,Recife,Contador,63,52229966188
Lucas Carvalho Lima,lucas.carvalho.lima.15880@example.com,Campinas,Coordenador de logística,63,63957133786
Marcelo Rodrigues Almeida,marcelo.rodrigues.almeida.15881@example.com,Rondonópolis,Supervisor de vendas,51,09523339229
Pedro Costa Dias,pedro.costa.dias.15882@example.com,Campinas,Estoquista,66,08636038713
Diego Cardoso Nascimento,diego.cardoso.nascimento.15883@example.com,Brasília,Gerente de tecnologia,29,03486334924
Ricardo Alves Monteiro,ricardo.alves.monteiro.15884@example.com,Porto Alegre,Enfermeiro,68,06086350474
Priscila Fernandes Castro,priscila.fernandes.castro.15885@example.com,Campinas,Supervisor de vendas,46,20186671274
Simone Barbosa Mendes,simone.barbosa.mendes.15886@example.com,Niterói,Encarregado de produção,39,66861064400
Renata Fernandes Dias,renata.fernandes.dias.15887@example.com,Campo Grande,Gerente de recursos humanos,61,83395702273
Pedro Alves Mendes,pedro.alves.mendes.15888@example.com,Sorocaba,Líder de equipe,24,06026254437
Marcelo Santos Almeida,marcelo.santos.almeida.15889@example.com,Fortaleza,Recepcionista,19,52627014264
Débora Teixeira Teixeira,debora.teixeira.teixeira.15890@example.com,Campinas,Gerente de recursos humanos,54,16979068045
Pedro Almeida Ribeiro,pedro.almeida.ribeiro.15891@example.com,Santos,Vendedor,63,21476429207
Ana Pereira Rocha,ana.pereira.rocha.15892@example.com,Belo Horizonte,Encarregado de produção,45,17092011497
Simone Teixeira Mendes,simone.teixeira.mendes.15893@example.com,Salvador,Técnico de enfermagem,68,55147996832
Leonardo Lima Fernandes,leonardo.lima.fernandes.15894@example.com,São Paulo,Supervisor de vendas,39,24088124985
Ana Rodrigues Monteiro,ana.rodrigues.monteiro.15895@example.com,Goiânia,Analista financeiro,39,41740201196
Débora Monteiro Almeida,debora.monteiro.almeida.15896@example.com,Natal,Diretor comercial,47,09931555052
Henrique Rodrigues Monteiro,henrique.rodrigues.monteiro.15897@example.com,Rondonópolis,Líder de equipe,44,62839138296
Bruno Nascimento Ribeiro,bruno.nascimento.ribeiro.15898@example.com,Salvador,Engenheiro civil,52,85389775298
Paulo Alves Monteiro,paulo.alves.monteiro.15899@example.com,Dourados,Vendedor,23,20702661837
Juliana Monteiro Cardoso,juliana.monteiro.cardoso.15900@example.com,Fortaleza,Gerente de recursos humanos,61,77052654860
Daniela Pereira Barbosa,daniela.pereira.barbosa.15901@example.com,Porto Alegre,Nutricionista,41,57940990052
Tatiane Martins Castro,tatiane.martins.castro.15902@example.com,Sorocaba,Líder de equipe,39,59605941880
Nicolas Dias Freitas,nicolas.dias.freitas.15903@example.com,Natal,Eletricista,18,09693292721
Débora Dias Castro,debora.dias.castro.15904@example.com,Curitiba,Vendedor,21,93385579313
Sandra Rocha Barros,sandra.rocha.barros.15905@example.com,Campinas,Padeiro,52,09954649435
Priscila Carvalho Lima,priscila.carvalho.lima.15906@example.com,Dourados,Nutricionista,29,23604297727
Débora Rocha Carvalho,debora.rocha.carvalho.15907@example.com,Goiânia,Programador,37,00668028996
Carolina Costa Ribeiro,carolina.costa.ribeiro.15908@example.com,Sorocaba,Encarregado de produção,44,07039289750
Eduardo Rocha Silva,eduardo.rocha.silva.15909@example.com,Londrina,Auxiliar de produção,24,04295142455
Otávio Pereira Almeida,otavio.pereira.almeida.15910@example.com,Campo Grande,Coordenador de logística,26,08855122347
Rafael Santos Martins,rafael.santos.martins.15911@example.com,Manaus,Farmacêutico,50,40932738726
Gabriel Dias Lima,gabriel.dias.lima.15912@example.com,Recife,Programador,36,26721162390
Daniela Gomes Lima,daniela.gomes.lima.15913@example.com,Uberlândia,Chefe de departamento pessoal,23,58430812556
Lucas Castro Silva,lucas.castro.silva.15914@example.com,Manaus,Pedreiro,57,76678561541
Sandra Ribeiro Fernandes,sandra.ribeiro.fernandes.15915@example.com,Florianópolis,Analista financeiro,31,20583252177
Renata Santos Freitas,renata.santos.freitas.15916@example.com,Caxias do Sul,Coordenador de logística,53,28971965622
Sérgio Alves Barros,sergio.alves.barros.15917@example.com,Manaus,Supervisor de vendas,20,80354925920
Luana Moreira Oliveira,luana.moreira.oliveira.15918@example.com,Campinas,Gerente de operações,64,74623032831
Paulo Alves Lima,paulo.alves.lima.15919@example.com,Maringá,Programador,56,34041696349
Gabriela Santos Martins,gabriela.santos.martins.15920@example.com,Cuiabá,Assistente administrativo,19,75374907392
Letícia Ribeiro Monteiro,leticia.ribeiro.monteiro.15921@example.com,Manaus,Supervisor de vendas,55,86503387289
Leonardo Rocha Silva,leonardo.rocha.silva.15922@example.com,Recife,Motorista,18,05256148323
Vinícius Fernandes Rodrigues,vinicius.fernandes.rodrigues.15923@example.com,Natal,Gerente de recursos humanos,28,14287493064
Pedro Castro Castro,pedro.castro.castro.15924@example.com,Dourados,Jornalista,60,35857030114
Larissa Lima Moreira,larissa.lima.moreira.15925@example.com,Rondonópolis,Comprador,56,96066777955
Priscila Ribeiro Martins,priscila.ribeiro.martins.15926@example.com,Rio de Janeiro,Recepcionista,29,45713692400
Amanda Gomes Barros,amanda.gomes.barros.15927@example.com,Vitória,Analista de dados,23,31442875369
Beatriz Santos Barros,beatriz.santos.barros.15928@example.com,Cuiabá,Gerente de operações,34,21526127629
Sérgio Araújo Carvalho,sergio.araujo.carvalho.15929@example.com,Cuiabá,Supervisor de atendimento,44,81170079789
Daniela Fernandes Martins,daniela.fernandes.martins.15930@example.com,Goiânia,Contador,45,27809457705
Letícia Cardoso Moreira,leticia.cardoso.moreira.15931@example.com,Dourados,Analista financeiro,25,83347730494
Marcelo Rocha Barbosa,marcelo.rocha.barbosa.15932@example.com,Curitiba,Chefe de compras,54,37714212223
Ricardo Carvalho Oliveira,ricardo.carvalho.oliveira.15933@example.com,Dourados,Gerente comercial,19,69559233305
Paulo Gomes Gomes,paulo.gomes.gomes.15934@example.com,Campo Grande,Nutricionista,25,24380845089
Paulo Barbosa Moreira,paulo.barbosa.moreira.15935@example.com,Natal,Fisioterapeuta,64,01112366205
Leonardo Moreira Barros,leonardo.moreira.barros.15936@example.com,Niterói,Engenheiro civil,27,46580992602
Juliana Nascimento Dias,juliana.nascimento.dias.15937@example.com,Recife,Analista de marketing,54,42146447910
Lucas Rodrigues Cardoso,lucas.rodrigues.cardoso.15938@example.com,Salvador,Nutricionista,34,71323437910
Gabriela Nascimento Dias,gabriela.nascimento.dias.15939@example.com,Belo Horizonte,Coordenador de produção,67,41289702150
José Nascimento Ribeiro,jose.nascimento.ribeiro.15940@example.com,Sorocaba,Assistente administrativo,33,27113758312
Rafael Mendes Silva,rafael.mendes.silva.15941@example.com,Cuiabá,Estoquista,46,56632051468
Pedro Dias Carvalho,pedro.dias.carvalho.15942@example.com,Goiânia,Gerente de operações,37,55610516531
Carlos Martins Rocha,carlos.martins.rocha.15943@example.com,Joinville,Chefe de departamento pessoal,58,42940789417
Bruno Moreira Lima,bruno.moreira.lima.15944@example.com,Santos,Atendente,29,36284785167
Eduardo Dias Monteiro,eduardo.dias.monteiro.15945@example.com,Rondonópolis,Atendente,36,68054466725
Marcelo Souza Santos,marcelo.souza.santos.15946@example.com,Niterói,Supervisor de qualidade,61,75282046858
Juliana Castro Barros,juliana.castro.barros.15947@example.com,Manaus,Supervisor de vendas,25,85788568373
Sérgio Oliveira Rodrigues,sergio.oliveira.rodrigues.15948@example.com,Cuiabá,Assistente comercial,26,55787743337
Felipe Cardoso Oliveira,felipe.cardoso.oliveira.15949@example.com,Joinville,Operador de caixa,44,77417629745
Beatriz Moreira Ribeiro,beatriz.moreira.ribeiro.15950@example.com,Joinville,Comprador,27,29542082586
Patrícia Almeida Moreira,patricia.almeida.moreira.15951@example.com,Recife,Farmacêutico,33,55108909373
Leonardo Freitas Mendes,leonardo.freitas.mendes.15952@example.com,Londrina,Professor,38,06539950549
Fernanda Alves Mendes,fernanda.alves.mendes.15953@example.com,Vitória,Gerente comercial,60,98389896515
Priscila Dias Martins,priscila.dias.martins.15954@example.com,Salvador,Fisioterapeuta,24,77090348065
Henrique Oliveira Souza,henrique.oliveira.souza.15955@example.com,Caxias do Sul,Supervisor de atendimento,32,51898972093
Vinícius Teixeira Lima,vinicius.teixeira.lima.15956@example.com,Campinas,Programador,35,47824749857
Sérgio Oliveira Almeida,sergio.oliveira.almeida.15957@example.com,Dourados,Engenheiro civil,67,82635629228
Carlos Lima Cardoso,carlos.lima.cardoso.15958@example.com,Vitória,Auxiliar de produção,37,38472959951
Felipe Ribeiro Silva,felipe.ribeiro.silva.15959@example.com,Campo Grande,Coordenador de marketing,35,51637362819
Gabriel Rocha Pereira,gabriel.rocha.pereira.15960@example.com,Joinville,Gerente financeiro,41,16570606270
Felipe Souza Fernandes,felipe.souza.fernandes.15961@example.com,Belo Horizonte,Pedreiro,60,87721194330
Débora Castro Carvalho,debora.castro.carvalho.15962@example.com,Recife,Motorista,70,34126000056
Débora Gomes Mendes,debora.gomes.mendes.15963@example.com,Salvador,Mecânico,59,05249153232
Mariana Ribeiro Fernandes,mariana.ribeiro.fernandes.15964@example.com,Manaus,Assistente administrativo,64,51526219567
Luana Martins Fernandes,luana.martins.fernandes.15965@example.com,Cuiabá,Chefe de almoxarifado,54,73457052488
Sandra Souza Cardoso,sandra.souza.cardoso.15966@example.com,Maringá,Encarregado de produção,43,57472004373
Thiago Silva Rocha,thiago.silva.rocha.15967@example.com,Uberlândia,Coordenador de produção,52,14035502243
Marcelo Silva Nascimento,marcelo.silva.nascimento.15968@example.com,Porto Alegre,Designer gráfico,34,52782664661
Vanessa Rocha Alves,vanessa.rocha.alves.15969@example.com,Belo Horizonte,Recepcionista,31,83147035176
Juliana Alves Oliveira,juliana.alves.oliveira.15970@example.com,Joinville,Mecânico,55,39327653306
Marcelo Nascimento Cardoso,marcelo.nascimento.cardoso.15971@example.com,Fortaleza,Corretor de imóveis,38,41219015868
José Almeida Ribeiro,jose.almeida.ribeiro.15972@example.com,Brasília,Cozinheiro,44,22570485338
Gabriel Moreira Moreira,gabriel.moreira.moreira.15973@example.com,Belém,Programador,29,28080166267
Vinícius Teixeira Nascimento,vinicius.teixeira.nascimento.15974@example.com,Rio de Janeiro,Coordenador de logística,39,10345058403
Renata Martins Oliveira,renata.martins.oliveira.15975@example.com,Niterói,Corretor de imóveis,69,72196822195
Rafael Mendes Fernandes,rafael.mendes.fernandes.15976@example.com,Brasília,Líder de equipe,26,40209684974
Débora Souza Barros,debora.souza.barros.15977@example.com,Santos,Assistente comercial,64,33392758570
Larissa Dias Costa,larissa.dias.costa.15978@example.com,Curitiba,Cozinheiro,50,51875337256
Diego Nascimento Santos,diego.nascimento.santos.15979@example.com,Porto Alegre,Chefe de almoxarifado,67,48666804727
Letícia Castro Gomes,leticia.castro.gomes.15980@example.com,Natal,Arquiteto,44,57066496011
José Ribeiro Teixeira,jose.ribeiro.teixeira.15981@example.com,Recife,Líder de equipe,35,94915879984
Thiago Oliveira Alves,thiago.oliveira.alves.15982@example.com,Belo Horizonte,Vendedor,32,38022915673
Juliana Souza Moreira,juliana.souza.moreira.15983@example.com,Cuiabá,Corretor de imóveis,29,34634392846
Rafael Martins Lima,rafael.martins.lima.15984@example.com,Cuiabá,Engenheiro civil,33,02404153907
Henrique Fernandes Almeida,henrique.fernandes.almeida.15985@example.com,São Paulo,Assistente administrativo,55,19840718712
Priscila Barbosa Almeida,priscila.barbosa.almeida.15986@example.com,São Paulo,Analista de marketing,55,08327518173
Gabriela Rodrigues Gomes,gabriela.rodrigues.gomes.15987@example.com,Uberlândia,Recepcionista,68,50541516372
Pedro Cardoso Barbosa,pedro.cardoso.barbosa.15988@example.com,Fortaleza,Supervisor de qualidade,68,12523480113
Patrícia Monteiro Barbosa,patricia.monteiro.barbosa.15989@example.com,Campo Grande,Corretor de imóveis,44,91106169494
Vanessa Martins Ribeiro,vanessa.martins.ribeiro.15990@example.com,Natal,Motorista,65,86411417982
João Nascimento Monteiro,joao.nascimento.monteiro.15991@example.com,Brasília,Nutricionista,57,15298069702
Vitória Rocha Silva,vitoria.rocha.silva.15992@example.com,Dourados,Coordenador de marketing,27,93903630127
Amanda Santos Alves,amanda.santos.alves.15993@example.com,Londrina,Fisioterapeuta,40,19716115471
Nicolas Castro Pereira,nicolas.castro.pereira.15994@example.com,Joinville,Assistente administrativo,19,65983485450
Nicolas Freitas Freitas,nicolas.freitas.freitas.15995@example.com,Salvador,Supervisor de atendimento,44,86949364729
Amanda Cardoso Mendes,amanda.cardoso.mendes.15996@example.com,Cuiabá,Supervisor de manutenção,24,21156789675
Sérgio Barbosa Barbosa,sergio.barbosa.barbosa.15997@example.com,Belém,Advogado,24,95716389174
Pedro Santos Araújo,pedro.santos.araujo.15998@example.com,Cuiabá,Recepcionista,31,57554782620
José Oliveira Gomes,jose.oliveira.gomes.15999@example.com,Rondonópolis,Chefe de almoxarifado,36,63107662701
Débora Carvalho Nascimento,debora.carvalho.nascimento.16000@example.com,Florianópolis,Diretor comercial,47,20497771573
Tatiane Rodrigues Fernandes,tatiane.rodrigues.fernandes.16001@example.com,Vitória,Nutricionista,34,14391962170
José Mendes Fernandes,jose.mendes.fernandes.16002@example.com,Campo Grande,Comprador,49,55860808276
Simone Cardoso Martins,simone.cardoso.martins.16003@example.com,Londrina,Coordenador administrativo,48,80667076744
Camila Castro Mendes,camila.castro.mendes.16004@example.com,Maringá,Recepcionista,38,57715310638
Marcelo Rodrigues Oliveira,marcelo.rodrigues.oliveira.16005@example.com,Natal,Atendente,33,47196830094
Igor Teixeira Almeida,igor.teixeira.almeida.16006@example.com,Sorocaba,Designer gráfico,60,52226879608
Felipe Freitas Alves,felipe.freitas.alves.16007@example.com,Recife,Supervisor de manutenção,41,93051839652
Igor Pereira Gomes,igor.pereira.gomes.16008@example.com,São Paulo,Mecânico,34,04525646960
Priscila Martins Araújo,priscila.martins.araujo.16009@example.com,Recife,Padeiro,36,04888290141
Diego Alves Gomes,diego.alves.gomes.16010@example.com,Rondonópolis,Vendedor,22,14330498788
Vanessa Rodrigues Alves,vanessa.rodrigues.alves.16011@example.com,Fortaleza,Engenheiro civil,40,12333542513
Paulo Barros Castro,paulo.barros.castro.16012@example.com,Londrina,Auxiliar de produção,60,21803928651
Priscila Carvalho Ribeiro,priscila.carvalho.ribeiro.16013@example.com,Belo Horizonte,Técnico de enfermagem,28,75123097854
Lucas Teixeira Souza,lucas.teixeira.souza.16014@example.com,Dourados,Enfermeiro,67,75376560540
Thiago Rodrigues Mendes,thiago.rodrigues.mendes.16015@example.com,Sorocaba,Eletricista,56,57083264186
Vanessa Oliveira Teixeira,vanessa.oliveira.teixeira.16016@example.com,Natal,Arquiteto,54,55297448247
Débora Cardoso Mendes,debora.cardoso.mendes.16017@example.com,Manaus,Cozinheiro,53,92555427746
Marcelo Santos Moreira,marcelo.santos.moreira.16018@example.com,Brasília,Recepcionista,25,54992912959
Lucas Teixeira Alves,lucas.teixeira.alves.16019@example.com,Belo Horizonte,Atendente,60,84177728890
Diego Moreira Gomes,diego.moreira.gomes.16020@example.com,Maringá,Atendente,65,18421904715
Igor Ribeiro Souza,igor.ribeiro.souza.16021@example.com,Florianópolis,Analista de marketing,55,49183452381
João Gomes Carvalho,joao.gomes.carvalho.16022@example.com,Porto Alegre,Advogado,45,65843211419
Henrique Souza Rodrigues,henrique.souza.rodrigues.16023@example.com,Uberlândia,Analista de marketing,34,85282262622
Sandra Fernandes Martins,sandra.fernandes.martins.16024@example.com,Belo Horizonte,Comprador,28,45570611219
Daniela Santos Rocha,daniela.santos.rocha.16025@example.com,Belém,Coordenador de logística,56,79019016728
Gabriela Barros Rodrigues,gabriela.barros.rodrigues.16026@example.com,Santos,Arquiteto,28,98496858428
Otávio Monteiro Araújo,otavio.monteiro.araujo.16027@example.com,Uberlândia,Técnico de segurança do trabalho,52,56201559704
Sérgio Alves Freitas,sergio.alves.freitas.16028@example.com,Belém,Técnico de enfermagem,62,90612457214
José Almeida Costa,jose.almeida.costa.16029@example.com,Belo Horizonte,Gerente de tecnologia,25,25515211462
Camila Costa Dias,camila.costa.dias.16030@example.com,Curitiba,Supervisor de manutenção,57,98932725326
Vanessa Rodrigues Martins,vanessa.rodrigues.martins.16031@example.com,Belém,Técnico de enfermagem,40,41793549911
Gabriela Carvalho Souza,gabriela.carvalho.souza.16032@example.com,Campo Grande,Diretor comercial,52,68390173274
Camila Barros Castro,camila.barros.castro.16033@example.com,Belém,Diretor comercial,20,51399225278
Marcelo Rodrigues Castro,marcelo.rodrigues.castro.16034@example.com,Dourados,Analista financeiro,53,54720378823
Vinícius Freitas Dias,vinicius.freitas.dias.16035@example.com,Joinville,Fisioterapeuta,23,34885775407
Amanda Nascimento Martins,amanda.nascimento.martins.16036@example.com,Campinas,Nutricionista,42,91014066640
Rafael Rocha Carvalho,rafael.rocha.carvalho.16037@example.com,Dourados,Analista de dados,68,78727489179
Diego Santos Fernandes,diego.santos.fernandes.16038@example.com,Brasília,Nutricionista,30,31194021860
João Santos Almeida,joao.santos.almeida.16039@example.com,Campo Grande,Eletricista,49,42646549871
Ana Castro Souza,ana.castro.souza.16040@example.com,Goiânia,Coordenador de produção,22,75298554978
Otávio Almeida Dias,otavio.almeida.dias.16041@example.com,Sorocaba,Cozinheiro,65,25600295368
Diego Teixeira Silva,diego.teixeira.silva.16042@example.com,Uberlândia,Designer gráfico,60,46276306996
Simone Oliveira Araújo,simone.oliveira.araujo.16043@example.com,Curitiba,Diretor de operações,44,21156986316
Henrique Oliveira Rocha,henrique.oliveira.rocha.16044@example.com,Maringá,Gerente de recursos humanos,55,30209128984
Gabriel Rocha Costa,gabriel.rocha.costa.16045@example.com,Vitória,Corretor de imóveis,23,89653930939
Luana Fernandes Nascimento,luana.fernandes.nascimento.16046@example.com,São Paulo,Analista de marketing,37,33661608809
Pedro Dias Souza,pedro.dias.souza.16047@example.com,Natal,Vendedor,21,87733785871
Juliana Carvalho Mendes,juliana.carvalho.mendes.16048@example.com,Natal,Técnico de segurança do trabalho,65,13814873343
Lucas Barbosa Dias,lucas.barbosa.dias.16049@example.com,Curitiba,Motorista,34,73216580385
Otávio Gomes Alves,otavio.gomes.alves.16050@example.com,Sorocaba,Jornalista,35,63626955587
Débora Dias Santos,debora.dias.santos.16051@example.com,Rio de Janeiro,Pedreiro,34,78061204044
Aline Barros Martins,aline.barros.martins.16052@example.com,Natal,Pedreiro,36,41398950039
Marcelo Lima Gomes,marcelo.lima.gomes.16053@example.com,Natal,Chefe de departamento pessoal,59,85630264395
Patrícia Cardoso Souza,patricia.cardoso.souza.16054@example.com,Fortaleza,Técnico de enfermagem,19,38947098196
Nicolas Monteiro Mendes,nicolas.monteiro.mendes.16055@example.com,Goiânia,Supervisor de vendas,23,77140071655
Gustavo Ribeiro Rocha,gustavo.ribeiro.rocha.16056@example.com,Recife,Analista de dados,21,68298430924
Henrique Mendes Cardoso,henrique.mendes.cardoso.16057@example.com,Uberlândia,Chefe de almoxarifado,19,85031063037
Igor Carvalho Lima,igor.carvalho.lima.16058@example.com,Campinas,Técnico em informática,28,62801202987
Mariana Castro Teixeira,mariana.castro.teixeira.16059@example.com,Sorocaba,Supervisor de qualidade,62,95231669045
Vinícius Alves Moreira,vinicius.alves.moreira.16060@example.com,Niterói,Recepcionista,67,33739878188
Diego Freitas Alves,diego.freitas.alves.16061@example.com,Rio de Janeiro,Chefe de departamento pessoal,43,59465903960
Beatriz Almeida Ribeiro,beatriz.almeida.ribeiro.16062@example.com,Niterói,Técnico de segurança do trabalho,23,41987182794
Henrique Monteiro Gomes,henrique.monteiro.gomes.16063@example.com,Santos,Programador,51,42713364789
Amanda Santos Santos,amanda.santos.santos.16064@example.com,Curitiba,Estoquista,22,08449596684
Tatiane Dias Rodrigues,tatiane.dias.rodrigues.16065@example.com,Manaus,Operador de caixa,67,20701422159
Rafael Oliveira Rocha,rafael.oliveira.rocha.16066@example.com,Maringá,Supervisor de qualidade,62,00173039823
Nicolas Barros Monteiro,nicolas.barros.monteiro.16067@example.com,Londrina,Encarregado de produção,47,72029848545
Carolina Rocha Barros,carolina.rocha.barros.16068@example.com,Cuiabá,Gerente de operações,67,96158771249
Juliana Mendes Monteiro,juliana.mendes.monteiro.16069@example.com,Santos,Mecânico,28,72979761690
Juliana Fernandes Castro,juliana.fernandes.castro.16070@example.com,Joinville,Supervisor de atendimento,18,48859123824
Letícia Ribeiro Castro,leticia.ribeiro.castro.16071@example.com,Belo Horizonte,Gerente de tecnologia,31,88036471166
Nicolas Pereira Rocha,nicolas.pereira.rocha.16072@example.com,Santos,Eletricista,21,30015745870
Sérgio Lima Castro,sergio.lima.castro.16073@example.com,Campinas,Técnico em informática,66,61854832248
Ricardo Santos Santos,ricardo.santos.santos.16074@example.com,Campo Grande,Chefe de departamento pessoal,29,94706086288
Vitória Costa Silva,vitoria.costa.silva.16075@example.com,Salvador,Programador,67,92603074240
João Rocha Teixeira,joao.rocha.teixeira.16076@example.com,Natal,Nutricionista,52,78851432965
Luana Fernandes Cardoso,luana.fernandes.cardoso.16077@example.com,Goiânia,Coordenador de produção,41,45071122526
Eduardo Teixeira Rodrigues,eduardo.teixeira.rodrigues.16078@example.com,Dourados,Engenheiro civil,24,78100290514
Débora Moreira Santos,debora.moreira.santos.16079@example.com,Sorocaba,Auxiliar de produção,62,69574442956
Vinícius Oliveira Teixeira,vinicius.oliveira.teixeira.16080@example.com,Sorocaba,Supervisor de manutenção,27,48605678530
Daniela Gomes Nascimento,daniela.gomes.nascimento.16081@example.com,Recife,Gerente de operações,60,92052927518
Eduardo Nascimento Cardoso,eduardo.nascimento.cardoso.16082@example.com,Santos,Fisioterapeuta,30,99192962021
Mariana Freitas Teixeira,mariana.freitas.teixeira.16083@example.com,Goiânia,Analista de dados,58,82773513714
Rafael Lima Barros,rafael.lima.barros.16084@example.com,Campinas,Programador,23,98097894765
Ricardo Nascimento Rodrigues,ricardo.nascimento.rodrigues.16085@example.com,Maringá,Analista financeiro,62,39492283343
Letícia Barbosa Mendes,leticia.barbosa.mendes.16086@example.com,Salvador,Programador,32,99274267996
Débora Nascimento Monteiro,debora.nascimento.monteiro.16087@example.com,Porto Alegre,Advogado,30,20097921704
Henrique Nascimento Mendes,henrique.nascimento.mendes.16088@example.com,Niterói,Arquiteto,30,80261549552
José Rodrigues Mendes,jose.rodrigues.mendes.16089@example.com,Florianópolis,Analista de marketing,67,55041588248
Débora Lima Santos,debora.lima.santos.16090@example.com,Niterói,Contador,21,74006978878
Sandra Rocha Cardoso,sandra.rocha.cardoso.16091@example.com,Campo Grande,Jornalista,41,69414168801
Vitória Dias Rodrigues,vitoria.dias.rodrigues.16092@example.com,Cuiabá,Auxiliar de produção,40,06123178127
Mariana Silva Almeida,mariana.silva.almeida.16093@example.com,Dourados,Coordenador de marketing,60,15139106586
Priscila Rodrigues Martins,priscila.rodrigues.martins.16094@example.com,Campo Grande,Supervisor de qualidade,37,57818578979
Letícia Ribeiro Freitas,leticia.ribeiro.freitas.16095@example.com,São Paulo,Supervisor de vendas,41,78430297178
Juliana Rocha Alves,juliana.rocha.alves.16096@example.com,Campo Grande,Analista de marketing,42,13100043324
Ana Pereira Monteiro,ana.pereira.monteiro.16097@example.com,Fortaleza,Coordenador de logística,21,59465315745
Fernanda Moreira Freitas,fernanda.moreira.freitas.16098@example.com,Goiânia,Chefe de departamento pessoal,46,56532198321
Rafael Pereira Barbosa,rafael.pereira.barbosa.16099@example.com,Rio de Janeiro,Operador de caixa,37,73008904296
Felipe Teixeira Ribeiro,felipe.teixeira.ribeiro.16100@example.com,Dourados,Gerente de tecnologia,55,35391168476
Gabriel Silva Souza,gabriel.silva.souza.16101@example.com,Sorocaba,Gerente de tecnologia,38,50809197750
Larissa Dias Moreira,larissa.dias.moreira.16102@example.com,Sorocaba,Estoquista,19,75220797986
Gabriela Mendes Monteiro,gabriela.mendes.monteiro.16103@example.com,Sorocaba,Advogado,47,06962388771
Otávio Silva Teixeira,otavio.silva.teixeira.16104@example.com,Sorocaba,Enfermeiro,48,36841347182
Rafael Martins Teixeira,rafael.martins.teixeira.16105@example.com,Joinville,Contador,70,75553034971
Renata Alves Barros,renata.alves.barros.16106@example.com,Campinas,Professor,22,03042253654
Priscila Almeida Dias,priscila.almeida.dias.16107@example.com,Belém,Analista de marketing,63,88151370608
Gabriela Barros Almeida,gabriela.barros.almeida.16108@example.com,Porto Alegre,Motorista,27,76344768331
Fernanda Dias Freitas,fernanda.dias.freitas.16109@example.com,Recife,Coordenador de logística,55,63974814535
Eduardo Castro Carvalho,eduardo.castro.carvalho.16110@example.com,Cuiabá,Eletricista,39,55929579647
Patrícia Silva Pereira,patricia.silva.pereira.16111@example.com,Caxias do Sul,Coordenador administrativo,21,68407367935
Bruno Lima Gomes,bruno.lima.gomes.16112@example.com,Vitória,Coordenador de logística,66,83400148335
Paulo Teixeira Teixeira,paulo.teixeira.teixeira.16113@example.com,Natal,Programador,37,81031433887
Luana Lima Dias,luana.lima.dias.16114@example.com,Dourados,Professor,65,73627781862
Renata Araújo Barros,renata.araujo.barros.16115@example.com,Curitiba,Analista de recursos humanos,31,27752532878
Igor Freitas Oliveira,igor.freitas.oliveira.16116@example.com,Caxias do Sul,Encarregado de produção,64,84296693693
Tatiane Santos Rocha,tatiane.santos.rocha.16117@example.com,Dourados,Chefe de almoxarifado,33,72600268117
Bruno Oliveira Martins,bruno.oliveira.martins.16118@example.com,Niterói,Supervisor de qualidade,56,62364600774
Thiago Almeida Santos,thiago.almeida.santos.16119@example.com,Santos,Eletricista,27,23537320855
Daniela Carvalho Rocha,daniela.carvalho.rocha.16120@example.com,Florianópolis,Supervisor de manutenção,48,97568115204
Amanda Ribeiro Lima,amanda.ribeiro.lima.16121@example.com,Joinville,Enfermeiro,51,17782530088
Juliana Mendes Almeida,juliana.mendes.almeida.16122@example.com,Dourados,Estoquista,31,58961563480
Beatriz Freitas Lima,beatriz.freitas.lima.16123@example.com,Curitiba,Estoquista,24,75532047061
Amanda Almeida Teixeira,amanda.almeida.teixeira.16124@example.com,Goiânia,Supervisor de manutenção,69,53653962340
Beatriz Mendes Costa,beatriz.mendes.costa.16125@example.com,Sorocaba,Arquiteto,60,26509685705
João Monteiro Cardoso,joao.monteiro.cardoso.16126@example.com,Uberlândia,Arquiteto,34,83977026567
João Nascimento Alves,joao.nascimento.alves.16127@example.com,Dourados,Coordenador de logística,21,07486877056
Sérgio Ribeiro Ribeiro,sergio.ribeiro.ribeiro.16128@example.com,Niterói,Comprador,64,73765989407
Sandra Araújo Araújo,sandra.araujo.araujo.16129@example.com,Manaus,Farmacêutico,61,52189624161
Mariana Cardoso Dias,mariana.cardoso.dias.16130@example.com,Belém,Supervisor de qualidade,29,99462729096
Fernanda Barros Costa,fernanda.barros.costa.16131@example.com,Caxias do Sul,Designer gráfico,32,15863440436
Letícia Nascimento Barbosa,leticia.nascimento.barbosa.16132@example.com,Londrina,Estoquista,49,83176048701
Priscila Gomes Oliveira,priscila.gomes.oliveira.16133@example.com,Vitória,Designer gráfico,56,02300949446
Bruno Castro Alves,bruno.castro.alves.16134@example.com,Goiânia,Motorista,59,85118470058
Sandra Pereira Freitas,sandra.pereira.freitas.16135@example.com,Campinas,Professor,23,53949445692
Beatriz Gomes Santos,beatriz.gomes.santos.16136@example.com,Florianópolis,Padeiro,29,50114359857
Débora Dias Moreira,debora.dias.moreira.16137@example.com,Florianópolis,Líder de equipe,20,34905169802
Priscila Barbosa Alves,priscila.barbosa.alves.16138@example.com,Recife,Chefe de departamento pessoal,45,97915911884
Aline Almeida Ribeiro,aline.almeida.ribeiro.16139@example.com,Fortaleza,Advogado,49,45791328109
Luana Almeida Alves,luana.almeida.alves.16140@example.com,Recife,Analista financeiro,38,13077819368
Fernanda Freitas Pereira,fernanda.freitas.pereira.16141@example.com,São Paulo,Assistente administrativo,44,18361393010
Sérgio Teixeira Ribeiro,sergio.teixeira.ribeiro.16142@example.com,Sorocaba,Contador,69,61795538021
Bruno Costa Dias,bruno.costa.dias.16143@example.com,Fortaleza,Programador,33,48761812715
Rafael Mendes Alves,rafael.mendes.alves.16144@example.com,Uberlândia,Líder de equipe,22,78993699072
Eduardo Rodrigues Martins,eduardo.rodrigues.martins.16145@example.com,Curitiba,Supervisor de qualidade,64,94710431570
Carlos Gomes Teixeira,carlos.gomes.teixeira.16146@example.com,Brasília,Assistente comercial,30,02203210736
Tatiane Pereira Monteiro,tatiane.pereira.monteiro.16147@example.com,Porto Alegre,Gerente de recursos humanos,24,00207728370
Simone Nascimento Gomes,simone.nascimento.gomes.16148@example.com,Belo Horizonte,Técnico de enfermagem,39,47252059545
João Araújo Moreira,joao.araujo.moreira.16149@example.com,Rio de Janeiro,Mecânico,26,81073832839
Mariana Dias Moreira,mariana.dias.moreira.16150@example.com,Brasília,Designer gráfico,26,24257624244
Débora Araújo Almeida,debora.araujo.almeida.16151@example.com,Belém,Gerente de operações,46,62757003323
Vanessa Araújo Fernandes,vanessa.araujo.fernandes.16152@example.com,Porto Alegre,Gerente de recursos humanos,47,56481026057
Letícia Castro Barros,leticia.castro.barros.16153@example.com,Sorocaba,Coordenador de logística,34,33820447289
Ana Cardoso Ribeiro,ana.cardoso.ribeiro.16154@example.com,Vitória,Diretor comercial,43,16009753069
Luana Cardoso Dias,luana.cardoso.dias.16155@example.com,Vitória,Pedreiro,26,26425864367
Pedro Almeida Souza,pedro.almeida.souza.16156@example.com,Campo Grande,Assistente comercial,39,14902504685
Beatriz Freitas Gomes,beatriz.freitas.gomes.16157@example.com,Caxias do Sul,Programador,45,58776530183
Mariana Freitas Fernandes,mariana.freitas.fernandes.16158@example.com,Porto Alegre,Recepcionista,61,08045848485
Daniela Rodrigues Fernandes,daniela.rodrigues.fernandes.16159@example.com,Rondonópolis,Supervisor de qualidade,57,39804573350
Camila Carvalho Cardoso,camila.carvalho.cardoso.16160@example.com,Sorocaba,Nutricionista,34,59525262305
Marcelo Dias Mendes,marcelo.dias.mendes.16161@example.com,São Paulo,Gerente de operações,31,00935350765
Paulo Pereira Pereira,paulo.pereira.pereira.16162@example.com,Goiânia,Engenheiro civil,45,85732373597
Nicolas Nascimento Monteiro,nicolas.nascimento.monteiro.16163@example.com,Salvador,Professor,28,40683772163
Luana Gomes Lima,luana.gomes.lima.16164@example.com,Fortaleza,Corretor de imóveis,37,55244801995
Mariana Moreira Monteiro,mariana.moreira.monteiro.16165@example.com,Niterói,Contador,61,41895551999
Bruno Ribeiro Silva,bruno.ribeiro.silva.16166@example.com,Campo Grande,Diretor de operações,58,41559377410
Beatriz Almeida Araújo,beatriz.almeida.araujo.16167@example.com,Manaus,Gerente de operações,46,29160496046
Daniela Rocha Oliveira,daniela.rocha.oliveira.16168@example.com,Natal,Engenheiro civil,48,60801258511
Otávio Moreira Oliveira,otavio.moreira.oliveira.16169@example.com,São Paulo,Auxiliar de produção,56,67870903328
Otávio Santos Costa,otavio.santos.costa.16170@example.com,Londrina,Técnico de enfermagem,59,03463566794
Igor Rocha Fernandes,igor.rocha.fernandes.16171@example.com,Campo Grande,Supervisor de qualidade,21,45617518109
Felipe Souza Rocha,felipe.souza.rocha.16172@example.com,Belo Horizonte,Assistente comercial,21,40314185121
Aline Rocha Santos,aline.rocha.santos.16173@example.com,Salvador,Nutricionista,43,07621229805
Camila Martins Gomes,camila.martins.gomes.16174@example.com,Fortaleza,Enfermeiro,55,04060215601
Camila Gomes Silva,camila.gomes.silva.16175@example.com,Florianópolis,Programador,55,43363862466
Camila Freitas Costa,camila.freitas.costa.16176@example.com,Natal,Líder de equipe,35,35145134894
Gabriel Costa Alves,gabriel.costa.alves.16177@example.com,Niterói,Engenheiro civil,67,29357002871
Vitória Barros Rodrigues,vitoria.barros.rodrigues.16178@example.com,Rondonópolis,Chefe de departamento pessoal,33,44967154833
Renata Monteiro Moreira,renata.monteiro.moreira.16179@example.com,Rondonópolis,Analista de dados,61,50533536294
Eduardo Rodrigues Fernandes,eduardo.rodrigues.fernandes.16180@example.com,Cuiabá,Contador,25,13762559265
Thiago Moreira Oliveira,thiago.moreira.oliveira.16181@example.com,Recife,Chefe de compras,49,11074608622
Ana Santos Barbosa,ana.santos.barbosa.16182@example.com,Joinville,Estoquista,55,04406849506
Paulo Nascimento Cardoso,paulo.nascimento.cardoso.16183@example.com,Recife,Arquiteto,30,71851201876
Débora Souza Mendes,debora.souza.mendes.16184@example.com,Santos,Diretor comercial,69,21438682552
Leonardo Dias Monteiro,leonardo.dias.monteiro.16185@example.com,Uberlândia,Líder de equipe,30,62792084248
Ricardo Monteiro Oliveira,ricardo.monteiro.oliveira.16186@example.com,Porto Alegre,Gerente de tecnologia,44,97154328185
Mariana Costa Lima,mariana.costa.lima.16187@example.com,Florianópolis,Arquiteto,40,33820271109
Diego Carvalho Cardoso,diego.carvalho.cardoso.16188@example.com,Niterói,Advogado,38,07776639625
Marcelo Fernandes Cardoso,marcelo.fernandes.cardoso.16189@example.com,Porto Alegre,Gerente de recursos humanos,54,45872411399
Carolina Silva Rocha,carolina.silva.rocha.16190@example.com,Londrina,Jornalista,56,78915153573
Pedro Castro Souza,pedro.castro.souza.16191@example.com,Belo Horizonte,Contador,52,47890822732
Gabriela Teixeira Rodrigues,gabriela.teixeira.rodrigues.16192@example.com,Curitiba,Designer gráfico,63,33057002598
Bruno Teixeira Barbosa,bruno.teixeira.barbosa.16193@example.com,São Paulo,Advogado,24,05288233573
João Teixeira Moreira,joao.teixeira.moreira.16194@example.com,Brasília,Corretor de imóveis,61,38391935286
Renata Lima Teixeira,renata.lima.teixeira.16195@example.com,Caxias do Sul,Coordenador de marketing,62,16413075823
Bruno Martins Rodrigues,bruno.martins.rodrigues.16196@example.com,Belo Horizonte,Diretor comercial,26,39535465057
Vanessa Mendes Moreira,vanessa.mendes.moreira.16197@example.com,Fortaleza,Comprador,52,12272366505
Gabriela Barros Carvalho,gabriela.barros.carvalho.16198@example.com,Fortaleza,Técnico de enfermagem,47,54790974939
Camila Mendes Teixeira,camila.mendes.teixeira.16199@example.com,Natal,Supervisor de qualidade,61,32201705430
Priscila Barros Nascimento,priscila.barros.nascimento.16200@example.com,Dourados,Assistente comercial,23,06886948856
Leonardo Carvalho Alves,leonardo.carvalho.alves.16201@example.com,Rondonópolis,Coordenador de produção,32,33832138105
Henrique Rodrigues Rodrigues,henrique.rodrigues.rodrigues.16202@example.com,Belo Horizonte,Advogado,20,93836762127
Gabriela Mendes Martins,gabriela.mendes.martins.16203@example.com,Londrina,Gerente de recursos humanos,69,38005129710
Vitória Silva Barbosa,vitoria.silva.barbosa.16204@example.com,Manaus,Auxiliar de produção,50,85525989321
Sérgio Pereira Santos,sergio.pereira.santos.16205@example.com,Porto Alegre,Supervisor de atendimento,50,64553552484
Gustavo Monteiro Cardoso,gustavo.monteiro.cardoso.16206@example.com,Caxias do Sul,Corretor de imóveis,47,60759886123
Gustavo Moreira Castro,gustavo.moreira.castro.16207@example.com,Campinas,Líder de equipe,47,76966531317
Leonardo Monteiro Ribeiro,leonardo.monteiro.ribeiro.16208@example.com,Belém,Analista financeiro,23,95860493943
Camila Oliveira Barbosa,camila.oliveira.barbosa.16209@example.com,Brasília,Gerente financeiro,56,45020613789
Felipe Costa Castro,felipe.costa.castro.16210@example.com,Goiânia,Técnico de enfermagem,49,89628332119
Patrícia Costa Souza,patricia.costa.souza.16211@example.com,Sorocaba,Programador,59,94355452919
Nicolas Martins Freitas,nicolas.martins.freitas.16212@example.com,Porto Alegre,Jornalista,33,67964162415
Luana Oliveira Barros,luana.oliveira.barros.16213@example.com,Brasília,Gerente de tecnologia,53,21521974746
Marcelo Oliveira Castro,marcelo.oliveira.castro.16214@example.com,São Paulo,Gerente de operações,54,01075995550
Letícia Lima Rocha,leticia.lima.rocha.16215@example.com,Londrina,Assistente administrativo,63,28012567587
Pedro Monteiro Barros,pedro.monteiro.barros.16216@example.com,Belém,Diretor de operações,22,41016695708
Luana Silva Mendes,luana.silva.mendes.16217@example.com,São Paulo,Analista de recursos humanos,49,49209306925
Larissa Souza Santos,larissa.souza.santos.16218@example.com,Caxias do Sul,Estoquista,35,40193737635
Igor Ribeiro Mendes,igor.ribeiro.mendes.16219@example.com,São Paulo,Recepcionista,36,98260993468
José Moreira Pereira,jose.moreira.pereira.16220@example.com,Uberlândia,Fisioterapeuta,67,24541127366
Débora Barbosa Cardoso,debora.barbosa.cardoso.16221@example.com,São Paulo,Mecânico,45,88332723670
Simone Gomes Oliveira,simone.gomes.oliveira.16222@example.com,Londrina,Nutricionista,42,39873465771
Aline Araújo Pereira,aline.araujo.pereira.16223@example.com,Caxias do Sul,Designer gráfico,53,97588958011
Lucas Rodrigues Oliveira,lucas.rodrigues.oliveira.16224@example.com,Campo Grande,Programador,56,00770655222
Sérgio Pereira Fernandes,sergio.pereira.fernandes.16225@example.com,Cuiabá,Jornalista,63,02053705094
Eduardo Cardoso Monteiro,eduardo.cardoso.monteiro.16226@example.com,Fortaleza,Diretor de operações,59,47296877034
João Gomes Monteiro,joao.gomes.monteiro.16227@example.com,Rio de Janeiro,Designer gráfico,22,91777287768
Leonardo Pereira Barros,leonardo.pereira.barros.16228@example.com,Rio de Janeiro,Técnico de segurança do trabalho,50,45990649422
Daniela Carvalho Fernandes,daniela.carvalho.fernandes.16229@example.com,Niterói,Jornalista,32,81892686115
Vitória Oliveira Martins,vitoria.oliveira.martins.16230@example.com,Campo Grande,Nutricionista,49,91936246800
Ricardo Oliveira Almeida,ricardo.oliveira.almeida.16231@example.com,Campo Grande,Pedreiro,35,71113390328
Nicolas Martins Dias,nicolas.martins.dias.16232@example.com,Goiânia,Assistente administrativo,61,96557248600
Renata Moreira Ribeiro,renata.moreira.ribeiro.16233@example.com,Recife,Programador,25,53827000746
Bruno Moreira Almeida,bruno.moreira.almeida.16234@example.com,Cuiabá,Analista de marketing,62,11081993124
Vanessa Santos Dias,vanessa.santos.dias.16235@example.com,Brasília,Gerente de operações,26,43019648526
Letícia Costa Gomes,leticia.costa.gomes.16236@example.com,Campo Grande,Analista de recursos humanos,31,23362792643
Aline Gomes Freitas,aline.gomes.freitas.16237@example.com,Salvador,Coordenador de logística,56,15107714387
Patrícia Freitas Oliveira,patricia.freitas.oliveira.16238@example.com,São Paulo,Arquiteto,65,96195797684
Vitória Nascimento Mendes,vitoria.nascimento.mendes.16239@example.com,São Paulo,Corretor de imóveis,64,55632183999
Pedro Cardoso Castro,pedro.cardoso.castro.16240@example.com,Salvador,Programador,29,43031682666
Daniela Barbosa Martins,daniela.barbosa.martins.16241@example.com,Goiânia,Coordenador de logística,57,91936225578
José Martins Nascimento,jose.martins.nascimento.16242@example.com,Salvador,Arquiteto,25,90665629023
Igor Ribeiro Lima,igor.ribeiro.lima.16243@example.com,Rondonópolis,Corretor de imóveis,38,88088526141
Renata Teixeira Ribeiro,renata.teixeira.ribeiro.16244@example.com,Rondonópolis,Gerente de tecnologia,65,43520072579
Carolina Nascimento Araújo,carolina.nascimento.araujo.16245@example.com,Rondonópolis,Farmacêutico,28,88594646723
Carolina Cardoso Nascimento,carolina.cardoso.nascimento.16246@example.com,Campo Grande,Gerente financeiro,39,54432690892
Pedro Souza Dias,pedro.souza.dias.16247@example.com,Caxias do Sul,Gerente de operações,60,30460282716
Pedro Oliveira Rodrigues,pedro.oliveira.rodrigues.16248@example.com,São Paulo,Chefe de departamento pessoal,49,97265704474
Carlos Silva Cardoso,carlos.silva.cardoso.16249@example.com,Niterói,Jornalista,38,23197623695
Juliana Monteiro Costa,juliana.monteiro.costa.16250@example.com,Recife,Chefe de compras,55,60181022489
Carlos Nascimento Barros,carlos.nascimento.barros.16251@example.com,Florianópolis,Assistente administrativo,19,73350643276
Marcelo Carvalho Barbosa,marcelo.carvalho.barbosa.16252@example.com,Campinas,Encarregado de produção,59,22234087487
Diego Teixeira Oliveira,diego.teixeira.oliveira.16253@example.com,Natal,Recepcionista,70,53929581235
Pedro Gomes Rocha,pedro.gomes.rocha.16254@example.com,Fortaleza,Gerente de operações,69,18883152707
Larissa Carvalho Lima,larissa.carvalho.lima.16255@example.com,Brasília,Supervisor de manutenção,69,20732266294
Beatriz Rocha Santos,beatriz.rocha.santos.16256@example.com,Rondonópolis,Supervisor de qualidade,66,99574626225
Ricardo Gomes Martins,ricardo.gomes.martins.16257@example.com,Natal,Chefe de departamento pessoal,34,75068610871
Aline Santos Santos,aline.santos.santos.16258@example.com,Campo Grande,Coordenador de logística,28,21347432472
Débora Alves Mendes,debora.alves.mendes.16259@example.com,Vitória,Contador,48,48448546626
Igor Rodrigues Lima,igor.rodrigues.lima.16260@example.com,Vitória,Gerente de tecnologia,56,88198307037
João Araújo Costa,joao.araujo.costa.16261@example.com,Goiânia,Contador,51,46736783261
Carlos Fernandes Martins,carlos.fernandes.martins.16262@example.com,Brasília,Cozinheiro,51,60660542607
Lucas Cardoso Gomes,lucas.cardoso.gomes.16263@example.com,Londrina,Programador,61,81151833610
Daniela Fernandes Mendes,daniela.fernandes.mendes.16264@example.com,Rio de Janeiro,Técnico em informática,36,22982594971
Felipe Freitas Santos,felipe.freitas.santos.16265@example.com,Campo Grande,Líder de equipe,61,12541829191
Lucas Barbosa Cardoso,lucas.barbosa.cardoso.16266@example.com,Cuiabá,Engenheiro civil,22,51705775813
Rafael Carvalho Fernandes,rafael.carvalho.fernandes.16267@example.com,Natal,Comprador,32,09804010901
Paulo Rodrigues Barros,paulo.rodrigues.barros.16268@example.com,Caxias do Sul,Assistente comercial,69,97660301128
Patrícia Nascimento Silva,patricia.nascimento.silva.16269@example.com,Manaus,Engenheiro civil,34,13263517560
Sandra Monteiro Lima,sandra.monteiro.lima.16270@example.com,Cuiabá,Programador,32,42182340794
Carlos Oliveira Cardoso,carlos.oliveira.cardoso.16271@example.com,Belém,Técnico de segurança do trabalho,44,18983327526
Amanda Martins Rocha,amanda.martins.rocha.16272@example.com,Brasília,Chefe de almoxarifado,56,44870681343
Henrique Barros Pereira,henrique.barros.pereira.16273@example.com,Niterói,Coordenador administrativo,57,07850363905
João Souza Teixeira,joao.souza.teixeira.16274@example.com,Santos,Arquiteto,47,85981961770
Carlos Monteiro Dias,carlos.monteiro.dias.16275@example.com,Natal,Engenheiro civil,58,55247365678
Renata Moreira Lima,renata.moreira.lima.16276@example.com,Maringá,Técnico em informática,57,25210911308
Vinícius Souza Souza,vinicius.souza.souza.16277@example.com,São Paulo,Gerente de tecnologia,61,54063594887
Patrícia Barros Monteiro,patricia.barros.monteiro.16278@example.com,Belo Horizonte,Técnico de segurança do trabalho,27,25188203257
Letícia Costa Mendes,leticia.costa.mendes.16279@example.com,Santos,Supervisor de vendas,39,45051792466
Priscila Martins Nascimento,priscila.martins.nascimento.16280@example.com,Belém,Gerente comercial,19,51184504218
Pedro Barbosa Rodrigues,pedro.barbosa.rodrigues.16281@example.com,Belém,Engenheiro civil,65,91827102030
Daniela Oliveira Martins,daniela.oliveira.martins.16282@example.com,Porto Alegre,Designer gráfico,62,15914316624
Fernanda Souza Araújo,fernanda.souza.araujo.16283@example.com,Porto Alegre,Gerente comercial,68,70567305613
Letícia Mendes Teixeira,leticia.mendes.teixeira.16284@example.com,Caxias do Sul,Coordenador de logística,31,03045008425
Pedro Moreira Pereira,pedro.moreira.pereira.16285@example.com,Niterói,Gerente financeiro,65,70877474419
Henrique Barbosa Barros,henrique.barbosa.barros.16286@example.com,Natal,Atendente,40,84453304745
Luana Cardoso Nascimento,luana.cardoso.nascimento.16287@example.com,Santos,Encarregado de produção,24,48554916663
Pedro Rodrigues Nascimento,pedro.rodrigues.nascimento.16288@example.com,Londrina,Engenheiro civil,32,47906381410
Juliana Souza Moreira,juliana.souza.moreira.16289@example.com,Recife,Analista financeiro,69,01107793291
Ana Pereira Mendes,ana.pereira.mendes.16290@example.com,Campinas,Vendedor,66,14229490665
Tatiane Barros Rodrigues,tatiane.barros.rodrigues.16291@example.com,Florianópolis,Supervisor de manutenção,56,54057814781
Rafael Barbosa Alves,rafael.barbosa.alves.16292@example.com,Porto Alegre,Padeiro,68,53264249200
Vitória Barbosa Carvalho,vitoria.barbosa.carvalho.16293@example.com,Recife,Cozinheiro,32,05243288740
Larissa Dias Cardoso,larissa.dias.cardoso.16294@example.com,Joinville,Pedreiro,44,10868885616
Gustavo Rodrigues Lima,gustavo.rodrigues.lima.16295@example.com,Natal,Jornalista,59,67512284235
José Nascimento Araújo,jose.nascimento.araujo.16296@example.com,Brasília,Analista de recursos humanos,62,43503043174
Marcelo Fernandes Souza,marcelo.fernandes.souza.16297@example.com,Uberlândia,Líder de equipe,70,03102026192
Vinícius Martins Barbosa,vinicius.martins.barbosa.16298@example.com,Campo Grande,Encarregado de produção,52,33452850317
Nicolas Araújo Araújo,nicolas.araujo.araujo.16299@example.com,São Paulo,Assistente comercial,69,28588455167
Felipe Rocha Araújo,felipe.rocha.araujo.16300@example.com,Salvador,Líder de equipe,58,59051577287
Mariana Moreira Freitas,mariana.moreira.freitas.16301@example.com,Natal,Arquiteto,54,86678958913
Mariana Almeida Rocha,mariana.almeida.rocha.16302@example.com,Belo Horizonte,Jornalista,58,69949979401
Eduardo Almeida Freitas,eduardo.almeida.freitas.16303@example.com,Santos,Coordenador de logística,61,62723726491
Sérgio Teixeira Castro,sergio.teixeira.castro.16304@example.com,Florianópolis,Eletricista,36,85766338585
Lucas Rocha Barros,lucas.rocha.barros.16305@example.com,Caxias do Sul,Diretor de operações,69,53449800927
Fernanda Ribeiro Oliveira,fernanda.ribeiro.oliveira.16306@example.com,Campinas,Programador,54,57846861888
Fernanda Monteiro Souza,fernanda.monteiro.souza.16307@example.com,Goiânia,Analista de dados,31,03587586747
Carolina Monteiro Souza,carolina.monteiro.souza.16308@example.com,Cuiabá,Professor,34,05851063104
Mariana Teixeira Carvalho,mariana.teixeira.carvalho.16309@example.com,Niterói,Supervisor de atendimento,25,89165784426
Larissa Carvalho Souza,larissa.carvalho.souza.16310@example.com,Santos,Gerente comercial,24,16628899945
Leonardo Cardoso Carvalho,leonardo.cardoso.carvalho.16311@example.com,Uberlândia,Atendente,21,74115228775
Sandra Lima Oliveira,sandra.lima.oliveira.16312@example.com,Belo Horizonte,Estoquista,28,67547765213
Nicolas Rodrigues Teixeira,nicolas.rodrigues.teixeira.16313@example.com,Vitória,Gerente de tecnologia,57,70909058637
Amanda Lima Lima,amanda.lima.lima.16314@example.com,Uberlândia,Gerente de tecnologia,24,77963932329
Aline Barros Oliveira,aline.barros.oliveira.16315@example.com,Maringá,Atendente,21,53428901476
Carlos Mendes Barros,carlos.mendes.barros.16316@example.com,Sorocaba,Supervisor de qualidade,50,49736277541
Vitória Oliveira Ribeiro,vitoria.oliveira.ribeiro.16317@example.com,Brasília,Analista financeiro,67,80851559072
Rafael Teixeira Araújo,rafael.teixeira.araujo.16318@example.com,Recife,Corretor de imóveis,41,09713671376
Luana Martins Monteiro,luana.martins.monteiro.16319@example.com,Brasília,Líder de equipe,45,09514682415
Marcelo Fernandes Pereira,marcelo.fernandes.pereira.16320@example.com,Maringá,Analista financeiro,54,58671473858
Bruno Rocha Martins,bruno.rocha.martins.16321@example.com,Londrina,Eletricista,37,08921890625
Diego Nascimento Freitas,diego.nascimento.freitas.16322@example.com,Belo Horizonte,Assistente administrativo,42,53869798311
Vitória Ribeiro Costa,vitoria.ribeiro.costa.16323@example.com,Uberlândia,Nutricionista,26,56319866295
Henrique Dias Almeida,henrique.dias.almeida.16324@example.com,Sorocaba,Gerente de tecnologia,30,73425668394
Leonardo Araújo Rodrigues,leonardo.araujo.rodrigues.16325@example.com,Caxias do Sul,Gerente de recursos humanos,55,85433928339
Luana Santos Silva,luana.santos.silva.16326@example.com,São Paulo,Nutricionista,64,42865473755
Simone Rodrigues Oliveira,simone.rodrigues.oliveira.16327@example.com,Dourados,Operador de caixa,22,70536609080
Amanda Fernandes Teixeira,amanda.fernandes.teixeira.16328@example.com,Manaus,Supervisor de vendas,47,18618056856
Camila Barros Rocha,camila.barros.rocha.16329@example.com,Belém,Coordenador de marketing,57,45680713279
José Pereira Fernandes,jose.pereira.fernandes.16330@example.com,Fortaleza,Chefe de almoxarifado,37,61407118307
Thiago Gomes Gomes,thiago.gomes.gomes.16331@example.com,Dourados,Chefe de compras,64,68220747294
Patrícia Monteiro Teixeira,patricia.monteiro.teixeira.16332@example.com,Vitória,Supervisor de atendimento,51,03401743315
Leonardo Almeida Mendes,leonardo.almeida.mendes.16333@example.com,Belém,Assistente administrativo,62,38602225055
Renata Pereira Souza,renata.pereira.souza.16334@example.com,Manaus,Coordenador de logística,24,23680473978
Eduardo Moreira Gomes,eduardo.moreira.gomes.16335@example.com,Fortaleza,Enfermeiro,51,62071131421
Daniela Martins Gomes,daniela.martins.gomes.16336@example.com,Belém,Técnico em informática,41,13081203507
Eduardo Almeida Alves,eduardo.almeida.alves.16337@example.com,Santos,Encarregado de produção,65,05741664110
Vinícius Cardoso Souza,vinicius.cardoso.souza.16338@example.com,Fortaleza,Engenheiro civil,38,34993298086
Tatiane Moreira Santos,tatiane.moreira.santos.16339@example.com,Maringá,Gerente de operações,41,43217739913
Leonardo Castro Ribeiro,leonardo.castro.ribeiro.16340@example.com,Curitiba,Motorista,46,75593571852
Daniela Alves Barros,daniela.alves.barros.16341@example.com,Sorocaba,Programador,65,95471598524
Luana Carvalho Alves,luana.carvalho.alves.16342@example.com,Rio de Janeiro,Coordenador de produção,51,46209720341
Amanda Rodrigues Silva,amanda.rodrigues.silva.16343@example.com,Belém,Analista financeiro,59,34191563239
Amanda Santos Barros,amanda.santos.barros.16344@example.com,Florianópolis,Advogado,48,94745586256
Gabriela Mendes Barbosa,gabriela.mendes.barbosa.16345@example.com,São Paulo,Contador,40,81884417060
Priscila Barros Gomes,priscila.barros.gomes.16346@example.com,Belo Horizonte,Farmacêutico,60,59708872262
João Martins Rodrigues,joao.martins.rodrigues.16347@example.com,Cuiabá,Técnico de segurança do trabalho,42,08086826359
Otávio Santos Ribeiro,otavio.santos.ribeiro.16348@example.com,Caxias do Sul,Líder de equipe,53,23909109956
Sandra Oliveira Monteiro,sandra.oliveira.monteiro.16349@example.com,Brasília,Gerente de recursos humanos,39,41491522055
Sérgio Costa Fernandes,sergio.costa.fernandes.16350@example.com,Vitória,Coordenador de produção,59,96241757834
Eduardo Nascimento Pereira,eduardo.nascimento.pereira.16351@example.com,Florianópolis,Supervisor de qualidade,59,52974473233
Priscila Nascimento Lima,priscila.nascimento.lima.16352@example.com,Rondonópolis,Recepcionista,59,85518140558
Débora Lima Nascimento,debora.lima.nascimento.16353@example.com,Campo Grande,Pedreiro,60,48773819640
Paulo Rocha Silva,paulo.rocha.silva.16354@example.com,Campinas,Cozinheiro,31,96504247866
Simone Gomes Barbosa,simone.gomes.barbosa.16355@example.com,Florianópolis,Coordenador de marketing,55,17899908379
Pedro Cardoso Oliveira,pedro.cardoso.oliveira.16356@example.com,Vitória,Mecânico,33,53306206217
Aline Araújo Monteiro,aline.araujo.monteiro.16357@example.com,Rio de Janeiro,Assistente comercial,53,87339540709
Beatriz Castro Santos,beatriz.castro.santos.16358@example.com,Belém,Estoquista,40,22940982077
Gabriel Costa Lima,gabriel.costa.lima.16359@example.com,Maringá,Coordenador de logística,51,58887639278
Igor Santos Nascimento,igor.santos.nascimento.16360@example.com,Sorocaba,Chefe de departamento pessoal,19,86983629728
Gustavo Souza Fernandes,gustavo.souza.fernandes.16361@example.com,Campo Grande,Cozinheiro,52,33725497175
Henrique Gomes Pereira,henrique.gomes.pereira.16362@example.com,Vitória,Comprador,56,11175614983
Amanda Gomes Martins,amanda.gomes.martins.16363@example.com,Brasília,Líder de equipe,18,91089910458
Igor Pereira Carvalho,igor.pereira.carvalho.16364@example.com,São Paulo,Supervisor de qualidade,55,64168157888
Carlos Freitas Pereira,carlos.freitas.pereira.16365@example.com,Salvador,Supervisor de manutenção,31,39134718034
Beatriz Dias Castro,beatriz.dias.castro.16366@example.com,Uberlândia,Atendente,64,70311985779
Débora Lima Rodrigues,debora.lima.rodrigues.16367@example.com,Natal,Cozinheiro,40,22539215664
Tatiane Oliveira Barros,tatiane.oliveira.barros.16368@example.com,Goiânia,Designer gráfico,42,15381034923
Simone Silva Mendes,simone.silva.mendes.16369@example.com,Brasília,Supervisor de vendas,60,89206963132
Leonardo Nascimento Mendes,leonardo.nascimento.mendes.16370@example.com,Rondonópolis,Estoquista,49,79125495987
Diego Castro Rocha,diego.castro.rocha.16371@example.com,Cuiabá,Jornalista,35,29367963138
Lucas Santos Rocha,lucas.santos.rocha.16372@example.com,Maringá,Analista de recursos humanos,30,62686417735
João Rocha Fernandes,joao.rocha.fernandes.16373@example.com,Brasília,Coordenador administrativo,37,07113787071
José Martins Almeida,jose.martins.almeida.16374@example.com,Joinville,Diretor de operações,50,58567319921
Felipe Santos Martins,felipe.santos.martins.16375@example.com,Fortaleza,Professor,43,18746123882
Vitória Rodrigues Lima,vitoria.rodrigues.lima.16376@example.com,Belém,Supervisor de manutenção,45,27376568109
Larissa Souza Mendes,larissa.souza.mendes.16377@example.com,Joinville,Coordenador de marketing,28,26066415289
Sérgio Almeida Nascimento,sergio.almeida.nascimento.16378@example.com,Florianópolis,Eletricista,19,27383511316
Lucas Freitas Teixeira,lucas.freitas.teixeira.16379@example.com,Vitória,Coordenador administrativo,69,88724300960
Lucas Barbosa Barbosa,lucas.barbosa.barbosa.16380@example.com,Goiânia,Nutricionista,67,15285789724
Simone Costa Souza,simone.costa.souza.16381@example.com,Salvador,Técnico de enfermagem,57,63255596244
Nicolas Monteiro Carvalho,nicolas.monteiro.carvalho.16382@example.com,Florianópolis,Professor,60,69808107073
Aline Almeida Freitas,aline.almeida.freitas.16383@example.com,Manaus,Coordenador de logística,70,72297393758
Diego Nascimento Rodrigues,diego.nascimento.rodrigues.16384@example.com,Dourados,Designer gráfico,58,32776737704
Henrique Carvalho Rodrigues,henrique.carvalho.rodrigues.16385@example.com,Caxias do Sul,Professor,42,49025434933
João Costa Dias,joao.costa.dias.16386@example.com,Maringá,Coordenador de produção,46,27507799232
Igor Gomes Costa,igor.gomes.costa.16387@example.com,Belém,Supervisor de atendimento,58,36217529131
Lucas Moreira Araújo,lucas.moreira.araujo.16388@example.com,Uberlândia,Corretor de imóveis,45,22303113813
Eduardo Oliveira Cardoso,eduardo.oliveira.cardoso.16389@example.com,Brasília,Líder de equipe,58,14180114768
Larissa Martins Nascimento,larissa.martins.nascimento.16390@example.com,Sorocaba,Analista de recursos humanos,25,76989435023
Ricardo Almeida Silva,ricardo.almeida.silva.16391@example.com,Belo Horizonte,Mecânico,63,79225899799
Camila Rodrigues Mendes,camila.rodrigues.mendes.16392@example.com,Brasília,Gerente de tecnologia,57,22256242063
Tatiane Barbosa Cardoso,tatiane.barbosa.cardoso.16393@example.com,Vitória,Técnico de segurança do trabalho,61,32391619177
José Pereira Barbosa,jose.pereira.barbosa.16394@example.com,Rio de Janeiro,Supervisor de manutenção,68,96114290805
Carolina Silva Freitas,carolina.silva.freitas.16395@example.com,Salvador,Supervisor de atendimento,58,39951630856
Amanda Barbosa Mendes,amanda.barbosa.mendes.16396@example.com,Florianópolis,Gerente comercial,29,47175168326
Vitória Pereira Santos,vitoria.pereira.santos.16397@example.com,Vitória,Enfermeiro,35,15278462591
Patrícia Rodrigues Dias,patricia.rodrigues.dias.16398@example.com,Belo Horizonte,Analista de marketing,51,98396563804
Larissa Costa Alves,larissa.costa.alves.16399@example.com,Cuiabá,Pedreiro,69,10445861710
Débora Gomes Alves,debora.gomes.alves.16400@example.com,Maringá,Analista de recursos humanos,34,19489507311
Renata Souza Araújo,renata.souza.araujo.16401@example.com,Salvador,Enfermeiro,29,53700037983
Camila Nascimento Gomes,camila.nascimento.gomes.16402@example.com,Cuiabá,Analista financeiro,32,36518173000
Vinícius Rocha Silva,vinicius.rocha.silva.16403@example.com,Belo Horizonte,Gerente comercial,32,64810471640
Rafael Carvalho Almeida,rafael.carvalho.almeida.16404@example.com,Belo Horizonte,Gerente de recursos humanos,46,10445569266
Paulo Dias Santos,paulo.dias.santos.16405@example.com,Sorocaba,Jornalista,32,43178994726
José Barros Rocha,jose.barros.rocha.16406@example.com,Londrina,Chefe de compras,30,10177737100
Thiago Rocha Teixeira,thiago.rocha.teixeira.16407@example.com,Salvador,Engenheiro civil,36,98258858629
Juliana Freitas Ribeiro,juliana.freitas.ribeiro.16408@example.com,Cuiabá,Advogado,50,73379908345
Nicolas Pereira Alves,nicolas.pereira.alves.16409@example.com,Manaus,Jornalista,57,65374835900
Carolina Alves Gomes,carolina.alves.gomes.16410@example.com,São Paulo,Gerente de operações,61,23178947090
Leonardo Ribeiro Martins,leonardo.ribeiro.martins.16411@example.com,Sorocaba,Líder de equipe,31,41450875476
Bruno Lima Nascimento,bruno.lima.nascimento.16412@example.com,Natal,Programador,51,53871928472
Diego Moreira Almeida,diego.moreira.almeida.16413@example.com,Porto Alegre,Motorista,53,43050541605
Rafael Castro Fernandes,rafael.castro.fernandes.16414@example.com,Recife,Assistente administrativo,49,53265241353
Sérgio Cardoso Martins,sergio.cardoso.martins.16415@example.com,Recife,Engenheiro civil,59,18729660527
Débora Barbosa Silva,debora.barbosa.silva.16416@example.com,Dourados,Operador de caixa,31,26906023874
Thiago Nascimento Oliveira,thiago.nascimento.oliveira.16417@example.com,Belém,Supervisor de qualidade,38,77619433524
Priscila Barbosa Teixeira,priscila.barbosa.teixeira.16418@example.com,Joinville,Atendente,18,49051986051
Vinícius Mendes Santos,vinicius.mendes.santos.16419@example.com,Dourados,Supervisor de manutenção,40,40728335683
Paulo Alves Rodrigues,paulo.alves.rodrigues.16420@example.com,Joinville,Analista financeiro,51,97750749422
Marcelo Carvalho Gomes,marcelo.carvalho.gomes.16421@example.com,Florianópolis,Técnico de enfermagem,62,10895150527
Fernanda Gomes Alves,fernanda.gomes.alves.16422@example.com,Vitória,Assistente administrativo,70,73045093662
Henrique Costa Cardoso,henrique.costa.cardoso.16423@example.com,Joinville,Cozinheiro,60,68887283576
Eduardo Silva Moreira,eduardo.silva.moreira.16424@example.com,Santos,Chefe de compras,52,56673526816
Beatriz Mendes Lima,beatriz.mendes.lima.16425@example.com,Cuiabá,Chefe de almoxarifado,18,90396168601
Renata Nascimento Ribeiro,renata.nascimento.ribeiro.16426@example.com,Joinville,Técnico em informática,31,32816940483
Felipe Freitas Lima,felipe.freitas.lima.16427@example.com,Cuiabá,Mecânico,35,30531401282
Fernanda Barros Ribeiro,fernanda.barros.ribeiro.16428@example.com,Goiânia,Contador,62,78928973969
Otávio Gomes Almeida,otavio.gomes.almeida.16429@example.com,Caxias do Sul,Analista financeiro,24,33922668667
Diego Carvalho Santos,diego.carvalho.santos.16430@example.com,Campinas,Gerente comercial,28,60733270945
Letícia Carvalho Mendes,leticia.carvalho.mendes.16431@example.com,Dourados,Gerente de operações,58,57020729030
Juliana Barros Almeida,juliana.barros.almeida.16432@example.com,Campo Grande,Encarregado de produção,33,38580505328
Larissa Martins Martins,larissa.martins.martins.16433@example.com,Caxias do Sul,Técnico de segurança do trabalho,56,38285503911
Vitória Mendes Nascimento,vitoria.mendes.nascimento.16434@example.com,Fortaleza,Encarregado de produção,38,65772687972
Camila Rocha Cardoso,camila.rocha.cardoso.16435@example.com,Londrina,Analista de recursos humanos,63,13813361917
Vinícius Teixeira Mendes,vinicius.teixeira.mendes.16436@example.com,Rondonópolis,Gerente de operações,29,04126066038
Lucas Gomes Barros,lucas.gomes.barros.16437@example.com,Sorocaba,Analista de recursos humanos,22,15306337276
Gabriel Alves Rocha,gabriel.alves.rocha.16438@example.com,Campo Grande,Vendedor,65,98502875677
Lucas Mendes Mendes,lucas.mendes.mendes.16439@example.com,Belo Horizonte,Vendedor,20,08275760444
Vitória Fernandes Rodrigues,vitoria.fernandes.rodrigues.16440@example.com,São Paulo,Estoquista,25,42169018919
Henrique Santos Barros,henrique.santos.barros.16441@example.com,Fortaleza,Fisioterapeuta,50,43718795514
Simone Martins Mendes,simone.martins.mendes.16442@example.com,Uberlândia,Chefe de almoxarifado,32,77255407421
Mariana Pereira Pereira,mariana.pereira.pereira.16443@example.com,Brasília,Analista financeiro,63,36338958426
Vanessa Freitas Monteiro,vanessa.freitas.monteiro.16444@example.com,Salvador,Técnico de segurança do trabalho,42,39250502805
Carolina Pereira Barbosa,carolina.pereira.barbosa.16445@example.com,Joinville,Motorista,55,14254338536
Rafael Nascimento Alves,rafael.nascimento.alves.16446@example.com,Santos,Gerente de tecnologia,50,91519871553
Leonardo Monteiro Martins,leonardo.monteiro.martins.16447@example.com,Campinas,Engenheiro civil,24,12508261857
Mariana Pereira Moreira,mariana.pereira.moreira.16448@example.com,Maringá,Diretor de operações,36,87050886652
Tatiane Fernandes Alves,tatiane.fernandes.alves.16449@example.com,Santos,Auxiliar de produção,31,03111028676
Débora Pereira Almeida,debora.pereira.almeida.16450@example.com,Londrina,Analista financeiro,62,15220715531
Bruno Castro Araújo,bruno.castro.araujo.16451@example.com,Caxias do Sul,Padeiro,28,69791894602
Amanda Castro Rodrigues,amanda.castro.rodrigues.16452@example.com,Recife,Fisioterapeuta,57,62174427380
Rafael Castro Costa,rafael.castro.costa.16453@example.com,Salvador,Corretor de imóveis,46,52121530426
Felipe Martins Alves,felipe.martins.alves.16454@example.com,Salvador,Supervisor de atendimento,42,62661123613
Nicolas Castro Rocha,nicolas.castro.rocha.16455@example.com,Brasília,Arquiteto,20,70767501931
Pedro Nascimento Castro,pedro.nascimento.castro.16456@example.com,Vitória,Chefe de departamento pessoal,44,10258255622
Leonardo Monteiro Pereira,leonardo.monteiro.pereira.16457@example.com,Joinville,Gerente financeiro,50,21749349523
Marcelo Souza Cardoso,marcelo.souza.cardoso.16458@example.com,São Paulo,Motorista,27,53744064429
João Costa Teixeira,joao.costa.teixeira.16459@example.com,Rio de Janeiro,Advogado,29,09350006813
Carolina Rodrigues Oliveira,carolina.rodrigues.oliveira.16460@example.com,Joinville,Engenheiro civil,22,40928845335
Luana Souza Gomes,luana.souza.gomes.16461@example.com,Curitiba,Contador,34,52647239311
Camila Silva Oliveira,camila.silva.oliveira.16462@example.com,Brasília,Mecânico,36,16495799077
Nicolas Carvalho Monteiro,nicolas.carvalho.monteiro.16463@example.com,Joinville,Líder de equipe,43,16757499396
José Rocha Araújo,jose.rocha.araujo.16464@example.com,Cuiabá,Técnico em informática,27,10386844125
Mariana Teixeira Fernandes,mariana.teixeira.fernandes.16465@example.com,Florianópolis,Fisioterapeuta,62,94506178726
Gabriela Mendes Freitas,gabriela.mendes.freitas.16466@example.com,Campo Grande,Comprador,52,10606806305
Ricardo Ribeiro Pereira,ricardo.ribeiro.pereira.16467@example.com,Joinville,Líder de equipe,66,17326870055
Luana Souza Lima,luana.souza.lima.16468@example.com,Curitiba,Enfermeiro,20,80439706615
Carolina Souza Santos,carolina.souza.santos.16469@example.com,Porto Alegre,Corretor de imóveis,61,00163015558
José Carvalho Almeida,jose.carvalho.almeida.16470@example.com,Natal,Encarregado de produção,24,49264622468
Sérgio Araújo Martins,sergio.araujo.martins.16471@example.com,Rondonópolis,Professor,61,69201166266
Patrícia Nascimento Barros,patricia.nascimento.barros.16472@example.com,São Paulo,Líder de equipe,47,10419030004
Mariana Freitas Pereira,mariana.freitas.pereira.16473@example.com,Vitória,Coordenador administrativo,58,71368668294
Luana Mendes Monteiro,luana.mendes.monteiro.16474@example.com,Dourados,Padeiro,22,61519914574
Otávio Santos Almeida,otavio.santos.almeida.16475@example.com,Uberlândia,Corretor de imóveis,41,75895414688
Mariana Moreira Lima,mariana.moreira.lima.16476@example.com,Belém,Técnico de segurança do trabalho,20,76522755458
Gabriela Rocha Silva,gabriela.rocha.silva.16477@example.com,Porto Alegre,Diretor comercial,24,84510594497
Larissa Araújo Gomes,larissa.araujo.gomes.16478@example.com,São Paulo,Analista de dados,45,09929423226
Letícia Nascimento Carvalho,leticia.nascimento.carvalho.16479@example.com,Goiânia,Motorista,63,68926043612
Tatiane Monteiro Ribeiro,tatiane.monteiro.ribeiro.16480@example.com,Belo Horizonte,Técnico de enfermagem,21,61964652359
Simone Gomes Rocha,simone.gomes.rocha.16481@example.com,Santos,Mecânico,23,02858831853
Bruno Monteiro Barros,bruno.monteiro.barros.16482@example.com,Salvador,Coordenador de logística,53,71364689678
Daniela Alves Mendes,daniela.alves.mendes.16483@example.com,Rondonópolis,Gerente de operações,65,35124123671
Leonardo Nascimento Costa,leonardo.nascimento.costa.16484@example.com,Manaus,Supervisor de qualidade,58,98755383578
Vanessa Alves Dias,vanessa.alves.dias.16485@example.com,Natal,Pedreiro,31,27155205580
Vitória Rocha Almeida,vitoria.rocha.almeida.16486@example.com,Porto Alegre,Jornalista,51,30947917090
Thiago Rocha Nascimento,thiago.rocha.nascimento.16487@example.com,Salvador,Nutricionista,49,29448465062
Patrícia Souza Fernandes,patricia.souza.fernandes.16488@example.com,Florianópolis,Coordenador de marketing,21,71864265505
Débora Rocha Dias,debora.rocha.dias.16489@example.com,Curitiba,Estoquista,32,95909946405
Gabriela Moreira Silva,gabriela.moreira.silva.16490@example.com,Vitória,Assistente administrativo,21,72232739018
Gabriel Oliveira Cardoso,gabriel.oliveira.cardoso.16491@example.com,Santos,Gerente de operações,29,74806892431
Camila Lima Araújo,camila.lima.araujo.16492@example.com,Maringá,Nutricionista,37,66118075260
Tatiane Nascimento Freitas,tatiane.nascimento.freitas.16493@example.com,Goiânia,Fisioterapeuta,20,14178709096
Ana Costa Cardoso,ana.costa.cardoso.16494@example.com,Curitiba,Arquiteto,33,20191895917
Marcelo Ribeiro Alves,marcelo.ribeiro.alves.16495@example.com,Uberlândia,Diretor comercial,49,54876504822
Luana Araújo Rocha,luana.araujo.rocha.16496@example.com,Belém,Operador de caixa,25,09774029199
Bruno Carvalho Mendes,bruno.carvalho.mendes.16497@example.com,Curitiba,Gerente de tecnologia,37,20143663630
Carlos Moreira Santos,carlos.moreira.santos.16498@example.com,Caxias do Sul,Gerente de tecnologia,61,16719481825
Débora Barbosa Freitas,debora.barbosa.freitas.16499@example.com,Uberlândia,Farmacêutico,57,68038197354
Aline Dias Martins,aline.dias.martins.16500@example.com,Curitiba,Fisioterapeuta,44,07354091675
Bruno Pereira Gomes,bruno.pereira.gomes.16501@example.com,Joinville,Técnico de enfermagem,35,12180171399
Sandra Ribeiro Lima,sandra.ribeiro.lima.16502@example.com,Campinas,Coordenador administrativo,52,89919714814
Sandra Santos Mendes,sandra.santos.mendes.16503@example.com,Cuiabá,Analista de dados,55,08720960013
Juliana Freitas Cardoso,juliana.freitas.cardoso.16504@example.com,Santos,Farmacêutico,53,26036211507
Nicolas Fernandes Barros,nicolas.fernandes.barros.16505@example.com,Rondonópolis,Arquiteto,56,54100822824
Bruno Fernandes Mendes,bruno.fernandes.mendes.16506@example.com,Dourados,Enfermeiro,32,62435545528
Ana Almeida Barros,ana.almeida.barros.16507@example.com,Niterói,Chefe de almoxarifado,59,25132098541
Rafael Cardoso Barbosa,rafael.cardoso.barbosa.16508@example.com,Florianópolis,Encarregado de produção,41,38190822247
Leonardo Gomes Mendes,leonardo.gomes.mendes.16509@example.com,Sorocaba,Farmacêutico,26,45261382248
Débora Fernandes Barros,debora.fernandes.barros.16510@example.com,Rio de Janeiro,Eletricista,29,64966292959
Otávio Silva Barros,otavio.silva.barros.16511@example.com,Santos,Mecânico,37,59900679325
Camila Barros Araújo,camila.barros.araujo.16512@example.com,Joinville,Eletricista,22,52746340399
Luana Oliveira Martins,luana.oliveira.martins.16513@example.com,Campo Grande,Comprador,50,33054386313
Priscila Oliveira Lima,priscila.oliveira.lima.16514@example.com,Curitiba,Farmacêutico,50,92595728724
Tatiane Rodrigues Barbosa,tatiane.rodrigues.barbosa.16515@example.com,Recife,Assistente administrativo,65,45434873183
Larissa Cardoso Gomes,larissa.cardoso.gomes.16516@example.com,Maringá,Assistente administrativo,24,74056750678
Mariana Fernandes Santos,mariana.fernandes.santos.16517@example.com,Campinas,Coordenador de produção,35,22085072078
Luana Cardoso Rocha,luana.cardoso.rocha.16518@example.com,São Paulo,Técnico em informática,62,16505381354
Beatriz Martins Almeida,beatriz.martins.almeida.16519@example.com,Vitória,Farmacêutico,37,02354069349
Luana Cardoso Castro,luana.cardoso.castro.16520@example.com,Rondonópolis,Analista financeiro,70,27738953307
Henrique Moreira Alves,henrique.moreira.alves.16521@example.com,Belém,Pedreiro,46,73354210247
Eduardo Almeida Lima,eduardo.almeida.lima.16522@example.com,Fortaleza,Diretor comercial,44,02473906470
Priscila Teixeira Ribeiro,priscila.teixeira.ribeiro.16523@example.com,Santos,Técnico em informática,62,23253975238
Aline Barros Moreira,aline.barros.moreira.16524@example.com,Joinville,Assistente comercial,53,35505687695
Patrícia Costa Pereira,patricia.costa.pereira.16525@example.com,Campo Grande,Gerente de recursos humanos,59,86316140399
Bruno Barbosa Gomes,bruno.barbosa.gomes.16526@example.com,Dourados,Coordenador de produção,30,05425131344
Sandra Alves Freitas,sandra.alves.freitas.16527@example.com,Salvador,Diretor comercial,48,54336454966
Gustavo Nascimento Almeida,gustavo.nascimento.almeida.16528@example.com,Goiânia,Comprador,57,40950693247
Simone Freitas Almeida,simone.freitas.almeida.16529@example.com,Uberlândia,Jornalista,32,23349234915
Ricardo Souza Fernandes,ricardo.souza.fernandes.16530@example.com,Vitória,Programador,35,94397369373
Gustavo Gomes Mendes,gustavo.gomes.mendes.16531@example.com,Brasília,Chefe de compras,41,88430758632
Carolina Teixeira Dias,carolina.teixeira.dias.16532@example.com,Campinas,Engenheiro civil,53,32597208169
Sandra Dias Costa,sandra.dias.costa.16533@example.com,Curitiba,Gerente de tecnologia,60,93979739621
Larissa Teixeira Santos,larissa.teixeira.santos.16534@example.com,Vitória,Analista financeiro,28,08225036745
Daniela Monteiro Castro,daniela.monteiro.castro.16535@example.com,Londrina,Nutricionista,27,75585923457
Beatriz Martins Castro,beatriz.martins.castro.16536@example.com,Londrina,Coordenador de logística,66,19265803503
Eduardo Castro Araújo,eduardo.castro.araujo.16537@example.com,Vitória,Engenheiro civil,62,90965398087
Felipe Moreira Monteiro,felipe.moreira.monteiro.16538@example.com,São Paulo,Auxiliar de produção,29,16794841362
Renata Rodrigues Martins,renata.rodrigues.martins.16539@example.com,Salvador,Corretor de imóveis,33,10446232437
Felipe Fernandes Mendes,felipe.fernandes.mendes.16540@example.com,Manaus,Chefe de compras,23,29655839430
Carlos Lima Moreira,carlos.lima.moreira.16541@example.com,Uberlândia,Coordenador administrativo,41,16875361978
Paulo Gomes Rodrigues,paulo.gomes.rodrigues.16542@example.com,Belém,Supervisor de qualidade,23,02027356306
Nicolas Araújo Souza,nicolas.araujo.souza.16543@example.com,Vitória,Mecânico,41,55366182348
Eduardo Almeida Rodrigues,eduardo.almeida.rodrigues.16544@example.com,Sorocaba,Advogado,62,12961439126
Bruno Castro Barbosa,bruno.castro.barbosa.16545@example.com,Sorocaba,Técnico de segurança do trabalho,51,27967961815
Aline Souza Fernandes,aline.souza.fernandes.16546@example.com,Recife,Nutricionista,44,08657046941
Felipe Lima Almeida,felipe.lima.almeida.16547@example.com,Florianópolis,Fisioterapeuta,49,81782165449
Otávio Almeida Lima,otavio.almeida.lima.16548@example.com,Goiânia,Coordenador de logística,50,38198290713
Gabriel Monteiro Oliveira,gabriel.monteiro.oliveira.16549@example.com,Caxias do Sul,Advogado,51,81710088775
Beatriz Ribeiro Rocha,beatriz.ribeiro.rocha.16550@example.com,Caxias do Sul,Designer gráfico,67,89890104135
Felipe Almeida Costa,felipe.almeida.costa.16551@example.com,Caxias do Sul,Pedreiro,26,48108110781
Mariana Costa Monteiro,mariana.costa.monteiro.16552@example.com,Cuiabá,Engenheiro civil,24,07674784090
Henrique Freitas Ribeiro,henrique.freitas.ribeiro.16553@example.com,Salvador,Pedreiro,58,58537898556
Beatriz Souza Almeida,beatriz.souza.almeida.16554@example.com,Vitória,Coordenador de marketing,54,36578788360
Carlos Oliveira Rodrigues,carlos.oliveira.rodrigues.16555@example.com,Campo Grande,Fisioterapeuta,38,81948780117
Débora Freitas Fernandes,debora.freitas.fernandes.16556@example.com,São Paulo,Técnico de enfermagem,54,81404026397
Otávio Barros Lima,otavio.barros.lima.16557@example.com,Maringá,Supervisor de manutenção,19,23115367217
Eduardo Rodrigues Nascimento,eduardo.rodrigues.nascimento.16558@example.com,Niterói,Pedreiro,25,57275717196
Fernanda Silva Mendes,fernanda.silva.mendes.16559@example.com,Curitiba,Fisioterapeuta,40,40040385190
Igor Barbosa Pereira,igor.barbosa.pereira.16560@example.com,Joinville,Enfermeiro,34,99027468845
Nicolas Mendes Silva,nicolas.mendes.silva.16561@example.com,Campo Grande,Programador,58,88549134999
Juliana Mendes Pereira,juliana.mendes.pereira.16562@example.com,Campinas,Motorista,33,98491912690
Pedro Santos Cardoso,pedro.santos.cardoso.16563@example.com,Maringá,Estoquista,41,70387698536
Vinícius Rocha Lima,vinicius.rocha.lima.16564@example.com,Campo Grande,Analista de marketing,60,06697076940
Rafael Mendes Moreira,rafael.mendes.moreira.16565@example.com,Cuiabá,Coordenador administrativo,59,10515121629
José Moreira Santos,jose.moreira.santos.16566@example.com,Vitória,Chefe de departamento pessoal,69,20884955590
Vitória Teixeira Santos,vitoria.teixeira.santos.16567@example.com,Niterói,Atendente,40,16306588529
Gabriel Alves Silva,gabriel.alves.silva.16568@example.com,Belém,Estoquista,51,82133616434
Felipe Fernandes Gomes,felipe.fernandes.gomes.16569@example.com,Rio de Janeiro,Gerente de recursos humanos,57,78643162053
Tatiane Cardoso Castro,tatiane.cardoso.castro.16570@example.com,Rondonópolis,Estoquista,66,85241668998
Vinícius Freitas Fernandes,vinicius.freitas.fernandes.16571@example.com,Rondonópolis,Professor,30,70722954902
Paulo Ribeiro Araújo,paulo.ribeiro.araujo.16572@example.com,Campinas,Pedreiro,23,33533477393
José Rodrigues Martins,jose.rodrigues.martins.16573@example.com,São Paulo,Enfermeiro,26,98938606531
Letícia Nascimento Fernandes,leticia.nascimento.fernandes.16574@example.com,Cuiabá,Comprador,44,92547389083
Vinícius Rodrigues Barbosa,vinicius.rodrigues.barbosa.16575@example.com,Florianópolis,Supervisor de qualidade,22,13857870604
Amanda Pereira Cardoso,amanda.pereira.cardoso.16576@example.com,Brasília,Operador de caixa,24,36963096803
Fernanda Costa Monteiro,fernanda.costa.monteiro.16577@example.com,Campinas,Jornalista,19,67470166484
Vanessa Pereira Gomes,vanessa.pereira.gomes.16578@example.com,Vitória,Atendente,24,23161903563
Daniela Teixeira Barros,daniela.teixeira.barros.16579@example.com,Rondonópolis,Assistente administrativo,18,18724491317
Felipe Rocha Cardoso,felipe.rocha.cardoso.16580@example.com,Porto Alegre,Arquiteto,50,79858736694
Bruno Cardoso Monteiro,bruno.cardoso.monteiro.16581@example.com,Belém,Operador de caixa,58,39681857449
Lucas Silva Teixeira,lucas.silva.teixeira.16582@example.com,Maringá,Farmacêutico,54,51682689391
Débora Freitas Lima,debora.freitas.lima.16583@example.com,Cuiabá,Corretor de imóveis,38,12202090267
Paulo Silva Monteiro,paulo.silva.monteiro.16584@example.com,Cuiabá,Analista de marketing,41,13136562849
Nicolas Souza Oliveira,nicolas.souza.oliveira.16585@example.com,Rio de Janeiro,Líder de equipe,19,86170472208
Vinícius Lima Oliveira,vinicius.lima.oliveira.16586@example.com,Brasília,Padeiro,43,67198067539
Aline Castro Alves,aline.castro.alves.16587@example.com,Dourados,Técnico de segurança do trabalho,40,10658407303
Beatriz Rodrigues Dias,beatriz.rodrigues.dias.16588@example.com,Uberlândia,Nutricionista,45,11003963571
Lucas Souza Ribeiro,lucas.souza.ribeiro.16589@example.com,Rondonópolis,Encarregado de produção,51,28255191926
Mariana Cardoso Rodrigues,mariana.cardoso.rodrigues.16590@example.com,Cuiabá,Motorista,21,37728860134
Marcelo Souza Rocha,marcelo.souza.rocha.16591@example.com,Rio de Janeiro,Gerente de tecnologia,19,56289629513
Gabriela Martins Rocha,gabriela.martins.rocha.16592@example.com,Florianópolis,Coordenador de marketing,56,25565842143
Gabriel Almeida Rodrigues,gabriel.almeida.rodrigues.16593@example.com,Dourados,Fisioterapeuta,58,30244869886
Beatriz Dias Teixeira,beatriz.dias.teixeira.16594@example.com,Campo Grande,Coordenador de produção,43,87243123169
Amanda Castro Freitas,amanda.castro.freitas.16595@example.com,Santos,Supervisor de manutenção,65,30770068161
Felipe Teixeira Barbosa,felipe.teixeira.barbosa.16596@example.com,Rondonópolis,Gerente comercial,22,26326194001
Juliana Moreira Rodrigues,juliana.moreira.rodrigues.16597@example.com,Maringá,Assistente administrativo,54,30755125229
Paulo Almeida Pereira,paulo.almeida.pereira.16598@example.com,Sorocaba,Chefe de departamento pessoal,48,39689116139
Otávio Barbosa Moreira,otavio.barbosa.moreira.16599@example.com,Goiânia,Líder de equipe,31,08552121047
Beatriz Lima Moreira,beatriz.lima.moreira.16600@example.com,Manaus,Jornalista,47,77783281088
Gabriel Barbosa Souza,gabriel.barbosa.souza.16601@example.com,Campo Grande,Analista financeiro,19,23446279617
Carlos Mendes Cardoso,carlos.mendes.cardoso.16602@example.com,Curitiba,Técnico em informática,65,61833583383
Ana Pereira Gomes,ana.pereira.gomes.16603@example.com,Uberlândia,Analista de marketing,59,27734996440
Leonardo Costa Costa,leonardo.costa.costa.16604@example.com,Campo Grande,Jornalista,25,71503894272
Thiago Moreira Nascimento,thiago.moreira.nascimento.16605@example.com,Brasília,Atendente,35,68334996416
Débora Castro Alves,debora.castro.alves.16606@example.com,Brasília,Padeiro,64,10339457626
Luana Alves Cardoso,luana.alves.cardoso.16607@example.com,Belém,Técnico de enfermagem,42,96296773662
Carlos Cardoso Rocha,carlos.cardoso.rocha.16608@example.com,Goiânia,Auxiliar de produção,40,55623739359
Felipe Monteiro Silva,felipe.monteiro.silva.16609@example.com,Belém,Analista de marketing,24,53381175127
Carlos Ribeiro Barbosa,carlos.ribeiro.barbosa.16610@example.com,Rondonópolis,Arquiteto,34,10112182810
Juliana Ribeiro Costa,juliana.ribeiro.costa.16611@example.com,Campinas,Gerente comercial,40,43531865574
Igor Rodrigues Martins,igor.rodrigues.martins.16612@example.com,Campo Grande,Coordenador de produção,37,98894830678
Luana Silva Silva,luana.silva.silva.16613@example.com,Goiânia,Gerente de operações,58,63086019047
Marcelo Dias Barros,marcelo.dias.barros.16614@example.com,Campinas,Analista de marketing,55,21950615875
Henrique Mendes Rocha,henrique.mendes.rocha.16615@example.com,Belém,Diretor de operações,34,50499816990
Rafael Carvalho Freitas,rafael.carvalho.freitas.16616@example.com,Fortaleza,Estoquista,54,03342658541
João Costa Pereira,joao.costa.pereira.16617@example.com,Santos,Coordenador de produção,23,09097525296
Débora Fernandes Santos,debora.fernandes.santos.16618@example.com,Vitória,Diretor de operações,28,00954127422
Pedro Teixeira Nascimento,pedro.teixeira.nascimento.16619@example.com,Dourados,Analista de recursos humanos,43,10563032032
Igor Dias Souza,igor.dias.souza.16620@example.com,Natal,Jornalista,54,18960152882
Renata Pereira Oliveira,renata.pereira.oliveira.16621@example.com,São Paulo,Mecânico,57,70823348100
Marcelo Silva Martins,marcelo.silva.martins.16622@example.com,Uberlândia,Diretor comercial,35,28890505428
Nicolas Mendes Fernandes,nicolas.mendes.fernandes.16623@example.com,Dourados,Supervisor de qualidade,43,14746636680
Beatriz Almeida Martins,beatriz.almeida.martins.16624@example.com,Natal,Coordenador de produção,40,47895017077
Camila Almeida Santos,camila.almeida.santos.16625@example.com,Goiânia,Chefe de compras,19,83887789368
Ricardo Freitas Mendes,ricardo.freitas.mendes.16626@example.com,Joinville,Enfermeiro,26,67067918483
Carlos Souza Gomes,carlos.souza.gomes.16627@example.com,Goiânia,Padeiro,20,66413972165
Patrícia Freitas Souza,patricia.freitas.souza.16628@example.com,Rio de Janeiro,Pedreiro,57,98322564893
Débora Castro Silva,debora.castro.silva.16629@example.com,Dourados,Diretor de operações,53,49436339093
Sérgio Martins Castro,sergio.martins.castro.16630@example.com,Uberlândia,Eletricista,39,06349754091
Larissa Mendes Santos,larissa.mendes.santos.16631@example.com,Vitória,Farmacêutico,70,25138906516
Marcelo Freitas Dias,marcelo.freitas.dias.16632@example.com,Vitória,Operador de caixa,36,60638578650
Leonardo Almeida Monteiro,leonardo.almeida.monteiro.16633@example.com,Goiânia,Gerente financeiro,54,01995953574
Marcelo Costa Rocha,marcelo.costa.rocha.16634@example.com,Sorocaba,Analista de recursos humanos,38,55690761880
Sandra Freitas Costa,sandra.freitas.costa.16635@example.com,Dourados,Corretor de imóveis,63,16024941374
Tatiane Costa Souza,tatiane.costa.souza.16636@example.com,São Paulo,Auxiliar de produção,29,69653983245
Daniela Rocha Nascimento,daniela.rocha.nascimento.16637@example.com,Niterói,Líder de equipe,30,38485371546
Larissa Fernandes Oliveira,larissa.fernandes.oliveira.16638@example.com,Salvador,Fisioterapeuta,70,35858096185
Amanda Castro Freitas,amanda.castro.freitas.16639@example.com,Goiânia,Chefe de departamento pessoal,60,02338099758
Simone Mendes Cardoso,simone.mendes.cardoso.16640@example.com,Florianópolis,Diretor comercial,38,75691695252
Felipe Castro Nascimento,felipe.castro.nascimento.16641@example.com,Brasília,Jornalista,61,29313307204
Henrique Lima Silva,henrique.lima.silva.16642@example.com,Vitória,Cozinheiro,66,85715268505
Renata Teixeira Martins,renata.teixeira.martins.16643@example.com,Salvador,Engenheiro civil,21,00570967312
Paulo Santos Rocha,paulo.santos.rocha.16644@example.com,Belém,Fisioterapeuta,51,72602398520
Letícia Ribeiro Cardoso,leticia.ribeiro.cardoso.16645@example.com,Goiânia,Chefe de compras,24,07236014701
Sérgio Freitas Monteiro,sergio.freitas.monteiro.16646@example.com,Porto Alegre,Designer gráfico,24,48401744309
Amanda Lima Lima,amanda.lima.lima.16647@example.com,Brasília,Vendedor,63,80431744863
Marcelo Nascimento Fernandes,marcelo.nascimento.fernandes.16648@example.com,Caxias do Sul,Supervisor de qualidade,55,57285948943
Vitória Almeida Barros,vitoria.almeida.barros.16649@example.com,Joinville,Supervisor de manutenção,52,79095870516
Nicolas Nascimento Barros,nicolas.nascimento.barros.16650@example.com,Natal,Nutricionista,24,60934798492
Renata Teixeira Nascimento,renata.teixeira.nascimento.16651@example.com,Curitiba,Gerente de tecnologia,19,07802015798
Carolina Gomes Barros,carolina.gomes.barros.16652@example.com,Cuiabá,Contador,25,11728956250
Fernanda Pereira Fernandes,fernanda.pereira.fernandes.16653@example.com,Rondonópolis,Chefe de compras,56,10885715009
Gustavo Castro Alves,gustavo.castro.alves.16654@example.com,Caxias do Sul,Operador de caixa,44,69582041145
Gabriel Fernandes Castro,gabriel.fernandes.castro.16655@example.com,São Paulo,Supervisor de vendas,18,99430127109
Amanda Teixeira Moreira,amanda.teixeira.moreira.16656@example.com,Manaus,Coordenador de logística,57,41575422573
Diego Oliveira Silva,diego.oliveira.silva.16657@example.com,Curitiba,Assistente administrativo,65,48883406926
Tatiane Barros Dias,tatiane.barros.dias.16658@example.com,Niterói,Fisioterapeuta,22,11669152765
Thiago Mendes Barbosa,thiago.mendes.barbosa.16659@example.com,Cuiabá,Advogado,41,47044991685
Larissa Nascimento Teixeira,larissa.nascimento.teixeira.16660@example.com,Santos,Supervisor de qualidade,46,05534623914
Vinícius Nascimento Rocha,vinicius.nascimento.rocha.16661@example.com,Sorocaba,Supervisor de qualidade,52,68232442800
Otávio Rodrigues Teixeira,otavio.rodrigues.teixeira.16662@example.com,Uberlândia,Motorista,37,26631628691
Priscila Nascimento Silva,priscila.nascimento.silva.16663@example.com,Santos,Gerente de operações,36,66833606489
Patrícia Barros Ribeiro,patricia.barros.ribeiro.16664@example.com,Niterói,Cozinheiro,53,70172302021
Ricardo Fernandes Lima,ricardo.fernandes.lima.16665@example.com,Cuiabá,Coordenador de logística,70,07683034038
Priscila Ribeiro Martins,priscila.ribeiro.martins.16666@example.com,Cuiabá,Gerente comercial,53,14543059482
Gustavo Almeida Costa,gustavo.almeida.costa.16667@example.com,Belo Horizonte,Encarregado de produção,61,47639146557
Daniela Dias Nascimento,daniela.dias.nascimento.16668@example.com,Caxias do Sul,Supervisor de qualidade,47,16417148278
José Silva Oliveira,jose.silva.oliveira.16669@example.com,Campinas,Coordenador de logística,34,33583754937
Carlos Teixeira Lima,carlos.teixeira.lima.16670@example.com,Manaus,Gerente de operações,20,97894964118
Otávio Mendes Pereira,otavio.mendes.pereira.16671@example.com,Porto Alegre,Analista de recursos humanos,48,47134619210
Vanessa Alves Monteiro,vanessa.alves.monteiro.16672@example.com,Rio de Janeiro,Coordenador administrativo,45,14479601248
Sandra Teixeira Mendes,sandra.teixeira.mendes.16673@example.com,Londrina,Técnico de enfermagem,32,64570649044
Larissa Mendes Freitas,larissa.mendes.freitas.16674@example.com,Rio de Janeiro,Nutricionista,65,90954141890
Renata Nascimento Souza,renata.nascimento.souza.16675@example.com,Rio de Janeiro,Assistente administrativo,56,80555970527
Mariana Martins Nascimento,mariana.martins.nascimento.16676@example.com,Vitória,Coordenador de produção,18,67084327575
Diego Moreira Fernandes,diego.moreira.fernandes.16677@example.com,Cuiabá,Recepcionista,18,33175602875
José Costa Freitas,jose.costa.freitas.16678@example.com,Porto Alegre,Chefe de departamento pessoal,29,27297224046
Vitória Dias Oliveira,vitoria.dias.oliveira.16679@example.com,Cuiabá,Jornalista,38,47054724930
Ana Alves Gomes,ana.alves.gomes.16680@example.com,Fortaleza,Diretor de operações,39,75805991576
Leonardo Dias Moreira,leonardo.dias.moreira.16681@example.com,Manaus,Gerente de operações,19,28658387914
Rafael Mendes Silva,rafael.mendes.silva.16682@example.com,Fortaleza,Coordenador de marketing,48,05451060555
Gabriela Oliveira Mendes,gabriela.oliveira.mendes.16683@example.com,Santos,Cozinheiro,67,29636570014
Daniela Pereira Freitas,daniela.pereira.freitas.16684@example.com,Recife,Técnico em informática,57,48627680088
Carolina Dias Rodrigues,carolina.dias.rodrigues.16685@example.com,Fortaleza,Supervisor de atendimento,34,43024626903
Daniela Lima Moreira,daniela.lima.moreira.16686@example.com,Porto Alegre,Operador de caixa,43,77873099051
Leonardo Teixeira Lima,leonardo.teixeira.lima.16687@example.com,Goiânia,Encarregado de produção,67,21630605706
Ricardo Freitas Fernandes,ricardo.freitas.fernandes.16688@example.com,Niterói,Analista de marketing,34,87774406642
Débora Barbosa Nascimento,debora.barbosa.nascimento.16689@example.com,Campinas,Motorista,49,45749986726
Otávio Rodrigues Nascimento,otavio.rodrigues.nascimento.16690@example.com,Londrina,Motorista,22,70189090057
Eduardo Fernandes Carvalho,eduardo.fernandes.carvalho.16691@example.com,Cuiabá,Diretor comercial,22,00734338255
Sérgio Rocha Gomes,sergio.rocha.gomes.16692@example.com,Porto Alegre,Jornalista,18,50621007566
Amanda Barbosa Moreira,amanda.barbosa.moreira.16693@example.com,Sorocaba,Auxiliar de produção,49,22116242465
José Araújo Castro,jose.araujo.castro.16694@example.com,Dourados,Líder de equipe,66,64456630804
Otávio Freitas Souza,otavio.freitas.souza.16695@example.com,Campinas,Supervisor de qualidade,63,19169272012
João Castro Alves,joao.castro.alves.16696@example.com,Porto Alegre,Supervisor de atendimento,55,30351419040
Thiago Almeida Nascimento,thiago.almeida.nascimento.16697@example.com,Florianópolis,Engenheiro civil,50,31102288008
Priscila Barbosa Nascimento,priscila.barbosa.nascimento.16698@example.com,Cuiabá,Coordenador de produção,61,16061285412
Vinícius Moreira Mendes,vinicius.moreira.mendes.16699@example.com,Fortaleza,Coordenador administrativo,42,92149061024
Marcelo Pereira Mendes,marcelo.pereira.mendes.16700@example.com,Belém,Chefe de almoxarifado,43,80022023199
Simone Rocha Santos,simone.rocha.santos.16701@example.com,Uberlândia,Corretor de imóveis,27,81083890062
Larissa Cardoso Santos,larissa.cardoso.santos.16702@example.com,Brasília,Padeiro,54,42062317209
Sérgio Gomes Teixeira,sergio.gomes.teixeira.16703@example.com,Rondonópolis,Enfermeiro,38,60587893992
Sérgio Rocha Gomes,sergio.rocha.gomes.16704@example.com,Cuiabá,Professor,66,81078511426
Beatriz Costa Teixeira,beatriz.costa.teixeira.16705@example.com,Sorocaba,Supervisor de qualidade,70,94306905952
Gabriel Gomes Costa,gabriel.gomes.costa.16706@example.com,Manaus,Jornalista,45,45232828499
Priscila Silva Barros,priscila.silva.barros.16707@example.com,Campinas,Coordenador de logística,45,94988400917
Paulo Silva Lima,paulo.silva.lima.16708@example.com,Manaus,Gerente comercial,60,24798226253
Camila Freitas Oliveira,camila.freitas.oliveira.16709@example.com,Curitiba,Contador,54,61833784464
Vitória Teixeira Monteiro,vitoria.teixeira.monteiro.16710@example.com,Joinville,Supervisor de vendas,58,04584624728
Daniela Martins Pereira,daniela.martins.pereira.16711@example.com,Salvador,Analista de marketing,30,45811194159
Renata Castro Carvalho,renata.castro.carvalho.16712@example.com,Londrina,Gerente financeiro,52,94104063272
Gustavo Mendes Freitas,gustavo.mendes.freitas.16713@example.com,Recife,Chefe de compras,31,47723822044
Henrique Teixeira Lima,henrique.teixeira.lima.16714@example.com,Niterói,Analista financeiro,46,95880832302
Diego Costa Moreira,diego.costa.moreira.16715@example.com,Florianópolis,Padeiro,54,98011364268
Renata Monteiro Gomes,renata.monteiro.gomes.16716@example.com,Uberlândia,Gerente de recursos humanos,21,68004702324
Bruno Pereira Almeida,bruno.pereira.almeida.16717@example.com,Caxias do Sul,Corretor de imóveis,50,03403870659
Camila Araújo Alves,camila.araujo.alves.16718@example.com,Recife,Técnico de enfermagem,18,25975532157
Gustavo Lima Costa,gustavo.lima.costa.16719@example.com,Niterói,Assistente comercial,26,20333529754
Ana Monteiro Alves,ana.monteiro.alves.16720@example.com,Cuiabá,Padeiro,50,43151649721
Sandra Rocha Alves,sandra.rocha.alves.16721@example.com,Fortaleza,Gerente comercial,54,15609836742
Ricardo Carvalho Souza,ricardo.carvalho.souza.16722@example.com,Londrina,Técnico de segurança do trabalho,31,05497913827
Letícia Araújo Souza,leticia.araujo.souza.16723@example.com,Goiânia,Farmacêutico,29,22343534226
Felipe Lima Castro,felipe.lima.castro.16724@example.com,Dourados,Coordenador de marketing,52,64406541919
Felipe Ribeiro Freitas,felipe.ribeiro.freitas.16725@example.com,Brasília,Encarregado de produção,57,01267365730
Carolina Araújo Dias,carolina.araujo.dias.16726@example.com,Dourados,Recepcionista,65,11473943822
Tatiane Monteiro Cardoso,tatiane.monteiro.cardoso.16727@example.com,Florianópolis,Gerente de tecnologia,59,50830747411
Lucas Barros Rodrigues,lucas.barros.rodrigues.16728@example.com,Natal,Farmacêutico,27,72328341977
Eduardo Pereira Gomes,eduardo.pereira.gomes.16729@example.com,Campinas,Gerente comercial,42,11789593608
Lucas Alves Lima,lucas.alves.lima.16730@example.com,Belém,Eletricista,29,47828955792
Camila Mendes Rodrigues,camila.mendes.rodrigues.16731@example.com,Cuiabá,Analista financeiro,68,22583710171
Camila Moreira Carvalho,camila.moreira.carvalho.16732@example.com,Campinas,Motorista,20,70444821605
Henrique Oliveira Nascimento,henrique.oliveira.nascimento.16733@example.com,São Paulo,Analista financeiro,41,30572799705
Simone Nascimento Costa,simone.nascimento.costa.16734@example.com,Maringá,Analista financeiro,59,93341388825
Juliana Barros Nascimento,juliana.barros.nascimento.16735@example.com,Campo Grande,Líder de equipe,27,00754865887
Vitória Gomes Barros,vitoria.gomes.barros.16736@example.com,Santos,Comprador,30,68614798863
Camila Martins Oliveira,camila.martins.oliveira.16737@example.com,Goiânia,Eletricista,23,40787161025
Carlos Mendes Martins,carlos.mendes.martins.16738@example.com,Porto Alegre,Jornalista,33,29810717889
Vitória Rodrigues Oliveira,vitoria.rodrigues.oliveira.16739@example.com,Cuiabá,Mecânico,62,29921450025
Simone Fernandes Nascimento,simone.fernandes.nascimento.16740@example.com,Cuiabá,Chefe de departamento pessoal,20,48569178891
Mariana Mendes Araújo,mariana.mendes.araujo.16741@example.com,Fortaleza,Supervisor de manutenção,48,89844171280
Sandra Silva Cardoso,sandra.silva.cardoso.16742@example.com,Brasília,Corretor de imóveis,50,95537175603
Vitória Lima Araújo,vitoria.lima.araujo.16743@example.com,Belo Horizonte,Corretor de imóveis,25,66220660172
Patrícia Carvalho Silva,patricia.carvalho.silva.16744@example.com,Rio de Janeiro,Estoquista,42,84419704956
Juliana Fernandes Santos,juliana.fernandes.santos.16745@example.com,Fortaleza,Estoquista,32,46964129768
Camila Carvalho Rodrigues,camila.carvalho.rodrigues.16746@example.com,Belém,Comprador,52,69827571007
Fernanda Souza Rocha,fernanda.souza.rocha.16747@example.com,Sorocaba,Comprador,23,48839754328
Leonardo Monteiro Cardoso,leonardo.monteiro.cardoso.16748@example.com,Natal,Advogado,34,27462598203
Rafael Pereira Martins,rafael.pereira.martins.16749@example.com,Recife,Auxiliar de produção,57,26287777040
Sérgio Pereira Nascimento,sergio.pereira.nascimento.16750@example.com,Recife,Técnico de enfermagem,39,56541351484
Lucas Castro Rodrigues,lucas.castro.rodrigues.16751@example.com,Brasília,Encarregado de produção,30,72593426411
Beatriz Silva Martins,beatriz.silva.martins.16752@example.com,São Paulo,Pedreiro,54,69617369296
Otávio Cardoso Martins,otavio.cardoso.martins.16753@example.com,Rio de Janeiro,Encarregado de produção,67,15348358831
Vinícius Castro Monteiro,vinicius.castro.monteiro.16754@example.com,Brasília,Fisioterapeuta,41,82596368665
Gustavo Nascimento Barros,gustavo.nascimento.barros.16755@example.com,Curitiba,Nutricionista,49,41489057135
Carlos Barros Dias,carlos.barros.dias.16756@example.com,Uberlândia,Professor,49,03625962443
Tatiane Pereira Carvalho,tatiane.pereira.carvalho.16757@example.com,Santos,Fisioterapeuta,35,05848387857
Henrique Pereira Dias,henrique.pereira.dias.16758@example.com,Manaus,Supervisor de atendimento,42,48275912156
Gabriela Nascimento Ribeiro,gabriela.nascimento.ribeiro.16759@example.com,Dourados,Programador,31,73862496897
Henrique Rodrigues Lima,henrique.rodrigues.lima.16760@example.com,Caxias do Sul,Nutricionista,59,01129532017
Beatriz Pereira Mendes,beatriz.pereira.mendes.16761@example.com,Londrina,Jornalista,65,47675179730
Marcelo Cardoso Gomes,marcelo.cardoso.gomes.16762@example.com,Salvador,Gerente de operações,39,05072775532
Otávio Gomes Lima,otavio.gomes.lima.16763@example.com,Campinas,Engenheiro civil,32,65164863504
Diego Freitas Ribeiro,diego.freitas.ribeiro.16764@example.com,Campinas,Diretor de operações,22,35264246551
Pedro Fernandes Lima,pedro.fernandes.lima.16765@example.com,Niterói,Nutricionista,40,56912469900
Carlos Martins Barbosa,carlos.martins.barbosa.16766@example.com,Florianópolis,Diretor de operações,39,55944411200
Lucas Costa Silva,lucas.costa.silva.16767@example.com,Campo Grande,Contador,37,10341981151
Fernanda Ribeiro Barbosa,fernanda.ribeiro.barbosa.16768@example.com,Natal,Auxiliar de produção,61,74122044783
Diego Freitas Gomes,diego.freitas.gomes.16769@example.com,Uberlândia,Chefe de departamento pessoal,20,39644279307
Camila Teixeira Dias,camila.teixeira.dias.16770@example.com,Recife,Analista de marketing,21,30093902557
João Nascimento Gomes,joao.nascimento.gomes.16771@example.com,Belo Horizonte,Técnico de segurança do trabalho,58,88432596646
Camila Barros Barbosa,camila.barros.barbosa.16772@example.com,Campinas,Advogado,47,78035003934
Vinícius Santos Silva,vinicius.santos.silva.16773@example.com,Uberlândia,Contador,57,35288156871
Renata Santos Ribeiro,renata.santos.ribeiro.16774@example.com,Rio de Janeiro,Eletricista,24,48476733024
Rafael Rocha Monteiro,rafael.rocha.monteiro.16775@example.com,Maringá,Gerente de recursos humanos,64,68471086958
Daniela Alves Ribeiro,daniela.alves.ribeiro.16776@example.com,Maringá,Pedreiro,18,23616629853
Carlos Almeida Costa,carlos.almeida.costa.16777@example.com,Curitiba,Padeiro,19,12421287093
Beatriz Almeida Rocha,beatriz.almeida.rocha.16778@example.com,São Paulo,Padeiro,22,98682824941
Simone Carvalho Alves,simone.carvalho.alves.16779@example.com,Goiânia,Motorista,70,83061165622
Débora Lima Oliveira,debora.lima.oliveira.16780@example.com,Porto Alegre,Assistente administrativo,26,93332918233
José Moreira Pereira,jose.moreira.pereira.16781@example.com,Vitória,Gerente de recursos humanos,37,42621952964
Gustavo Cardoso Teixeira,gustavo.cardoso.teixeira.16782@example.com,Joinville,Encarregado de produção,49,41222442292
Sérgio Souza Barros,sergio.souza.barros.16783@example.com,Campo Grande,Coordenador de logística,38,78220490211
Lucas Fernandes Mendes,lucas.fernandes.mendes.16784@example.com,Maringá,Gerente de recursos humanos,45,16079108354
Gustavo Gomes Cardoso,gustavo.gomes.cardoso.16785@example.com,Campinas,Técnico em informática,41,46433304960
Luana Mendes Gomes,luana.mendes.gomes.16786@example.com,Joinville,Assistente comercial,39,45453232881
Vitória Rocha Mendes,vitoria.rocha.mendes.16787@example.com,São Paulo,Jornalista,23,18063332359
Bruno Ribeiro Santos,bruno.ribeiro.santos.16788@example.com,Salvador,Fisioterapeuta,46,99297696041
Carolina Lima Cardoso,carolina.lima.cardoso.16789@example.com,Porto Alegre,Técnico em informática,22,69772664490
Marcelo Castro Carvalho,marcelo.castro.carvalho.16790@example.com,Porto Alegre,Arquiteto,22,44947177949
Vinícius Costa Santos,vinicius.costa.santos.16791@example.com,São Paulo,Engenheiro civil,43,97556994035
Nicolas Rocha Gomes,nicolas.rocha.gomes.16792@example.com,Maringá,Gerente de tecnologia,54,27370156487
Simone Fernandes Gomes,simone.fernandes.gomes.16793@example.com,Fortaleza,Supervisor de qualidade,38,02440612074
Carolina Souza Almeida,carolina.souza.almeida.16794@example.com,Campo Grande,Assistente comercial,44,94021868093
Leonardo Carvalho Dias,leonardo.carvalho.dias.16795@example.com,Londrina,Gerente de recursos humanos,31,83977399745
Beatriz Pereira Almeida,beatriz.pereira.almeida.16796@example.com,Sorocaba,Analista de marketing,34,65210961020
Camila Gomes Monteiro,camila.gomes.monteiro.16797@example.com,Salvador,Chefe de departamento pessoal,51,50961077944
Sérgio Castro Alves,sergio.castro.alves.16798@example.com,Belo Horizonte,Designer gráfico,24,14203445603
Carlos Barbosa Costa,carlos.barbosa.costa.16799@example.com,Santos,Gerente de operações,52,22897502762
Luana Costa Lima,luana.costa.lima.16800@example.com,Vitória,Recepcionista,35,04258825349
José Rodrigues Gomes,jose.rodrigues.gomes.16801@example.com,Dourados,Mecânico,69,72839373501
Aline Souza Gomes,aline.souza.gomes.16802@example.com,Belo Horizonte,Analista de dados,39,93000417184
Simone Rocha Lima,simone.rocha.lima.16803@example.com,Porto Alegre,Chefe de departamento pessoal,64,92986549147
Gabriela Rocha Monteiro,gabriela.rocha.monteiro.16804@example.com,Goiânia,Gerente comercial,45,36952757023
Eduardo Lima Martins,eduardo.lima.martins.16805@example.com,Caxias do Sul,Líder de equipe,23,87922009095
Priscila Mendes Alves,priscila.mendes.alves.16806@example.com,Londrina,Técnico de segurança do trabalho,47,82810020152
Camila Rodrigues Almeida,camila.rodrigues.almeida.16807@example.com,Dourados,Coordenador administrativo,52,84285041633
Nicolas Carvalho Carvalho,nicolas.carvalho.carvalho.16808@example.com,Campinas,Vendedor,67,29472268111
Aline Fernandes Santos,aline.fernandes.santos.16809@example.com,Sorocaba,Gerente de operações,23,52992880512
Bruno Nascimento Nascimento,bruno.nascimento.nascimento.16810@example.com,Florianópolis,Coordenador de logística,63,41016714397
Priscila Costa Barros,priscila.costa.barros.16811@example.com,Dourados,Contador,24,28777716660
Simone Carvalho Nascimento,simone.carvalho.nascimento.16812@example.com,Campo Grande,Padeiro,67,77933665664
Renata Martins Barbosa,renata.martins.barbosa.16813@example.com,Belo Horizonte,Enfermeiro,54,79633907561
Tatiane Carvalho Carvalho,tatiane.carvalho.carvalho.16814@example.com,Maringá,Contador,57,63661956085
Daniela Costa Araújo,daniela.costa.araujo.16815@example.com,Maringá,Advogado,67,25202615726
Marcelo Monteiro Mendes,marcelo.monteiro.mendes.16816@example.com,Santos,Analista de marketing,41,82207084068
Camila Araújo Carvalho,camila.araujo.carvalho.16817@example.com,São Paulo,Pedreiro,39,70053310208
Otávio Fernandes Ribeiro,otavio.fernandes.ribeiro.16818@example.com,Brasília,Coordenador de logística,41,58884793343
Igor Santos Araújo,igor.santos.araujo.16819@example.com,Brasília,Designer gráfico,68,21638063702
Bruno Gomes Araújo,bruno.gomes.araujo.16820@example.com,Santos,Supervisor de manutenção,23,85860178860
Felipe Castro Rocha,felipe.castro.rocha.16821@example.com,Uberlândia,Nutricionista,49,35936916782
Nicolas Barbosa Freitas,nicolas.barbosa.freitas.16822@example.com,Manaus,Motorista,70,84590319173
Camila Mendes Barbosa,camila.mendes.barbosa.16823@example.com,Niterói,Analista de dados,50,28432339942
Leonardo Gomes Ribeiro,leonardo.gomes.ribeiro.16824@example.com,Belém,Líder de equipe,44,70053887125
Sandra Rodrigues Freitas,sandra.rodrigues.freitas.16825@example.com,Londrina,Estoquista,67,01591580758
Mariana Freitas Fernandes,mariana.freitas.fernandes.16826@example.com,Florianópolis,Supervisor de qualidade,37,96797905383
Vinícius Mendes Dias,vinicius.mendes.dias.16827@example.com,Uberlândia,Advogado,42,26282946245
Diego Dias Rocha,diego.dias.rocha.16828@example.com,Porto Alegre,Assistente administrativo,26,15448639856
João Carvalho Cardoso,joao.carvalho.cardoso.16829@example.com,Dourados,Gerente de operações,45,19819418568
Rafael Barros Costa,rafael.barros.costa.16830@example.com,Uberlândia,Chefe de compras,68,56056861562
Aline Martins Costa,aline.martins.costa.16831@example.com,Recife,Técnico de enfermagem,22,48343844184
Lucas Castro Costa,lucas.castro.costa.16832@example.com,Caxias do Sul,Mecânico,44,26475808258
Otávio Carvalho Fernandes,otavio.carvalho.fernandes.16833@example.com,Fortaleza,Supervisor de vendas,29,40130220064
Aline Teixeira Carvalho,aline.teixeira.carvalho.16834@example.com,Brasília,Programador,60,02257998760
Felipe Teixeira Pereira,felipe.teixeira.pereira.16835@example.com,Rio de Janeiro,Professor,66,04885097506
Larissa Gomes Carvalho,larissa.gomes.carvalho.16836@example.com,Manaus,Técnico de enfermagem,18,16125443792
Carolina Teixeira Cardoso,carolina.teixeira.cardoso.16837@example.com,Campo Grande,Engenheiro civil,44,66463090271
Gabriela Santos Dias,gabriela.santos.dias.16838@example.com,Santos,Contador,29,74768841454
Patrícia Alves Rodrigues,patricia.alves.rodrigues.16839@example.com,Santos,Coordenador de logística,57,32174599507
Ana Carvalho Araújo,ana.carvalho.araujo.16840@example.com,Brasília,Cozinheiro,39,78769168992
Gustavo Rocha Alves,gustavo.rocha.alves.16841@example.com,Manaus,Designer gráfico,35,38015891900
Henrique Monteiro Castro,henrique.monteiro.castro.16842@example.com,Goiânia,Coordenador de marketing,60,26878915248
Carlos Ribeiro Almeida,carlos.ribeiro.almeida.16843@example.com,Niterói,Arquiteto,43,98440309424
Vanessa Freitas Santos,vanessa.freitas.santos.16844@example.com,Porto Alegre,Mecânico,48,08463243415
Pedro Santos Monteiro,pedro.santos.monteiro.16845@example.com,Dourados,Chefe de compras,70,07365632173
Lucas Lima Santos,lucas.lima.santos.16846@example.com,Belém,Atendente,59,46577563561
Daniela Dias Costa,daniela.dias.costa.16847@example.com,Londrina,Analista de recursos humanos,34,82522089521
Luana Fernandes Monteiro,luana.fernandes.monteiro.16848@example.com,Cuiabá,Assistente administrativo,37,90569570388
Ana Almeida Moreira,ana.almeida.moreira.16849@example.com,São Paulo,Técnico em informática,35,11529835021
Letícia Dias Freitas,leticia.dias.freitas.16850@example.com,Dourados,Contador,65,99801607400
Sérgio Dias Oliveira,sergio.dias.oliveira.16851@example.com,Vitória,Coordenador administrativo,26,45163578180
Vitória Teixeira Alves,vitoria.teixeira.alves.16852@example.com,Maringá,Assistente comercial,35,06852962994
Bruno Moreira Barros,bruno.moreira.barros.16853@example.com,Rio de Janeiro,Padeiro,69,93885373301
Simone Teixeira Freitas,simone.teixeira.freitas.16854@example.com,Rondonópolis,Fisioterapeuta,43,89188779073
Bruno Lima Almeida,bruno.lima.almeida.16855@example.com,Natal,Técnico de enfermagem,36,30402442654
Gabriela Silva Cardoso,gabriela.silva.cardoso.16856@example.com,Belém,Programador,42,88948410555
Felipe Alves Costa,felipe.alves.costa.16857@example.com,Fortaleza,Analista de dados,59,86903791904
Tatiane Castro Rodrigues,tatiane.castro.rodrigues.16858@example.com,Belo Horizonte,Gerente de operações,63,51461947639
Sandra Carvalho Pereira,sandra.carvalho.pereira.16859@example.com,Florianópolis,Auxiliar de produção,66,07662841714
Ricardo Cardoso Rocha,ricardo.cardoso.rocha.16860@example.com,São Paulo,Jornalista,51,36472343716
Beatriz Nascimento Monteiro,beatriz.nascimento.monteiro.16861@example.com,Santos,Analista financeiro,47,75758746822
Priscila Mendes Martins,priscila.mendes.martins.16862@example.com,Florianópolis,Técnico de segurança do trabalho,60,18013869256
Aline Nascimento Santos,aline.nascimento.santos.16863@example.com,Sorocaba,Supervisor de vendas,55,51454837785
Ana Silva Nascimento,ana.silva.nascimento.16864@example.com,Sorocaba,Vendedor,47,64777136002
Sérgio Pereira Costa,sergio.pereira.costa.16865@example.com,Rondonópolis,Assistente administrativo,65,74979816531
Rafael Moreira Gomes,rafael.moreira.gomes.16866@example.com,Dourados,Técnico de enfermagem,51,35113329627
Daniela Freitas Teixeira,daniela.freitas.teixeira.16867@example.com,Manaus,Comprador,29,92905370110
Leonardo Castro Alves,leonardo.castro.alves.16868@example.com,Joinville,Técnico em informática,22,18235437864
Carolina Cardoso Santos,carolina.cardoso.santos.16869@example.com,Salvador,Mecânico,47,13644834755
Leonardo Castro Moreira,leonardo.castro.moreira.16870@example.com,Niterói,Analista de recursos humanos,59,01484218694
Tatiane Costa Lima,tatiane.costa.lima.16871@example.com,Maringá,Professor,19,89838937464
Ricardo Carvalho Dias,ricardo.carvalho.dias.16872@example.com,Natal,Gerente de operações,33,74098344171
Sérgio Nascimento Fernandes,sergio.nascimento.fernandes.16873@example.com,Vitória,Atendente,40,14815697860
Mariana Alves Almeida,mariana.alves.almeida.16874@example.com,Londrina,Analista financeiro,65,03546176011
Paulo Castro Silva,paulo.castro.silva.16875@example.com,Uberlândia,Enfermeiro,49,44920166094
Luana Freitas Fernandes,luana.freitas.fernandes.16876@example.com,Curitiba,Chefe de almoxarifado,65,38730531475
Vanessa Costa Rodrigues,vanessa.costa.rodrigues.16877@example.com,Natal,Nutricionista,44,61406468930
Priscila Fernandes Castro,priscila.fernandes.castro.16878@example.com,Rio de Janeiro,Gerente de recursos humanos,46,20248689514
Ricardo Teixeira Souza,ricardo.teixeira.souza.16879@example.com,Londrina,Cozinheiro,48,40451786742
Vinícius Barbosa Barros,vinicius.barbosa.barros.16880@example.com,Cuiabá,Farmacêutico,60,42128880707
Ricardo Moreira Freitas,ricardo.moreira.freitas.16881@example.com,Porto Alegre,Supervisor de vendas,59,30627032296
Igor Lima Araújo,igor.lima.araujo.16882@example.com,Niterói,Diretor comercial,22,16830809144
Gabriel Carvalho Oliveira,gabriel.carvalho.oliveira.16883@example.com,Campo Grande,Diretor comercial,34,23272550771
Paulo Ribeiro Gomes,paulo.ribeiro.gomes.16884@example.com,Caxias do Sul,Engenheiro civil,38,98102668165
Larissa Barbosa Monteiro,larissa.barbosa.monteiro.16885@example.com,Niterói,Analista de recursos humanos,69,19956282001
Vinícius Dias Almeida,vinicius.dias.almeida.16886@example.com,Porto Alegre,Analista de marketing,47,06061093662
Bruno Oliveira Martins,bruno.oliveira.martins.16887@example.com,Rondonópolis,Gerente de operações,32,06957087048
João Lima Freitas,joao.lima.freitas.16888@example.com,Maringá,Padeiro,67,04649955680
Felipe Silva Monteiro,felipe.silva.monteiro.16889@example.com,Caxias do Sul,Padeiro,58,38196995512
Ricardo Nascimento Gomes,ricardo.nascimento.gomes.16890@example.com,Brasília,Cozinheiro,52,43786304020
Simone Silva Costa,simone.silva.costa.16891@example.com,Uberlândia,Comprador,59,27919408302
Priscila Alves Martins,priscila.alves.martins.16892@example.com,Goiânia,Supervisor de vendas,62,97312253157
Carolina Barros Santos,carolina.barros.santos.16893@example.com,Curitiba,Programador,48,58416129636
Débora Martins Dias,debora.martins.dias.16894@example.com,Natal,Designer gráfico,46,42733523801
Sandra Araújo Souza,sandra.araujo.souza.16895@example.com,Manaus,Líder de equipe,52,16222571319
Lucas Freitas Monteiro,lucas.freitas.monteiro.16896@example.com,Joinville,Gerente de recursos humanos,37,77618647695
Felipe Dias Cardoso,felipe.dias.cardoso.16897@example.com,Goiânia,Chefe de compras,23,90087405374
Ana Castro Barros,ana.castro.barros.16898@example.com,Manaus,Motorista,59,35657687286
Vinícius Fernandes Barros,vinicius.fernandes.barros.16899@example.com,Sorocaba,Farmacêutico,24,03326988887
José Costa Monteiro,jose.costa.monteiro.16900@example.com,Sorocaba,Recepcionista,32,92340890169
Daniela Araújo Costa,daniela.araujo.costa.16901@example.com,Natal,Assistente administrativo,24,71201812214
Mariana Teixeira Alves,mariana.teixeira.alves.16902@example.com,Curitiba,Coordenador administrativo,59,59994274452
Priscila Nascimento Silva,priscila.nascimento.silva.16903@example.com,Fortaleza,Coordenador de produção,23,57793736008
Sandra Castro Cardoso,sandra.castro.cardoso.16904@example.com,Belém,Líder de equipe,70,29288946328
Leonardo Costa Moreira,leonardo.costa.moreira.16905@example.com,Dourados,Gerente de tecnologia,48,50148482183
Diego Rodrigues Silva,diego.rodrigues.silva.16906@example.com,Niterói,Encarregado de produção,66,57685867211
Igor Dias Pereira,igor.dias.pereira.16907@example.com,Joinville,Mecânico,44,24953065597
Vanessa Rodrigues Costa,vanessa.rodrigues.costa.16908@example.com,Belo Horizonte,Engenheiro civil,20,62097666203
Luana Teixeira Nascimento,luana.teixeira.nascimento.16909@example.com,Salvador,Supervisor de vendas,63,11590759237
Renata Santos Gomes,renata.santos.gomes.16910@example.com,Manaus,Assistente comercial,35,31134735428
José Freitas Barros,jose.freitas.barros.16911@example.com,Cuiabá,Arquiteto,56,15630189257
Pedro Monteiro Santos,pedro.monteiro.santos.16912@example.com,Dourados,Professor,54,87382982712
Daniela Castro Santos,daniela.castro.santos.16913@example.com,Belém,Gerente de tecnologia,19,30504020437
Renata Barros Mendes,renata.barros.mendes.16914@example.com,São Paulo,Coordenador de produção,53,22447412775
Ana Silva Mendes,ana.silva.mendes.16915@example.com,Santos,Técnico de enfermagem,60,85175973687
Gustavo Souza Moreira,gustavo.souza.moreira.16916@example.com,Florianópolis,Supervisor de qualidade,61,73188869890
Eduardo Almeida Ribeiro,eduardo.almeida.ribeiro.16917@example.com,Florianópolis,Professor,30,36477307600
Renata Moreira Nascimento,renata.moreira.nascimento.16918@example.com,Rondonópolis,Corretor de imóveis,28,44978175346
Camila Barros Mendes,camila.barros.mendes.16919@example.com,Caxias do Sul,Analista de recursos humanos,53,97272596323
Ana Araújo Barros,ana.araujo.barros.16920@example.com,Brasília,Técnico de segurança do trabalho,44,51931373600
Carolina Almeida Cardoso,carolina.almeida.cardoso.16921@example.com,Sorocaba,Mecânico,23,05419166568
Patrícia Cardoso Castro,patricia.cardoso.castro.16922@example.com,Florianópolis,Jornalista,67,94563253504
Felipe Nascimento Rocha,felipe.nascimento.rocha.16923@example.com,Goiânia,Assistente administrativo,45,55673545632
Amanda Cardoso Alves,amanda.cardoso.alves.16924@example.com,Santos,Supervisor de manutenção,61,01497071573
Gustavo Rocha Rocha,gustavo.rocha.rocha.16925@example.com,Belém,Coordenador de marketing,24,51777669637
Bruno Santos Castro,bruno.santos.castro.16926@example.com,Niterói,Engenheiro civil,30,43928083190
Ricardo Silva Ribeiro,ricardo.silva.ribeiro.16927@example.com,Fortaleza,Diretor de operações,25,59320350184
Marcelo Souza Araújo,marcelo.souza.araujo.16928@example.com,Dourados,Engenheiro civil,63,27309307699
Henrique Ribeiro Barros,henrique.ribeiro.barros.16929@example.com,Belo Horizonte,Analista de recursos humanos,45,68128556529
Aline Rocha Mendes,aline.rocha.mendes.16930@example.com,Niterói,Programador,24,38111165504
Leonardo Freitas Barros,leonardo.freitas.barros.16931@example.com,Rio de Janeiro,Atendente,19,45934745317
Vanessa Carvalho Santos,vanessa.carvalho.santos.16932@example.com,Dourados,Atendente,56,55645115048
Sandra Freitas Rocha,sandra.freitas.rocha.16933@example.com,Joinville,Contador,30,05741370733
Leonardo Freitas Silva,leonardo.freitas.silva.16934@example.com,Santos,Chefe de departamento pessoal,51,77493906595
Camila Mendes Fernandes,camila.mendes.fernandes.16935@example.com,Rondonópolis,Gerente financeiro,59,88330034000
Henrique Moreira Teixeira,henrique.moreira.teixeira.16936@example.com,Florianópolis,Motorista,69,43725423676
Pedro Castro Mendes,pedro.castro.mendes.16937@example.com,Niterói,Vendedor,31,67546049363
Fernanda Gomes Barros,fernanda.gomes.barros.16938@example.com,Vitória,Arquiteto,48,92551428225
Ricardo Souza Rodrigues,ricardo.souza.rodrigues.16939@example.com,Recife,Coordenador de marketing,66,94013352033
Débora Freitas Mendes,debora.freitas.mendes.16940@example.com,Fortaleza,Chefe de compras,26,76673674439
Igor Cardoso Carvalho,igor.cardoso.carvalho.16941@example.com,Campo Grande,Diretor de operações,24,06158270672
Otávio Rocha Teixeira,otavio.rocha.teixeira.16942@example.com,Campo Grande,Auxiliar de produção,62,83975692951
Vinícius Gomes Araújo,vinicius.gomes.araujo.16943@example.com,Brasília,Assistente administrativo,68,23758448616
Mariana Freitas Martins,mariana.freitas.martins.16944@example.com,Natal,Cozinheiro,70,06896182687
Pedro Rocha Mendes,pedro.rocha.mendes.16945@example.com,Goiânia,Coordenador administrativo,61,48706948248
Henrique Barros Souza,henrique.barros.souza.16946@example.com,Belém,Líder de equipe,45,80640925342
Tatiane Nascimento Freitas,tatiane.nascimento.freitas.16947@example.com,Santos,Diretor de operações,18,02794846597
Luana Fernandes Rodrigues,luana.fernandes.rodrigues.16948@example.com,Goiânia,Operador de caixa,25,81948964904
Tatiane Silva Carvalho,tatiane.silva.carvalho.16949@example.com,Brasília,Padeiro,37,47675774636
Carlos Santos Alves,carlos.santos.alves.16950@example.com,Uberlândia,Eletricista,43,09686078177
Lucas Cardoso Moreira,lucas.cardoso.moreira.16951@example.com,Recife,Vendedor,60,49558754755
Pedro Dias Alves,pedro.dias.alves.16952@example.com,Campinas,Cozinheiro,59,62115539756
Carolina Martins Carvalho,carolina.martins.carvalho.16953@example.com,Belém,Coordenador de produção,60,30539680851
Priscila Silva Alves,priscila.silva.alves.16954@example.com,Niterói,Contador,19,31559649543
Larissa Costa Rodrigues,larissa.costa.rodrigues.16955@example.com,Caxias do Sul,Fisioterapeuta,23,85204828293
Luana Araújo Costa,luana.araujo.costa.16956@example.com,Campo Grande,Comprador,69,17116991071
Ricardo Oliveira Moreira,ricardo.oliveira.moreira.16957@example.com,Curitiba,Designer gráfico,46,29612850422
Leonardo Gomes Ribeiro,leonardo.gomes.ribeiro.16958@example.com,Recife,Eletricista,56,77520110178
José Fernandes Costa,jose.fernandes.costa.16959@example.com,Santos,Eletricista,50,62417535282
Larissa Santos Freitas,larissa.santos.freitas.16960@example.com,Natal,Analista de dados,23,55172676502
Ana Mendes Teixeira,ana.mendes.teixeira.16961@example.com,Maringá,Analista financeiro,62,49834954480
Daniela Araújo Pereira,daniela.araujo.pereira.16962@example.com,Vitória,Supervisor de qualidade,47,82322700306
Mariana Ribeiro Santos,mariana.ribeiro.santos.16963@example.com,Rondonópolis,Supervisor de qualidade,18,89811033749
Gabriela Monteiro Alves,gabriela.monteiro.alves.16964@example.com,Uberlândia,Estoquista,31,53699980911
Vanessa Gomes Freitas,vanessa.gomes.freitas.16965@example.com,Porto Alegre,Assistente administrativo,24,51226173716
Gabriel Almeida Fernandes,gabriel.almeida.fernandes.16966@example.com,Maringá,Coordenador de logística,27,11626873646
Sandra Fernandes Barbosa,sandra.fernandes.barbosa.16967@example.com,Porto Alegre,Gerente comercial,18,70230145072
João Nascimento Fernandes,joao.nascimento.fernandes.16968@example.com,Manaus,Analista de marketing,65,69223705668
Ana Teixeira Moreira,ana.teixeira.moreira.16969@example.com,Campinas,Coordenador de logística,22,46271263225
Marcelo Fernandes Freitas,marcelo.fernandes.freitas.16970@example.com,Uberlândia,Atendente,67,25100406523
Renata Costa Santos,renata.costa.santos.16971@example.com,Cuiabá,Motorista,19,26505741964
Tatiane Barros Barros,tatiane.barros.barros.16972@example.com,Belo Horizonte,Líder de equipe,29,57336802313
Vitória Teixeira Silva,vitoria.teixeira.silva.16973@example.com,Salvador,Supervisor de atendimento,69,98721340271
Amanda Rodrigues Carvalho,amanda.rodrigues.carvalho.16974@example.com,Brasília,Assistente comercial,26,17948245249
Letícia Monteiro Gomes,leticia.monteiro.gomes.16975@example.com,Campinas,Advogado,45,46421232584
Camila Nascimento Fernandes,camila.nascimento.fernandes.16976@example.com,Fortaleza,Fisioterapeuta,25,33567700169
Débora Ribeiro Almeida,debora.ribeiro.almeida.16977@example.com,Santos,Coordenador de produção,42,82420172510
Ana Freitas Moreira,ana.freitas.moreira.16978@example.com,Joinville,Analista de recursos humanos,45,69515864629
Patrícia Costa Gomes,patricia.costa.gomes.16979@example.com,Vitória,Atendente,20,52782865212
Letícia Mendes Carvalho,leticia.mendes.carvalho.16980@example.com,Rondonópolis,Motorista,25,00005027393
Igor Cardoso Barros,igor.cardoso.barros.16981@example.com,Recife,Técnico de enfermagem,38,12841938452
Rafael Almeida Barbosa,rafael.almeida.barbosa.16982@example.com,Sorocaba,Gerente comercial,59,32506627549
Sérgio Alves Araújo,sergio.alves.araujo.16983@example.com,Campinas,Contador,55,71084763470
Carolina Lima Martins,carolina.lima.martins.16984@example.com,Rondonópolis,Supervisor de qualidade,70,86769573325
Lucas Teixeira Alves,lucas.teixeira.alves.16985@example.com,Rio de Janeiro,Auxiliar de produção,63,17975479736
Letícia Rodrigues Costa,leticia.rodrigues.costa.16986@example.com,São Paulo,Diretor comercial,44,29835555073
Amanda Teixeira Santos,amanda.teixeira.santos.16987@example.com,Recife,Enfermeiro,26,87142922812
Ana Dias Cardoso,ana.dias.cardoso.16988@example.com,Salvador,Programador,18,48355087076
Bruno Santos Rocha,bruno.santos.rocha.16989@example.com,Caxias do Sul,Técnico de enfermagem,46,04030716701
Patrícia Martins Freitas,patricia.martins.freitas.16990@example.com,Caxias do Sul,Contador,31,64325289281
Carlos Pereira Nascimento,carlos.pereira.nascimento.16991@example.com,Niterói,Auxiliar de produção,44,59583996730
Gabriela Dias Monteiro,gabriela.dias.monteiro.16992@example.com,Maringá,Técnico de segurança do trabalho,43,50546142512
Otávio Barbosa Almeida,otavio.barbosa.almeida.16993@example.com,Rio de Janeiro,Enfermeiro,31,50275727067
Paulo Lima Dias,paulo.lima.dias.16994@example.com,Goiânia,Cozinheiro,55,40189037515
Vitória Rocha Cardoso,vitoria.rocha.cardoso.16995@example.com,Campinas,Nutricionista,44,94302111575
Marcelo Dias Pereira,marcelo.dias.pereira.16996@example.com,Niterói,Farmacêutico,38,81322155580
Marcelo Gomes Carvalho,marcelo.gomes.carvalho.16997@example.com,Manaus,Assistente comercial,64,38115858117
Tatiane Fernandes Teixeira,tatiane.fernandes.teixeira.16998@example.com,Campo Grande,Encarregado de produção,59,29606813980
Diego Dias Barbosa,diego.dias.barbosa.16999@example.com,Fortaleza,Supervisor de manutenção,43,95406463208
Débora Rocha Martins,debora.rocha.martins.17000@example.com,Curitiba,Operador de caixa,67,21644747509
Beatriz Oliveira Mendes,beatriz.oliveira.mendes.17001@example.com,Campinas,Coordenador de produção,54,99138408421
Eduardo Barbosa Santos,eduardo.barbosa.santos.17002@example.com,Manaus,Líder de equipe,31,34574650054
Carolina Alves Barbosa,carolina.alves.barbosa.17003@example.com,Natal,Eletricista,32,41738275319
Felipe Nascimento Monteiro,felipe.nascimento.monteiro.17004@example.com,Rio de Janeiro,Gerente de recursos humanos,35,44473875562
Sandra Santos Martins,sandra.santos.martins.17005@example.com,Belo Horizonte,Assistente administrativo,24,71943423198
Thiago Castro Freitas,thiago.castro.freitas.17006@example.com,Natal,Professor,19,73434871789
Vinícius Ribeiro Nascimento,vinicius.ribeiro.nascimento.17007@example.com,Salvador,Gerente comercial,30,81020274097
Fernanda Almeida Lima,fernanda.almeida.lima.17008@example.com,Campo Grande,Chefe de almoxarifado,42,12351911782
Larissa Moreira Carvalho,larissa.moreira.carvalho.17009@example.com,Brasília,Fisioterapeuta,44,27889686668
Gustavo Monteiro Moreira,gustavo.monteiro.moreira.17010@example.com,Niterói,Coordenador de logística,46,87582700406
José Castro Mendes,jose.castro.mendes.17011@example.com,Santos,Coordenador administrativo,18,70565482000
Paulo Araújo Castro,paulo.araujo.castro.17012@example.com,Cuiabá,Arquiteto,19,24953763782
Marcelo Fernandes Teixeira,marcelo.fernandes.teixeira.17013@example.com,Caxias do Sul,Coordenador de logística,34,85276533926
Igor Fernandes Castro,igor.fernandes.castro.17014@example.com,Rio de Janeiro,Técnico de enfermagem,27,51579830392
Lucas Freitas Nascimento,lucas.freitas.nascimento.17015@example.com,Dourados,Assistente administrativo,46,57433077712
Priscila Dias Freitas,priscila.dias.freitas.17016@example.com,São Paulo,Vendedor,63,92869819004
Thiago Mendes Rodrigues,thiago.mendes.rodrigues.17017@example.com,Joinville,Chefe de almoxarifado,20,34185057827
Débora Rocha Teixeira,debora.rocha.teixeira.17018@example.com,Brasília,Analista de recursos humanos,66,67499872517
Felipe Oliveira Alves,felipe.oliveira.alves.17019@example.com,Niterói,Líder de equipe,38,63794396901
Diego Fernandes Gomes,diego.fernandes.gomes.17020@example.com,Rio de Janeiro,Supervisor de vendas,30,34576351668
Carlos Mendes Almeida,carlos.mendes.almeida.17021@example.com,Florianópolis,Líder de equipe,18,97524174382
Aline Fernandes Martins,aline.fernandes.martins.17022@example.com,Brasília,Gerente de operações,29,41192927206
Amanda Nascimento Monteiro,amanda.nascimento.monteiro.17023@example.com,Uberlândia,Recepcionista,32,93304312724
Débora Castro Moreira,debora.castro.moreira.17024@example.com,Rondonópolis,Comprador,29,72065702304
Sérgio Almeida Martins,sergio.almeida.martins.17025@example.com,Vitória,Contador,43,31772813163
Carlos Monteiro Carvalho,carlos.monteiro.carvalho.17026@example.com,Niterói,Fisioterapeuta,53,98323914385
Leonardo Freitas Alves,leonardo.freitas.alves.17027@example.com,Florianópolis,Assistente administrativo,62,98516652754
Luana Lima Moreira,luana.lima.moreira.17028@example.com,Curitiba,Chefe de almoxarifado,70,34529779617
Gabriel Costa Fernandes,gabriel.costa.fernandes.17029@example.com,Cuiabá,Chefe de compras,54,82254817020
Ana Teixeira Martins,ana.teixeira.martins.17030@example.com,Santos,Supervisor de manutenção,37,29585916581
Diego Souza Dias,diego.souza.dias.17031@example.com,Fortaleza,Atendente,59,90444413161
Vitória Barros Castro,vitoria.barros.castro.17032@example.com,Natal,Gerente de recursos humanos,30,62646957787
Nicolas Nascimento Ribeiro,nicolas.nascimento.ribeiro.17033@example.com,Curitiba,Nutricionista,32,14474378878
Thiago Santos Rocha,thiago.santos.rocha.17034@example.com,Belém,Supervisor de qualidade,61,67874982969
Daniela Barros Silva,daniela.barros.silva.17035@example.com,Salvador,Supervisor de vendas,68,65408101627
Ricardo Moreira Ribeiro,ricardo.moreira.ribeiro.17036@example.com,Florianópolis,Fisioterapeuta,39,64366353576
Débora Mendes Teixeira,debora.mendes.teixeira.17037@example.com,Joinville,Chefe de compras,55,25049194392
Amanda Silva Martins,amanda.silva.martins.17038@example.com,Santos,Jornalista,27,92515933517
Henrique Nascimento Martins,henrique.nascimento.martins.17039@example.com,Brasília,Analista financeiro,67,85875955902
Bruno Barros Almeida,bruno.barros.almeida.17040@example.com,Campo Grande,Eletricista,20,30312251217
Beatriz Barbosa Nascimento,beatriz.barbosa.nascimento.17041@example.com,Londrina,Gerente de tecnologia,60,24462726576
Mariana Dias Silva,mariana.dias.silva.17042@example.com,Belo Horizonte,Assistente comercial,44,96033689892
Otávio Pereira Barros,otavio.pereira.barros.17043@example.com,Manaus,Gerente financeiro,66,49550984068
Ana Monteiro Santos,ana.monteiro.santos.17044@example.com,Sorocaba,Supervisor de atendimento,33,44374209141
Henrique Souza Ribeiro,henrique.souza.ribeiro.17045@example.com,Brasília,Padeiro,67,15016109743
Renata Pereira Santos,renata.pereira.santos.17046@example.com,Manaus,Diretor comercial,23,59916327186
Juliana Souza Almeida,juliana.souza.almeida.17047@example.com,Santos,Comprador,35,99343860946
Carlos Ribeiro Silva,carlos.ribeiro.silva.17048@example.com,Curitiba,Técnico de segurança do trabalho,34,62170532351
Pedro Castro Santos,pedro.castro.santos.17049@example.com,Joinville,Analista financeiro,25,95340108399
Diego Rodrigues Oliveira,diego.rodrigues.oliveira.17050@example.com,Uberlândia,Advogado,61,61883374290
Fernanda Carvalho Gomes,fernanda.carvalho.gomes.17051@example.com,Rondonópolis,Analista financeiro,40,41965081793
Leonardo Carvalho Dias,leonardo.carvalho.dias.17052@example.com,Dourados,Analista de dados,42,92740943028
Sandra Lima Ribeiro,sandra.lima.ribeiro.17053@example.com,Londrina,Padeiro,47,51122946841
Sandra Pereira Araújo,sandra.pereira.araujo.17054@example.com,Rio de Janeiro,Comprador,48,89395732323
Bruno Mendes Fernandes,bruno.mendes.fernandes.17055@example.com,Dourados,Gerente comercial,40,77378937264
Gustavo Cardoso Freitas,gustavo.cardoso.freitas.17056@example.com,Goiânia,Chefe de almoxarifado,36,84399201532
Amanda Mendes Castro,amanda.mendes.castro.17057@example.com,Sorocaba,Advogado,27,81020095620
Carolina Lima Pereira,carolina.lima.pereira.17058@example.com,Fortaleza,Eletricista,48,23925333562
Sandra Carvalho Nascimento,sandra.carvalho.nascimento.17059@example.com,Sorocaba,Farmacêutico,64,23031642318
Camila Rocha Alves,camila.rocha.alves.17060@example.com,Rondonópolis,Programador,65,27167801306
Tatiane Gomes Almeida,tatiane.gomes.almeida.17061@example.com,Sorocaba,Analista financeiro,45,79697904917
Ana Martins Nascimento,ana.martins.nascimento.17062@example.com,Niterói,Padeiro,53,08067293736
Pedro Santos Lima,pedro.santos.lima.17063@example.com,Fortaleza,Motorista,23,70617227139
Henrique Souza Barros,henrique.souza.barros.17064@example.com,Belo Horizonte,Comprador,54,42057089430
Carlos Santos Souza,carlos.santos.souza.17065@example.com,Manaus,Chefe de departamento pessoal,54,62521874617
Diego Cardoso Martins,diego.cardoso.martins.17066@example.com,Campo Grande,Encarregado de produção,68,14000634357
Carolina Ribeiro Barbosa,carolina.ribeiro.barbosa.17067@example.com,Campo Grande,Atendente,66,81554969423
Leonardo Rodrigues Monteiro,leonardo.rodrigues.monteiro.17068@example.com,Dourados,Programador,61,54381523401
Amanda Costa Alves,amanda.costa.alves.17069@example.com,Recife,Diretor de operações,50,44435348338
José Rodrigues Freitas,jose.rodrigues.freitas.17070@example.com,Belo Horizonte,Nutricionista,27,82105727075
Gabriela Teixeira Monteiro,gabriela.teixeira.monteiro.17071@example.com,Maringá,Comprador,42,28995321658
Luana Araújo Souza,luana.araujo.souza.17072@example.com,Rio de Janeiro,Auxiliar de produção,52,51510965149
Marcelo Cardoso Fernandes,marcelo.cardoso.fernandes.17073@example.com,Brasília,Analista de marketing,70,33823320159
Beatriz Rocha Barbosa,beatriz.rocha.barbosa.17074@example.com,Curitiba,Auxiliar de produção,28,63455730346
Igor Carvalho Rodrigues,igor.carvalho.rodrigues.17075@example.com,Sorocaba,Supervisor de manutenção,53,90510235605
Renata Souza Rodrigues,renata.souza.rodrigues.17076@example.com,Belo Horizonte,Mecânico,62,23442939608
Aline Cardoso Freitas,aline.cardoso.freitas.17077@example.com,Fortaleza,Programador,43,92414369545
Priscila Rocha Alves,priscila.rocha.alves.17078@example.com,Niterói,Assistente administrativo,36,22475742369
Rafael Barros Alves,rafael.barros.alves.17079@example.com,Rondonópolis,Farmacêutico,32,36714063681
Luana Teixeira Oliveira,luana.teixeira.oliveira.17080@example.com,Recife,Supervisor de qualidade,64,99751012892
Otávio Castro Alves,otavio.castro.alves.17081@example.com,Rio de Janeiro,Operador de caixa,61,75664341669
Patrícia Carvalho Souza,patricia.carvalho.souza.17082@example.com,Joinville,Coordenador de logística,47,53820352650
Ana Gomes Cardoso,ana.gomes.cardoso.17083@example.com,Belo Horizonte,Supervisor de manutenção,57,22667168579
Larissa Freitas Martins,larissa.freitas.martins.17084@example.com,Belo Horizonte,Coordenador administrativo,39,06303975422
Ana Gomes Teixeira,ana.gomes.teixeira.17085@example.com,Sorocaba,Assistente comercial,47,72052381745
Gustavo Almeida Barros,gustavo.almeida.barros.17086@example.com,Dourados,Cozinheiro,20,84537426971
José Moreira Dias,jose.moreira.dias.17087@example.com,Campo Grande,Vendedor,41,36645481372
Otávio Mendes Pereira,otavio.mendes.pereira.17088@example.com,Maringá,Supervisor de qualidade,46,95213079747
Carolina Alves Oliveira,carolina.alves.oliveira.17089@example.com,Salvador,Designer gráfico,34,73478650321
Igor Silva Gomes,igor.silva.gomes.17090@example.com,Rondonópolis,Chefe de departamento pessoal,32,74864597118
Paulo Costa Martins,paulo.costa.martins.17091@example.com,Niterói,Analista financeiro,38,85112462593
Nicolas Souza Araújo,nicolas.souza.araujo.17092@example.com,Dourados,Eletricista,19,69790245447
Carlos Rodrigues Almeida,carlos.rodrigues.almeida.17093@example.com,Niterói,Fisioterapeuta,37,19917325232
Eduardo Silva Silva,eduardo.silva.silva.17094@example.com,Florianópolis,Programador,55,32035103607
Camila Silva Ribeiro,camila.silva.ribeiro.17095@example.com,Cuiabá,Jornalista,27,27245137170
Juliana Barros Cardoso,juliana.barros.cardoso.17096@example.com,Porto Alegre,Cozinheiro,23,82811384030
Mariana Oliveira Costa,mariana.oliveira.costa.17097@example.com,Porto Alegre,Recepcionista,34,67675089693
Leonardo Almeida Cardoso,leonardo.almeida.cardoso.17098@example.com,Uberlândia,Atendente,61,09834255745
Fernanda Almeida Castro,fernanda.almeida.castro.17099@example.com,Santos,Encarregado de produção,42,34416378546
Nicolas Lima Souza,nicolas.lima.souza.17100@example.com,Belém,Coordenador de marketing,58,71650235229
Lucas Barros Dias,lucas.barros.dias.17101@example.com,Fortaleza,Gerente de tecnologia,53,22648079855
Camila Santos Rocha,camila.santos.rocha.17102@example.com,Sorocaba,Gerente de recursos humanos,66,52936086297
Camila Fernandes Almeida,camila.fernandes.almeida.17103@example.com,Vitória,Coordenador de produção,39,29634833244
Patrícia Almeida Barros,patricia.almeida.barros.17104@example.com,Niterói,Gerente de operações,55,57835810054
Aline Cardoso Carvalho,aline.cardoso.carvalho.17105@example.com,Manaus,Encarregado de produção,39,30061803864
Renata Araújo Teixeira,renata.araujo.teixeira.17106@example.com,Belém,Jornalista,36,10150428207
Camila Martins Freitas,camila.martins.freitas.17107@example.com,Brasília,Coordenador administrativo,39,16894779082
Patrícia Alves Carvalho,patricia.alves.carvalho.17108@example.com,Sorocaba,Assistente comercial,45,83472572279
Simone Almeida Araújo,simone.almeida.araujo.17109@example.com,Niterói,Chefe de almoxarifado,69,20049809484
Felipe Pereira Cardoso,felipe.pereira.cardoso.17110@example.com,Vitória,Coordenador de produção,41,09551061538
Vinícius Moreira Pereira,vinicius.moreira.pereira.17111@example.com,Curitiba,Farmacêutico,35,37920307124
Vanessa Rocha Oliveira,vanessa.rocha.oliveira.17112@example.com,Dourados,Comprador,23,67258172024
Priscila Costa Freitas,priscila.costa.freitas.17113@example.com,Curitiba,Gerente de recursos humanos,39,04107693887
Felipe Araújo Almeida,felipe.araujo.almeida.17114@example.com,Recife,Operador de caixa,44,64855749361
Otávio Carvalho Mendes,otavio.carvalho.mendes.17115@example.com,Belém,Farmacêutico,20,30626972494
Tatiane Costa Teixeira,tatiane.costa.teixeira.17116@example.com,São Paulo,Analista de recursos humanos,22,49120549645
Tatiane Cardoso Lima,tatiane.cardoso.lima.17117@example.com,Dourados,Chefe de compras,24,68095020823
Igor Mendes Martins,igor.mendes.martins.17118@example.com,Porto Alegre,Analista financeiro,55,20309480079
Sérgio Oliveira Carvalho,sergio.oliveira.carvalho.17119@example.com,Goiânia,Técnico em informática,33,37976660652
Pedro Cardoso Rodrigues,pedro.cardoso.rodrigues.17120@example.com,Brasília,Coordenador administrativo,24,77426708787
Nicolas Oliveira Martins,nicolas.oliveira.martins.17121@example.com,Cuiabá,Supervisor de atendimento,66,99806466311
Rafael Santos Teixeira,rafael.santos.teixeira.17122@example.com,Londrina,Vendedor,44,04610666741
José Monteiro Carvalho,jose.monteiro.carvalho.17123@example.com,Santos,Programador,46,71664416119
Rafael Ribeiro Martins,rafael.ribeiro.martins.17124@example.com,Joinville,Analista de marketing,20,82501720681
Larissa Teixeira Rocha,larissa.teixeira.rocha.17125@example.com,Curitiba,Supervisor de manutenção,34,32585698191
Larissa Souza Pereira,larissa.souza.pereira.17126@example.com,Belém,Supervisor de manutenção,65,57801177235
Beatriz Alves Oliveira,beatriz.alves.oliveira.17127@example.com,Rio de Janeiro,Encarregado de produção,23,09889503725
Felipe Freitas Rocha,felipe.freitas.rocha.17128@example.com,Recife,Técnico de enfermagem,50,93958009685
Otávio Fernandes Martins,otavio.fernandes.martins.17129@example.com,Caxias do Sul,Farmacêutico,62,97649872946
Otávio Oliveira Monteiro,otavio.oliveira.monteiro.17130@example.com,Caxias do Sul,Padeiro,44,74894576416
Leonardo Monteiro Almeida,leonardo.monteiro.almeida.17131@example.com,Brasília,Analista de recursos humanos,67,98932643251
Gabriel Santos Dias,gabriel.santos.dias.17132@example.com,Londrina,Contador,58,30423232368
Sérgio Silva Ribeiro,sergio.silva.ribeiro.17133@example.com,Vitória,Supervisor de vendas,26,47323585808
Camila Carvalho Teixeira,camila.carvalho.teixeira.17134@example.com,Vitória,Analista de recursos humanos,50,25757275776
Diego Carvalho Gomes,diego.carvalho.gomes.17135@example.com,Rondonópolis,Estoquista,38,71415984780
Débora Alves Castro,debora.alves.castro.17136@example.com,São Paulo,Operador de caixa,32,43103721613
Camila Freitas Moreira,camila.freitas.moreira.17137@example.com,Manaus,Chefe de almoxarifado,30,06310880031
Letícia Silva Carvalho,leticia.silva.carvalho.17138@example.com,Recife,Encarregado de produção,41,88514853403
Fernanda Teixeira Silva,fernanda.teixeira.silva.17139@example.com,Rondonópolis,Gerente financeiro,19,27788810269
Juliana Santos Pereira,juliana.santos.pereira.17140@example.com,Salvador,Eletricista,19,32641002799
Fernanda Costa Barbosa,fernanda.costa.barbosa.17141@example.com,Florianópolis,Gerente comercial,55,32966525955
Vanessa Dias Freitas,vanessa.dias.freitas.17142@example.com,Goiânia,Analista financeiro,62,82439015573
Rafael Alves Teixeira,rafael.alves.teixeira.17143@example.com,Santos,Gerente de tecnologia,56,74160548816
Nicolas Cardoso Carvalho,nicolas.cardoso.carvalho.17144@example.com,Curitiba,Coordenador de logística,46,09329953590
Bruno Mendes Cardoso,bruno.mendes.cardoso.17145@example.com,Santos,Analista de marketing,20,00554895258
Vanessa Ribeiro Teixeira,vanessa.ribeiro.teixeira.17146@example.com,Salvador,Coordenador de produção,41,99216512391
Juliana Freitas Almeida,juliana.freitas.almeida.17147@example.com,Belo Horizonte,Coordenador administrativo,61,74612544232
Rafael Nascimento Fernandes,rafael.nascimento.fernandes.17148@example.com,Rondonópolis,Líder de equipe,63,60320603597
Luana Rocha Lima,luana.rocha.lima.17149@example.com,Vitória,Técnico de segurança do trabalho,26,29320176006
Paulo Ribeiro Costa,paulo.ribeiro.costa.17150@example.com,Natal,Estoquista,32,90631857423
Thiago Barros Carvalho,thiago.barros.carvalho.17151@example.com,São Paulo,Designer gráfico,67,67876561528
Igor Mendes Teixeira,igor.mendes.teixeira.17152@example.com,Rondonópolis,Técnico de enfermagem,57,38274707747
Renata Costa Costa,renata.costa.costa.17153@example.com,São Paulo,Arquiteto,40,57606210829
Camila Monteiro Araújo,camila.monteiro.araujo.17154@example.com,Caxias do Sul,Pedreiro,57,26474329242
Fernanda Carvalho Souza,fernanda.carvalho.souza.17155@example.com,Natal,Recepcionista,58,09908551462
José Castro Silva,jose.castro.silva.17156@example.com,Fortaleza,Chefe de almoxarifado,58,54252061419
Carlos Costa Almeida,carlos.costa.almeida.17157@example.com,Belo Horizonte,Analista de marketing,40,03106356062
Felipe Santos Nascimento,felipe.santos.nascimento.17158@example.com,Cuiabá,Cozinheiro,26,68113418948
Diego Barbosa Oliveira,diego.barbosa.oliveira.17159@example.com,Fortaleza,Contador,41,46317349857
Mariana Silva Araújo,mariana.silva.araujo.17160@example.com,Cuiabá,Engenheiro civil,56,35067468290
Letícia Gomes Carvalho,leticia.gomes.carvalho.17161@example.com,Uberlândia,Supervisor de vendas,52,77454584949
Nicolas Ribeiro Araújo,nicolas.ribeiro.araujo.17162@example.com,Rondonópolis,Chefe de almoxarifado,67,08707962556
Débora Araújo Moreira,debora.araujo.moreira.17163@example.com,Recife,Estoquista,21,69218269257
Luana Castro Santos,luana.castro.santos.17164@example.com,Manaus,Encarregado de produção,47,15038153810
Vinícius Cardoso Santos,vinicius.cardoso.santos.17165@example.com,Natal,Comprador,38,32407567586
Vitória Barbosa Lima,vitoria.barbosa.lima.17166@example.com,Porto Alegre,Coordenador de logística,57,67213129631
Sandra Cardoso Monteiro,sandra.cardoso.monteiro.17167@example.com,Joinville,Fisioterapeuta,65,09895125061
Felipe Ribeiro Castro,felipe.ribeiro.castro.17168@example.com,Santos,Motorista,20,11602341210
Lucas Carvalho Oliveira,lucas.carvalho.oliveira.17169@example.com,Maringá,Auxiliar de produção,29,15223703480
Pedro Martins Teixeira,pedro.martins.teixeira.17170@example.com,Dourados,Técnico de enfermagem,52,67223213815
Letícia Alves Martins,leticia.alves.martins.17171@example.com,Rondonópolis,Assistente comercial,69,34688426033
José Silva Fernandes,jose.silva.fernandes.17172@example.com,Campinas,Assistente comercial,28,77178439218
Pedro Moreira Martins,pedro.moreira.martins.17173@example.com,Manaus,Gerente comercial,54,28830171501
Nicolas Lima Castro,nicolas.lima.castro.17174@example.com,Porto Alegre,Coordenador de logística,51,79823328351
Gustavo Fernandes Alves,gustavo.fernandes.alves.17175@example.com,Recife,Comprador,31,52270484714
Camila Ribeiro Carvalho,camila.ribeiro.carvalho.17176@example.com,São Paulo,Operador de caixa,36,97673659589
Leonardo Almeida Teixeira,leonardo.almeida.teixeira.17177@example.com,Recife,Analista de marketing,47,50855513444
Leonardo Barbosa Castro,leonardo.barbosa.castro.17178@example.com,São Paulo,Técnico de enfermagem,67,88053635993
Paulo Santos Barbosa,paulo.santos.barbosa.17179@example.com,Santos,Estoquista,55,59341329394
Simone Araújo Castro,simone.araujo.castro.17180@example.com,Campo Grande,Supervisor de qualidade,70,39088047134
Nicolas Fernandes Silva,nicolas.fernandes.silva.17181@example.com,Caxias do Sul,Programador,65,92830367605
Gustavo Souza Almeida,gustavo.souza.almeida.17182@example.com,Salvador,Coordenador de produção,42,04735219950
Rafael Barbosa Moreira,rafael.barbosa.moreira.17183@example.com,Campinas,Estoquista,28,35054473325
Larissa Costa Almeida,larissa.costa.almeida.17184@example.com,Fortaleza,Gerente comercial,29,16209189928
João Barbosa Rocha,joao.barbosa.rocha.17185@example.com,Rio de Janeiro,Analista financeiro,37,34134379019
Letícia Freitas Carvalho,leticia.freitas.carvalho.17186@example.com,Manaus,Chefe de almoxarifado,42,27456833428
Gustavo Barros Ribeiro,gustavo.barros.ribeiro.17187@example.com,Niterói,Líder de equipe,44,39454420037
Sandra Nascimento Nascimento,sandra.nascimento.nascimento.17188@example.com,Campinas,Analista de recursos humanos,47,70894429927
Vitória Souza Castro,vitoria.souza.castro.17189@example.com,Maringá,Arquiteto,21,25198450513
Nicolas Martins Ribeiro,nicolas.martins.ribeiro.17190@example.com,Joinville,Auxiliar de produção,62,96976873114
Sandra Dias Fernandes,sandra.dias.fernandes.17191@example.com,Natal,Chefe de departamento pessoal,28,36747698401
Paulo Lima Lima,paulo.lima.lima.17192@example.com,Fortaleza,Analista de marketing,46,87002011277
Juliana Teixeira Rocha,juliana.teixeira.rocha.17193@example.com,Salvador,Enfermeiro,50,62930074623
Felipe Souza Rocha,felipe.souza.rocha.17194@example.com,Curitiba,Técnico de segurança do trabalho,49,99990730611
Gustavo Barros Monteiro,gustavo.barros.monteiro.17195@example.com,Cuiabá,Recepcionista,21,05318858636
José Teixeira Fernandes,jose.teixeira.fernandes.17196@example.com,Caxias do Sul,Chefe de departamento pessoal,40,01723135643
Otávio Martins Barbosa,otavio.martins.barbosa.17197@example.com,Uberlândia,Fisioterapeuta,38,25717560644
Gustavo Rodrigues Pereira,gustavo.rodrigues.pereira.17198@example.com,Cuiabá,Operador de caixa,26,13716679183
Mariana Pereira Ribeiro,mariana.pereira.ribeiro.17199@example.com,Caxias do Sul,Gerente de operações,46,15167455544
Vinícius Teixeira Ribeiro,vinicius.teixeira.ribeiro.17200@example.com,Florianópolis,Técnico de enfermagem,19,81924654040
Henrique Martins Alves,henrique.martins.alves.17201@example.com,Campinas,Supervisor de atendimento,68,58556172794
Leonardo Alves Santos,leonardo.alves.santos.17202@example.com,Porto Alegre,Chefe de departamento pessoal,40,47984442851
Beatriz Moreira Oliveira,beatriz.moreira.oliveira.17203@example.com,Florianópolis,Líder de equipe,37,03967367941
Eduardo Teixeira Silva,eduardo.teixeira.silva.17204@example.com,Cuiabá,Designer gráfico,66,67006460009
Rafael Carvalho Rocha,rafael.carvalho.rocha.17205@example.com,Campo Grande,Assistente administrativo,22,41402610167
Letícia Gomes Santos,leticia.gomes.santos.17206@example.com,Goiânia,Comprador,21,86893676659
Sandra Dias Fernandes,sandra.dias.fernandes.17207@example.com,Santos,Coordenador administrativo,63,50283804498
Pedro Castro Monteiro,pedro.castro.monteiro.17208@example.com,Maringá,Chefe de compras,38,49105150092
Otávio Oliveira Carvalho,otavio.oliveira.carvalho.17209@example.com,Campinas,Chefe de departamento pessoal,38,24598366916
Vinícius Castro Fernandes,vinicius.castro.fernandes.17210@example.com,Recife,Assistente comercial,45,18946677029
Aline Castro Rocha,aline.castro.rocha.17211@example.com,Porto Alegre,Pedreiro,47,15390232831
Ricardo Teixeira Lima,ricardo.teixeira.lima.17212@example.com,Florianópolis,Gerente de tecnologia,30,50630173303
Camila Rodrigues Freitas,camila.rodrigues.freitas.17213@example.com,Maringá,Engenheiro civil,66,58529871718
Carlos Alves Costa,carlos.alves.costa.17214@example.com,Fortaleza,Coordenador de produção,51,66626818592
Renata Oliveira Almeida,renata.oliveira.almeida.17215@example.com,Campinas,Auxiliar de produção,21,05901147999
Simone Gomes Almeida,simone.gomes.almeida.17216@example.com,Vitória,Analista de dados,35,06122532630
Carlos Carvalho Mendes,carlos.carvalho.mendes.17217@example.com,Santos,Coordenador de logística,30,29425449440
Gustavo Gomes Cardoso,gustavo.gomes.cardoso.17218@example.com,Salvador,Programador,38,84009660877
Gabriela Araújo Costa,gabriela.araujo.costa.17219@example.com,Joinville,Contador,21,84501761196
Daniela Martins Fernandes,daniela.martins.fernandes.17220@example.com,São Paulo,Arquiteto,62,21470702821
Bruno Barbosa Gomes,bruno.barbosa.gomes.17221@example.com,Brasília,Motorista,70,47520632050
Mariana Oliveira Castro,mariana.oliveira.castro.17222@example.com,Manaus,Advogado,49,70744317336
Mariana Mendes Alves,mariana.mendes.alves.17223@example.com,São Paulo,Estoquista,28,51786132332
José Souza Gomes,jose.souza.gomes.17224@example.com,Natal,Gerente de operações,67,14515014097
João Souza Fernandes,joao.souza.fernandes.17225@example.com,Porto Alegre,Corretor de imóveis,55,72119549946
Vitória Fernandes Barbosa,vitoria.fernandes.barbosa.17226@example.com,Curitiba,Operador de caixa,38,96451958996
Mariana Moreira Gomes,mariana.moreira.gomes.17227@example.com,Salvador,Técnico de segurança do trabalho,32,53722423803
Priscila Souza Barbosa,priscila.souza.barbosa.17228@example.com,Caxias do Sul,Pedreiro,48,29935757568
Gabriel Alves Lima,gabriel.alves.lima.17229@example.com,Belém,Coordenador administrativo,35,67175326141
Daniela Pereira Barros,daniela.pereira.barros.17230@example.com,Londrina,Contador,57,62749552373
Gabriela Martins Gomes,gabriela.martins.gomes.17231@example.com,Belo Horizonte,Engenheiro civil,38,48098033440
Juliana Moreira Cardoso,juliana.moreira.cardoso.17232@example.com,Maringá,Técnico em informática,19,25091711476
Marcelo Silva Gomes,marcelo.silva.gomes.17233@example.com,Porto Alegre,Analista de marketing,61,71574122611
João Oliveira Almeida,joao.oliveira.almeida.17234@example.com,Goiânia,Diretor de operações,57,23325357905
João Nascimento Fernandes,joao.nascimento.fernandes.17235@example.com,Salvador,Mecânico,55,50020307557
Sérgio Dias Almeida,sergio.dias.almeida.17236@example.com,Sorocaba,Recepcionista,67,75351464553
Renata Araújo Nascimento,renata.araujo.nascimento.17237@example.com,Joinville,Corretor de imóveis,42,88059661784
Gustavo Nascimento Costa,gustavo.nascimento.costa.17238@example.com,Florianópolis,Assistente comercial,63,29270293009
Lucas Barros Rodrigues,lucas.barros.rodrigues.17239@example.com,Cuiabá,Vendedor,25,24769858962
Bruno Freitas Costa,bruno.freitas.costa.17240@example.com,Rondonópolis,Fisioterapeuta,26,61492291809
Daniela Fernandes Alves,daniela.fernandes.alves.17241@example.com,Goiânia,Supervisor de manutenção,66,92645255602
Carolina Silva Lima,carolina.silva.lima.17242@example.com,São Paulo,Gerente de recursos humanos,43,09683435650
Vitória Pereira Rodrigues,vitoria.pereira.rodrigues.17243@example.com,Sorocaba,Supervisor de manutenção,25,26956883997
Vanessa Carvalho Mendes,vanessa.carvalho.mendes.17244@example.com,Natal,Arquiteto,47,22227715232
Priscila Martins Pereira,priscila.martins.pereira.17245@example.com,Salvador,Chefe de almoxarifado,20,52444465882
Tatiane Nascimento Alves,tatiane.nascimento.alves.17246@example.com,Fortaleza,Coordenador administrativo,39,42631806241
Juliana Costa Mendes,juliana.costa.mendes.17247@example.com,Belém,Analista de recursos humanos,26,50849121856
Beatriz Silva Nascimento,beatriz.silva.nascimento.17248@example.com,Florianópolis,Diretor comercial,69,18500293194
Letícia Alves Teixeira,leticia.alves.teixeira.17249@example.com,Rondonópolis,Chefe de almoxarifado,54,03992859777
Ana Rocha Pereira,ana.rocha.pereira.17250@example.com,Rondonópolis,Assistente administrativo,57,30100175434
Beatriz Mendes Araújo,beatriz.mendes.araujo.17251@example.com,Curitiba,Coordenador de logística,42,11724962170
Amanda Martins Pereira,amanda.martins.pereira.17252@example.com,Florianópolis,Programador,55,34522115512
Gabriel Costa Lima,gabriel.costa.lima.17253@example.com,Maringá,Programador,61,03019148857
Camila Carvalho Costa,camila.carvalho.costa.17254@example.com,São Paulo,Operador de caixa,60,43751634831
Thiago Lima Barbosa,thiago.lima.barbosa.17255@example.com,Porto Alegre,Chefe de departamento pessoal,25,87824302863
Vitória Mendes Freitas,vitoria.mendes.freitas.17256@example.com,Belo Horizonte,Vendedor,24,95894988284
Simone Freitas Rodrigues,simone.freitas.rodrigues.17257@example.com,Goiânia,Gerente comercial,46,25408952892
Henrique Souza Cardoso,henrique.souza.cardoso.17258@example.com,Manaus,Assistente comercial,40,41099026954
Carlos Rocha Lima,carlos.rocha.lima.17259@example.com,Londrina,Líder de equipe,59,58224521926
Juliana Araújo Rodrigues,juliana.araujo.rodrigues.17260@example.com,Campinas,Gerente de tecnologia,61,32354764910
Amanda Mendes Carvalho,amanda.mendes.carvalho.17261@example.com,Brasília,Operador de caixa,61,36258477938
João Rocha Gomes,joao.rocha.gomes.17262@example.com,Campo Grande,Técnico de enfermagem,58,48008978088
Camila Oliveira Rodrigues,camila.oliveira.rodrigues.17263@example.com,Santos,Farmacêutico,23,34698720891
Gabriel Freitas Araújo,gabriel.freitas.araujo.17264@example.com,Joinville,Supervisor de vendas,25,69413649358
Marcelo Carvalho Almeida,marcelo.carvalho.almeida.17265@example.com,São Paulo,Chefe de departamento pessoal,37,89156107354
João Monteiro Barros,joao.monteiro.barros.17266@example.com,Dourados,Chefe de compras,48,50080666338
Priscila Monteiro Moreira,priscila.monteiro.moreira.17267@example.com,Recife,Coordenador administrativo,29,55043635480
Letícia Ribeiro Fernandes,leticia.ribeiro.fernandes.17268@example.com,Vitória,Técnico de segurança do trabalho,27,16358281704
Renata Alves Alves,renata.alves.alves.17269@example.com,Santos,Motorista,49,74161455430
Carlos Cardoso Souza,carlos.cardoso.souza.17270@example.com,Fortaleza,Vendedor,59,60333249142
Renata Ribeiro Almeida,renata.ribeiro.almeida.17271@example.com,Salvador,Corretor de imóveis,55,04677506682
Vitória Nascimento Monteiro,vitoria.nascimento.monteiro.17272@example.com,Curitiba,Assistente administrativo,46,32700646314
João Costa Costa,joao.costa.costa.17273@example.com,Natal,Analista financeiro,49,91031648349
Camila Alves Araújo,camila.alves.araujo.17274@example.com,Sorocaba,Supervisor de atendimento,67,54360118547
Patrícia Araújo Castro,patricia.araujo.castro.17275@example.com,Londrina,Nutricionista,60,54908699521
Leonardo Alves Mendes,leonardo.alves.mendes.17276@example.com,Londrina,Mecânico,68,82211567088
Henrique Rocha Freitas,henrique.rocha.freitas.17277@example.com,Joinville,Engenheiro civil,58,03828453161
Igor Monteiro Rocha,igor.monteiro.rocha.17278@example.com,Rio de Janeiro,Pedreiro,37,86558613834
Gabriel Carvalho Cardoso,gabriel.carvalho.cardoso.17279@example.com,Campinas,Diretor comercial,25,65114284327
Paulo Oliveira Moreira,paulo.oliveira.moreira.17280@example.com,Goiânia,Nutricionista,68,28859569840
Tatiane Souza Castro,tatiane.souza.castro.17281@example.com,Rio de Janeiro,Assistente comercial,49,79524692630
Vinícius Lima Martins,vinicius.lima.martins.17282@example.com,Caxias do Sul,Coordenador de logística,18,66185478036
Eduardo Lima Barros,eduardo.lima.barros.17283@example.com,Santos,Padeiro,24,15256743434
Pedro Carvalho Cardoso,pedro.carvalho.cardoso.17284@example.com,Maringá,Encarregado de produção,54,32695086458
Henrique Martins Gomes,henrique.martins.gomes.17285@example.com,Florianópolis,Coordenador de produção,42,77135011132
Daniela Costa Martins,daniela.costa.martins.17286@example.com,Fortaleza,Supervisor de manutenção,28,72225710730
Ricardo Rodrigues Alves,ricardo.rodrigues.alves.17287@example.com,Rio de Janeiro,Eletricista,46,70514577633
Diego Martins Moreira,diego.martins.moreira.17288@example.com,Cuiabá,Gerente de tecnologia,48,62485943631
Patrícia Souza Mendes,patricia.souza.mendes.17289@example.com,Fortaleza,Diretor comercial,18,35901860733
Larissa Teixeira Costa,larissa.teixeira.costa.17290@example.com,Recife,Contador,58,44420318290
Pedro Silva Monteiro,pedro.silva.monteiro.17291@example.com,Sorocaba,Gerente financeiro,66,28638944867
Ana Santos Dias,ana.santos.dias.17292@example.com,Niterói,Mecânico,33,43251272711
Débora Souza Martins,debora.souza.martins.17293@example.com,Dourados,Padeiro,67,09314210377
Mariana Souza Carvalho,mariana.souza.carvalho.17294@example.com,Caxias do Sul,Arquiteto,42,04358994880
Luana Lima Fernandes,luana.lima.fernandes.17295@example.com,Curitiba,Supervisor de vendas,59,24239600943
Ricardo Ribeiro Rocha,ricardo.ribeiro.rocha.17296@example.com,Cuiabá,Mecânico,37,00812888433
Vinícius Carvalho Freitas,vinicius.carvalho.freitas.17297@example.com,São Paulo,Chefe de almoxarifado,41,59396750131
Eduardo Costa Pereira,eduardo.costa.pereira.17298@example.com,Salvador,Coordenador administrativo,59,08162993404
Henrique Rocha Moreira,henrique.rocha.moreira.17299@example.com,Recife,Pedreiro,33,32673605817
Gustavo Costa Nascimento,gustavo.costa.nascimento.17300@example.com,Brasília,Assistente comercial,45,20799809426
Gabriel Oliveira Rodrigues,gabriel.oliveira.rodrigues.17301@example.com,Manaus,Estoquista,39,71408965714
Henrique Castro Pereira,henrique.castro.pereira.17302@example.com,Caxias do Sul,Coordenador de produção,39,83372330388
Carolina Rocha Santos,carolina.rocha.santos.17303@example.com,Rio de Janeiro,Jornalista,65,96817258259
Vitória Moreira Rocha,vitoria.moreira.rocha.17304@example.com,Campo Grande,Motorista,52,75012209249
Ricardo Mendes Alves,ricardo.mendes.alves.17305@example.com,Salvador,Analista financeiro,20,40088050958
Pedro Dias Costa,pedro.dias.costa.17306@example.com,Maringá,Supervisor de manutenção,62,77150010203
Camila Fernandes Cardoso,camila.fernandes.cardoso.17307@example.com,Joinville,Nutricionista,48,95726444300
Letícia Mendes Oliveira,leticia.mendes.oliveira.17308@example.com,Sorocaba,Cozinheiro,33,72061646825
Thiago Barbosa Fernandes,thiago.barbosa.fernandes.17309@example.com,Florianópolis,Comprador,48,62768420611
João Monteiro Mendes,joao.monteiro.mendes.17310@example.com,Vitória,Coordenador de produção,20,38304243583
Daniela Santos Mendes,daniela.santos.mendes.17311@example.com,Rio de Janeiro,Supervisor de atendimento,21,86509325679
Diego Moreira Alves,diego.moreira.alves.17312@example.com,Joinville,Professor,27,55527534793
Otávio Teixeira Martins,otavio.teixeira.martins.17313@example.com,Goiânia,Assistente comercial,62,49987900698
Gustavo Oliveira Silva,gustavo.oliveira.silva.17314@example.com,Maringá,Diretor de operações,44,34161202013
Thiago Monteiro Cardoso,thiago.monteiro.cardoso.17315@example.com,Rondonópolis,Cozinheiro,63,32814369046
Carolina Rocha Ribeiro,carolina.rocha.ribeiro.17316@example.com,Londrina,Gerente financeiro,42,80583581804
Bruno Alves Gomes,bruno.alves.gomes.17317@example.com,Londrina,Comprador,55,94684393301
Tatiane Nascimento Gomes,tatiane.nascimento.gomes.17318@example.com,Porto Alegre,Técnico em informática,22,97277171573
José Teixeira Rodrigues,jose.teixeira.rodrigues.17319@example.com,Florianópolis,Gerente de operações,32,29698770276
Rafael Almeida Cardoso,rafael.almeida.cardoso.17320@example.com,Manaus,Técnico de enfermagem,32,25109659630
Vinícius Rodrigues Teixeira,vinicius.rodrigues.teixeira.17321@example.com,Sorocaba,Coordenador administrativo,63,59339203551
Vitória Alves Santos,vitoria.alves.santos.17322@example.com,Curitiba,Recepcionista,45,56826754772
Leonardo Barbosa Pereira,leonardo.barbosa.pereira.17323@example.com,Belo Horizonte,Líder de equipe,50,18772819884
Henrique Mendes Souza,henrique.mendes.souza.17324@example.com,Campinas,Supervisor de qualidade,27,16731317768
Felipe Pereira Cardoso,felipe.pereira.cardoso.17325@example.com,Dourados,Eletricista,25,72172764029
Sandra Silva Rodrigues,sandra.silva.rodrigues.17326@example.com,Londrina,Coordenador administrativo,25,85716992121
Igor Teixeira Lima,igor.teixeira.lima.17327@example.com,Dourados,Chefe de almoxarifado,50,96379761171
Ricardo Castro Silva,ricardo.castro.silva.17328@example.com,Joinville,Comprador,59,27299990717
Leonardo Martins Araújo,leonardo.martins.araujo.17329@example.com,Maringá,Vendedor,67,30320311892
Gabriel Oliveira Almeida,gabriel.oliveira.almeida.17330@example.com,Joinville,Motorista,24,78169018260
João Santos Dias,joao.santos.dias.17331@example.com,Salvador,Atendente,20,13601960932
Leonardo Rodrigues Gomes,leonardo.rodrigues.gomes.17332@example.com,Maringá,Programador,44,37195289705
João Pereira Barbosa,joao.pereira.barbosa.17333@example.com,Caxias do Sul,Contador,65,42011848852
Rafael Alves Barbosa,rafael.alves.barbosa.17334@example.com,Campo Grande,Gerente de tecnologia,44,04861689827
Fernanda Araújo Teixeira,fernanda.araujo.teixeira.17335@example.com,Belém,Coordenador de marketing,48,62733761323
Débora Nascimento Teixeira,debora.nascimento.teixeira.17336@example.com,São Paulo,Técnico de segurança do trabalho,46,44483228375
Tatiane Fernandes Alves,tatiane.fernandes.alves.17337@example.com,Natal,Auxiliar de produção,33,83894848780
Vitória Barros Mendes,vitoria.barros.mendes.17338@example.com,Goiânia,Pedreiro,36,83302864847
Marcelo Barros Gomes,marcelo.barros.gomes.17339@example.com,Belo Horizonte,Analista de marketing,34,50454632518
Sandra Lima Carvalho,sandra.lima.carvalho.17340@example.com,Vitória,Gerente de tecnologia,26,45442129454
Gabriel Almeida Silva,gabriel.almeida.silva.17341@example.com,Belo Horizonte,Gerente financeiro,41,17803410438
Mariana Rodrigues Silva,mariana.rodrigues.silva.17342@example.com,Belo Horizonte,Operador de caixa,67,48780730489
Aline Ribeiro Pereira,aline.ribeiro.pereira.17343@example.com,Sorocaba,Técnico em informática,27,36679983465
Gustavo Silva Santos,gustavo.silva.santos.17344@example.com,Joinville,Gerente comercial,34,86694100329
Tatiane Alves Carvalho,tatiane.alves.carvalho.17345@example.com,Joinville,Cozinheiro,23,05139452771
Carolina Martins Rodrigues,carolina.martins.rodrigues.17346@example.com,Florianópolis,Advogado,68,30773092109
Carlos Nascimento Almeida,carlos.nascimento.almeida.17347@example.com,Campo Grande,Diretor de operações,22,49757981273
Tatiane Rodrigues Lima,tatiane.rodrigues.lima.17348@example.com,Vitória,Coordenador de produção,42,07510535980
Ricardo Gomes Cardoso,ricardo.gomes.cardoso.17349@example.com,Cuiabá,Gerente de tecnologia,27,06807232997
Lucas Castro Teixeira,lucas.castro.teixeira.17350@example.com,Recife,Eletricista,38,93041930478
Nicolas Souza Rocha,nicolas.souza.rocha.17351@example.com,Recife,Técnico de enfermagem,42,05314922086
Carolina Castro Cardoso,carolina.castro.cardoso.17352@example.com,Campinas,Nutricionista,24,46023792539
Thiago Teixeira Almeida,thiago.teixeira.almeida.17353@example.com,Salvador,Vendedor,24,84239587810
Gabriela Martins Oliveira,gabriela.martins.oliveira.17354@example.com,Campo Grande,Técnico em informática,23,42546715162
Felipe Cardoso Barros,felipe.cardoso.barros.17355@example.com,Dourados,Operador de caixa,67,33983588390
Luana Mendes Monteiro,luana.mendes.monteiro.17356@example.com,Sorocaba,Advogado,54,16522052395
Amanda Oliveira Martins,amanda.oliveira.martins.17357@example.com,Campo Grande,Líder de equipe,34,45995513428
Priscila Nascimento Lima,priscila.nascimento.lima.17358@example.com,Niterói,Encarregado de produção,47,13988541422
Tatiane Carvalho Gomes,tatiane.carvalho.gomes.17359@example.com,Campo Grande,Cozinheiro,47,25938027587
Eduardo Oliveira Castro,eduardo.oliveira.castro.17360@example.com,Belo Horizonte,Programador,27,98952444401
Simone Barbosa Barbosa,simone.barbosa.barbosa.17361@example.com,Florianópolis,Enfermeiro,28,52746551356
Débora Alves Carvalho,debora.alves.carvalho.17362@example.com,Cuiabá,Comprador,48,40916150050
Igor Mendes Martins,igor.mendes.martins.17363@example.com,Niterói,Coordenador de logística,34,99339889674
João Rocha Carvalho,joao.rocha.carvalho.17364@example.com,Porto Alegre,Advogado,39,31070383183
Camila Carvalho Souza,camila.carvalho.souza.17365@example.com,Rondonópolis,Advogado,22,52205178613
Eduardo Moreira Ribeiro,eduardo.moreira.ribeiro.17366@example.com,Belém,Supervisor de qualidade,52,22933437241
Camila Martins Rocha,camila.martins.rocha.17367@example.com,Dourados,Analista de recursos humanos,42,29199859119
Juliana Santos Rodrigues,juliana.santos.rodrigues.17368@example.com,Dourados,Analista de marketing,30,17902803099
Pedro Alves Freitas,pedro.alves.freitas.17369@example.com,Maringá,Jornalista,66,97734757634
Carolina Fernandes Martins,carolina.fernandes.martins.17370@example.com,Porto Alegre,Supervisor de manutenção,62,00286275010
Igor Oliveira Carvalho,igor.oliveira.carvalho.17371@example.com,Campo Grande,Técnico em informática,53,90991757578
Mariana Cardoso Gomes,mariana.cardoso.gomes.17372@example.com,Florianópolis,Programador,18,77445016977
Lucas Nascimento Castro,lucas.nascimento.castro.17373@example.com,Niterói,Cozinheiro,66,01281844801
Lucas Rocha Fernandes,lucas.rocha.fernandes.17374@example.com,Fortaleza,Analista de dados,27,73293941547
Carlos Dias Mendes,carlos.dias.mendes.17375@example.com,Dourados,Jornalista,55,72204660843
Carlos Araújo Alves,carlos.araujo.alves.17376@example.com,Belém,Corretor de imóveis,27,27539954215
Paulo Martins Oliveira,paulo.martins.oliveira.17377@example.com,Maringá,Professor,41,68983897984
Henrique Rodrigues Castro,henrique.rodrigues.castro.17378@example.com,Sorocaba,Designer gráfico,44,51737982018
Camila Mendes Dias,camila.mendes.dias.17379@example.com,São Paulo,Programador,46,47556934312
Camila Teixeira Gomes,camila.teixeira.gomes.17380@example.com,Uberlândia,Gerente de recursos humanos,34,69679046315
Lucas Carvalho Moreira,lucas.carvalho.moreira.17381@example.com,Vitória,Farmacêutico,54,03342151793
Patrícia Mendes Rodrigues,patricia.mendes.rodrigues.17382@example.com,Belo Horizonte,Gerente de tecnologia,46,52753067258
Vinícius Almeida Nascimento,vinicius.almeida.nascimento.17383@example.com,Rondonópolis,Coordenador de logística,53,28469206526
Daniela Rocha Dias,daniela.rocha.dias.17384@example.com,Salvador,Farmacêutico,35,13164667299
Sérgio Souza Alves,sergio.souza.alves.17385@example.com,Goiânia,Designer gráfico,23,76066328493
Vanessa Alves Santos,vanessa.alves.santos.17386@example.com,Manaus,Farmacêutico,49,28998926593
Henrique Rodrigues Freitas,henrique.rodrigues.freitas.17387@example.com,Dourados,Coordenador de logística,40,92626176712
Igor Souza Barbosa,igor.souza.barbosa.17388@example.com,Santos,Contador,34,09280469399
Patrícia Castro Barbosa,patricia.castro.barbosa.17389@example.com,Joinville,Jornalista,26,34719958360
Gabriel Dias Alves,gabriel.dias.alves.17390@example.com,Cuiabá,Gerente de tecnologia,42,41992378589
Vinícius Santos Freitas,vinicius.santos.freitas.17391@example.com,Belém,Supervisor de manutenção,53,23451060235
Ricardo Barros Barros,ricardo.barros.barros.17392@example.com,Brasília,Contador,33,13058254719
Carlos Pereira Alves,carlos.pereira.alves.17393@example.com,Rio de Janeiro,Líder de equipe,21,48623068200
Camila Dias Almeida,camila.dias.almeida.17394@example.com,Campo Grande,Cozinheiro,51,85018583872
Amanda Teixeira Oliveira,amanda.teixeira.oliveira.17395@example.com,Niterói,Diretor de operações,39,92724047094
Gabriela Barbosa Mendes,gabriela.barbosa.mendes.17396@example.com,Campo Grande,Gerente financeiro,70,00964677280
Pedro Pereira Costa,pedro.pereira.costa.17397@example.com,Manaus,Recepcionista,56,31829098170
Thiago Moreira Araújo,thiago.moreira.araujo.17398@example.com,Vitória,Coordenador de marketing,25,47386504479
Carolina Dias Almeida,carolina.dias.almeida.17399@example.com,Rondonópolis,Comprador,21,90936237096
Otávio Araújo Oliveira,otavio.araujo.oliveira.17400@example.com,Natal,Farmacêutico,56,23218849309
Igor Alves Castro,igor.alves.castro.17401@example.com,Recife,Analista financeiro,23,08543232242
Carolina Oliveira Rodrigues,carolina.oliveira.rodrigues.17402@example.com,Goiânia,Gerente comercial,27,56235982558
João Barros Moreira,joao.barros.moreira.17403@example.com,Maringá,Motorista,50,18371521513
Igor Lima Teixeira,igor.lima.teixeira.17404@example.com,Natal,Recepcionista,46,50911775533
Patrícia Fernandes Monteiro,patricia.fernandes.monteiro.17405@example.com,Londrina,Enfermeiro,61,97849892882
Felipe Cardoso Araújo,felipe.cardoso.araujo.17406@example.com,Cuiabá,Contador,40,55837052179
Gustavo Gomes Castro,gustavo.gomes.castro.17407@example.com,Salvador,Analista de recursos humanos,42,58143908260
Vinícius Cardoso Rodrigues,vinicius.cardoso.rodrigues.17408@example.com,Campo Grande,Contador,18,31425000989
Beatriz Martins Monteiro,beatriz.martins.monteiro.17409@example.com,Natal,Analista de dados,65,97387727882
Priscila Lima Moreira,priscila.lima.moreira.17410@example.com,Dourados,Técnico de enfermagem,21,21639833458
Fernanda Mendes Santos,fernanda.mendes.santos.17411@example.com,Recife,Técnico de segurança do trabalho,48,80123624519
Larissa Martins Dias,larissa.martins.dias.17412@example.com,Florianópolis,Arquiteto,37,18631870223
Luana Barbosa Martins,luana.barbosa.martins.17413@example.com,Sorocaba,Técnico em informática,24,43644553595
Nicolas Mendes Silva,nicolas.mendes.silva.17414@example.com,Curitiba,Chefe de almoxarifado,41,50721380089
Diego Santos Araújo,diego.santos.araujo.17415@example.com,Vitória,Gerente comercial,41,04598289539
Marcelo Costa Fernandes,marcelo.costa.fernandes.17416@example.com,Salvador,Advogado,56,07220511498
Leonardo Araújo Mendes,leonardo.araujo.mendes.17417@example.com,Dourados,Padeiro,24,00469068550
João Santos Nascimento,joao.santos.nascimento.17418@example.com,Vitória,Supervisor de qualidade,69,67164077215
Letícia Souza Alves,leticia.souza.alves.17419@example.com,Belém,Gerente de tecnologia,52,83875004499
Paulo Castro Silva,paulo.castro.silva.17420@example.com,Londrina,Eletricista,23,66203248577
Patrícia Souza Alves,patricia.souza.alves.17421@example.com,Vitória,Farmacêutico,52,07007694937
Ana Ribeiro Santos,ana.ribeiro.santos.17422@example.com,Brasília,Professor,42,00736292576
Felipe Teixeira Araújo,felipe.teixeira.araujo.17423@example.com,Belo Horizonte,Gerente de tecnologia,26,18833689418
Mariana Costa Mendes,mariana.costa.mendes.17424@example.com,Rio de Janeiro,Diretor de operações,24,29302428671
Priscila Carvalho Nascimento,priscila.carvalho.nascimento.17425@example.com,Sorocaba,Supervisor de vendas,54,88999837599
Vitória Barros Araújo,vitoria.barros.araujo.17426@example.com,Salvador,Supervisor de qualidade,47,81804725707
Gabriela Pereira Pereira,gabriela.pereira.pereira.17427@example.com,Santos,Nutricionista,49,57338172893
Letícia Fernandes Araújo,leticia.fernandes.araujo.17428@example.com,Porto Alegre,Estoquista,63,27186359871
Igor Lima Araújo,igor.lima.araujo.17429@example.com,Caxias do Sul,Analista de marketing,50,37782663908
Daniela Fernandes Souza,daniela.fernandes.souza.17430@example.com,Maringá,Enfermeiro,26,33566473947
João Lima Lima,joao.lima.lima.17431@example.com,Belém,Gerente de tecnologia,64,42079119679
Gabriela Cardoso Freitas,gabriela.cardoso.freitas.17432@example.com,Santos,Supervisor de vendas,42,38187818947
Vitória Rocha Monteiro,vitoria.rocha.monteiro.17433@example.com,Goiânia,Professor,58,19782192381
Rafael Freitas Gomes,rafael.freitas.gomes.17434@example.com,Porto Alegre,Enfermeiro,47,84773058797
Marcelo Ribeiro Martins,marcelo.ribeiro.martins.17435@example.com,Brasília,Arquiteto,45,17284078773
Tatiane Pereira Mendes,tatiane.pereira.mendes.17436@example.com,Londrina,Técnico de segurança do trabalho,50,25819588760
Marcelo Silva Gomes,marcelo.silva.gomes.17437@example.com,Campo Grande,Chefe de departamento pessoal,29,55297940232
Mariana Lima Souza,mariana.lima.souza.17438@example.com,Campinas,Designer gráfico,21,89046296852
Letícia Cardoso Ribeiro,leticia.cardoso.ribeiro.17439@example.com,Rio de Janeiro,Vendedor,38,37610158234
Pedro Carvalho Martins,pedro.carvalho.martins.17440@example.com,Vitória,Nutricionista,35,63151979009
Marcelo Ribeiro Silva,marcelo.ribeiro.silva.17441@example.com,Belém,Supervisor de atendimento,60,52626993471
Luana Martins Ribeiro,luana.martins.ribeiro.17442@example.com,Curitiba,Técnico de segurança do trabalho,18,50667179204
Igor Moreira Castro,igor.moreira.castro.17443@example.com,Belo Horizonte,Supervisor de atendimento,38,26668584137
Rafael Rodrigues Freitas,rafael.rodrigues.freitas.17444@example.com,Dourados,Enfermeiro,23,97121521208
Gabriel Nascimento Monteiro,gabriel.nascimento.monteiro.17445@example.com,Florianópolis,Técnico de enfermagem,26,91470414682
Gabriel Almeida Barros,gabriel.almeida.barros.17446@example.com,Recife,Jornalista,46,64238631110
Letícia Mendes Moreira,leticia.mendes.moreira.17447@example.com,Sorocaba,Diretor de operações,68,56183322638
Amanda Costa Oliveira,amanda.costa.oliveira.17448@example.com,Fortaleza,Coordenador de produção,31,74927885659
Larissa Barbosa Dias,larissa.barbosa.dias.17449@example.com,Salvador,Eletricista,67,42755985616
Aline Araújo Rodrigues,aline.araujo.rodrigues.17450@example.com,Londrina,Gerente financeiro,54,20797825214
José Moreira Santos,jose.moreira.santos.17451@example.com,Rio de Janeiro,Designer gráfico,45,89706016430
Luana Carvalho Moreira,luana.carvalho.moreira.17452@example.com,Vitória,Estoquista,66,67917817548
Beatriz Barbosa Rocha,beatriz.barbosa.rocha.17453@example.com,Londrina,Assistente comercial,65,13752990746
Lucas Martins Oliveira,lucas.martins.oliveira.17454@example.com,Brasília,Programador,30,97994988687
Rafael Gomes Lima,rafael.gomes.lima.17455@example.com,Porto Alegre,Nutricionista,42,90110470943
Fernanda Silva Alves,fernanda.silva.alves.17456@example.com,Cuiabá,Assistente comercial,22,40538561462
Mariana Ribeiro Gomes,mariana.ribeiro.gomes.17457@example.com,Fortaleza,Gerente de recursos humanos,33,89676218453
Camila Alves Lima,camila.alves.lima.17458@example.com,Brasília,Eletricista,22,97414404166
Thiago Souza Carvalho,thiago.souza.carvalho.17459@example.com,Goiânia,Chefe de compras,33,88916742098
João Pereira Pereira,joao.pereira.pereira.17460@example.com,Belém,Supervisor de qualidade,70,88346226457
Priscila Moreira Mendes,priscila.moreira.mendes.17461@example.com,Uberlândia,Técnico de enfermagem,24,54598365341
Felipe Rocha Pereira,felipe.rocha.pereira.17462@example.com,Londrina,Cozinheiro,54,81567915149
Felipe Almeida Fernandes,felipe.almeida.fernandes.17463@example.com,Cuiabá,Atendente,41,17996271292
Eduardo Cardoso Araújo,eduardo.cardoso.araujo.17464@example.com,São Paulo,Motorista,22,11045976417
Ricardo Lima Nascimento,ricardo.lima.nascimento.17465@example.com,Niterói,Chefe de almoxarifado,68,37358622914
Rafael Costa Teixeira,rafael.costa.teixeira.17466@example.com,Dourados,Coordenador administrativo,61,52058639042
Carolina Alves Costa,carolina.alves.costa.17467@example.com,Santos,Técnico em informática,52,21273963811
Gustavo Barros Rocha,gustavo.barros.rocha.17468@example.com,Dourados,Mecânico,61,25131668445
Lucas Monteiro Cardoso,lucas.monteiro.cardoso.17469@example.com,Fortaleza,Eletricista,26,13877523795
Luana Moreira Souza,luana.moreira.souza.17470@example.com,Vitória,Fisioterapeuta,45,26178708743
Felipe Costa Almeida,felipe.costa.almeida.17471@example.com,Londrina,Chefe de almoxarifado,32,18280914522
Nicolas Souza Gomes,nicolas.souza.gomes.17472@example.com,Belém,Supervisor de atendimento,29,53825098681
Gabriela Almeida Pereira,gabriela.almeida.pereira.17473@example.com,Sorocaba,Engenheiro civil,68,15031772182
Débora Nascimento Dias,debora.nascimento.dias.17474@example.com,Rondonópolis,Líder de equipe,65,82450634750
Débora Moreira Rocha,debora.moreira.rocha.17475@example.com,Dourados,Analista financeiro,39,99687654401
Simone Carvalho Almeida,simone.carvalho.almeida.17476@example.com,Rondonópolis,Auxiliar de produção,57,23076630463
Vanessa Martins Souza,vanessa.martins.souza.17477@example.com,Caxias do Sul,Estoquista,31,99555809957
Vinícius Oliveira Monteiro,vinicius.oliveira.monteiro.17478@example.com,Joinville,Assistente administrativo,30,13544290304
Vinícius Alves Fernandes,vinicius.alves.fernandes.17479@example.com,Joinville,Encarregado de produção,58,80752369469
Beatriz Freitas Lima,beatriz.freitas.lima.17480@example.com,Joinville,Analista de dados,46,01295045374
Beatriz Rocha Carvalho,beatriz.rocha.carvalho.17481@example.com,Caxias do Sul,Mecânico,30,43255953508
Bruno Freitas Ribeiro,bruno.freitas.ribeiro.17482@example.com,Manaus,Técnico de segurança do trabalho,45,50611119439
Paulo Costa Mendes,paulo.costa.mendes.17483@example.com,Fortaleza,Gerente de recursos humanos,40,05644336641
Aline Santos Costa,aline.santos.costa.17484@example.com,Campinas,Programador,36,88185868371
Juliana Costa Dias,juliana.costa.dias.17485@example.com,Londrina,Coordenador de logística,35,31849315496
Marcelo Souza Freitas,marcelo.souza.freitas.17486@example.com,Porto Alegre,Engenheiro civil,40,27751028637
Paulo Araújo Ribeiro,paulo.araujo.ribeiro.17487@example.com,Sorocaba,Pedreiro,60,62563666109
Thiago Silva Rodrigues,thiago.silva.rodrigues.17488@example.com,Campo Grande,Programador,55,09875631103
Letícia Lima Araújo,leticia.lima.araujo.17489@example.com,Uberlândia,Contador,40,87804654170
Igor Rocha Teixeira,igor.rocha.teixeira.17490@example.com,Londrina,Estoquista,27,78120100829
Amanda Nascimento Freitas,amanda.nascimento.freitas.17491@example.com,Sorocaba,Farmacêutico,63,00266512853
Rafael Alves Silva,rafael.alves.silva.17492@example.com,Manaus,Supervisor de atendimento,63,37609372815
Juliana Pereira Castro,juliana.pereira.castro.17493@example.com,São Paulo,Líder de equipe,23,70780779986
Fernanda Mendes Freitas,fernanda.mendes.freitas.17494@example.com,Salvador,Recepcionista,51,49783514876
João Pereira Rocha,joao.pereira.rocha.17495@example.com,Goiânia,Gerente comercial,59,32634041269
Eduardo Rodrigues Cardoso,eduardo.rodrigues.cardoso.17496@example.com,Curitiba,Coordenador de produção,56,29536014161
Paulo Fernandes Monteiro,paulo.fernandes.monteiro.17497@example.com,Goiânia,Analista financeiro,30,08460834156
Vitória Ribeiro Castro,vitoria.ribeiro.castro.17498@example.com,Maringá,Operador de caixa,23,04113538940
Patrícia Souza Lima,patricia.souza.lima.17499@example.com,Cuiabá,Padeiro,30,15353448858
Gabriela Freitas Gomes,gabriela.freitas.gomes.17500@example.com,Curitiba,Contador,21,27123880465
Pedro Ribeiro Rocha,pedro.ribeiro.rocha.17501@example.com,São Paulo,Nutricionista,50,78913930076
Larissa Teixeira Oliveira,larissa.teixeira.oliveira.17502@example.com,Uberlândia,Contador,41,57057368694
Rafael Pereira Nascimento,rafael.pereira.nascimento.17503@example.com,Florianópolis,Gerente de operações,66,82887616681
Ana Barbosa Barros,ana.barbosa.barros.17504@example.com,Goiânia,Assistente comercial,42,01572240220
Camila Fernandes Gomes,camila.fernandes.gomes.17505@example.com,Uberlândia,Mecânico,69,64031255133
Felipe Pereira Costa,felipe.pereira.costa.17506@example.com,Sorocaba,Estoquista,34,10945544864
Fernanda Barbosa Ribeiro,fernanda.barbosa.ribeiro.17507@example.com,Sorocaba,Coordenador de marketing,55,24597682529
Marcelo Ribeiro Pereira,marcelo.ribeiro.pereira.17508@example.com,São Paulo,Comprador,66,43235125000
Beatriz Almeida Moreira,beatriz.almeida.moreira.17509@example.com,Fortaleza,Gerente comercial,53,35460605751
Eduardo Barbosa Castro,eduardo.barbosa.castro.17510@example.com,Cuiabá,Diretor de operações,36,21438451604
Aline Rocha Dias,aline.rocha.dias.17511@example.com,Cuiabá,Nutricionista,36,98075031141
Gustavo Moreira Freitas,gustavo.moreira.freitas.17512@example.com,Salvador,Chefe de compras,46,66718216866
Luana Nascimento Silva,luana.nascimento.silva.17513@example.com,Vitória,Nutricionista,69,28925704282
Bruno Alves Gomes,bruno.alves.gomes.17514@example.com,Goiânia,Advogado,35,49475311895
Aline Alves Martins,aline.alves.martins.17515@example.com,Curitiba,Vendedor,64,87077427082
Nicolas Martins Pereira,nicolas.martins.pereira.17516@example.com,Goiânia,Diretor de operações,39,86883373251
Gabriela Lima Lima,gabriela.lima.lima.17517@example.com,Campo Grande,Líder de equipe,20,35616501843
João Oliveira Ribeiro,joao.oliveira.ribeiro.17518@example.com,Recife,Cozinheiro,25,79153131061
Renata Carvalho Cardoso,renata.carvalho.cardoso.17519@example.com,Belém,Engenheiro civil,25,62440877125
Otávio Moreira Barros,otavio.moreira.barros.17520@example.com,Belo Horizonte,Cozinheiro,59,83375726385
Mariana Rodrigues Santos,mariana.rodrigues.santos.17521@example.com,Salvador,Assistente comercial,42,15527961146
Sandra Araújo Rocha,sandra.araujo.rocha.17522@example.com,Santos,Nutricionista,39,95964293990
Leonardo Cardoso Barros,leonardo.cardoso.barros.17523@example.com,Fortaleza,Fisioterapeuta,65,88278867408
Larissa Fernandes Souza,larissa.fernandes.souza.17524@example.com,Porto Alegre,Professor,50,10962736244
Lucas Araújo Souza,lucas.araujo.souza.17525@example.com,Brasília,Chefe de almoxarifado,43,36569204886
Vanessa Nascimento Gomes,vanessa.nascimento.gomes.17526@example.com,Cuiabá,Programador,48,02944948318
Patrícia Gomes Dias,patricia.gomes.dias.17527@example.com,Curitiba,Supervisor de vendas,59,01016672894
Larissa Cardoso Barros,larissa.cardoso.barros.17528@example.com,Belo Horizonte,Analista de marketing,39,77665224915
Aline Monteiro Fernandes,aline.monteiro.fernandes.17529@example.com,Brasília,Coordenador de logística,63,71925238003
Patrícia Freitas Monteiro,patricia.freitas.monteiro.17530@example.com,Salvador,Técnico de enfermagem,43,09844836135
Fernanda Ribeiro Teixeira,fernanda.ribeiro.teixeira.17531@example.com,Santos,Professor,26,16386681935
Gustavo Rodrigues Gomes,gustavo.rodrigues.gomes.17532@example.com,Salvador,Técnico de segurança do trabalho,28,04018876600
Gabriel Silva Souza,gabriel.silva.souza.17533@example.com,Dourados,Recepcionista,61,32440089527
Patrícia Lima Carvalho,patricia.lima.carvalho.17534@example.com,Sorocaba,Cozinheiro,61,50319231901
Vanessa Monteiro Freitas,vanessa.monteiro.freitas.17535@example.com,Belo Horizonte,Programador,62,11254085065
Rafael Souza Oliveira,rafael.souza.oliveira.17536@example.com,Londrina,Jornalista,54,69104338167
José Gomes Carvalho,jose.gomes.carvalho.17537@example.com,Belo Horizonte,Encarregado de produção,43,26138968927
Marcelo Lima Martins,marcelo.lima.martins.17538@example.com,Santos,Atendente,67,97951923781
Renata Nascimento Cardoso,renata.nascimento.cardoso.17539@example.com,Natal,Supervisor de manutenção,44,87103857892
Marcelo Nascimento Almeida,marcelo.nascimento.almeida.17540@example.com,Santos,Padeiro,55,80533073947
Renata Castro Souza,renata.castro.souza.17541@example.com,Campo Grande,Nutricionista,35,41236922810
Vinícius Moreira Martins,vinicius.moreira.martins.17542@example.com,Vitória,Auxiliar de produção,68,97189723285
Eduardo Nascimento Rodrigues,eduardo.nascimento.rodrigues.17543@example.com,Caxias do Sul,Supervisor de vendas,60,89656470810
José Rocha Fernandes,jose.rocha.fernandes.17544@example.com,Curitiba,Operador de caixa,46,00925402083
Luana Cardoso Dias,luana.cardoso.dias.17545@example.com,Rondonópolis,Padeiro,60,57028562603
Lucas Oliveira Almeida,lucas.oliveira.almeida.17546@example.com,Campinas,Analista de recursos humanos,48,96691562790
João Moreira Araújo,joao.moreira.araujo.17547@example.com,Recife,Chefe de almoxarifado,58,34088767308
Gustavo Nascimento Carvalho,gustavo.nascimento.carvalho.17548@example.com,Maringá,Chefe de compras,36,71287049102
Lucas Almeida Santos,lucas.almeida.santos.17549@example.com,Florianópolis,Chefe de departamento pessoal,36,90339215179
Vinícius Freitas Santos,vinicius.freitas.santos.17550@example.com,Maringá,Padeiro,55,57858685807
Rafael Rodrigues Barbosa,rafael.rodrigues.barbosa.17551@example.com,Manaus,Técnico em informática,56,70291043755
Priscila Barros Cardoso,priscila.barros.cardoso.17552@example.com,Campo Grande,Pedreiro,57,01423763902
Fernanda Souza Fernandes,fernanda.souza.fernandes.17553@example.com,Porto Alegre,Analista de dados,62,67173045435
Tatiane Moreira Alves,tatiane.moreira.alves.17554@example.com,Cuiabá,Professor,54,13701509655
Marcelo Freitas Alves,marcelo.freitas.alves.17555@example.com,Santos,Técnico de enfermagem,41,90619021431
Patrícia Oliveira Martins,patricia.oliveira.martins.17556@example.com,Salvador,Padeiro,52,42763995718
José Moreira Freitas,jose.moreira.freitas.17557@example.com,Fortaleza,Estoquista,70,47395910610
Sérgio Moreira Costa,sergio.moreira.costa.17558@example.com,Porto Alegre,Chefe de departamento pessoal,58,75930780627
Ana Gomes Monteiro,ana.gomes.monteiro.17559@example.com,Campinas,Diretor de operações,41,79142002836
Bruno Alves Souza,bruno.alves.souza.17560@example.com,Uberlândia,Padeiro,47,94393726513
Pedro Costa Barbosa,pedro.costa.barbosa.17561@example.com,Cuiabá,Motorista,50,16499444270
Lucas Araújo Almeida,lucas.araujo.almeida.17562@example.com,Maringá,Diretor de operações,48,11918532469
Rafael Araújo Martins,rafael.araujo.martins.17563@example.com,Caxias do Sul,Analista de recursos humanos,62,90099557543
Ana Rocha Cardoso,ana.rocha.cardoso.17564@example.com,Santos,Gerente financeiro,56,68785238218
Sandra Fernandes Oliveira,sandra.fernandes.oliveira.17565@example.com,Rondonópolis,Contador,69,47981608577
Larissa Nascimento Alves,larissa.nascimento.alves.17566@example.com,Campinas,Gerente de recursos humanos,44,82743823144
Sandra Mendes Pereira,sandra.mendes.pereira.17567@example.com,Santos,Supervisor de vendas,20,68349038680
Camila Araújo Carvalho,camila.araujo.carvalho.17568@example.com,Brasília,Analista de dados,63,98294772348
Débora Carvalho Pereira,debora.carvalho.pereira.17569@example.com,Florianópolis,Coordenador de produção,26,24403519154
Eduardo Santos Alves,eduardo.santos.alves.17570@example.com,Cuiabá,Chefe de compras,45,05566039914
João Carvalho Monteiro,joao.carvalho.monteiro.17571@example.com,Salvador,Analista financeiro,28,08278209638
Vitória Fernandes Martins,vitoria.fernandes.martins.17572@example.com,Londrina,Chefe de compras,62,87361116727
Renata Gomes Silva,renata.gomes.silva.17573@example.com,Campo Grande,Fisioterapeuta,44,72178040455
Simone Dias Ribeiro,simone.dias.ribeiro.17574@example.com,Salvador,Coordenador de logística,63,85492008556
Sérgio Castro Freitas,sergio.castro.freitas.17575@example.com,Niterói,Recepcionista,35,42250482037
Débora Monteiro Silva,debora.monteiro.silva.17576@example.com,Manaus,Técnico em informática,63,42191023286
Vanessa Gomes Dias,vanessa.gomes.dias.17577@example.com,Joinville,Enfermeiro,57,91247154434
Tatiane Barbosa Souza,tatiane.barbosa.souza.17578@example.com,Belém,Supervisor de vendas,67,30455047313
Leonardo Carvalho Oliveira,leonardo.carvalho.oliveira.17579@example.com,Belém,Vendedor,26,00920218797
Fernanda Almeida Rodrigues,fernanda.almeida.rodrigues.17580@example.com,Florianópolis,Supervisor de manutenção,28,68637057656
Thiago Monteiro Costa,thiago.monteiro.costa.17581@example.com,Natal,Farmacêutico,29,27500593216
Felipe Lima Alves,felipe.lima.alves.17582@example.com,Dourados,Fisioterapeuta,70,95262989734
Nicolas Dias Mendes,nicolas.dias.mendes.17583@example.com,Fortaleza,Vendedor,69,26838358734
Paulo Carvalho Dias,paulo.carvalho.dias.17584@example.com,Manaus,Motorista,53,29545370228
Tatiane Dias Souza,tatiane.dias.souza.17585@example.com,Cuiabá,Mecânico,22,77730397268
Lucas Barros Freitas,lucas.barros.freitas.17586@example.com,Florianópolis,Advogado,27,96616256555
Diego Monteiro Fernandes,diego.monteiro.fernandes.17587@example.com,Caxias do Sul,Chefe de compras,43,47953149308
Patrícia Silva Souza,patricia.silva.souza.17588@example.com,São Paulo,Cozinheiro,48,67116289100
Gabriel Freitas Barros,gabriel.freitas.barros.17589@example.com,Belo Horizonte,Comprador,35,33952238449
Letícia Oliveira Souza,leticia.oliveira.souza.17590@example.com,Rio de Janeiro,Enfermeiro,52,14000579862
Ana Cardoso Souza,ana.cardoso.souza.17591@example.com,Fortaleza,Mecânico,70,24077656081
Simone Rocha Araújo,simone.rocha.araujo.17592@example.com,Maringá,Arquiteto,54,46873022808
Lucas Teixeira Santos,lucas.teixeira.santos.17593@example.com,Florianópolis,Coordenador de logística,33,16401816103
Tatiane Carvalho Souza,tatiane.carvalho.souza.17594@example.com,Rondonópolis,Encarregado de produção,41,11040829604
Juliana Ribeiro Dias,juliana.ribeiro.dias.17595@example.com,Natal,Coordenador de marketing,41,92249249684
Gustavo Alves Costa,gustavo.alves.costa.17596@example.com,Campinas,Motorista,56,01552972625
Luana Freitas Moreira,luana.freitas.moreira.17597@example.com,Goiânia,Cozinheiro,66,53569721430
Simone Freitas Fernandes,simone.freitas.fernandes.17598@example.com,Rio de Janeiro,Técnico em informática,29,31291991645
Amanda Gomes Cardoso,amanda.gomes.cardoso.17599@example.com,Goiânia,Operador de caixa,24,30852082535
Nicolas Castro Martins,nicolas.castro.martins.17600@example.com,Cuiabá,Supervisor de vendas,39,62661099135
Marcelo Barros Cardoso,marcelo.barros.cardoso.17601@example.com,São Paulo,Supervisor de atendimento,28,66020818805
Leonardo Fernandes Santos,leonardo.fernandes.santos.17602@example.com,Goiânia,Chefe de departamento pessoal,29,20969368062
Vinícius Costa Freitas,vinicius.costa.freitas.17603@example.com,Brasília,Supervisor de manutenção,51,16053449509
Bruno Pereira Barros,bruno.pereira.barros.17604@example.com,Sorocaba,Comprador,64,02038221281
Camila Oliveira Moreira,camila.oliveira.moreira.17605@example.com,Vitória,Nutricionista,37,77157918597
Sandra Barros Martins,sandra.barros.martins.17606@example.com,Caxias do Sul,Analista de recursos humanos,23,24748949274
Felipe Silva Castro,felipe.silva.castro.17607@example.com,Belém,Motorista,26,37512325926
Amanda Nascimento Carvalho,amanda.nascimento.carvalho.17608@example.com,Brasília,Encarregado de produção,50,12010000955
Diego Barbosa Silva,diego.barbosa.silva.17609@example.com,Recife,Arquiteto,48,50131438365
Débora Moreira Barros,debora.moreira.barros.17610@example.com,Uberlândia,Analista de dados,29,35446429394
Tatiane Ribeiro Castro,tatiane.ribeiro.castro.17611@example.com,Niterói,Assistente comercial,47,75077400406
Beatriz Dias Nascimento,beatriz.dias.nascimento.17612@example.com,Dourados,Mecânico,53,77700540580
Marcelo Rocha Fernandes,marcelo.rocha.fernandes.17613@example.com,Belo Horizonte,Gerente de tecnologia,25,38628020206
Paulo Mendes Mendes,paulo.mendes.mendes.17614@example.com,Belo Horizonte,Nutricionista,70,10612290935
Bruno Barros Carvalho,bruno.barros.carvalho.17615@example.com,Santos,Líder de equipe,32,02205046716
Vinícius Lima Teixeira,vinicius.lima.teixeira.17616@example.com,Salvador,Arquiteto,47,91642635951
Tatiane Santos Almeida,tatiane.santos.almeida.17617@example.com,Campo Grande,Fisioterapeuta,55,31965311358
Marcelo Rocha Mendes,marcelo.rocha.mendes.17618@example.com,Sorocaba,Mecânico,21,04880477437
João Silva Silva,joao.silva.silva.17619@example.com,Cuiabá,Recepcionista,47,30977326187
Thiago Souza Barbosa,thiago.souza.barbosa.17620@example.com,Brasília,Gerente de operações,59,83912419649
Carlos Costa Carvalho,carlos.costa.carvalho.17621@example.com,Joinville,Gerente comercial,31,19122708059
Paulo Rocha Fernandes,paulo.rocha.fernandes.17622@example.com,Uberlândia,Padeiro,57,18808219230
Otávio Castro Barros,otavio.castro.barros.17623@example.com,Rio de Janeiro,Técnico de enfermagem,37,00455338973
Bruno Castro Gomes,bruno.castro.gomes.17624@example.com,Santos,Encarregado de produção,21,09186566747
Ricardo Monteiro Araújo,ricardo.monteiro.araujo.17625@example.com,Florianópolis,Assistente comercial,69,79046640742
Bruno Moreira Freitas,bruno.moreira.freitas.17626@example.com,Caxias do Sul,Gerente de recursos humanos,38,06465147377
Gustavo Costa Costa,gustavo.costa.costa.17627@example.com,Maringá,Mecânico,58,53603876649
Carolina Silva Carvalho,carolina.silva.carvalho.17628@example.com,Brasília,Pedreiro,29,44493282301
Larissa Fernandes Fernandes,larissa.fernandes.fernandes.17629@example.com,Fortaleza,Cozinheiro,48,90437645032
Carolina Freitas Monteiro,carolina.freitas.monteiro.17630@example.com,Campo Grande,Supervisor de vendas,60,46733243999
Marcelo Rocha Cardoso,marcelo.rocha.cardoso.17631@example.com,Dourados,Enfermeiro,34,07899769905
Paulo Fernandes Moreira,paulo.fernandes.moreira.17632@example.com,Vitória,Chefe de almoxarifado,34,12706338205
Igor Fernandes Dias,igor.fernandes.dias.17633@example.com,Salvador,Pedreiro,58,98258594028
Tatiane Araújo Souza,tatiane.araujo.souza.17634@example.com,Campinas,Advogado,69,46925936754
Marcelo Moreira Dias,marcelo.moreira.dias.17635@example.com,Cuiabá,Supervisor de qualidade,20,86285782546
Diego Monteiro Fernandes,diego.monteiro.fernandes.17636@example.com,Manaus,Diretor de operações,43,48658829938
Paulo Barbosa Alves,paulo.barbosa.alves.17637@example.com,Cuiabá,Analista de dados,25,74455296077
Gabriela Martins Dias,gabriela.martins.dias.17638@example.com,Dourados,Auxiliar de produção,29,78812284981
Igor Santos Cardoso,igor.santos.cardoso.17639@example.com,Rio de Janeiro,Assistente comercial,59,98310597074
Otávio Barros Oliveira,otavio.barros.oliveira.17640@example.com,Rio de Janeiro,Analista financeiro,34,22365570971
Leonardo Rodrigues Almeida,leonardo.rodrigues.almeida.17641@example.com,Brasília,Chefe de departamento pessoal,66,49041904747
Camila Santos Barros,camila.santos.barros.17642@example.com,Dourados,Coordenador de logística,20,90121891494
Vitória Souza Cardoso,vitoria.souza.cardoso.17643@example.com,Fortaleza,Técnico em informática,65,52719225657
Vinícius Rodrigues Oliveira,vinicius.rodrigues.oliveira.17644@example.com,Florianópolis,Vendedor,23,81470036947
Thiago Martins Moreira,thiago.martins.moreira.17645@example.com,Florianópolis,Estoquista,36,93576499753
Daniela Oliveira Barros,daniela.oliveira.barros.17646@example.com,Santos,Coordenador administrativo,37,81423613855
João Alves Oliveira,joao.alves.oliveira.17647@example.com,Joinville,Coordenador de marketing,56,99488364956
Bruno Ribeiro Teixeira,bruno.ribeiro.teixeira.17648@example.com,Londrina,Supervisor de vendas,58,90649318625
Leonardo Ribeiro Barros,leonardo.ribeiro.barros.17649@example.com,Rondonópolis,Analista de marketing,66,34197014928
Fernanda Oliveira Cardoso,fernanda.oliveira.cardoso.17650@example.com,Campo Grande,Técnico em informática,40,75189759890
Vinícius Mendes Lima,vinicius.mendes.lima.17651@example.com,Uberlândia,Recepcionista,67,10102265979
Lucas Nascimento Lima,lucas.nascimento.lima.17652@example.com,Porto Alegre,Técnico em informática,62,68968039236
Ricardo Nascimento Santos,ricardo.nascimento.santos.17653@example.com,Curitiba,Gerente de tecnologia,57,68983804393
Tatiane Nascimento Moreira,tatiane.nascimento.moreira.17654@example.com,Belo Horizonte,Encarregado de produção,65,17101826563
Larissa Fernandes Alves,larissa.fernandes.alves.17655@example.com,Rio de Janeiro,Jornalista,26,60710870121
Gustavo Gomes Gomes,gustavo.gomes.gomes.17656@example.com,Salvador,Professor,63,45797914697
Juliana Barbosa Teixeira,juliana.barbosa.teixeira.17657@example.com,Vitória,Supervisor de atendimento,59,67579467252
Mariana Gomes Almeida,mariana.gomes.almeida.17658@example.com,Maringá,Enfermeiro,41,64813645500
Gabriela Martins Almeida,gabriela.martins.almeida.17659@example.com,Niterói,Cozinheiro,52,06786562577
Renata Ribeiro Costa,renata.ribeiro.costa.17660@example.com,Sorocaba,Chefe de departamento pessoal,34,58198646870
Henrique Castro Gomes,henrique.castro.gomes.17661@example.com,Joinville,Enfermeiro,55,92108965119
Marcelo Silva Barbosa,marcelo.silva.barbosa.17662@example.com,Natal,Estoquista,63,86194527172
Mariana Pereira Dias,mariana.pereira.dias.17663@example.com,Maringá,Padeiro,46,83270242473
Beatriz Pereira Araújo,beatriz.pereira.araujo.17664@example.com,Campinas,Gerente comercial,51,76260762438
Ana Monteiro Rocha,ana.monteiro.rocha.17665@example.com,Londrina,Técnico de enfermagem,30,65419080949
Pedro Silva Rodrigues,pedro.silva.rodrigues.17666@example.com,Caxias do Sul,Gerente de tecnologia,37,68064685439
Sérgio Moreira Martins,sergio.moreira.martins.17667@example.com,Santos,Gerente de tecnologia,33,15502799677
Fernanda Nascimento Araújo,fernanda.nascimento.araujo.17668@example.com,Dourados,Designer gráfico,18,58177068459
Sandra Rocha Pereira,sandra.rocha.pereira.17669@example.com,Caxias do Sul,Enfermeiro,28,86593861726
Otávio Souza Rodrigues,otavio.souza.rodrigues.17670@example.com,Sorocaba,Gerente de tecnologia,59,67351948296
Juliana Ribeiro Alves,juliana.ribeiro.alves.17671@example.com,Dourados,Chefe de almoxarifado,67,69456760825
Beatriz Fernandes Alves,beatriz.fernandes.alves.17672@example.com,Natal,Analista de marketing,46,09622767170
Daniela Nascimento Monteiro,daniela.nascimento.monteiro.17673@example.com,Caxias do Sul,Assistente comercial,43,57282932762
Diego Mendes Barros,diego.mendes.barros.17674@example.com,Dourados,Técnico de enfermagem,24,52085970417
Daniela Cardoso Lima,daniela.cardoso.lima.17675@example.com,Natal,Coordenador de produção,21,49653514499
Aline Silva Lima,aline.silva.lima.17676@example.com,Salvador,Fisioterapeuta,61,68748740137
Marcelo Almeida Castro,marcelo.almeida.castro.17677@example.com,Manaus,Técnico de segurança do trabalho,46,82581682413
Daniela Almeida Santos,daniela.almeida.santos.17678@example.com,Londrina,Líder de equipe,49,42549278056
Camila Lima Pereira,camila.lima.pereira.17679@example.com,Maringá,Vendedor,40,69913057954
João Lima Cardoso,joao.lima.cardoso.17680@example.com,Dourados,Engenheiro civil,44,23276436931
Gabriel Monteiro Castro,gabriel.monteiro.castro.17681@example.com,Fortaleza,Auxiliar de produção,27,11382373060
Paulo Souza Monteiro,paulo.souza.monteiro.17682@example.com,Sorocaba,Coordenador de logística,58,66127192131
Gustavo Gomes Moreira,gustavo.gomes.moreira.17683@example.com,Belém,Designer gráfico,60,94412906971
Ricardo Ribeiro Dias,ricardo.ribeiro.dias.17684@example.com,Florianópolis,Líder de equipe,62,96802718893
José Alves Dias,jose.alves.dias.17685@example.com,Fortaleza,Encarregado de produção,36,77844692664
Gabriel Rocha Ribeiro,gabriel.rocha.ribeiro.17686@example.com,Sorocaba,Atendente,55,69299076001
Gabriela Almeida Silva,gabriela.almeida.silva.17687@example.com,Curitiba,Técnico em informática,64,18344272081
Simone Martins Fernandes,simone.martins.fernandes.17688@example.com,Brasília,Comprador,49,16621879527
Fernanda Lima Nascimento,fernanda.lima.nascimento.17689@example.com,Rondonópolis,Professor,64,78293656166
Thiago Gomes Fernandes,thiago.gomes.fernandes.17690@example.com,Cuiabá,Analista de recursos humanos,35,19253308728
Rafael Fernandes Dias,rafael.fernandes.dias.17691@example.com,Rondonópolis,Supervisor de manutenção,52,26695130309
Pedro Moreira Pereira,pedro.moreira.pereira.17692@example.com,Curitiba,Motorista,56,32859253332
Felipe Oliveira Gomes,felipe.oliveira.gomes.17693@example.com,Recife,Gerente de tecnologia,53,38520809474
Lucas Lima Lima,lucas.lima.lima.17694@example.com,São Paulo,Contador,42,75759366779
Patrícia Rocha Castro,patricia.rocha.castro.17695@example.com,Vitória,Pedreiro,30,91147520771
Sandra Moreira Mendes,sandra.moreira.mendes.17696@example.com,Belo Horizonte,Contador,18,90755876803
Gabriela Silva Rocha,gabriela.silva.rocha.17697@example.com,Natal,Comprador,50,31720849393
Gustavo Pereira Rocha,gustavo.pereira.rocha.17698@example.com,Dourados,Designer gráfico,27,96820668372
Letícia Fernandes Alves,leticia.fernandes.alves.17699@example.com,Niterói,Motorista,64,63111820258
Pedro Gomes Lima,pedro.gomes.lima.17700@example.com,Goiânia,Assistente administrativo,23,63005484060
Vinícius Souza Pereira,vinicius.souza.pereira.17701@example.com,Curitiba,Chefe de almoxarifado,20,76786231146
Lucas Silva Almeida,lucas.silva.almeida.17702@example.com,Niterói,Supervisor de vendas,63,36105111691
Vanessa Martins Oliveira,vanessa.martins.oliveira.17703@example.com,São Paulo,Auxiliar de produção,22,70494539466
Vanessa Castro Dias,vanessa.castro.dias.17704@example.com,Uberlândia,Assistente comercial,20,29015841410
Sandra Rocha Freitas,sandra.rocha.freitas.17705@example.com,Niterói,Chefe de compras,56,30544390373
Simone Gomes Lima,simone.gomes.lima.17706@example.com,Brasília,Nutricionista,31,53504925528
Eduardo Costa Fernandes,eduardo.costa.fernandes.17707@example.com,Santos,Chefe de almoxarifado,40,86366748483
Leonardo Pereira Araújo,leonardo.pereira.araujo.17708@example.com,Cuiabá,Chefe de almoxarifado,37,93319333625
Renata Lima Teixeira,renata.lima.teixeira.17709@example.com,Florianópolis,Assistente administrativo,37,10400632969
Vitória Barros Martins,vitoria.barros.martins.17710@example.com,Dourados,Fisioterapeuta,43,16325537365
Lucas Gomes Mendes,lucas.gomes.mendes.17711@example.com,Campinas,Designer gráfico,67,31310676636
Luana Pereira Souza,luana.pereira.souza.17712@example.com,Salvador,Motorista,62,02958863888
Beatriz Moreira Teixeira,beatriz.moreira.teixeira.17713@example.com,Campinas,Chefe de departamento pessoal,55,12597637870
Amanda Moreira Fernandes,amanda.moreira.fernandes.17714@example.com,Belo Horizonte,Supervisor de manutenção,42,42512105102
Juliana Rocha Fernandes,juliana.rocha.fernandes.17715@example.com,Uberlândia,Chefe de departamento pessoal,69,98931656123
Amanda Pereira Alves,amanda.pereira.alves.17716@example.com,Rio de Janeiro,Gerente comercial,32,86554996537
Gabriel Carvalho Costa,gabriel.carvalho.costa.17717@example.com,Santos,Engenheiro civil,40,99265126634
Sandra Costa Cardoso,sandra.costa.cardoso.17718@example.com,Natal,Contador,67,80762203863
Sérgio Nascimento Teixeira,sergio.nascimento.teixeira.17719@example.com,Cuiabá,Nutricionista,46,50594640239
Bruno Nascimento Castro,bruno.nascimento.castro.17720@example.com,Cuiabá,Farmacêutico,30,56292170443
Carolina Carvalho Fernandes,carolina.carvalho.fernandes.17721@example.com,Sorocaba,Assistente comercial,47,60598078490
Patrícia Lima Oliveira,patricia.lima.oliveira.17722@example.com,Rondonópolis,Chefe de almoxarifado,50,61186015095
Priscila Alves Martins,priscila.alves.martins.17723@example.com,Fortaleza,Chefe de departamento pessoal,23,93101699251
Aline Moreira Lima,aline.moreira.lima.17724@example.com,Dourados,Supervisor de qualidade,42,36258865147
Amanda Mendes Teixeira,amanda.mendes.teixeira.17725@example.com,São Paulo,Engenheiro civil,48,52812418489
Letícia Fernandes Rocha,leticia.fernandes.rocha.17726@example.com,Campo Grande,Vendedor,49,04791100464
Gabriela Lima Barros,gabriela.lima.barros.17727@example.com,Campo Grande,Analista de recursos humanos,29,26597498425
Ricardo Ribeiro Costa,ricardo.ribeiro.costa.17728@example.com,Fortaleza,Assistente administrativo,56,63354074364
Sérgio Araújo Carvalho,sergio.araujo.carvalho.17729@example.com,Joinville,Programador,50,44415780825
Carlos Araújo Mendes,carlos.araujo.mendes.17730@example.com,Santos,Assistente comercial,55,10453939060
Simone Almeida Almeida,simone.almeida.almeida.17731@example.com,Campinas,Gerente comercial,61,08782438790
Letícia Dias Cardoso,leticia.dias.cardoso.17732@example.com,Natal,Mecânico,50,22548030086
Pedro Oliveira Freitas,pedro.oliveira.freitas.17733@example.com,Natal,Chefe de almoxarifado,69,91678412245
Vinícius Alves Fernandes,vinicius.alves.fernandes.17734@example.com,Londrina,Assistente administrativo,52,21597013260
Tatiane Costa Monteiro,tatiane.costa.monteiro.17735@example.com,Uberlândia,Gerente de recursos humanos,57,38042499137
Renata Almeida Ribeiro,renata.almeida.ribeiro.17736@example.com,Manaus,Encarregado de produção,52,93401835009
Paulo Dias Souza,paulo.dias.souza.17737@example.com,Fortaleza,Chefe de departamento pessoal,44,74202939533
Nicolas Santos Fernandes,nicolas.santos.fernandes.17738@example.com,Sorocaba,Programador,51,83011416198
Pedro Martins Santos,pedro.martins.santos.17739@example.com,Sorocaba,Supervisor de qualidade,31,52542549381
Igor Barros Gomes,igor.barros.gomes.17740@example.com,Dourados,Gerente de operações,37,62980520957
Débora Araújo Silva,debora.araujo.silva.17741@example.com,Florianópolis,Coordenador administrativo,41,99878824886
Ana Dias Almeida,ana.dias.almeida.17742@example.com,Rondonópolis,Diretor de operações,67,18112832056
Pedro Souza Freitas,pedro.souza.freitas.17743@example.com,Rio de Janeiro,Analista de dados,38,35507592457
Aline Martins Fernandes,aline.martins.fernandes.17744@example.com,Cuiabá,Gerente de operações,66,41789811199
Aline Mendes Rodrigues,aline.mendes.rodrigues.17745@example.com,Cuiabá,Pedreiro,39,27446610052
Daniela Rocha Nascimento,daniela.rocha.nascimento.17746@example.com,Porto Alegre,Operador de caixa,35,84766553608
Ricardo Carvalho Castro,ricardo.carvalho.castro.17747@example.com,Joinville,Líder de equipe,31,35161630239
Aline Cardoso Martins,aline.cardoso.martins.17748@example.com,Dourados,Técnico de enfermagem,35,35921697005
Igor Rocha Moreira,igor.rocha.moreira.17749@example.com,Belém,Diretor de operações,22,15345884231
Simone Martins Nascimento,simone.martins.nascimento.17750@example.com,Vitória,Líder de equipe,20,41267101365
Vinícius Mendes Barros,vinicius.mendes.barros.17751@example.com,Florianópolis,Padeiro,62,77353202680
Fernanda Freitas Barros,fernanda.freitas.barros.17752@example.com,Vitória,Mecânico,69,11633449040
Vinícius Souza Souza,vinicius.souza.souza.17753@example.com,Niterói,Diretor comercial,51,03828263768
Larissa Barros Pereira,larissa.barros.pereira.17754@example.com,Porto Alegre,Gerente financeiro,42,91734370500
João Nascimento Teixeira,joao.nascimento.teixeira.17755@example.com,Santos,Chefe de almoxarifado,46,15218996319
Gabriela Gomes Rodrigues,gabriela.gomes.rodrigues.17756@example.com,Cuiabá,Recepcionista,57,45263580555
Daniela Rocha Monteiro,daniela.rocha.monteiro.17757@example.com,Goiânia,Auxiliar de produção,67,77273243939
Sandra Monteiro Monteiro,sandra.monteiro.monteiro.17758@example.com,Joinville,Gerente de recursos humanos,64,94038529984
Pedro Ribeiro Dias,pedro.ribeiro.dias.17759@example.com,Campinas,Diretor de operações,70,65930565838
Ana Almeida Barbosa,ana.almeida.barbosa.17760@example.com,Natal,Líder de equipe,27,59571434170
Pedro Monteiro Dias,pedro.monteiro.dias.17761@example.com,Rondonópolis,Nutricionista,64,56509699992
Leonardo Nascimento Souza,leonardo.nascimento.souza.17762@example.com,Vitória,Analista financeiro,44,40987213751
Thiago Castro Mendes,thiago.castro.mendes.17763@example.com,Londrina,Engenheiro civil,57,00020827755
Marcelo Silva Araújo,marcelo.silva.araujo.17764@example.com,São Paulo,Gerente comercial,19,47731736961
Simone Fernandes Oliveira,simone.fernandes.oliveira.17765@example.com,Vitória,Operador de caixa,63,17174266491
Débora Ribeiro Costa,debora.ribeiro.costa.17766@example.com,Campo Grande,Estoquista,34,03465217023
Sandra Fernandes Cardoso,sandra.fernandes.cardoso.17767@example.com,Joinville,Diretor comercial,44,57696634044
Otávio Ribeiro Dias,otavio.ribeiro.dias.17768@example.com,Goiânia,Enfermeiro,44,91474862440
Pedro Mendes Almeida,pedro.mendes.almeida.17769@example.com,Vitória,Coordenador de logística,25,94250977569
Marcelo Cardoso Ribeiro,marcelo.cardoso.ribeiro.17770@example.com,Sorocaba,Líder de equipe,70,34450958636
Simone Freitas Costa,simone.freitas.costa.17771@example.com,Rondonópolis,Diretor de operações,64,87646533989
Amanda Rocha Castro,amanda.rocha.castro.17772@example.com,Uberlândia,Nutricionista,32,34254010665
Gustavo Moreira Souza,gustavo.moreira.souza.17773@example.com,Natal,Motorista,50,39850591482
Priscila Dias Moreira,priscila.dias.moreira.17774@example.com,Joinville,Pedreiro,43,82193855214
Paulo Rocha Martins,paulo.rocha.martins.17775@example.com,Natal,Operador de caixa,32,59151928639
Igor Moreira Pereira,igor.moreira.pereira.17776@example.com,Rondonópolis,Técnico de enfermagem,22,56276104755
Paulo Monteiro Teixeira,paulo.monteiro.teixeira.17777@example.com,São Paulo,Comprador,43,72638935331
Sérgio Castro Fernandes,sergio.castro.fernandes.17778@example.com,Salvador,Programador,58,27564087338
Gustavo Mendes Oliveira,gustavo.mendes.oliveira.17779@example.com,Belo Horizonte,Assistente administrativo,59,00657140229
Paulo Santos Barbosa,paulo.santos.barbosa.17780@example.com,Rondonópolis,Coordenador administrativo,45,81625455764
Camila Freitas Rocha,camila.freitas.rocha.17781@example.com,Porto Alegre,Programador,43,56220992848
Tatiane Rodrigues Rodrigues,tatiane.rodrigues.rodrigues.17782@example.com,Dourados,Gerente financeiro,48,97322981085
Eduardo Fernandes Mendes,eduardo.fernandes.mendes.17783@example.com,Dourados,Chefe de almoxarifado,69,65640944866
Simone Barbosa Freitas,simone.barbosa.freitas.17784@example.com,Dourados,Cozinheiro,69,07690041087
Otávio Cardoso Castro,otavio.cardoso.castro.17785@example.com,Niterói,Atendente,45,39393665781
Beatriz Freitas Monteiro,beatriz.freitas.monteiro.17786@example.com,São Paulo,Atendente,70,49540760271
Eduardo Dias Gomes,eduardo.dias.gomes.17787@example.com,Florianópolis,Diretor de operações,37,95315883229
Ana Silva Dias,ana.silva.dias.17788@example.com,Fortaleza,Pedreiro,60,16178551755
Thiago Almeida Araújo,thiago.almeida.araujo.17789@example.com,Rondonópolis,Diretor comercial,39,01001469463
Daniela Barbosa Cardoso,daniela.barbosa.cardoso.17790@example.com,Rondonópolis,Motorista,21,57786865067
Simone Mendes Gomes,simone.mendes.gomes.17791@example.com,Recife,Professor,56,82877235593
Renata Lima Barbosa,renata.lima.barbosa.17792@example.com,Santos,Coordenador de logística,57,81873239140
Daniela Santos Pereira,daniela.santos.pereira.17793@example.com,Sorocaba,Analista de recursos humanos,43,50541733912
João Oliveira Oliveira,joao.oliveira.oliveira.17794@example.com,Brasília,Gerente financeiro,53,41732144071
Rafael Castro Araújo,rafael.castro.araujo.17795@example.com,Caxias do Sul,Motorista,66,16924038789
Gabriel Cardoso Fernandes,gabriel.cardoso.fernandes.17796@example.com,São Paulo,Coordenador de marketing,18,91145608513
Gabriel Moreira Moreira,gabriel.moreira.moreira.17797@example.com,Salvador,Advogado,68,09884395613
Igor Pereira Barbosa,igor.pereira.barbosa.17798@example.com,Dourados,Gerente de recursos humanos,45,18951456405
Ana Gomes Silva,ana.gomes.silva.17799@example.com,Maringá,Jornalista,21,96141667054
Leonardo Silva Costa,leonardo.silva.costa.17800@example.com,Brasília,Líder de equipe,69,30419882785
Thiago Cardoso Fernandes,thiago.cardoso.fernandes.17801@example.com,Niterói,Assistente comercial,66,18627429070
Sandra Dias Castro,sandra.dias.castro.17802@example.com,Recife,Jornalista,22,45131222700
Pedro Rocha Rocha,pedro.rocha.rocha.17803@example.com,São Paulo,Supervisor de vendas,37,33950452234
Vanessa Souza Fernandes,vanessa.souza.fernandes.17804@example.com,Uberlândia,Diretor de operações,63,93557194182
Patrícia Silva Ribeiro,patricia.silva.ribeiro.17805@example.com,Brasília,Motorista,18,93156988627
Fernanda Castro Rodrigues,fernanda.castro.rodrigues.17806@example.com,Cuiabá,Supervisor de manutenção,18,94079727889
Sérgio Lima Martins,sergio.lima.martins.17807@example.com,Cuiabá,Engenheiro civil,59,32339507838
Vinícius Dias Alves,vinicius.dias.alves.17808@example.com,Manaus,Comprador,69,76665142138
Ricardo Monteiro Carvalho,ricardo.monteiro.carvalho.17809@example.com,Vitória,Coordenador administrativo,19,29305210344
Henrique Silva Ribeiro,henrique.silva.ribeiro.17810@example.com,Niterói,Técnico de segurança do trabalho,68,40162313298
Eduardo Costa Barros,eduardo.costa.barros.17811@example.com,Niterói,Contador,53,98140113504
Rafael Santos Araújo,rafael.santos.araujo.17812@example.com,Caxias do Sul,Estoquista,29,63763267581
Lucas Costa Lima,lucas.costa.lima.17813@example.com,Santos,Analista de dados,39,42713860185
Vanessa Barbosa Souza,vanessa.barbosa.souza.17814@example.com,Caxias do Sul,Analista de marketing,22,42853328573
Fernanda Rocha Moreira,fernanda.rocha.moreira.17815@example.com,Rio de Janeiro,Farmacêutico,19,35768778067
Vanessa Fernandes Ribeiro,vanessa.fernandes.ribeiro.17816@example.com,Joinville,Técnico de enfermagem,41,47628164530
Thiago Carvalho Pereira,thiago.carvalho.pereira.17817@example.com,Sorocaba,Coordenador de produção,43,95693739562
Leonardo Dias Oliveira,leonardo.dias.oliveira.17818@example.com,Fortaleza,Corretor de imóveis,23,57091149553
Marcelo Lima Nascimento,marcelo.lima.nascimento.17819@example.com,Niterói,Arquiteto,48,91974733747
Ana Fernandes Cardoso,ana.fernandes.cardoso.17820@example.com,Recife,Gerente de operações,67,47894276995
Sérgio Teixeira Gomes,sergio.teixeira.gomes.17821@example.com,Joinville,Coordenador de produção,36,36867614304
Nicolas Rodrigues Alves,nicolas.rodrigues.alves.17822@example.com,São Paulo,Advogado,45,39050433618
Fernanda Barbosa Lima,fernanda.barbosa.lima.17823@example.com,Recife,Técnico de segurança do trabalho,67,00298349066
Pedro Almeida Lima,pedro.almeida.lima.17824@example.com,Rondonópolis,Auxiliar de produção,30,35554959790
Lucas Ribeiro Alves,lucas.ribeiro.alves.17825@example.com,São Paulo,Operador de caixa,55,06606537537
Daniela Moreira Carvalho,daniela.moreira.carvalho.17826@example.com,Belém,Analista de marketing,36,46948932415
Patrícia Barros Gomes,patricia.barros.gomes.17827@example.com,Natal,Técnico em informática,38,31377239462
Carolina Mendes Oliveira,carolina.mendes.oliveira.17828@example.com,Maringá,Técnico de segurança do trabalho,65,87220965656
Camila Cardoso Moreira,camila.cardoso.moreira.17829@example.com,Belo Horizonte,Coordenador de logística,24,57403552689
Luana Monteiro Costa,luana.monteiro.costa.17830@example.com,Fortaleza,Enfermeiro,49,62588042873
Juliana Mendes Dias,juliana.mendes.dias.17831@example.com,Brasília,Diretor de operações,52,81151739707
Juliana Almeida Pereira,juliana.almeida.pereira.17832@example.com,Goiânia,Advogado,25,18685845094
Carlos Cardoso Moreira,carlos.cardoso.moreira.17833@example.com,Curitiba,Coordenador de produção,50,79704747801
Lucas Carvalho Oliveira,lucas.carvalho.oliveira.17834@example.com,Belém,Atendente,65,21210098679
Luana Barros Souza,luana.barros.souza.17835@example.com,Dourados,Técnico de segurança do trabalho,38,39413349313
Fernanda Dias Martins,fernanda.dias.martins.17836@example.com,Campo Grande,Assistente comercial,66,41156944018
Eduardo Rocha Almeida,eduardo.rocha.almeida.17837@example.com,Belo Horizonte,Nutricionista,58,54263027876
Daniela Martins Ribeiro,daniela.martins.ribeiro.17838@example.com,Brasília,Recepcionista,25,07496053561
Daniela Moreira Fernandes,daniela.moreira.fernandes.17839@example.com,Belém,Fisioterapeuta,53,69042486364
Lucas Fernandes Gomes,lucas.fernandes.gomes.17840@example.com,Santos,Coordenador de logística,58,76853403344
Fernanda Gomes Barbosa,fernanda.gomes.barbosa.17841@example.com,Santos,Gerente comercial,48,34873494207
Gustavo Pereira Dias,gustavo.pereira.dias.17842@example.com,Curitiba,Técnico de enfermagem,55,19087868138
João Teixeira Freitas,joao.teixeira.freitas.17843@example.com,Sorocaba,Fisioterapeuta,31,97951980828
Patrícia Santos Pereira,patricia.santos.pereira.17844@example.com,Fortaleza,Recepcionista,20,96150557301
Carlos Rocha Pereira,carlos.rocha.pereira.17845@example.com,Rio de Janeiro,Pedreiro,24,85978735179
Vitória Pereira Souza,vitoria.pereira.souza.17846@example.com,Campinas,Enfermeiro,37,49712872629
Lucas Souza Martins,lucas.souza.martins.17847@example.com,Uberlândia,Coordenador de produção,30,27141527548
Pedro Rocha Fernandes,pedro.rocha.fernandes.17848@example.com,Goiânia,Professor,54,83442468945
Mariana Martins Gomes,mariana.martins.gomes.17849@example.com,São Paulo,Técnico em informática,34,19149861080
Igor Gomes Monteiro,igor.gomes.monteiro.17850@example.com,Dourados,Supervisor de manutenção,50,62989076990
Daniela Pereira Gomes,daniela.pereira.gomes.17851@example.com,Recife,Designer gráfico,36,52402865100
Nicolas Moreira Rodrigues,nicolas.moreira.rodrigues.17852@example.com,Campo Grande,Analista de marketing,63,37101922022
Rafael Cardoso Teixeira,rafael.cardoso.teixeira.17853@example.com,Londrina,Assistente comercial,24,79747957233
Carlos Souza Almeida,carlos.souza.almeida.17854@example.com,Brasília,Designer gráfico,59,21322349572
Ana Gomes Souza,ana.gomes.souza.17855@example.com,Vitória,Mecânico,40,06468617481
Pedro Carvalho Lima,pedro.carvalho.lima.17856@example.com,Cuiabá,Gerente de operações,61,54042220495
Gustavo Nascimento Teixeira,gustavo.nascimento.teixeira.17857@example.com,Brasília,Supervisor de vendas,44,68300690525
Vinícius Moreira Martins,vinicius.moreira.martins.17858@example.com,Brasília,Eletricista,32,63081707575
Beatriz Carvalho Souza,beatriz.carvalho.souza.17859@example.com,Curitiba,Atendente,63,26998301929
Beatriz Freitas Rocha,beatriz.freitas.rocha.17860@example.com,Fortaleza,Engenheiro civil,18,92683178513
Gabriel Souza Costa,gabriel.souza.costa.17861@example.com,Salvador,Gerente de recursos humanos,31,76702279334
Nicolas Nascimento Costa,nicolas.nascimento.costa.17862@example.com,Natal,Nutricionista,59,28172633239
Nicolas Moreira Martins,nicolas.moreira.martins.17863@example.com,Uberlândia,Coordenador de produção,39,66722565173
Ricardo Cardoso Oliveira,ricardo.cardoso.oliveira.17864@example.com,Belém,Operador de caixa,36,80589521232
Larissa Nascimento Teixeira,larissa.nascimento.teixeira.17865@example.com,Campo Grande,Pedreiro,40,09452106555
Paulo Oliveira Rocha,paulo.oliveira.rocha.17866@example.com,Natal,Chefe de compras,64,63473809058
Luana Silva Pereira,luana.silva.pereira.17867@example.com,Londrina,Eletricista,49,13554577311
Larissa Ribeiro Carvalho,larissa.ribeiro.carvalho.17868@example.com,Porto Alegre,Mecânico,61,75909795401
João Dias Gomes,joao.dias.gomes.17869@example.com,Natal,Eletricista,21,55955108899
Mariana Costa Silva,mariana.costa.silva.17870@example.com,Campinas,Supervisor de atendimento,22,67971949431
Sandra Silva Alves,sandra.silva.alves.17871@example.com,Cuiabá,Coordenador de marketing,38,52536958614
Ana Carvalho Gomes,ana.carvalho.gomes.17872@example.com,Santos,Coordenador de marketing,18,76048710003
Vinícius Fernandes Rocha,vinicius.fernandes.rocha.17873@example.com,Sorocaba,Eletricista,69,63605348687
Rafael Oliveira Santos,rafael.oliveira.santos.17874@example.com,Santos,Analista financeiro,54,96520996153
Fernanda Carvalho Nascimento,fernanda.carvalho.nascimento.17875@example.com,Cuiabá,Operador de caixa,49,07541423754
Amanda Carvalho Lima,amanda.carvalho.lima.17876@example.com,Goiânia,Gerente de recursos humanos,60,73037328801
Letícia Teixeira Castro,leticia.teixeira.castro.17877@example.com,Rondonópolis,Coordenador de marketing,47,03989759241
Larissa Oliveira Lima,larissa.oliveira.lima.17878@example.com,Cuiabá,Eletricista,53,95822065050
Letícia Alves Barros,leticia.alves.barros.17879@example.com,Caxias do Sul,Analista de marketing,43,07275565419
Gustavo Almeida Silva,gustavo.almeida.silva.17880@example.com,Rio de Janeiro,Designer gráfico,36,69257214808
Priscila Fernandes Barros,priscila.fernandes.barros.17881@example.com,Manaus,Vendedor,57,34185225435
Beatriz Gomes Carvalho,beatriz.gomes.carvalho.17882@example.com,Natal,Comprador,64,09709144203
Amanda Rocha Ribeiro,amanda.rocha.ribeiro.17883@example.com,Niterói,Supervisor de vendas,64,52758955976
Amanda Gomes Freitas,amanda.gomes.freitas.17884@example.com,Salvador,Analista financeiro,50,58850411654
Eduardo Moreira Moreira,eduardo.moreira.moreira.17885@example.com,Rio de Janeiro,Cozinheiro,47,74362930002
Daniela Fernandes Souza,daniela.fernandes.souza.17886@example.com,Santos,Gerente de tecnologia,57,06236762282
Bruno Barros Mendes,bruno.barros.mendes.17887@example.com,Sorocaba,Eletricista,56,76976168900
Gabriela Mendes Monteiro,gabriela.mendes.monteiro.17888@example.com,Brasília,Designer gráfico,20,88443634789
Amanda Nascimento Rodrigues,amanda.nascimento.rodrigues.17889@example.com,Santos,Analista de dados,38,27605887835
Rafael Costa Mendes,rafael.costa.mendes.17890@example.com,Vitória,Auxiliar de produção,57,07493124045
Letícia Cardoso Oliveira,leticia.cardoso.oliveira.17891@example.com,Caxias do Sul,Técnico de enfermagem,19,25593089893
Diego Cardoso Monteiro,diego.cardoso.monteiro.17892@example.com,Fortaleza,Motorista,46,45773333196
Marcelo Castro Teixeira,marcelo.castro.teixeira.17893@example.com,Dourados,Analista de marketing,68,92802736779
Amanda Moreira Oliveira,amanda.moreira.oliveira.17894@example.com,Rondonópolis,Recepcionista,28,23211580135
Thiago Rocha Almeida,thiago.rocha.almeida.17895@example.com,Brasília,Supervisor de vendas,40,52590914939
Patrícia Souza Rodrigues,patricia.souza.rodrigues.17896@example.com,Manaus,Programador,35,53763488971
Juliana Lima Barbosa,juliana.lima.barbosa.17897@example.com,São Paulo,Programador,56,58253236281
Luana Gomes Teixeira,luana.gomes.teixeira.17898@example.com,Rio de Janeiro,Técnico de enfermagem,29,73506600715
Patrícia Gomes Fernandes,patricia.gomes.fernandes.17899@example.com,Porto Alegre,Fisioterapeuta,64,01017147289
Priscila Araújo Carvalho,priscila.araujo.carvalho.17900@example.com,Campinas,Supervisor de atendimento,66,20292892450
José Nascimento Monteiro,jose.nascimento.monteiro.17901@example.com,Rondonópolis,Coordenador administrativo,22,28482171196
Gabriela Gomes Ribeiro,gabriela.gomes.ribeiro.17902@example.com,Fortaleza,Coordenador de marketing,50,31251304404
Renata Mendes Barros,renata.mendes.barros.17903@example.com,Londrina,Programador,45,53884225175
Rafael Almeida Barbosa,rafael.almeida.barbosa.17904@example.com,Florianópolis,Comprador,66,67720854892
Vinícius Fernandes Freitas,vinicius.fernandes.freitas.17905@example.com,Natal,Nutricionista,20,80164607639
Mariana Cardoso Lima,mariana.cardoso.lima.17906@example.com,Salvador,Analista financeiro,21,91801271017
Bruno Costa Nascimento,bruno.costa.nascimento.17907@example.com,Salvador,Advogado,37,84475331507
Priscila Barros Teixeira,priscila.barros.teixeira.17908@example.com,São Paulo,Vendedor,28,92425036716
Carolina Alves Araújo,carolina.alves.araujo.17909@example.com,Rio de Janeiro,Diretor comercial,33,79816056579
Vanessa Santos Oliveira,vanessa.santos.oliveira.17910@example.com,Maringá,Arquiteto,58,44159209101
Juliana Castro Rodrigues,juliana.castro.rodrigues.17911@example.com,Rondonópolis,Analista de marketing,25,67298230776
Carolina Fernandes Teixeira,carolina.fernandes.teixeira.17912@example.com,Rondonópolis,Analista de dados,32,29906473205
Gustavo Silva Nascimento,gustavo.silva.nascimento.17913@example.com,Belo Horizonte,Enfermeiro,51,15025194311
Paulo Pereira Freitas,paulo.pereira.freitas.17914@example.com,Campinas,Gerente de recursos humanos,46,21860262500
Simone Pereira Castro,simone.pereira.castro.17915@example.com,Vitória,Comprador,25,43018655088
Henrique Castro Barros,henrique.castro.barros.17916@example.com,Curitiba,Enfermeiro,41,33666464721
Igor Costa Rocha,igor.costa.rocha.17917@example.com,Natal,Assistente administrativo,28,27449867076
Carolina Carvalho Araújo,carolina.carvalho.araujo.17918@example.com,Caxias do Sul,Analista financeiro,23,19072415643
Patrícia Lima Castro,patricia.lima.castro.17919@example.com,Florianópolis,Engenheiro civil,34,97025107759
Fernanda Ribeiro Rodrigues,fernanda.ribeiro.rodrigues.17920@example.com,Florianópolis,Recepcionista,57,66846477039
Vanessa Barbosa Pereira,vanessa.barbosa.pereira.17921@example.com,Salvador,Encarregado de produção,50,22510076868
Renata Castro Cardoso,renata.castro.cardoso.17922@example.com,Belém,Analista de marketing,38,36046107512
Aline Teixeira Fernandes,aline.teixeira.fernandes.17923@example.com,Campinas,Enfermeiro,37,87734678500
Leonardo Lima Lima,leonardo.lima.lima.17924@example.com,Brasília,Analista financeiro,48,93282382283
Amanda Ribeiro Fernandes,amanda.ribeiro.fernandes.17925@example.com,Manaus,Chefe de compras,67,77159215083
Priscila Pereira Pereira,priscila.pereira.pereira.17926@example.com,Campo Grande,Gerente comercial,37,73442391498
Thiago Carvalho Dias,thiago.carvalho.dias.17927@example.com,Salvador,Gerente de recursos humanos,40,30277427261
Igor Martins Barros,igor.martins.barros.17928@example.com,Goiânia,Assistente comercial,24,91041561158
Vinícius Fernandes Santos,vinicius.fernandes.santos.17929@example.com,Porto Alegre,Supervisor de manutenção,19,89490377553
Renata Fernandes Pereira,renata.fernandes.pereira.17930@example.com,Fortaleza,Corretor de imóveis,41,37964651591
Daniela Oliveira Cardoso,daniela.oliveira.cardoso.17931@example.com,Dourados,Atendente,69,04071529826
Rafael Castro Teixeira,rafael.castro.teixeira.17932@example.com,Salvador,Coordenador de produção,18,03863331977
Bruno Fernandes Costa,bruno.fernandes.costa.17933@example.com,Maringá,Mecânico,48,22105672917
Leonardo Moreira Almeida,leonardo.moreira.almeida.17934@example.com,Maringá,Coordenador administrativo,60,00021714091
José Castro Moreira,jose.castro.moreira.17935@example.com,Curitiba,Coordenador de logística,49,49954893019
Larissa Lima Dias,larissa.lima.dias.17936@example.com,Uberlândia,Assistente administrativo,41,76060150926
Leonardo Silva Monteiro,leonardo.silva.monteiro.17937@example.com,Campo Grande,Líder de equipe,47,21867351222
Luana Freitas Dias,luana.freitas.dias.17938@example.com,Campo Grande,Jornalista,20,56334354303
Carolina Pereira Oliveira,carolina.pereira.oliveira.17939@example.com,Londrina,Vendedor,30,38383601976
Henrique Fernandes Araújo,henrique.fernandes.araujo.17940@example.com,Rondonópolis,Chefe de departamento pessoal,25,70616336121
Eduardo Cardoso Lima,eduardo.cardoso.lima.17941@example.com,Santos,Programador,27,31851122502
Débora Rocha Carvalho,debora.rocha.carvalho.17942@example.com,Brasília,Analista de recursos humanos,21,80066442102
Bruno Nascimento Carvalho,bruno.nascimento.carvalho.17943@example.com,Campo Grande,Encarregado de produção,64,28731127778
Nicolas Carvalho Dias,nicolas.carvalho.dias.17944@example.com,Santos,Gerente de recursos humanos,20,24266171419
Beatriz Castro Souza,beatriz.castro.souza.17945@example.com,Manaus,Supervisor de manutenção,34,83330720691
Carlos Ribeiro Costa,carlos.ribeiro.costa.17946@example.com,Porto Alegre,Chefe de departamento pessoal,21,82127328911
Camila Barros Barros,camila.barros.barros.17947@example.com,Santos,Mecânico,49,94824154738
Ricardo Araújo Rocha,ricardo.araujo.rocha.17948@example.com,Vitória,Fisioterapeuta,62,78458280712
Sandra Barros Rodrigues,sandra.barros.rodrigues.17949@example.com,Cuiabá,Líder de equipe,30,36207961136
Igor Moreira Gomes,igor.moreira.gomes.17950@example.com,Dourados,Designer gráfico,62,66033737889
Amanda Mendes Santos,amanda.mendes.santos.17951@example.com,Caxias do Sul,Técnico de enfermagem,66,08443498884
Rafael Barros Monteiro,rafael.barros.monteiro.17952@example.com,Campo Grande,Pedreiro,50,27621442920
Rafael Monteiro Oliveira,rafael.monteiro.oliveira.17953@example.com,Vitória,Diretor de operações,23,91964344542
Tatiane Rodrigues Fernandes,tatiane.rodrigues.fernandes.17954@example.com,Dourados,Recepcionista,69,94578519545
Gabriel Mendes Gomes,gabriel.mendes.gomes.17955@example.com,Recife,Recepcionista,28,47192550280
Letícia Dias Ribeiro,leticia.dias.ribeiro.17956@example.com,Belo Horizonte,Gerente de tecnologia,37,67068927497
Lucas Nascimento Costa,lucas.nascimento.costa.17957@example.com,Natal,Gerente de recursos humanos,30,75927745775
Simone Castro Oliveira,simone.castro.oliveira.17958@example.com,Niterói,Fisioterapeuta,42,13640961774
Sandra Mendes Almeida,sandra.mendes.almeida.17959@example.com,Goiânia,Coordenador de produção,37,51618630550
Vanessa Martins Mendes,vanessa.martins.mendes.17960@example.com,Caxias do Sul,Arquiteto,53,89584680429
Patrícia Gomes Nascimento,patricia.gomes.nascimento.17961@example.com,Florianópolis,Coordenador de marketing,26,27854100022
Rafael Araújo Mendes,rafael.araujo.mendes.17962@example.com,Santos,Pedreiro,25,67636320642
Aline Silva Carvalho,aline.silva.carvalho.17963@example.com,Recife,Operador de caixa,20,28648652107
Tatiane Teixeira Carvalho,tatiane.teixeira.carvalho.17964@example.com,Brasília,Supervisor de manutenção,26,55189558596
Luana Costa Freitas,luana.costa.freitas.17965@example.com,Manaus,Pedreiro,54,99819624857
Luana Souza Castro,luana.souza.castro.17966@example.com,Belém,Supervisor de qualidade,70,12409914072
Thiago Rodrigues Freitas,thiago.rodrigues.freitas.17967@example.com,Florianópolis,Estoquista,22,60486918369
Débora Martins Moreira,debora.martins.moreira.17968@example.com,Belo Horizonte,Assistente administrativo,59,46160700650
Leonardo Monteiro Rodrigues,leonardo.monteiro.rodrigues.17969@example.com,São Paulo,Advogado,53,49650860053
Renata Fernandes Barbosa,renata.fernandes.barbosa.17970@example.com,Rondonópolis,Atendente,52,21496633504
Pedro Souza Fernandes,pedro.souza.fernandes.17971@example.com,Goiânia,Comprador,48,29853576678
Gabriela Monteiro Nascimento,gabriela.monteiro.nascimento.17972@example.com,Florianópolis,Diretor de operações,50,65699392763
Nicolas Moreira Barbosa,nicolas.moreira.barbosa.17973@example.com,Rondonópolis,Analista de recursos humanos,38,01632643628
Henrique Silva Oliveira,henrique.silva.oliveira.17974@example.com,Niterói,Designer gráfico,53,95798213112
Paulo Freitas Santos,paulo.freitas.santos.17975@example.com,Campo Grande,Mecânico,60,49628388327
Gustavo Ribeiro Alves,gustavo.ribeiro.alves.17976@example.com,Natal,Programador,39,87158094770
Nicolas Rodrigues Souza,nicolas.rodrigues.souza.17977@example.com,Sorocaba,Gerente de recursos humanos,40,95606517552
Gabriela Silva Ribeiro,gabriela.silva.ribeiro.17978@example.com,Dourados,Diretor comercial,56,78931900059
Luana Alves Alves,luana.alves.alves.17979@example.com,Dourados,Farmacêutico,61,14925407528
Carlos Rocha Castro,carlos.rocha.castro.17980@example.com,Recife,Analista de marketing,28,63452679206
Aline Rodrigues Freitas,aline.rodrigues.freitas.17981@example.com,Porto Alegre,Nutricionista,67,13373717606
Gabriel Ribeiro Alves,gabriel.ribeiro.alves.17982@example.com,Belo Horizonte,Assistente comercial,32,67534821529
Carolina Barros Alves,carolina.barros.alves.17983@example.com,Sorocaba,Chefe de departamento pessoal,68,68504235904
Fernanda Gomes Moreira,fernanda.gomes.moreira.17984@example.com,Londrina,Assistente administrativo,31,99139040144
Simone Cardoso Carvalho,simone.cardoso.carvalho.17985@example.com,Londrina,Supervisor de vendas,22,97697255535
Aline Alves Souza,aline.alves.souza.17986@example.com,Dourados,Arquiteto,19,48267437926
Gabriela Moreira Nascimento,gabriela.moreira.nascimento.17987@example.com,Sorocaba,Vendedor,55,69535087431
Ana Barbosa Cardoso,ana.barbosa.cardoso.17988@example.com,São Paulo,Corretor de imóveis,26,39993042782
Ana Lima Teixeira,ana.lima.teixeira.17989@example.com,Campinas,Operador de caixa,38,65221824119
Larissa Pereira Dias,larissa.pereira.dias.17990@example.com,Uberlândia,Supervisor de vendas,47,86372710603
Vitória Teixeira Fernandes,vitoria.teixeira.fernandes.17991@example.com,Natal,Professor,38,52033714943
Diego Costa Rodrigues,diego.costa.rodrigues.17992@example.com,Salvador,Diretor comercial,45,35036940373
Larissa Almeida Ribeiro,larissa.almeida.ribeiro.17993@example.com,Brasília,Enfermeiro,26,89741060963
Daniela Mendes Santos,daniela.mendes.santos.17994@example.com,Maringá,Arquiteto,35,82323244460
Gustavo Carvalho Souza,gustavo.carvalho.souza.17995@example.com,Curitiba,Diretor comercial,42,93566044365
Débora Souza Freitas,debora.souza.freitas.17996@example.com,Joinville,Analista de marketing,67,50251962843
Sérgio Oliveira Castro,sergio.oliveira.castro.17997@example.com,Rondonópolis,Gerente financeiro,63,48669259217
Beatriz Ribeiro Freitas,beatriz.ribeiro.freitas.17998@example.com,São Paulo,Chefe de compras,37,48732910983
Sérgio Barros Martins,sergio.barros.martins.17999@example.com,Sorocaba,Nutricionista,50,02642792657
Gustavo Martins Rocha,gustavo.martins.rocha.18000@example.com,Brasília,Corretor de imóveis,20,86411165186
