nome,email,cidade,profissao,idade,cpf
Luana Monteiro Pereira,luana.monteiro.pereira.12001@example.com,Salvador,Arquiteto,66,74025543411
Fernanda Santos Rodrigues,fernanda.santos.rodrigues.12002@example.com,Campo Grande,Coordenador de produção,41,18004504076
Sandra Lima Rodrigues,sandra.lima.rodrigues.12003@example.com,Campinas,Vendedor,59,19858877978
Priscila Dias Carvalho,priscila.dias.carvalho.12004@example.com,Florianópolis,Vendedor,61,69535442451
Mariana Moreira Santos,mariana.moreira.santos.12005@example.com,Rio de Janeiro,Supervisor de vendas,45,10563217673
João Freitas Teixeira,joao.freitas.teixeira.12006@example.com,Belém,Técnico de segurança do trabalho,63,59565422365
Daniela Rodrigues Gomes,daniela.rodrigues.gomes.12007@example.com,Fortaleza,Técnico de segurança do trabalho,31,12818069748
Paulo Martins Cardoso,paulo.martins.cardoso.12008@example.com,Manaus,Gerente financeiro,47,25851666856
Pedro Mendes Martins,pedro.mendes.martins.12009@example.com,Maringá,Técnico de segurança do trabalho,42,36211971172
Leonardo Monteiro Silva,leonardo.monteiro.silva.12010@example.com,Dourados,Diretor de operações,35,87540044168
Otávio Fernandes Freitas,otavio.fernandes.freitas.12011@example.com,Caxias do Sul,Analista de marketing,41,64655150651
Vitória Almeida Mendes,vitoria.almeida.mendes.12012@example.com,Campo Grande,Auxiliar de produção,24,05246890262
Fernanda Ribeiro Rocha,fernanda.ribeiro.rocha.12013@example.com,Goiânia,Assistente comercial,58,00392501820
Gustavo Oliveira Nascimento,gustavo.oliveira.nascimento.12014@example.com,Santos,Eletricista,65,74799809378
Gabriel Cardoso Ribeiro,gabriel.cardoso.ribeiro.12015@example.com,Fortaleza,Gerente de tecnologia,43,17118103701
Thiago Silva Rocha,thiago.silva.rocha.12016@example.com,Natal,Coordenador de logística,31,21857616230
Diego Souza Rocha,diego.souza.rocha.12017@example.com,Caxias do Sul,Gerente de recursos humanos,40,10126449758
José Moreira Barbosa,jose.moreira.barbosa.12018@example.com,Rio de Janeiro,Diretor comercial,70,56619173031
Pedro Santos Rocha,pedro.santos.rocha.12019@example.com,Salvador,Pedreiro,47,29703066412
Simone Gomes Almeida,simone.gomes.almeida.12020@example.com,Natal,Analista financeiro,26,61453577201
Henrique Santos Barros,henrique.santos.barros.12021@example.com,São Paulo,Eletricista,66,33695167678
Igor Pereira Fernandes,igor.pereira.fernandes.12022@example.com,Santos,Motorista,25,09387488206
Carlos Rocha Martins,carlos.rocha.martins.12023@example.com,Belo Horizonte,Vendedor,46,08941645649
Daniela Freitas Moreira,daniela.freitas.moreira.12024@example.com,Salvador,Analista de dados,66,41987558900
Vanessa Silva Barros,vanessa.silva.barros.12025@example.com,Rondonópolis,Estoquista,20,16741640620
Simone Ribeiro Freitas,simone.ribeiro.freitas.12026@example.com,Belo Horizonte,Coordenador administrativo,52,27122194519
Thiago Mendes Rodrigues,thiago.mendes.rodrigues.12027@example.com,Salvador,Arquiteto,49,97773828015
Diego Nascimento Fernandes,diego.nascimento.fernandes.12028@example.com,Sorocaba,Chefe de departamento pessoal,42,02360643837
Rafael Freitas Mendes,rafael.freitas.mendes.12029@example.com,Joinville,Comprador,28,76480506891
Gabriela Almeida Santos,gabriela.almeida.santos.12030@example.com,Manaus,Cozinheiro,51,56606376276
Vanessa Almeida Barros,vanessa.almeida.barros.12031@example.com,Porto Alegre,Advogado,40,40698952575
Carlos Silva Lima,carlos.silva.lima.12032@example.com,Belo Horizonte,Chefe de compras,42,88179982465
Camila Araújo Oliveira,camila.araujo.oliveira.12033@example.com,Londrina,Analista de marketing,28,16592460769
José Cardoso Castro,jose.cardoso.castro.12034@example.com,Vitória,Coordenador de marketing,45,69702523326
Renata Castro Fernandes,renata.castro.fernandes.12035@example.com,Santos,Chefe de compras,26,32707190746
Fernanda Carvalho Martins,fernanda.carvalho.martins.12036@example.com,Manaus,Gerente de operações,53,98080921378
Carlos Carvalho Araújo,carlos.carvalho.araujo.12037@example.com,Porto Alegre,Arquiteto,34,24535270851
Amanda Barros Santos,amanda.barros.santos.12038@example.com,Recife,Técnico de segurança do trabalho,65,60444471380
Carlos Silva Oliveira,carlos.silva.oliveira.12039@example.com,Dourados,Técnico de segurança do trabalho,29,03453642540
Otávio Martins Rocha,otavio.martins.rocha.12040@example.com,Campo Grande,Coordenador administrativo,56,54300266994
Felipe Teixeira Nascimento,felipe.teixeira.nascimento.12041@example.com,Londrina,Mecânico,31,26887304598
Mariana Monteiro Nascimento,mariana.monteiro.nascimento.12042@example.com,Caxias do Sul,Técnico de segurança do trabalho,36,55467159628
Gustavo Carvalho Martins,gustavo.carvalho.martins.12043@example.com,Fortaleza,Eletricista,24,33899352742
Gustavo Alves Freitas,gustavo.alves.freitas.12044@example.com,Rio de Janeiro,Assistente administrativo,53,84897639894
Gabriela Oliveira Freitas,gabriela.oliveira.freitas.12045@example.com,Fortaleza,Analista de dados,19,64246633608
Bruno Fernandes Barbosa,bruno.fernandes.barbosa.12046@example.com,Vitória,Operador de caixa,26,87019280634
João Teixeira Pereira,joao.teixeira.pereira.12047@example.com,Rondonópolis,Supervisor de vendas,43,30395573853
Pedro Barbosa Barros,pedro.barbosa.barros.12048@example.com,Belém,Corretor de imóveis,49,94578520305
Igor Santos Rodrigues,igor.santos.rodrigues.12049@example.com,Santos,Analista de recursos humanos,46,69861992400
Beatriz Carvalho Lima,beatriz.carvalho.lima.12050@example.com,Dourados,Gerente de operações,25,85714929186
Fernanda Ribeiro Rocha,fernanda.ribeiro.rocha.12051@example.com,Campinas,Pedreiro,42,43970003658
Larissa Gomes Castro,larissa.gomes.castro.12052@example.com,Goiânia,Mecânico,52,77513335260
Eduardo Souza Martins,eduardo.souza.martins.12053@example.com,Curitiba,Assistente administrativo,36,94540160753
Larissa Lima Nascimento,larissa.lima.nascimento.12054@example.com,Campo Grande,Auxiliar de produção,44,15336369216
Patrícia Castro Santos,patricia.castro.santos.12055@example.com,Caxias do Sul,Programador,61,25963226535
Vinícius Moreira Teixeira,vinicius.moreira.teixeira.12056@example.com,Campinas,Técnico em informática,62,04233959436
Igor Ribeiro Fernandes,igor.ribeiro.fernandes.12057@example.com,São Paulo,Coordenador administrativo,41,16994280767
Sandra Monteiro Cardoso,sandra.monteiro.cardoso.12058@example.com,Uberlândia,Fisioterapeuta,64,06408743275
João Fernandes Souza,joao.fernandes.souza.12059@example.com,Rio de Janeiro,Cozinheiro,56,51907065992
Juliana Freitas Rocha,juliana.freitas.rocha.12060@example.com,Manaus,Técnico em informática,35,43867600682
Larissa Teixeira Almeida,larissa.teixeira.almeida.12061@example.com,Niterói,Programador,19,35799134296
Igor Oliveira Dias,igor.oliveira.dias.12062@example.com,Caxias do Sul,Gerente de recursos humanos,60,19105143323
Vanessa Nascimento Moreira,vanessa.nascimento.moreira.12063@example.com,Belém,Técnico de segurança do trabalho,18,17540537522
Tatiane Fernandes Silva,tatiane.fernandes.silva.12064@example.com,Santos,Técnico de segurança do trabalho,60,10304173320
Larissa Dias Cardoso,larissa.dias.cardoso.12065@example.com,Rondonópolis,Pedreiro,25,12792262948
Eduardo Araújo Silva,eduardo.araujo.silva.12066@example.com,Santos,Mecânico,70,21264210908
Rafael Silva Almeida,rafael.silva.almeida.12067@example.com,Belém,Técnico de segurança do trabalho,61,53763735894
Pedro Martins Carvalho,pedro.martins.carvalho.12068@example.com,Manaus,Recepcionista,47,48583994263
José Carvalho Ribeiro,jose.carvalho.ribeiro.12069@example.com,Belém,Designer gráfico,30,72386375517
Sérgio Mendes Lima,sergio.mendes.lima.12070@example.com,Rio de Janeiro,Gerente de recursos humanos,62,35245423843
Ricardo Oliveira Martins,ricardo.oliveira.martins.12071@example.com,Recife,Corretor de imóveis,60,24227853947
Camila Araújo Martins,camila.araujo.martins.12072@example.com,Belo Horizonte,Chefe de departamento pessoal,29,87459615531
Larissa Silva Monteiro,larissa.silva.monteiro.12073@example.com,Uberlândia,Chefe de almoxarifado,22,09760034163
Vitória Ribeiro Barros,vitoria.ribeiro.barros.12074@example.com,Dourados,Técnico em informática,24,41959185498
Amanda Monteiro Rocha,amanda.monteiro.rocha.12075@example.com,Vitória,Gerente de tecnologia,38,14577697247
Nicolas Santos Ribeiro,nicolas.santos.ribeiro.12076@example.com,Fortaleza,Programador,37,17512515039
João Dias Lima,joao.dias.lima.12077@example.com,Cuiabá,Atendente,28,34319975980
Vitória Fernandes Souza,vitoria.fernandes.souza.12078@example.com,Vitória,Coordenador de logística,60,88850526811
Daniela Ribeiro Dias,daniela.ribeiro.dias.12079@example.com,Porto Alegre,Chefe de almoxarifado,57,90447102957
Débora Santos Gomes,debora.santos.gomes.12080@example.com,Uberlândia,Padeiro,40,28303476550
Luana Almeida Rodrigues,luana.almeida.rodrigues.12081@example.com,Florianópolis,Farmacêutico,34,96346245354
Daniela Cardoso Souza,daniela.cardoso.souza.12082@example.com,Salvador,Técnico em informática,63,43855290880
Camila Rocha Araújo,camila.rocha.araujo.12083@example.com,Sorocaba,Líder de equipe,27,54882241135
Henrique Monteiro Cardoso,henrique.monteiro.cardoso.12084@example.com,Vitória,Técnico de segurança do trabalho,49,38360089526
Henrique Freitas Teixeira,henrique.freitas.teixeira.12085@example.com,Santos,Mecânico,40,92695277387
Paulo Costa Rocha,paulo.costa.rocha.12086@example.com,Natal,Corretor de imóveis,21,02064778245
Sérgio Santos Carvalho,sergio.santos.carvalho.12087@example.com,Belém,Gerente de operações,25,21016478443
Gabriel Rocha Souza,gabriel.rocha.souza.12088@example.com,Maringá,Líder de equipe,66,93039813932
Carolina Fernandes Martins,carolina.fernandes.martins.12089@example.com,Rondonópolis,Auxiliar de produção,38,28919132903
Thiago Mendes Barros,thiago.mendes.barros.12090@example.com,Recife,Designer gráfico,49,52275224891
Sérgio Santos Barros,sergio.santos.barros.12091@example.com,Sorocaba,Atendente,22,89898852116
Marcelo Cardoso Rodrigues,marcelo.cardoso.rodrigues.12092@example.com,Curitiba,Arquiteto,28,53052846196
Larissa Rocha Barros,larissa.rocha.barros.12093@example.com,Recife,Jornalista,39,09160560472
Priscila Silva Freitas,priscila.silva.freitas.12094@example.com,Londrina,Analista financeiro,51,26587021163
Paulo Carvalho Costa,paulo.carvalho.costa.12095@example.com,Natal,Chefe de almoxarifado,33,99901846428
Sandra Barros Oliveira,sandra.barros.oliveira.12096@example.com,Natal,Diretor de operações,33,77478742997
Camila Barros Silva,camila.barros.silva.12097@example.com,Uberlândia,Gerente de recursos humanos,30,49541224156
Vinícius Costa Monteiro,vinicius.costa.monteiro.12098@example.com,Vitória,Assistente administrativo,66,04729302462
Diego Castro Santos,diego.castro.santos.12099@example.com,Campo Grande,Supervisor de atendimento,59,77903180248
Diego Rocha Pereira,diego.rocha.pereira.12100@example.com,Belo Horizonte,Coordenador de marketing,63,77948951666
Leonardo Pereira Carvalho,leonardo.pereira.carvalho.12101@example.com,Santos,Estoquista,37,72612206866
Vitória Silva Teixeira,vitoria.silva.teixeira.12102@example.com,Rondonópolis,Supervisor de vendas,37,23157168878
Lucas Mendes Fernandes,lucas.mendes.fernandes.12103@example.com,Natal,Supervisor de qualidade,68,22762899773
Tatiane Rocha Nascimento,tatiane.rocha.nascimento.12104@example.com,Goiânia,Comprador,32,40724053236
Ana Oliveira Mendes,ana.oliveira.mendes.12105@example.com,Belém,Professor,24,81202312398
Gabriel Ribeiro Barbosa,gabriel.ribeiro.barbosa.12106@example.com,Campo Grande,Chefe de compras,46,46732602809
José Nascimento Lima,jose.nascimento.lima.12107@example.com,Campo Grande,Fisioterapeuta,61,56724095185
Lucas Ribeiro Barros,lucas.ribeiro.barros.12108@example.com,Rio de Janeiro,Nutricionista,39,66108335819
Renata Freitas Martins,renata.freitas.martins.12109@example.com,Manaus,Técnico em informática,41,97998998902
Henrique Moreira Araújo,henrique.moreira.araujo.12110@example.com,Fortaleza,Gerente de recursos humanos,19,80058179564
Tatiane Freitas Carvalho,tatiane.freitas.carvalho.12111@example.com,Santos,Designer gráfico,44,67283380446
Carlos Mendes Moreira,carlos.mendes.moreira.12112@example.com,Florianópolis,Assistente comercial,38,19554278006
Igor Moreira Fernandes,igor.moreira.fernandes.12113@example.com,Rio de Janeiro,Técnico de enfermagem,59,81443156065
Igor Silva Fernandes,igor.silva.fernandes.12114@example.com,Joinville,Comprador,43,48492423186
Bruno Alves Freitas,bruno.alves.freitas.12115@example.com,Florianópolis,Analista de marketing,67,91972546894
Camila Teixeira Rocha,camila.teixeira.rocha.12116@example.com,Dourados,Gerente financeiro,32,09120344939
Débora Costa Oliveira,debora.costa.oliveira.12117@example.com,Florianópolis,Analista de marketing,38,57113178759
Letícia Santos Mendes,leticia.santos.mendes.12118@example.com,Uberlândia,Nutricionista,46,81761965441
Juliana Barbosa Monteiro,juliana.barbosa.monteiro.12119@example.com,Campo Grande,Engenheiro civil,33,47772162549
Igor Ribeiro Dias,igor.ribeiro.dias.12120@example.com,Sorocaba,Supervisor de vendas,59,14294910613
Priscila Barbosa Moreira,priscila.barbosa.moreira.12121@example.com,Cuiabá,Analista de dados,62,59422516700
Ricardo Teixeira Alves,ricardo.teixeira.alves.12122@example.com,Natal,Padeiro,51,39355626082
Nicolas Oliveira Costa,nicolas.oliveira.costa.12123@example.com,Joinville,Técnico de segurança do trabalho,55,24205108077
Nicolas Teixeira Araújo,nicolas.teixeira.araujo.12124@example.com,Campinas,Coordenador de produção,21,65698701543
Lucas Rocha Rodrigues,lucas.rocha.rodrigues.12125@example.com,Porto Alegre,Assistente administrativo,65,85989510103
Renata Martins Mendes,renata.martins.mendes.12126@example.com,Natal,Supervisor de atendimento,45,86310930740
Patrícia Barbosa Carvalho,patricia.barbosa.carvalho.12127@example.com,Niterói,Arquiteto,22,54445857025
Priscila Teixeira Ribeiro,priscila.teixeira.ribeiro.12128@example.com,Maringá,Designer gráfico,58,75027552315
Sérgio Alves Mendes,sergio.alves.mendes.12129@example.com,Florianópolis,Eletricista,59,64073632995
Bruno Gomes Rodrigues,bruno.gomes.rodrigues.12130@example.com,Campo Grande,Diretor de operações,51,23996472530
Vinícius Teixeira Rocha,vinicius.teixeira.rocha.12131@example.com,Recife,Nutricionista,37,30349559688
Simone Moreira Teixeira,simone.moreira.teixeira.12132@example.com,Rio de Janeiro,Gerente de operações,51,24617767192
Aline Alves Souza,aline.alves.souza.12133@example.com,Londrina,Supervisor de vendas,45,32501738356
Amanda Freitas Costa,amanda.freitas.costa.12134@example.com,Manaus,Designer gráfico,38,22494512900
Carolina Rodrigues Costa,carolina.rodrigues.costa.12135@example.com,Santos,Enfermeiro,45,74307217166
Lucas Almeida Nascimento,lucas.almeida.nascimento.12136@example.com,Belo Horizonte,Jornalista,43,65356733265
Sandra Barbosa Carvalho,sandra.barbosa.carvalho.12137@example.com,Brasília,Atendente,37,55993400357
Leonardo Castro Alves,leonardo.castro.alves.12138@example.com,Santos,Chefe de departamento pessoal,58,99267890078
Larissa Costa Alves,larissa.costa.alves.12139@example.com,Brasília,Supervisor de qualidade,23,53623030432
José Teixeira Santos,jose.teixeira.santos.12140@example.com,Recife,Líder de equipe,64,66748002838
Luana Castro Oliveira,luana.castro.oliveira.12141@example.com,Natal,Diretor comercial,45,44671132923
Juliana Ribeiro Almeida,juliana.ribeiro.almeida.12142@example.com,Niterói,Coordenador de marketing,19,86622650370
Thiago Costa Barros,thiago.costa.barros.12143@example.com,Londrina,Gerente de tecnologia,19,92666602963
Otávio Pereira Ribeiro,otavio.pereira.ribeiro.12144@example.com,Sorocaba,Supervisor de manutenção,24,44665328544
Vinícius Carvalho Souza,vinicius.carvalho.souza.12145@example.com,São Paulo,Assistente comercial,69,63896880495
José Alves Monteiro,jose.alves.monteiro.12146@example.com,Manaus,Coordenador de logística,54,29020715101
Marcelo Freitas Rocha,marcelo.freitas.rocha.12147@example.com,Campinas,Gerente de recursos humanos,33,38000853186
Carlos Castro Nascimento,carlos.castro.nascimento.12148@example.com,Campinas,Gerente de operações,63,70302907887
Rafael Nascimento Lima,rafael.nascimento.lima.12149@example.com,Natal,Chefe de departamento pessoal,57,58991139595
Camila Souza Monteiro,camila.souza.monteiro.12150@example.com,Fortaleza,Fisioterapeuta,19,33158338474
Simone Castro Carvalho,simone.castro.carvalho.12151@example.com,Campo Grande,Recepcionista,63,19519736505
Pedro Moreira Gomes,pedro.moreira.gomes.12152@example.com,Brasília,Supervisor de qualidade,69,78478586210
João Costa Nascimento,joao.costa.nascimento.12153@example.com,Londrina,Analista de dados,19,42068615535
Ricardo Pereira Oliveira,ricardo.pereira.oliveira.12154@example.com,Manaus,Gerente de operações,65,11775981222
Patrícia Barros Costa,patricia.barros.costa.12155@example.com,Recife,Analista financeiro,20,27027361023
Leonardo Nascimento Oliveira,leonardo.nascimento.oliveira.12156@example.com,Belo Horizonte,Diretor comercial,31,43223017815
Henrique Castro Almeida,henrique.castro.almeida.12157@example.com,Manaus,Programador,50,25335282086
Lucas Rodrigues Araújo,lucas.rodrigues.araujo.12158@example.com,Santos,Coordenador administrativo,52,88491470206
Henrique Dias Silva,henrique.dias.silva.12159@example.com,Campo Grande,Diretor comercial,38,82435268343
Renata Gomes Carvalho,renata.gomes.carvalho.12160@example.com,Salvador,Técnico de enfermagem,45,81012956492
Felipe Almeida Fernandes,felipe.almeida.fernandes.12161@example.com,Cuiabá,Técnico de enfermagem,31,78269992731
Gabriel Pereira Araújo,gabriel.pereira.araujo.12162@example.com,Santos,Nutricionista,69,57017156027
Vanessa Oliveira Rocha,vanessa.oliveira.rocha.12163@example.com,Belo Horizonte,Encarregado de produção,48,45651276168
João Carvalho Souza,joao.carvalho.souza.12164@example.com,Maringá,Designer gráfico,42,16564657262
Sérgio Fernandes Alves,sergio.fernandes.alves.12165@example.com,Rio de Janeiro,Coordenador administrativo,20,03717921157
Henrique Teixeira Ribeiro,henrique.teixeira.ribeiro.12166@example.com,Joinville,Auxiliar de produção,35,15864775064
Otávio Nascimento Teixeira,otavio.nascimento.teixeira.12167@example.com,Fortaleza,Diretor de operações,35,09586750210
Nicolas Barbosa Freitas,nicolas.barbosa.freitas.12168@example.com,Natal,Programador,20,13517759177
Sérgio Monteiro Carvalho,sergio.monteiro.carvalho.12169@example.com,Joinville,Jornalista,51,60581180631
João Rodrigues Rocha,joao.rodrigues.rocha.12170@example.com,Belém,Fisioterapeuta,49,15772957594
Priscila Alves Moreira,priscila.alves.moreira.12171@example.com,Belo Horizonte,Auxiliar de produção,61,33945444854
Gustavo Barros Rodrigues,gustavo.barros.rodrigues.12172@example.com,Niterói,Recepcionista,40,71411679905
Ana Araújo Barros,ana.araujo.barros.12173@example.com,Londrina,Técnico de enfermagem,29,94881745395
Sandra Freitas Castro,sandra.freitas.castro.12174@example.com,Caxias do Sul,Auxiliar de produção,43,37165835584
Luana Nascimento Monteiro,luana.nascimento.monteiro.12175@example.com,Uberlândia,Arquiteto,41,84772104789
Ricardo Gomes Martins,ricardo.gomes.martins.12176@example.com,Rondonópolis,Coordenador administrativo,43,76065486744
Thiago Araújo Nascimento,thiago.araujo.nascimento.12177@example.com,Natal,Mecânico,39,33047217754
Juliana Rodrigues Almeida,juliana.rodrigues.almeida.12178@example.com,Manaus,Supervisor de vendas,19,50976995070
Thiago Barbosa Oliveira,thiago.barbosa.oliveira.12179@example.com,Brasília,Gerente financeiro,60,29280680146
Tatiane Barros Almeida,tatiane.barros.almeida.12180@example.com,Brasília,Coordenador de produção,41,34315490608
Letícia Souza Santos,leticia.souza.santos.12181@example.com,Rondonópolis,Diretor comercial,19,52801434457
Patrícia Araújo Moreira,patricia.araujo.moreira.12182@example.com,Belo Horizonte,Coordenador administrativo,49,11870238981
Juliana Martins Carvalho,juliana.martins.carvalho.12183@example.com,Santos,Estoquista,22,70215209790
Juliana Nascimento Santos,juliana.nascimento.santos.12184@example.com,Rio de Janeiro,Chefe de departamento pessoal,66,78919862658
Igor Monteiro Cardoso,igor.monteiro.cardoso.12185@example.com,Caxias do Sul,Motorista,45,46066501671
Ricardo Monteiro Mendes,ricardo.monteiro.mendes.12186@example.com,Sorocaba,Designer gráfico,46,33143285724
Gabriela Rocha Moreira,gabriela.rocha.moreira.12187@example.com,Belém,Gerente comercial,44,42980231637
Igor Castro Barros,igor.castro.barros.12188@example.com,Santos,Técnico de segurança do trabalho,31,21078149842
Leonardo Santos Rodrigues,leonardo.santos.rodrigues.12189@example.com,Maringá,Chefe de compras,42,29245548406
Débora Lima Gomes,debora.lima.gomes.12190@example.com,Sorocaba,Assistente comercial,18,79485523773
Vitória Lima Martins,vitoria.lima.martins.12191@example.com,Sorocaba,Programador,20,61838818779
Igor Costa Martins,igor.costa.martins.12192@example.com,Manaus,Vendedor,24,70927032738
Otávio Rodrigues Monteiro,otavio.rodrigues.monteiro.12193@example.com,Vitória,Chefe de compras,20,56318701629
Tatiane Rodrigues Santos,tatiane.rodrigues.santos.12194@example.com,Vitória,Líder de equipe,67,50213383116
Fernanda Santos Barbosa,fernanda.santos.barbosa.12195@example.com,Londrina,Técnico de enfermagem,36,68584370271
Camila Monteiro Oliveira,camila.monteiro.oliveira.12196@example.com,Sorocaba,Motorista,60,66766172823
Ricardo Barbosa Barros,ricardo.barbosa.barros.12197@example.com,Brasília,Vendedor,38,44659591763
Lucas Freitas Moreira,lucas.freitas.moreira.12198@example.com,Recife,Eletricista,26,30410871179
Juliana Mendes Martins,juliana.mendes.martins.12199@example.com,Brasília,Jornalista,27,36564467244
Otávio Carvalho Costa,otavio.carvalho.costa.12200@example.com,Brasília,Chefe de departamento pessoal,42,72295555788
Sandra Cardoso Silva,sandra.cardoso.silva.12201@example.com,Vitória,Encarregado de produção,52,76976820798
Pedro Moreira Souza,pedro.moreira.souza.12202@example.com,Campinas,Engenheiro civil,24,18582587625
Pedro Fernandes Alves,pedro.fernandes.alves.12203@example.com,Rondonópolis,Coordenador de produção,58,61320100996
Marcelo Rodrigues Costa,marcelo.rodrigues.costa.12204@example.com,Joinville,Vendedor,41,81816482876
Simone Freitas Costa,simone.freitas.costa.12205@example.com,Brasília,Comprador,65,63388629165
Lucas Martins Moreira,lucas.martins.moreira.12206@example.com,Cuiabá,Gerente de recursos humanos,30,54402169684
Pedro Alves Rocha,pedro.alves.rocha.12207@example.com,Niterói,Técnico em informática,53,32537023907
Leonardo Dias Costa,leonardo.dias.costa.12208@example.com,Campo Grande,Supervisor de vendas,55,35041294488
Mariana Almeida Martins,mariana.almeida.martins.12209@example.com,Florianópolis,Farmacêutico,64,54940905717
Letícia Alves Martins,leticia.alves.martins.12210@example.com,Campo Grande,Mecânico,29,67855675588
Diego Oliveira Barros,diego.oliveira.barros.12211@example.com,Uberlândia,Coordenador de marketing,24,31413093294
Fernanda Barros Nascimento,fernanda.barros.nascimento.12212@example.com,Santos,Analista de marketing,63,64260879660
Ricardo Barbosa Martins,ricardo.barbosa.martins.12213@example.com,Londrina,Cozinheiro,28,85295169253
Renata Fernandes Martins,renata.fernandes.martins.12214@example.com,São Paulo,Gerente comercial,66,94649720609
Igor Castro Carvalho,igor.castro.carvalho.12215@example.com,Campinas,Coordenador de produção,44,74457474256
Nicolas Monteiro Moreira,nicolas.monteiro.moreira.12216@example.com,Salvador,Assistente comercial,21,48115253101
Diego Rodrigues Nascimento,diego.rodrigues.nascimento.12217@example.com,Dourados,Chefe de almoxarifado,53,59040846867
Gustavo Oliveira Ribeiro,gustavo.oliveira.ribeiro.12218@example.com,Sorocaba,Comprador,33,26118135604
Larissa Dias Dias,larissa.dias.dias.12219@example.com,Campo Grande,Analista de marketing,52,84574940866
Ricardo Moreira Cardoso,ricardo.moreira.cardoso.12220@example.com,Belo Horizonte,Designer gráfico,26,81544840572
Bruno Oliveira Mendes,bruno.oliveira.mendes.12221@example.com,Manaus,Gerente comercial,27,79131720408
Sérgio Castro Barbosa,sergio.castro.barbosa.12222@example.com,Fortaleza,Jornalista,30,43330807047
Aline Carvalho Ribeiro,aline.carvalho.ribeiro.12223@example.com,Maringá,Mecânico,69,33362048080
Renata Moreira Lima,renata.moreira.lima.12224@example.com,Fortaleza,Pedreiro,30,56994933048
Igor Gomes Barros,igor.gomes.barros.12225@example.com,São Paulo,Assistente comercial,61,34223327301
Beatriz Fernandes Castro,beatriz.fernandes.castro.12226@example.com,Belo Horizonte,Professor,51,83933035569
Tatiane Oliveira Nascimento,tatiane.oliveira.nascimento.12227@example.com,Caxias do Sul,Líder de equipe,37,76542448535
Amanda Costa Pereira,amanda.costa.pereira.12228@example.com,Belo Horizonte,Vendedor,57,30222987263
Gabriela Oliveira Freitas,gabriela.oliveira.freitas.12229@example.com,Vitória,Programador,56,80291303607
Gabriel Santos Rodrigues,gabriel.santos.rodrigues.12230@example.com,Rio de Janeiro,Gerente financeiro,59,62205164605
Débora Costa Pereira,debora.costa.pereira.12231@example.com,Rondonópolis,Chefe de compras,38,52349518255
Eduardo Mendes Ribeiro,eduardo.mendes.ribeiro.12232@example.com,Maringá,Recepcionista,20,27638033235
Thiago Souza Almeida,thiago.souza.almeida.12233@example.com,Rio de Janeiro,Atendente,43,90741725152
Diego Monteiro Dias,diego.monteiro.dias.12234@example.com,Uberlândia,Coordenador de produção,25,84932506455
Henrique Costa Carvalho,henrique.costa.carvalho.12235@example.com,Campo Grande,Diretor comercial,24,88414303401
Vitória Oliveira Carvalho,vitoria.oliveira.carvalho.12236@example.com,Florianópolis,Líder de equipe,67,24725077215
Juliana Cardoso Monteiro,juliana.cardoso.monteiro.12237@example.com,Rio de Janeiro,Programador,19,92264431160
Felipe Silva Ribeiro,felipe.silva.ribeiro.12238@example.com,Uberlândia,Auxiliar de produção,62,59839701432
Fernanda Pereira Almeida,fernanda.pereira.almeida.12239@example.com,Londrina,Estoquista,57,80629453329
Débora Souza Barbosa,debora.souza.barbosa.12240@example.com,Campinas,Gerente de recursos humanos,62,29374892345
Diego Souza Ribeiro,diego.souza.ribeiro.12241@example.com,Rondonópolis,Analista de recursos humanos,40,30704104402
Igor Monteiro Gomes,igor.monteiro.gomes.12242@example.com,Salvador,Analista de dados,26,13845278181
Mariana Castro Rodrigues,mariana.castro.rodrigues.12243@example.com,Belém,Gerente de recursos humanos,27,26370914181
Gabriel Freitas Cardoso,gabriel.freitas.cardoso.12244@example.com,Campinas,Diretor de operações,68,43988538240
Pedro Cardoso Ribeiro,pedro.cardoso.ribeiro.12245@example.com,Uberlândia,Arquiteto,51,86968320095
João Barros Pereira,joao.barros.pereira.12246@example.com,Rio de Janeiro,Operador de caixa,51,70406182358
Gabriela Costa Teixeira,gabriela.costa.teixeira.12247@example.com,Goiânia,Gerente de operações,45,15682095841
Felipe Oliveira Oliveira,felipe.oliveira.oliveira.12248@example.com,Porto Alegre,Advogado,48,94138987492
Eduardo Freitas Rodrigues,eduardo.freitas.rodrigues.12249@example.com,Campo Grande,Supervisor de qualidade,66,62555497337
Gustavo Costa Santos,gustavo.costa.santos.12250@example.com,Belo Horizonte,Diretor comercial,66,26892200281
Henrique Dias Costa,henrique.dias.costa.12251@example.com,Natal,Cozinheiro,38,50805745601
Nicolas Rocha Ribeiro,nicolas.rocha.ribeiro.12252@example.com,Goiânia,Nutricionista,23,80667838181
Débora Lima Santos,debora.lima.santos.12253@example.com,Santos,Nutricionista,45,66858271582
Simone Rodrigues Barros,simone.rodrigues.barros.12254@example.com,Joinville,Gerente financeiro,69,15904616193
Vitória Costa Barros,vitoria.costa.barros.12255@example.com,Belo Horizonte,Atendente,29,02483545419
Gustavo Rocha Martins,gustavo.rocha.martins.12256@example.com,Niterói,Analista de recursos humanos,53,57911510918
Gabriela Santos Alves,gabriela.santos.alves.12257@example.com,Belo Horizonte,Gerente comercial,49,60284622964
Thiago Moreira Almeida,thiago.moreira.almeida.12258@example.com,Salvador,Analista de recursos humanos,43,61458801088
Eduardo Alves Oliveira,eduardo.alves.oliveira.12259@example.com,Fortaleza,Gerente de operações,38,76607696500
Simone Lima Ribeiro,simone.lima.ribeiro.12260@example.com,Maringá,Designer gráfico,39,54063857703
Priscila Rocha Freitas,priscila.rocha.freitas.12261@example.com,Sorocaba,Gerente financeiro,19,65338325571
Thiago Castro Freitas,thiago.castro.freitas.12262@example.com,Dourados,Fisioterapeuta,68,88890412059
Pedro Rocha Cardoso,pedro.rocha.cardoso.12263@example.com,Caxias do Sul,Analista de marketing,38,39920421483
Renata Costa Araújo,renata.costa.araujo.12264@example.com,Rondonópolis,Chefe de almoxarifado,40,89502825303
Pedro Santos Moreira,pedro.santos.moreira.12265@example.com,Caxias do Sul,Analista de recursos humanos,47,81164022086
Ricardo Souza Barros,ricardo.souza.barros.12266@example.com,Belo Horizonte,Gerente de tecnologia,53,59192289782
Beatriz Barbosa Gomes,beatriz.barbosa.gomes.12267@example.com,Joinville,Operador de caixa,67,04820425412
Amanda Oliveira Dias,amanda.oliveira.dias.12268@example.com,Maringá,Chefe de almoxarifado,51,83575313467
Larissa Moreira Dias,larissa.moreira.dias.12269@example.com,Belo Horizonte,Supervisor de manutenção,38,14898512728
João Barbosa Costa,joao.barbosa.costa.12270@example.com,Caxias do Sul,Corretor de imóveis,49,56436707998
Vinícius Silva Monteiro,vinicius.silva.monteiro.12271@example.com,Natal,Gerente de recursos humanos,33,46661436343
Pedro Fernandes Dias,pedro.fernandes.dias.12272@example.com,Goiânia,Gerente de operações,33,21276686524
Priscila Monteiro Rodrigues,priscila.monteiro.rodrigues.12273@example.com,Belo Horizonte,Corretor de imóveis,49,89587029627
Beatriz Rocha Barbosa,beatriz.rocha.barbosa.12274@example.com,Brasília,Gerente de operações,44,43170956549
Beatriz Fernandes Ribeiro,beatriz.fernandes.ribeiro.12275@example.com,Londrina,Corretor de imóveis,54,82507269810
Rafael Moreira Nascimento,rafael.moreira.nascimento.12276@example.com,Vitória,Farmacêutico,46,82150989247
Mariana Teixeira Dias,mariana.teixeira.dias.12277@example.com,Londrina,Cozinheiro,51,44866876406
Simone Almeida Pereira,simone.almeida.pereira.12278@example.com,Brasília,Advogado,64,79497509435
Rafael Nascimento Santos,rafael.nascimento.santos.12279@example.com,São Paulo,Coordenador administrativo,68,30626405753
Pedro Oliveira Rocha,pedro.oliveira.rocha.12280@example.com,Curitiba,Estoquista,39,79327107448
Letícia Ribeiro Moreira,leticia.ribeiro.moreira.12281@example.com,Uberlândia,Assistente administrativo,51,79114777638
Gabriel Souza Souza,gabriel.souza.souza.12282@example.com,Natal,Coordenador de marketing,62,66820011415
Lucas Freitas Monteiro,lucas.freitas.monteiro.12283@example.com,Joinville,Engenheiro civil,31,74811019647
Nicolas Oliveira Souza,nicolas.oliveira.souza.12284@example.com,Recife,Assistente comercial,59,65650350386
Tatiane Freitas Moreira,tatiane.freitas.moreira.12285@example.com,Cuiabá,Analista financeiro,25,67141472852
Gabriel Araújo Martins,gabriel.araujo.martins.12286@example.com,Joinville,Coordenador administrativo,33,33185386049
Nicolas Gomes Ribeiro,nicolas.gomes.ribeiro.12287@example.com,Santos,Gerente de operações,33,83795462328
Simone Moreira Fernandes,simone.moreira.fernandes.12288@example.com,Belo Horizonte,Designer gráfico,20,67205803661
Daniela Barbosa Barros,daniela.barbosa.barros.12289@example.com,Sorocaba,Assistente comercial,42,02146897451
Nicolas Rocha Nascimento,nicolas.rocha.nascimento.12290@example.com,Porto Alegre,Enfermeiro,38,49266706118
Mariana Alves Lima,mariana.alves.lima.12291@example.com,Belém,Chefe de departamento pessoal,45,90916075528
Juliana Mendes Cardoso,juliana.mendes.cardoso.12292@example.com,Niterói,Assistente administrativo,67,54740973188
Vinícius Martins Rodrigues,vinicius.martins.rodrigues.12293@example.com,Caxias do Sul,Professor,50,66487808063
Priscila Ribeiro Nascimento,priscila.ribeiro.nascimento.12294@example.com,Manaus,Assistente comercial,25,26918409068
Thiago Rocha Santos,thiago.rocha.santos.12295@example.com,Rondonópolis,Mecânico,25,61517920633
Débora Gomes Freitas,debora.gomes.freitas.12296@example.com,Santos,Gerente financeiro,24,74945895156
Juliana Fernandes Rocha,juliana.fernandes.rocha.12297@example.com,Florianópolis,Diretor de operações,34,59515149778
Fernanda Santos Pereira,fernanda.santos.pereira.12298@example.com,Caxias do Sul,Designer gráfico,22,56266687583
Thiago Martins Gomes,thiago.martins.gomes.12299@example.com,Salvador,Analista de recursos humanos,52,85023054437
Vitória Mendes Alves,vitoria.mendes.alves.12300@example.com,Niterói,Gerente financeiro,26,86332286804
Tatiane Costa Freitas,tatiane.costa.freitas.12301@example.com,Sorocaba,Motorista,69,85757956400
Felipe Barros Lima,felipe.barros.lima.12302@example.com,Recife,Engenheiro civil,47,69507770216
Carolina Almeida Castro,carolina.almeida.castro.12303@example.com,Manaus,Atendente,58,21121746763
Pedro Pereira Martins,pedro.pereira.martins.12304@example.com,Vitória,Analista de dados,49,75975888295
Felipe Rodrigues Fernandes,felipe.rodrigues.fernandes.12305@example.com,Londrina,Analista financeiro,63,08436954531
Bruno Mendes Monteiro,bruno.mendes.monteiro.12306@example.com,Santos,Vendedor,52,21028463754
Fernanda Rodrigues Souza,fernanda.rodrigues.souza.12307@example.com,Belém,Coordenador de logística,44,42078262130
Eduardo Silva Moreira,eduardo.silva.moreira.12308@example.com,Salvador,Enfermeiro,41,39733650470
Simone Gomes Martins,simone.gomes.martins.12309@example.com,Porto Alegre,Nutricionista,56,45849229039
Otávio Mendes Santos,otavio.mendes.santos.12310@example.com,Goiânia,Gerente de operações,47,78423849806
Camila Souza Costa,camila.souza.costa.12311@example.com,Rio de Janeiro,Cozinheiro,42,04278082523
Gabriela Freitas Rodrigues,gabriela.freitas.rodrigues.12312@example.com,São Paulo,Supervisor de manutenção,65,89840872363
Vinícius Fernandes Carvalho,vinicius.fernandes.carvalho.12313@example.com,Belém,Designer gráfico,37,86439322908
Débora Gomes Alves,debora.gomes.alves.12314@example.com,Natal,Assistente administrativo,49,06425063949
Sérgio Alves Cardoso,sergio.alves.cardoso.12315@example.com,Florianópolis,Recepcionista,42,53307833641
Igor Martins Pereira,igor.martins.pereira.12316@example.com,São Paulo,Analista de marketing,62,06067912724
Thiago Moreira Oliveira,thiago.moreira.oliveira.12317@example.com,Londrina,Arquiteto,59,98990638860
Luana Fernandes Gomes,luana.fernandes.gomes.12318@example.com,Sorocaba,Nutricionista,59,23509794578
Sérgio Ribeiro Martins,sergio.ribeiro.martins.12319@example.com,Sorocaba,Advogado,36,56203672441
Beatriz Costa Almeida,beatriz.costa.almeida.12320@example.com,Salvador,Encarregado de produção,46,37542530444
Letícia Alves Lima,leticia.alves.lima.12321@example.com,Manaus,Analista financeiro,40,86427892154
Igor Castro Ribeiro,igor.castro.ribeiro.12322@example.com,Caxias do Sul,Contador,65,49351420007
Felipe Barros Teixeira,felipe.barros.teixeira.12323@example.com,Caxias do Sul,Arquiteto,23,09124377819
Sandra Ribeiro Pereira,sandra.ribeiro.pereira.12324@example.com,Florianópolis,Gerente de tecnologia,45,52251405300
Simone Carvalho Martins,simone.carvalho.martins.12325@example.com,Manaus,Supervisor de vendas,40,00440164613
Bruno Souza Araújo,bruno.souza.araujo.12326@example.com,Brasília,Gerente de operações,42,33429873825
Thiago Costa Santos,thiago.costa.santos.12327@example.com,São Paulo,Gerente financeiro,24,78845233343
Ricardo Santos Carvalho,ricardo.santos.carvalho.12328@example.com,Joinville,Estoquista,38,97120386385
Leonardo Souza Nascimento,leonardo.souza.nascimento.12329@example.com,Salvador,Supervisor de manutenção,42,67219339505
Luana Alves Barbosa,luana.alves.barbosa.12330@example.com,Rio de Janeiro,Supervisor de atendimento,32,50632546280
Tatiane Mendes Almeida,tatiane.mendes.almeida.12331@example.com,São Paulo,Supervisor de qualidade,33,05100591952
Eduardo Martins Lima,eduardo.martins.lima.12332@example.com,Belém,Analista de dados,23,70340483999
Camila Monteiro Moreira,camila.monteiro.moreira.12333@example.com,Maringá,Técnico de segurança do trabalho,49,06815130677
Daniela Almeida Monteiro,daniela.almeida.monteiro.12334@example.com,Cuiabá,Gerente de recursos humanos,68,93023000381
Eduardo Ribeiro Monteiro,eduardo.ribeiro.monteiro.12335@example.com,Santos,Eletricista,48,94910073022
Aline Oliveira Carvalho,aline.oliveira.carvalho.12336@example.com,Belém,Padeiro,24,30730817579
Felipe Moreira Martins,felipe.moreira.martins.12337@example.com,Caxias do Sul,Nutricionista,48,37563077784
Camila Castro Lima,camila.castro.lima.12338@example.com,Rondonópolis,Gerente de tecnologia,67,72975871043
Renata Souza Costa,renata.souza.costa.12339@example.com,Sorocaba,Mecânico,67,81783759916
Igor Almeida Almeida,igor.almeida.almeida.12340@example.com,Niterói,Supervisor de atendimento,22,29163550559
Gabriel Carvalho Barros,gabriel.carvalho.barros.12341@example.com,Sorocaba,Fisioterapeuta,38,95167721129
Gabriel Mendes Lima,gabriel.mendes.lima.12342@example.com,Manaus,Gerente de tecnologia,26,97136285154
Felipe Araújo Costa,felipe.araujo.costa.12343@example.com,Niterói,Fisioterapeuta,24,84446535334
Vitória Rocha Dias,vitoria.rocha.dias.12344@example.com,Florianópolis,Supervisor de qualidade,34,39678493220
Lucas Martins Pereira,lucas.martins.pereira.12345@example.com,Brasília,Supervisor de atendimento,64,33122888327
Tatiane Teixeira Rocha,tatiane.teixeira.rocha.12346@example.com,Sorocaba,Vendedor,36,41685478128
Carlos Barbosa Castro,carlos.barbosa.castro.12347@example.com,Salvador,Enfermeiro,66,73749053059
Amanda Martins Almeida,amanda.martins.almeida.12348@example.com,Campinas,Técnico em informática,41,41429060059
Ricardo Almeida Nascimento,ricardo.almeida.nascimento.12349@example.com,Santos,Coordenador de produção,30,81952285126
Ana Araújo Barros,ana.araujo.barros.12350@example.com,Cuiabá,Motorista,45,54198281970
Vinícius Cardoso Almeida,vinicius.cardoso.almeida.12351@example.com,Sorocaba,Jornalista,21,20392356038
João Cardoso Gomes,joao.cardoso.gomes.12352@example.com,Rondonópolis,Diretor de operações,28,21696988836
Gustavo Rocha Cardoso,gustavo.rocha.cardoso.12353@example.com,Manaus,Arquiteto,23,56814087224
Sérgio Barbosa Freitas,sergio.barbosa.freitas.12354@example.com,Florianópolis,Auxiliar de produção,37,20551672907
José Ribeiro Martins,jose.ribeiro.martins.12355@example.com,Rio de Janeiro,Supervisor de vendas,50,87031470895
Débora Martins Nascimento,debora.martins.nascimento.12356@example.com,Belém,Contador,25,65513735315
Amanda Mendes Silva,amanda.mendes.silva.12357@example.com,Vitória,Auxiliar de produção,53,17361394262
Letícia Oliveira Mendes,leticia.oliveira.mendes.12358@example.com,Cuiabá,Coordenador de marketing,19,86655252848
Débora Monteiro Araújo,debora.monteiro.araujo.12359@example.com,Sorocaba,Professor,25,34557981075
Larissa Barbosa Martins,larissa.barbosa.martins.12360@example.com,Salvador,Coordenador de logística,67,93202708794
Gabriela Araújo Barros,gabriela.araujo.barros.12361@example.com,Uberlândia,Atendente,40,26366943621
Leonardo Fernandes Almeida,leonardo.fernandes.almeida.12362@example.com,Goiânia,Analista financeiro,38,00061178612
Ricardo Rodrigues Silva,ricardo.rodrigues.silva.12363@example.com,Campinas,Programador,33,38158287106
Luana Martins Fernandes,luana.martins.fernandes.12364@example.com,Vitória,Advogado,54,71196558955
Camila Martins Rocha,camila.martins.rocha.12365@example.com,Campinas,Assistente administrativo,61,76302399445
Igor Cardoso Rocha,igor.cardoso.rocha.12366@example.com,Campo Grande,Operador de caixa,36,57591743548
José Oliveira Nascimento,jose.oliveira.nascimento.12367@example.com,Belo Horizonte,Gerente de recursos humanos,45,16124987242
Otávio Cardoso Nascimento,otavio.cardoso.nascimento.12368@example.com,Sorocaba,Chefe de compras,69,99363357877
Gabriel Gomes Fernandes,gabriel.gomes.fernandes.12369@example.com,Curitiba,Técnico de enfermagem,23,70673925527
Marcelo Gomes Martins,marcelo.gomes.martins.12370@example.com,Sorocaba,Fisioterapeuta,20,08099873514
Leonardo Dias Barbosa,leonardo.dias.barbosa.12371@example.com,Rondonópolis,Gerente financeiro,52,61335441622
Bruno Pereira Teixeira,bruno.pereira.teixeira.12372@example.com,Cuiabá,Enfermeiro,33,72906258183
Vinícius Santos Carvalho,vinicius.santos.carvalho.12373@example.com,Campinas,Supervisor de qualidade,68,69098940401
Patrícia Carvalho Monteiro,patricia.carvalho.monteiro.12374@example.com,São Paulo,Motorista,34,30100768460
Thiago Santos Gomes,thiago.santos.gomes.12375@example.com,Porto Alegre,Analista financeiro,21,88698046771
Carlos Cardoso Araújo,carlos.cardoso.araujo.12376@example.com,Porto Alegre,Supervisor de qualidade,33,54534141778
Vanessa Oliveira Mendes,vanessa.oliveira.mendes.12377@example.com,Joinville,Chefe de departamento pessoal,45,55972671472
Bruno Castro Mendes,bruno.castro.mendes.12378@example.com,Maringá,Enfermeiro,50,92704640159
Ana Ribeiro Araújo,ana.ribeiro.araujo.12379@example.com,Santos,Nutricionista,27,53975170232
Gabriel Freitas Barros,gabriel.freitas.barros.12380@example.com,Dourados,Supervisor de atendimento,67,14968999321
Rafael Costa Souza,rafael.costa.souza.12381@example.com,Cuiabá,Vendedor,27,17759636159
Ricardo Mendes Almeida,ricardo.mendes.almeida.12382@example.com,Recife,Operador de caixa,47,63719976427
Larissa Teixeira Teixeira,larissa.teixeira.teixeira.12383@example.com,Santos,Recepcionista,63,97287542963
Fernanda Rodrigues Oliveira,fernanda.rodrigues.oliveira.12384@example.com,Recife,Corretor de imóveis,25,71116576755
Daniela Cardoso Moreira,daniela.cardoso.moreira.12385@example.com,Niterói,Diretor comercial,46,10296038564
Daniela Dias Nascimento,daniela.dias.nascimento.12386@example.com,Fortaleza,Técnico em informática,28,70004157974
Diego Lima Lima,diego.lima.lima.12387@example.com,Dourados,Arquiteto,48,49567940001
Thiago Barbosa Freitas,thiago.barbosa.freitas.12388@example.com,Niterói,Assistente comercial,40,44885766271
Juliana Castro Barros,juliana.castro.barros.12389@example.com,Rio de Janeiro,Analista de recursos humanos,40,68031611712
Marcelo Moreira Castro,marcelo.moreira.castro.12390@example.com,Dourados,Professor,21,25761556078
Renata Pereira Pereira,renata.pereira.pereira.12391@example.com,Porto Alegre,Programador,56,24548534696
Daniela Ribeiro Moreira,daniela.ribeiro.moreira.12392@example.com,Manaus,Coordenador de marketing,36,78989244089
João Nascimento Castro,joao.nascimento.castro.12393@example.com,Florianópolis,Analista de recursos humanos,47,83917317442
Gabriela Santos Moreira,gabriela.santos.moreira.12394@example.com,Campinas,Nutricionista,62,92243675239
Amanda Lima Carvalho,amanda.lima.carvalho.12395@example.com,Campo Grande,Analista financeiro,49,36243303035
Lucas Araújo Costa,lucas.araujo.costa.12396@example.com,Belém,Técnico de segurança do trabalho,35,18645966076
Renata Rodrigues Barbosa,renata.rodrigues.barbosa.12397@example.com,Belo Horizonte,Nutricionista,57,78726625868
Amanda Araújo Silva,amanda.araujo.silva.12398@example.com,Cuiabá,Encarregado de produção,48,89323233751
Juliana Freitas Barbosa,juliana.freitas.barbosa.12399@example.com,Campo Grande,Assistente comercial,47,00344814553
Camila Pereira Silva,camila.pereira.silva.12400@example.com,Caxias do Sul,Programador,20,14614482234
Vanessa Santos Nascimento,vanessa.santos.nascimento.12401@example.com,Dourados,Nutricionista,29,07569136491
Daniela Cardoso Nascimento,daniela.cardoso.nascimento.12402@example.com,Porto Alegre,Coordenador de logística,28,26352004495
Sérgio Lima Alves,sergio.lima.alves.12403@example.com,Dourados,Vendedor,28,92743546443
Patrícia Castro Moreira,patricia.castro.moreira.12404@example.com,Belém,Gerente de recursos humanos,35,95922092591
Larissa Gomes Moreira,larissa.gomes.moreira.12405@example.com,Natal,Chefe de almoxarifado,18,29414825481
Igor Rodrigues Moreira,igor.rodrigues.moreira.12406@example.com,Florianópolis,Encarregado de produção,61,02372705373
Fernanda Barbosa Araújo,fernanda.barbosa.araujo.12407@example.com,Natal,Analista financeiro,44,88304355029
Paulo Barros Dias,paulo.barros.dias.12408@example.com,Niterói,Gerente de tecnologia,35,71379651113
Carolina Gomes Moreira,carolina.gomes.moreira.12409@example.com,Natal,Motorista,40,67598556065
Débora Castro Gomes,debora.castro.gomes.12410@example.com,Uberlândia,Programador,41,82809209319
Amanda Almeida Fernandes,amanda.almeida.fernandes.12411@example.com,Maringá,Contador,39,10798220717
Vanessa Rocha Araújo,vanessa.rocha.araujo.12412@example.com,Cuiabá,Programador,31,50361492058
Paulo Silva Oliveira,paulo.silva.oliveira.12413@example.com,Goiânia,Professor,25,96199392937
Pedro Nascimento Santos,pedro.nascimento.santos.12414@example.com,Niterói,Comprador,28,61807517036
Vinícius Castro Freitas,vinicius.castro.freitas.12415@example.com,Goiânia,Eletricista,34,79563950737
Daniela Mendes Almeida,daniela.mendes.almeida.12416@example.com,Brasília,Chefe de almoxarifado,49,95940865177
Aline Fernandes Pereira,aline.fernandes.pereira.12417@example.com,Brasília,Auxiliar de produção,40,37890680988
Gabriel Fernandes Fernandes,gabriel.fernandes.fernandes.12418@example.com,Maringá,Gerente de recursos humanos,66,75595250283
Carolina Rodrigues Oliveira,carolina.rodrigues.oliveira.12419@example.com,Campinas,Assistente administrativo,38,34914847959
Daniela Silva Costa,daniela.silva.costa.12420@example.com,Rio de Janeiro,Estoquista,35,45717158569
Gabriel Lima Martins,gabriel.lima.martins.12421@example.com,Brasília,Farmacêutico,54,67965713118
Rafael Dias Rocha,rafael.dias.rocha.12422@example.com,Campo Grande,Designer gráfico,35,24311163713
Camila Oliveira Alves,camila.oliveira.alves.12423@example.com,Belo Horizonte,Estoquista,54,21082198163
Carlos Costa Dias,carlos.costa.dias.12424@example.com,Maringá,Técnico de enfermagem,44,91683042439
Renata Ribeiro Souza,renata.ribeiro.souza.12425@example.com,Vitória,Gerente financeiro,63,98040522614
Vitória Gomes Cardoso,vitoria.gomes.cardoso.12426@example.com,Uberlândia,Eletricista,26,40761472476
Igor Pereira Silva,igor.pereira.silva.12427@example.com,Maringá,Supervisor de vendas,64,17668542349
Nicolas Carvalho Nascimento,nicolas.carvalho.nascimento.12428@example.com,Salvador,Assistente comercial,49,58986905211
Igor Carvalho Souza,igor.carvalho.souza.12429@example.com,Rio de Janeiro,Coordenador de logística,59,73773896083
Thiago Teixeira Teixeira,thiago.teixeira.teixeira.12430@example.com,Florianópolis,Motorista,58,01074428649
Igor Barbosa Costa,igor.barbosa.costa.12431@example.com,Manaus,Encarregado de produção,55,05025520763
Henrique Castro Martins,henrique.castro.martins.12432@example.com,Sorocaba,Engenheiro civil,27,07409048709
Gabriel Oliveira Barros,gabriel.oliveira.barros.12433@example.com,Brasília,Vendedor,26,82238607440
Ana Rodrigues Cardoso,ana.rodrigues.cardoso.12434@example.com,Caxias do Sul,Diretor comercial,69,55837675568
Priscila Barbosa Ribeiro,priscila.barbosa.ribeiro.12435@example.com,Londrina,Contador,62,63256319740
Bruno Araújo Martins,bruno.araujo.martins.12436@example.com,Goiânia,Coordenador de produção,42,12620046567
Vitória Rodrigues Carvalho,vitoria.rodrigues.carvalho.12437@example.com,Manaus,Diretor comercial,32,34316640425
Gabriel Pereira Costa,gabriel.pereira.costa.12438@example.com,Belém,Cozinheiro,34,93023484321
Sérgio Moreira Mendes,sergio.moreira.mendes.12439@example.com,Londrina,Supervisor de manutenção,50,16273447863
Eduardo Barros Teixeira,eduardo.barros.teixeira.12440@example.com,Brasília,Farmacêutico,42,32553294847
Marcelo Almeida Souza,marcelo.almeida.souza.12441@example.com,Manaus,Mecânico,60,03931225829
Amanda Almeida Moreira,amanda.almeida.moreira.12442@example.com,Uberlândia,Técnico de enfermagem,42,22922368396
Leonardo Freitas Gomes,leonardo.freitas.gomes.12443@example.com,Vitória,Coordenador de marketing,55,77692901144
José Monteiro Oliveira,jose.monteiro.oliveira.12444@example.com,Dourados,Supervisor de atendimento,53,89115018074
Felipe Gomes Souza,felipe.gomes.souza.12445@example.com,Dourados,Chefe de almoxarifado,55,95568399923
Lucas Nascimento Costa,lucas.nascimento.costa.12446@example.com,Brasília,Gerente comercial,36,46082335790
Leonardo Teixeira Freitas,leonardo.teixeira.freitas.12447@example.com,Belém,Mecânico,24,25561004117
Vanessa Oliveira Mendes,vanessa.oliveira.mendes.12448@example.com,Cuiabá,Coordenador de marketing,40,18507768148
Aline Freitas Carvalho,aline.freitas.carvalho.12449@example.com,Cuiabá,Corretor de imóveis,19,62032244703
Letícia Dias Souza,leticia.dias.souza.12450@example.com,Fortaleza,Cozinheiro,38,37710035282
Patrícia Barros Carvalho,patricia.barros.carvalho.12451@example.com,Vitória,Enfermeiro,48,40297660964
Ricardo Fernandes Almeida,ricardo.fernandes.almeida.12452@example.com,Manaus,Técnico de enfermagem,57,32613247995
Camila Gomes Araújo,camila.gomes.araujo.12453@example.com,Goiânia,Supervisor de qualidade,55,39419158777
Vinícius Costa Monteiro,vinicius.costa.monteiro.12454@example.com,Rio de Janeiro,Nutricionista,44,68467355743
Vinícius Rodrigues Mendes,vinicius.rodrigues.mendes.12455@example.com,Belém,Supervisor de manutenção,41,93577017559
Débora Rocha Gomes,debora.rocha.gomes.12456@example.com,Rio de Janeiro,Farmacêutico,45,10910614957
João Gomes Cardoso,joao.gomes.cardoso.12457@example.com,Campinas,Analista de recursos humanos,48,22056622660
Gabriela Fernandes Martins,gabriela.fernandes.martins.12458@example.com,Santos,Chefe de almoxarifado,58,65011815849
Carolina Nascimento Souza,carolina.nascimento.souza.12459@example.com,Belo Horizonte,Mecânico,67,14766862342
Henrique Carvalho Teixeira,henrique.carvalho.teixeira.12460@example.com,Recife,Operador de caixa,63,30885381195
Carlos Ribeiro Castro,carlos.ribeiro.castro.12461@example.com,Santos,Diretor comercial,35,36196852832
Ana Castro Barros,ana.castro.barros.12462@example.com,Rondonópolis,Pedreiro,30,53827723307
Henrique Monteiro Lima,henrique.monteiro.lima.12463@example.com,Belo Horizonte,Programador,55,69723073727
Ricardo Oliveira Teixeira,ricardo.oliveira.teixeira.12464@example.com,Belo Horizonte,Supervisor de manutenção,59,82539706769
Gustavo Pereira Rodrigues,gustavo.pereira.rodrigues.12465@example.com,Campo Grande,Engenheiro civil,27,97199518761
Sérgio Silva Dias,sergio.silva.dias.12466@example.com,Uberlândia,Técnico de enfermagem,22,68127967751
Gabriel Dias Freitas,gabriel.dias.freitas.12467@example.com,Santos,Gerente de operações,69,05957305302
Ricardo Almeida Monteiro,ricardo.almeida.monteiro.12468@example.com,Rio de Janeiro,Supervisor de manutenção,66,78774451051
Sandra Castro Rodrigues,sandra.castro.rodrigues.12469@example.com,São Paulo,Comprador,40,05531089321
João Lima Monteiro,joao.lima.monteiro.12470@example.com,Dourados,Supervisor de manutenção,28,23079648534
Larissa Lima Pereira,larissa.lima.pereira.12471@example.com,Santos,Técnico em informática,58,53332441183
Carlos Fernandes Pereira,carlos.fernandes.pereira.12472@example.com,Manaus,Vendedor,52,41717825151
José Fernandes Cardoso,jose.fernandes.cardoso.12473@example.com,Goiânia,Pedreiro,21,62016589465
Beatriz Rocha Dias,beatriz.rocha.dias.12474@example.com,Santos,Engenheiro civil,67,27058600577
Lucas Cardoso Mendes,lucas.cardoso.mendes.12475@example.com,Salvador,Programador,64,68567221267
Marcelo Moreira Oliveira,marcelo.moreira.oliveira.12476@example.com,Londrina,Estoquista,40,13578932855
Amanda Souza Fernandes,amanda.souza.fernandes.12477@example.com,Goiânia,Técnico em informática,63,27856150574
Fernanda Cardoso Oliveira,fernanda.cardoso.oliveira.12478@example.com,Porto Alegre,Supervisor de atendimento,27,16436918046
Nicolas Moreira Gomes,nicolas.moreira.gomes.12479@example.com,Cuiabá,Engenheiro civil,66,18993405132
Eduardo Barros Souza,eduardo.barros.souza.12480@example.com,São Paulo,Padeiro,29,50098401789
Carolina Teixeira Freitas,carolina.teixeira.freitas.12481@example.com,Rio de Janeiro,Chefe de almoxarifado,53,89568418343
Priscila Cardoso Castro,priscila.cardoso.castro.12482@example.com,Belém,Supervisor de atendimento,49,54646143529
Otávio Rodrigues Oliveira,otavio.rodrigues.oliveira.12483@example.com,Natal,Assistente administrativo,45,00025636420
Vanessa Santos Martins,vanessa.santos.martins.12484@example.com,Campo Grande,Analista financeiro,60,41161811363
Bruno Pereira Silva,bruno.pereira.silva.12485@example.com,Salvador,Operador de caixa,63,10549896818
Otávio Rodrigues Nascimento,otavio.rodrigues.nascimento.12486@example.com,Cuiabá,Motorista,47,44377268769
Letícia Gomes Almeida,leticia.gomes.almeida.12487@example.com,Vitória,Operador de caixa,62,65340189508
Otávio Rodrigues Monteiro,otavio.rodrigues.monteiro.12488@example.com,Dourados,Analista de recursos humanos,25,98498835943
Sérgio Gomes Cardoso,sergio.gomes.cardoso.12489@example.com,Niterói,Técnico de segurança do trabalho,44,45520222053
Marcelo Gomes Rodrigues,marcelo.gomes.rodrigues.12490@example.com,Campinas,Diretor de operações,22,86313502301
Aline Oliveira Barbosa,aline.oliveira.barbosa.12491@example.com,Porto Alegre,Coordenador administrativo,46,49156900477
Otávio Pereira Martins,otavio.pereira.martins.12492@example.com,Manaus,Atendente,34,54668862774
Lucas Almeida Dias,lucas.almeida.dias.12493@example.com,Caxias do Sul,Professor,52,72890893920
Priscila Moreira Rocha,priscila.moreira.rocha.12494@example.com,Dourados,Pedreiro,63,50508555649
Thiago Souza Barbosa,thiago.souza.barbosa.12495@example.com,Manaus,Analista de dados,66,28733243229
Daniela Barros Araújo,daniela.barros.araujo.12496@example.com,Niterói,Padeiro,43,38672597734
Lucas Nascimento Carvalho,lucas.nascimento.carvalho.12497@example.com,Goiânia,Coordenador de marketing,24,16267749950
Henrique Souza Oliveira,henrique.souza.oliveira.12498@example.com,Niterói,Programador,20,15451469648
Larissa Almeida Pereira,larissa.almeida.pereira.12499@example.com,Vitória,Comprador,42,57846142984
Vanessa Monteiro Moreira,vanessa.monteiro.moreira.12500@example.com,Rondonópolis,Padeiro,69,58533903530
Carolina Mendes Fernandes,carolina.mendes.fernandes.12501@example.com,Caxias do Sul,Gerente de operações,47,55961089391
Mariana Araújo Martins,mariana.araujo.martins.12502@example.com,Natal,Supervisor de manutenção,34,90447625055
Diego Alves Carvalho,diego.alves.carvalho.12503@example.com,Cuiabá,Cozinheiro,36,49479921688
Amanda Barbosa Ribeiro,amanda.barbosa.ribeiro.12504@example.com,Caxias do Sul,Supervisor de vendas,21,67855258799
Vinícius Pereira Teixeira,vinicius.pereira.teixeira.12505@example.com,Niterói,Encarregado de produção,65,23744758919
Rafael Moreira Carvalho,rafael.moreira.carvalho.12506@example.com,Vitória,Analista financeiro,66,98742208859
Paulo Barros Barbosa,paulo.barros.barbosa.12507@example.com,Fortaleza,Técnico de enfermagem,20,48452835906
Eduardo Teixeira Fernandes,eduardo.teixeira.fernandes.12508@example.com,Santos,Programador,67,67475180727
Aline Cardoso Araújo,aline.cardoso.araujo.12509@example.com,Curitiba,Professor,52,92280904534
Sandra Souza Monteiro,sandra.souza.monteiro.12510@example.com,Porto Alegre,Programador,47,05951290125
Vinícius Souza Rocha,vinicius.souza.rocha.12511@example.com,Goiânia,Coordenador de produção,69,36468971410
Gabriel Oliveira Alves,gabriel.oliveira.alves.12512@example.com,Rondonópolis,Professor,50,87610865118
Daniela Rocha Santos,daniela.rocha.santos.12513@example.com,Uberlândia,Programador,63,81046892195
Marcelo Nascimento Rocha,marcelo.nascimento.rocha.12514@example.com,Rio de Janeiro,Encarregado de produção,48,03212144000
Ana Rocha Barbosa,ana.rocha.barbosa.12515@example.com,Recife,Professor,25,58685471920
Paulo Silva Nascimento,paulo.silva.nascimento.12516@example.com,Manaus,Coordenador administrativo,49,31886867707
Fernanda Fernandes Almeida,fernanda.fernandes.almeida.12517@example.com,Florianópolis,Estoquista,66,27638508533
Juliana Barros Fernandes,juliana.barros.fernandes.12518@example.com,Florianópolis,Padeiro,18,25357370029
Vanessa Gomes Carvalho,vanessa.gomes.carvalho.12519@example.com,Salvador,Analista financeiro,23,26156418571
Igor Pereira Silva,igor.pereira.silva.12520@example.com,Londrina,Técnico em informática,60,06398385918
Diego Monteiro Cardoso,diego.monteiro.cardoso.12521@example.com,Rondonópolis,Contador,33,48131998047
Bruno Castro Pereira,bruno.castro.pereira.12522@example.com,Caxias do Sul,Analista de dados,28,31119498957
Gabriela Barros Nascimento,gabriela.barros.nascimento.12523@example.com,Dourados,Analista financeiro,36,60626887712
Paulo Pereira Barbosa,paulo.pereira.barbosa.12524@example.com,Uberlândia,Arquiteto,26,09173784401
Sérgio Santos Lima,sergio.santos.lima.12525@example.com,Florianópolis,Motorista,33,45903776204
Bruno Alves Mendes,bruno.alves.mendes.12526@example.com,Fortaleza,Chefe de departamento pessoal,20,05847106090
Lucas Rocha Ribeiro,lucas.rocha.ribeiro.12527@example.com,Londrina,Jornalista,64,66121243944
Aline Oliveira Araújo,aline.oliveira.araujo.12528@example.com,Belém,Designer gráfico,28,96846945222
Sandra Castro Mendes,sandra.castro.mendes.12529@example.com,Belo Horizonte,Chefe de almoxarifado,23,74996589289
Felipe Santos Mendes,felipe.santos.mendes.12530@example.com,Londrina,Gerente comercial,36,42589369098
Gabriela Oliveira Freitas,gabriela.oliveira.freitas.12531@example.com,Cuiabá,Coordenador administrativo,19,80625293640
Lucas Santos Carvalho,lucas.santos.carvalho.12532@example.com,Manaus,Supervisor de qualidade,35,30052239437
Priscila Silva Carvalho,priscila.silva.carvalho.12533@example.com,Rio de Janeiro,Supervisor de vendas,22,95521761601
Ricardo Monteiro Nascimento,ricardo.monteiro.nascimento.12534@example.com,Belém,Coordenador de produção,32,80714885495
José Souza Fernandes,jose.souza.fernandes.12535@example.com,Curitiba,Eletricista,29,80750650003
Bruno Monteiro Souza,bruno.monteiro.souza.12536@example.com,Cuiabá,Pedreiro,23,61625688260
Igor Rocha Pereira,igor.rocha.pereira.12537@example.com,Rondonópolis,Advogado,41,47887989376
Ricardo Fernandes Mendes,ricardo.fernandes.mendes.12538@example.com,Curitiba,Técnico em informática,40,29237556152
Gustavo Ribeiro Barbosa,gustavo.ribeiro.barbosa.12539@example.com,Porto Alegre,Programador,33,96749272472
Pedro Cardoso Martins,pedro.cardoso.martins.12540@example.com,Brasília,Nutricionista,21,70121326914
Diego Monteiro Barros,diego.monteiro.barros.12541@example.com,Salvador,Comprador,56,65925448495
Igor Alves Freitas,igor.alves.freitas.12542@example.com,Santos,Coordenador de marketing,48,47997061016
Amanda Nascimento Cardoso,amanda.nascimento.cardoso.12543@example.com,Londrina,Coordenador de logística,59,74030563534
Ricardo Teixeira Fernandes,ricardo.teixeira.fernandes.12544@example.com,Manaus,Motorista,50,23162077042
Rafael Dias Oliveira,rafael.dias.oliveira.12545@example.com,Manaus,Analista de recursos humanos,67,16543921823
Gabriela Moreira Almeida,gabriela.moreira.almeida.12546@example.com,Maringá,Contador,69,57533760358
Camila Lima Carvalho,camila.lima.carvalho.12547@example.com,Porto Alegre,Vendedor,26,59355762288
Lucas Araújo Almeida,lucas.araujo.almeida.12548@example.com,Joinville,Gerente de recursos humanos,67,09662178277
Rafael Rodrigues Dias,rafael.rodrigues.dias.12549@example.com,Caxias do Sul,Jornalista,30,12386202827
Pedro Rocha Barros,pedro.rocha.barros.12550@example.com,Manaus,Analista de dados,62,94230323334
Sérgio Almeida Lima,sergio.almeida.lima.12551@example.com,Fortaleza,Coordenador de produção,60,74944693465
Felipe Ribeiro Teixeira,felipe.ribeiro.teixeira.12552@example.com,Salvador,Chefe de departamento pessoal,37,62876712413
Vanessa Cardoso Castro,vanessa.cardoso.castro.12553@example.com,Cuiabá,Operador de caixa,21,57223028012
Vinícius Barbosa Pereira,vinicius.barbosa.pereira.12554@example.com,São Paulo,Auxiliar de produção,70,33011378208
Camila Santos Santos,camila.santos.santos.12555@example.com,Santos,Gerente de operações,47,28196025057
Vinícius Mendes Pereira,vinicius.mendes.pereira.12556@example.com,Salvador,Corretor de imóveis,24,10303503473
Ricardo Lima Carvalho,ricardo.lima.carvalho.12557@example.com,Goiânia,Gerente financeiro,40,56984642562
Igor Souza Almeida,igor.souza.almeida.12558@example.com,Fortaleza,Coordenador administrativo,28,14032570122
Aline Barbosa Freitas,aline.barbosa.freitas.12559@example.com,Campinas,Coordenador de marketing,34,53946978809
José Oliveira Araújo,jose.oliveira.araujo.12560@example.com,Natal,Engenheiro civil,45,46381076254
Bruno Carvalho Castro,bruno.carvalho.castro.12561@example.com,Goiânia,Mecânico,68,55411719105
Pedro Oliveira Nascimento,pedro.oliveira.nascimento.12562@example.com,Dourados,Recepcionista,49,92091598619
Gabriela Rocha Monteiro,gabriela.rocha.monteiro.12563@example.com,Londrina,Analista financeiro,41,12508659751
Ricardo Dias Lima,ricardo.dias.lima.12564@example.com,Cuiabá,Supervisor de qualidade,63,63217971522
Gabriel Castro Mendes,gabriel.castro.mendes.12565@example.com,Sorocaba,Analista de recursos humanos,55,81267464557
Tatiane Costa Almeida,tatiane.costa.almeida.12566@example.com,Belém,Gerente de recursos humanos,25,21596216668
Sérgio Castro Moreira,sergio.castro.moreira.12567@example.com,Belo Horizonte,Comprador,43,12096010023
Otávio Nascimento Fernandes,otavio.nascimento.fernandes.12568@example.com,Joinville,Fisioterapeuta,61,70187955235
Igor Castro Rodrigues,igor.castro.rodrigues.12569@example.com,Sorocaba,Chefe de almoxarifado,27,64917935056
Amanda Martins Araújo,amanda.martins.araujo.12570@example.com,Vitória,Recepcionista,39,41788463364
Rafael Araújo Oliveira,rafael.araujo.oliveira.12571@example.com,Manaus,Atendente,23,67628901171
Vinícius Dias Oliveira,vinicius.dias.oliveira.12572@example.com,Campo Grande,Engenheiro civil,46,17932636981
Bruno Cardoso Pereira,bruno.cardoso.pereira.12573@example.com,Londrina,Corretor de imóveis,43,42375215850
Letícia Mendes Costa,leticia.mendes.costa.12574@example.com,Rio de Janeiro,Eletricista,56,08856123959
Pedro Santos Pereira,pedro.santos.pereira.12575@example.com,Fortaleza,Analista de recursos humanos,20,10325155211
Felipe Almeida Fernandes,felipe.almeida.fernandes.12576@example.com,Rondonópolis,Chefe de almoxarifado,66,72266769530
Vinícius Ribeiro Martins,vinicius.ribeiro.martins.12577@example.com,Dourados,Vendedor,30,53845951241
Otávio Araújo Freitas,otavio.araujo.freitas.12578@example.com,Rondonópolis,Designer gráfico,61,73661562668
Mariana Rocha Araújo,mariana.rocha.araujo.12579@example.com,Campo Grande,Fisioterapeuta,23,11410422122
Tatiane Freitas Teixeira,tatiane.freitas.teixeira.12580@example.com,Cuiabá,Analista de dados,46,43102710897
Aline Martins Nascimento,aline.martins.nascimento.12581@example.com,Londrina,Contador,34,07665391413
Tatiane Moreira Castro,tatiane.moreira.castro.12582@example.com,Natal,Chefe de compras,46,02049600736
Daniela Cardoso Castro,daniela.cardoso.castro.12583@example.com,Belo Horizonte,Arquiteto,29,39900462338
Rafael Cardoso Carvalho,rafael.cardoso.carvalho.12584@example.com,Natal,Coordenador de logística,58,03337905030
Tatiane Gomes Rodrigues,tatiane.gomes.rodrigues.12585@example.com,Goiânia,Advogado,41,75428369998
Aline Martins Teixeira,aline.martins.teixeira.12586@example.com,Goiânia,Gerente de tecnologia,54,30300291098
Camila Rocha Fernandes,camila.rocha.fernandes.12587@example.com,Recife,Encarregado de produção,35,03110386019
Leonardo Carvalho Nascimento,leonardo.carvalho.nascimento.12588@example.com,Vitória,Líder de equipe,41,71640679773
Ricardo Alves Lima,ricardo.alves.lima.12589@example.com,Sorocaba,Coordenador de marketing,37,77454349247
Henrique Santos Cardoso,henrique.santos.cardoso.12590@example.com,Belo Horizonte,Coordenador de produção,41,11428473501
Daniela Gomes Souza,daniela.gomes.souza.12591@example.com,São Paulo,Corretor de imóveis,26,36258732377
Larissa Almeida Costa,larissa.almeida.costa.12592@example.com,Vitória,Corretor de imóveis,49,04221933704
Leonardo Araújo Moreira,leonardo.araujo.moreira.12593@example.com,Dourados,Analista de marketing,31,19462778127
Nicolas Castro Gomes,nicolas.castro.gomes.12594@example.com,Rio de Janeiro,Assistente administrativo,40,83124162918
Patrícia Oliveira Barros,patricia.oliveira.barros.12595@example.com,Uberlândia,Farmacêutico,30,19205264375
Ricardo Moreira Freitas,ricardo.moreira.freitas.12596@example.com,Brasília,Professor,63,34956803754
Pedro Barbosa Souza,pedro.barbosa.souza.12597@example.com,Natal,Chefe de almoxarifado,48,72669910205
Mariana Fernandes Carvalho,mariana.fernandes.carvalho.12598@example.com,Campo Grande,Pedreiro,63,97171157019
Letícia Monteiro Souza,leticia.monteiro.souza.12599@example.com,Campo Grande,Assistente comercial,44,98964677236
Henrique Lima Teixeira,henrique.lima.teixeira.12600@example.com,Natal,Atendente,35,06154031974
Ricardo Moreira Nascimento,ricardo.moreira.nascimento.12601@example.com,Santos,Encarregado de produção,21,18567142939
Rafael Silva Araújo,rafael.silva.araujo.12602@example.com,Vitória,Supervisor de atendimento,38,46998882547
Pedro Araújo Costa,pedro.araujo.costa.12603@example.com,Joinville,Programador,19,53344922442
Tatiane Martins Pereira,tatiane.martins.pereira.12604@example.com,Dourados,Supervisor de qualidade,32,95511390647
Thiago Oliveira Silva,thiago.oliveira.silva.12605@example.com,Vitória,Contador,38,84782252157
Gustavo Cardoso Almeida,gustavo.cardoso.almeida.12606@example.com,Salvador,Gerente de operações,23,31758731195
Leonardo Moreira Oliveira,leonardo.moreira.oliveira.12607@example.com,Rio de Janeiro,Cozinheiro,34,53564182420
Simone Castro Moreira,simone.castro.moreira.12608@example.com,Cuiabá,Gerente de recursos humanos,25,04812931653
Eduardo Mendes Pereira,eduardo.mendes.pereira.12609@example.com,Goiânia,Recepcionista,18,61671462432
Eduardo Lima Cardoso,eduardo.lima.cardoso.12610@example.com,Caxias do Sul,Coordenador de logística,54,47238553244
Gustavo Martins Alves,gustavo.martins.alves.12611@example.com,Rio de Janeiro,Supervisor de manutenção,34,95779000541
Rafael Teixeira Teixeira,rafael.teixeira.teixeira.12612@example.com,Curitiba,Coordenador de produção,25,23790684569
Larissa Gomes Martins,larissa.gomes.martins.12613@example.com,Salvador,Designer gráfico,36,58140337667
Beatriz Rodrigues Carvalho,beatriz.rodrigues.carvalho.12614@example.com,Curitiba,Jornalista,36,68951015802
Amanda Pereira Ribeiro,amanda.pereira.ribeiro.12615@example.com,Recife,Analista de marketing,59,89621440550
Larissa Dias Barbosa,larissa.dias.barbosa.12616@example.com,Campinas,Analista financeiro,49,67070380397
Amanda Fernandes Santos,amanda.fernandes.santos.12617@example.com,Natal,Auxiliar de produção,67,64854627838
Letícia Freitas Almeida,leticia.freitas.almeida.12618@example.com,Brasília,Gerente de tecnologia,26,06257928512
Gabriel Ribeiro Fernandes,gabriel.ribeiro.fernandes.12619@example.com,Salvador,Assistente comercial,19,87044283845
Débora Monteiro Barros,debora.monteiro.barros.12620@example.com,Rio de Janeiro,Arquiteto,58,21028634271
Ricardo Freitas Rocha,ricardo.freitas.rocha.12621@example.com,Natal,Cozinheiro,63,88996911676
Rafael Martins Lima,rafael.martins.lima.12622@example.com,Caxias do Sul,Analista de marketing,59,25905243727
Henrique Barbosa Silva,henrique.barbosa.silva.12623@example.com,São Paulo,Engenheiro civil,39,45497674526
Camila Rocha Santos,camila.rocha.santos.12624@example.com,Belém,Técnico de segurança do trabalho,68,78801114098
Débora Dias Souza,debora.dias.souza.12625@example.com,Vitória,Gerente de operações,66,13431368030
Débora Nascimento Castro,debora.nascimento.castro.12626@example.com,Brasília,Programador,23,64724743411
Vanessa Fernandes Dias,vanessa.fernandes.dias.12627@example.com,Fortaleza,Auxiliar de produção,52,57712722123
Gabriel Alves Costa,gabriel.alves.costa.12628@example.com,Fortaleza,Líder de equipe,65,80201828369
Diego Ribeiro Almeida,diego.ribeiro.almeida.12629@example.com,Florianópolis,Supervisor de vendas,58,45775956109
Gustavo Moreira Araújo,gustavo.moreira.araujo.12630@example.com,Londrina,Coordenador administrativo,51,35339528721
Débora Freitas Monteiro,debora.freitas.monteiro.12631@example.com,Campinas,Supervisor de qualidade,66,75248683303
Carlos Castro Almeida,carlos.castro.almeida.12632@example.com,Rondonópolis,Designer gráfico,56,60932710592
Rafael Barros Pereira,rafael.barros.pereira.12633@example.com,Rio de Janeiro,Gerente de operações,48,37650050049
Amanda Araújo Nascimento,amanda.araujo.nascimento.12634@example.com,Belém,Contador,58,54949296070
Marcelo Alves Oliveira,marcelo.alves.oliveira.12635@example.com,Fortaleza,Diretor de operações,35,45475742680
Gustavo Monteiro Alves,gustavo.monteiro.alves.12636@example.com,Goiânia,Gerente de tecnologia,70,86796232644
Débora Ribeiro Pereira,debora.ribeiro.pereira.12637@example.com,Porto Alegre,Coordenador administrativo,63,85575280242
Carlos Fernandes Gomes,carlos.fernandes.gomes.12638@example.com,Curitiba,Programador,30,74306575378
Leonardo Castro Araújo,leonardo.castro.araujo.12639@example.com,Niterói,Supervisor de atendimento,18,58142589150
Marcelo Oliveira Araújo,marcelo.oliveira.araujo.12640@example.com,São Paulo,Técnico em informática,60,29860542763
Eduardo Pereira Mendes,eduardo.pereira.mendes.12641@example.com,Cuiabá,Cozinheiro,19,72818047449
Priscila Santos Monteiro,priscila.santos.monteiro.12642@example.com,Santos,Assistente administrativo,24,37477885577
Bruno Rodrigues Fernandes,bruno.rodrigues.fernandes.12643@example.com,Natal,Gerente de operações,33,47488723992
Vitória Rodrigues Gomes,vitoria.rodrigues.gomes.12644@example.com,Vitória,Supervisor de qualidade,69,01759605368
Amanda Carvalho Fernandes,amanda.carvalho.fernandes.12645@example.com,Niterói,Supervisor de qualidade,26,78769248089
Eduardo Silva Pereira,eduardo.silva.pereira.12646@example.com,Curitiba,Analista de recursos humanos,31,32080286307
Thiago Castro Araújo,thiago.castro.araujo.12647@example.com,Cuiabá,Operador de caixa,48,93769759735
Simone Souza Cardoso,simone.souza.cardoso.12648@example.com,Londrina,Analista financeiro,37,45363952297
Eduardo Pereira Castro,eduardo.pereira.castro.12649@example.com,Londrina,Corretor de imóveis,68,70770105622
Gabriel Ribeiro Monteiro,gabriel.ribeiro.monteiro.12650@example.com,Niterói,Advogado,33,92488095253
Felipe Teixeira Fernandes,felipe.teixeira.fernandes.12651@example.com,Santos,Cozinheiro,32,80508142958
Larissa Barros Rocha,larissa.barros.rocha.12652@example.com,Porto Alegre,Motorista,26,88854269209
Rafael Araújo Moreira,rafael.araujo.moreira.12653@example.com,Santos,Recepcionista,61,52911645585
Lucas Oliveira Mendes,lucas.oliveira.mendes.12654@example.com,Goiânia,Assistente comercial,50,21294952066
Otávio Barros Souza,otavio.barros.souza.12655@example.com,Fortaleza,Supervisor de manutenção,45,91212253854
Vanessa Fernandes Barbosa,vanessa.fernandes.barbosa.12656@example.com,Sorocaba,Diretor comercial,19,67614928745
Patrícia Cardoso Barros,patricia.cardoso.barros.12657@example.com,Rio de Janeiro,Chefe de compras,28,37791306702
Beatriz Almeida Alves,beatriz.almeida.alves.12658@example.com,Belo Horizonte,Assistente comercial,18,36559817171
Renata Barros Martins,renata.barros.martins.12659@example.com,Fortaleza,Chefe de almoxarifado,42,03834251023
Juliana Silva Rocha,juliana.silva.rocha.12660@example.com,Brasília,Assistente comercial,24,12760345446
Daniela Pereira Gomes,daniela.pereira.gomes.12661@example.com,Natal,Professor,63,52124017029
Diego Teixeira Araújo,diego.teixeira.araujo.12662@example.com,Fortaleza,Pedreiro,42,17676388708
Marcelo Freitas Ribeiro,marcelo.freitas.ribeiro.12663@example.com,Vitória,Enfermeiro,51,57487527122
Sandra Rocha Cardoso,sandra.rocha.cardoso.12664@example.com,Rio de Janeiro,Designer gráfico,26,89840265421
Vinícius Mendes Rocha,vinicius.mendes.rocha.12665@example.com,Salvador,Gerente de recursos humanos,42,31115644953
Priscila Freitas Costa,priscila.freitas.costa.12666@example.com,Vitória,Supervisor de atendimento,65,99667590429
Daniela Moreira Santos,daniela.moreira.santos.12667@example.com,Maringá,Líder de equipe,63,19272333296
Beatriz Oliveira Carvalho,beatriz.oliveira.carvalho.12668@example.com,Belo Horizonte,Programador,64,44897219827
Otávio Almeida Rodrigues,otavio.almeida.rodrigues.12669@example.com,Campo Grande,Fisioterapeuta,33,90166521880
Paulo Oliveira Freitas,paulo.oliveira.freitas.12670@example.com,Maringá,Encarregado de produção,20,75324233987
Leonardo Santos Castro,leonardo.santos.castro.12671@example.com,Santos,Assistente comercial,23,48074793069
Nicolas Mendes Mendes,nicolas.mendes.mendes.12672@example.com,Recife,Programador,26,12149574333
Diego Fernandes Santos,diego.fernandes.santos.12673@example.com,Brasília,Professor,38,46440792327
Sérgio Carvalho Teixeira,sergio.carvalho.teixeira.12674@example.com,Joinville,Coordenador administrativo,35,07345446927
João Freitas Barbosa,joao.freitas.barbosa.12675@example.com,Santos,Motorista,59,75957259345
Felipe Souza Almeida,felipe.souza.almeida.12676@example.com,Maringá,Enfermeiro,58,38428797939
Tatiane Almeida Cardoso,tatiane.almeida.cardoso.12677@example.com,Cuiabá,Nutricionista,56,77123223859
Pedro Santos Carvalho,pedro.santos.carvalho.12678@example.com,Joinville,Gerente de operações,21,00813408552
Luana Gomes Teixeira,luana.gomes.teixeira.12679@example.com,Rio de Janeiro,Diretor de operações,66,34214312508
Paulo Alves Alves,paulo.alves.alves.12680@example.com,Manaus,Coordenador de logística,69,83666471880
José Rodrigues Freitas,jose.rodrigues.freitas.12681@example.com,Uberlândia,Analista de recursos humanos,43,49374236228
Camila Fernandes Moreira,camila.fernandes.moreira.12682@example.com,Vitória,Assistente administrativo,39,57128700621
João Rodrigues Rodrigues,joao.rodrigues.rodrigues.12683@example.com,Maringá,Operador de caixa,45,84217491241
Renata Mendes Martins,renata.mendes.martins.12684@example.com,Manaus,Nutricionista,28,58817868966
Priscila Castro Carvalho,priscila.castro.carvalho.12685@example.com,Londrina,Eletricista,44,77650083361
Igor Gomes Fernandes,igor.gomes.fernandes.12686@example.com,Fortaleza,Jornalista,46,47045723594
Rafael Ribeiro Nascimento,rafael.ribeiro.nascimento.12687@example.com,Recife,Farmacêutico,27,37122112782
Camila Martins Cardoso,camila.martins.cardoso.12688@example.com,Campinas,Corretor de imóveis,26,62791296701
Vitória Castro Martins,vitoria.castro.martins.12689@example.com,Campo Grande,Arquiteto,70,79751452594
Thiago Martins Pereira,thiago.martins.pereira.12690@example.com,Goiânia,Coordenador de marketing,61,09403440045
Felipe Costa Castro,felipe.costa.castro.12691@example.com,Curitiba,Cozinheiro,30,32323915847
Gabriel Alves Barbosa,gabriel.alves.barbosa.12692@example.com,Belém,Assistente comercial,66,76889465361
Renata Almeida Araújo,renata.almeida.araujo.12693@example.com,Florianópolis,Padeiro,32,92571623687
Luana Costa Cardoso,luana.costa.cardoso.12694@example.com,Porto Alegre,Enfermeiro,45,78151183384
Simone Teixeira Souza,simone.teixeira.souza.12695@example.com,Campinas,Advogado,53,98473769547
Fernanda Santos Oliveira,fernanda.santos.oliveira.12696@example.com,Belo Horizonte,Chefe de departamento pessoal,30,01955250330
Aline Moreira Mendes,aline.moreira.mendes.12697@example.com,Niterói,Mecânico,56,89156516320
Carolina Cardoso Freitas,carolina.cardoso.freitas.12698@example.com,Campinas,Analista financeiro,32,50015660517
João Nascimento Ribeiro,joao.nascimento.ribeiro.12699@example.com,Maringá,Diretor comercial,39,05876092820
Larissa Gomes Souza,larissa.gomes.souza.12700@example.com,Campo Grande,Programador,42,15561771162
João Fernandes Barbosa,joao.fernandes.barbosa.12701@example.com,Curitiba,Diretor comercial,54,63285445919
Carolina Rocha Araújo,carolina.rocha.araujo.12702@example.com,Fortaleza,Padeiro,50,56045464247
Patrícia Souza Souza,patricia.souza.souza.12703@example.com,Londrina,Diretor comercial,18,66022130378
Carlos Costa Teixeira,carlos.costa.teixeira.12704@example.com,São Paulo,Analista de recursos humanos,47,14636767339
Thiago Nascimento Santos,thiago.nascimento.santos.12705@example.com,Curitiba,Analista de marketing,46,72096122989
Pedro Santos Dias,pedro.santos.dias.12706@example.com,Dourados,Estoquista,32,97810574236
Juliana Rocha Rodrigues,juliana.rocha.rodrigues.12707@example.com,Caxias do Sul,Arquiteto,69,63432263559
Simone Moreira Fernandes,simone.moreira.fernandes.12708@example.com,Brasília,Supervisor de vendas,62,93226863399
Patrícia Mendes Rodrigues,patricia.mendes.rodrigues.12709@example.com,Maringá,Engenheiro civil,22,22143898278
Eduardo Santos Pereira,eduardo.santos.pereira.12710@example.com,Campinas,Técnico em informática,67,35657365370
Tatiane Moreira Barbosa,tatiane.moreira.barbosa.12711@example.com,Recife,Coordenador de marketing,27,49015275855
Marcelo Araújo Araújo,marcelo.araujo.araujo.12712@example.com,Santos,Enfermeiro,28,94547338965
Bruno Barros Castro,bruno.barros.castro.12713@example.com,Uberlândia,Gerente comercial,39,03799774437
Diego Castro Almeida,diego.castro.almeida.12714@example.com,Porto Alegre,Chefe de almoxarifado,26,05251086138
Renata Carvalho Rocha,renata.carvalho.rocha.12715@example.com,Dourados,Jornalista,48,88189106974
Mariana Gomes Castro,mariana.gomes.castro.12716@example.com,Porto Alegre,Encarregado de produção,37,22016972302
Simone Alves Cardoso,simone.alves.cardoso.12717@example.com,Porto Alegre,Analista de marketing,35,35964460115
Paulo Mendes Barbosa,paulo.mendes.barbosa.12718@example.com,Uberlândia,Mecânico,26,99888756028
Mariana Nascimento Oliveira,mariana.nascimento.oliveira.12719@example.com,Salvador,Professor,52,06803558730
Juliana Oliveira Monteiro,juliana.oliveira.monteiro.12720@example.com,Niterói,Auxiliar de produção,69,54899682167
João Dias Santos,joao.dias.santos.12721@example.com,Rio de Janeiro,Chefe de departamento pessoal,32,86013014395
Luana Monteiro Nascimento,luana.monteiro.nascimento.12722@example.com,Manaus,Chefe de departamento pessoal,61,57551642062
Gustavo Lima Ribeiro,gustavo.lima.ribeiro.12723@example.com,Campo Grande,Analista de marketing,66,75707417721
Renata Castro Freitas,renata.castro.freitas.12724@example.com,Fortaleza,Corretor de imóveis,20,20560750474
Otávio Freitas Souza,otavio.freitas.souza.12725@example.com,Dourados,Supervisor de atendimento,20,81913973204
Igor Alves Castro,igor.alves.castro.12726@example.com,Caxias do Sul,Chefe de compras,45,90726091304
Bruno Costa Araújo,bruno.costa.araujo.12727@example.com,Santos,Coordenador de produção,20,17876152953
Amanda Rocha Rocha,amanda.rocha.rocha.12728@example.com,Natal,Eletricista,26,30279164702
Ana Freitas Araújo,ana.freitas.araujo.12729@example.com,Fortaleza,Supervisor de vendas,42,20586492395
Nicolas Teixeira Moreira,nicolas.teixeira.moreira.12730@example.com,Rondonópolis,Arquiteto,39,61086015960
Ana Teixeira Lima,ana.teixeira.lima.12731@example.com,Recife,Vendedor,36,81441410683
Carolina Fernandes Freitas,carolina.fernandes.freitas.12732@example.com,Belém,Técnico em informática,30,88937216446
José Oliveira Nascimento,jose.oliveira.nascimento.12733@example.com,Dourados,Estoquista,59,19567783259
Ana Souza Costa,ana.souza.costa.12734@example.com,Vitória,Analista financeiro,35,38144657781
Renata Araújo Almeida,renata.araujo.almeida.12735@example.com,Curitiba,Coordenador de logística,36,90432019086
Beatriz Barbosa Souza,beatriz.barbosa.souza.12736@example.com,Rio de Janeiro,Coordenador de marketing,29,89530524378
Otávio Fernandes Dias,otavio.fernandes.dias.12737@example.com,Sorocaba,Vendedor,70,59739296835
Letícia Cardoso Carvalho,leticia.cardoso.carvalho.12738@example.com,Goiânia,Técnico de enfermagem,66,77727417183
Diego Martins Oliveira,diego.martins.oliveira.12739@example.com,Natal,Recepcionista,54,54480030049
Fernanda Araújo Almeida,fernanda.araujo.almeida.12740@example.com,Rio de Janeiro,Coordenador de marketing,25,11144051361
Beatriz Araújo Castro,beatriz.araujo.castro.12741@example.com,Rio de Janeiro,Recepcionista,25,83502658555
Letícia Mendes Oliveira,leticia.mendes.oliveira.12742@example.com,Vitória,Cozinheiro,68,07076915666
Sandra Santos Pereira,sandra.santos.pereira.12743@example.com,Rondonópolis,Mecânico,21,98737812136
Mariana Rodrigues Mendes,mariana.rodrigues.mendes.12744@example.com,Niterói,Chefe de departamento pessoal,39,45394964494
Vitória Souza Almeida,vitoria.souza.almeida.12745@example.com,Curitiba,Pedreiro,52,41027470211
Juliana Moreira Oliveira,juliana.moreira.oliveira.12746@example.com,Rondonópolis,Atendente,56,08896792437
Vanessa Barros Cardoso,vanessa.barros.cardoso.12747@example.com,Campo Grande,Auxiliar de produção,36,40853970388
José Almeida Teixeira,jose.almeida.teixeira.12748@example.com,Natal,Comprador,63,24581641356
Mariana Castro Barbosa,mariana.castro.barbosa.12749@example.com,Rondonópolis,Vendedor,41,39207224099
Sandra Alves Nascimento,sandra.alves.nascimento.12750@example.com,Sorocaba,Coordenador de produção,24,38913420998
Daniela Costa Fernandes,daniela.costa.fernandes.12751@example.com,Natal,Assistente administrativo,23,49011921311
Patrícia Silva Costa,patricia.silva.costa.12752@example.com,Natal,Gerente comercial,22,29820883167
Ana Moreira Santos,ana.moreira.santos.12753@example.com,Londrina,Chefe de compras,54,65313491549
Amanda Cardoso Alves,amanda.cardoso.alves.12754@example.com,Maringá,Nutricionista,21,21992251226
Fernanda Monteiro Gomes,fernanda.monteiro.gomes.12755@example.com,Campo Grande,Coordenador administrativo,30,06398484112
Bruno Carvalho Rodrigues,bruno.carvalho.rodrigues.12756@example.com,São Paulo,Líder de equipe,30,98429113806
Thiago Rodrigues Nascimento,thiago.rodrigues.nascimento.12757@example.com,Londrina,Programador,69,41401153977
Letícia Ribeiro Carvalho,leticia.ribeiro.carvalho.12758@example.com,Curitiba,Gerente comercial,56,92217682458
Otávio Oliveira Carvalho,otavio.oliveira.carvalho.12759@example.com,Cuiabá,Supervisor de qualidade,41,01023957923
José Alves Rodrigues,jose.alves.rodrigues.12760@example.com,Manaus,Diretor de operações,37,34538559768
Patrícia Castro Santos,patricia.castro.santos.12761@example.com,Florianópolis,Analista de marketing,56,47330976061
Gustavo Souza Souza,gustavo.souza.souza.12762@example.com,Recife,Gerente de tecnologia,28,49341196320
Patrícia Nascimento Barbosa,patricia.nascimento.barbosa.12763@example.com,Niterói,Eletricista,68,42258781359
Priscila Martins Rodrigues,priscila.martins.rodrigues.12764@example.com,Caxias do Sul,Assistente administrativo,35,34433353622
Débora Moreira Castro,debora.moreira.castro.12765@example.com,Curitiba,Coordenador administrativo,50,88489968309
Vitória Souza Castro,vitoria.souza.castro.12766@example.com,Florianópolis,Corretor de imóveis,34,25295112708
Henrique Mendes Alves,henrique.mendes.alves.12767@example.com,Natal,Encarregado de produção,62,32228328807
Vanessa Almeida Araújo,vanessa.almeida.araujo.12768@example.com,Santos,Técnico de segurança do trabalho,59,96371313272
Paulo Moreira Freitas,paulo.moreira.freitas.12769@example.com,Fortaleza,Chefe de almoxarifado,40,49821845699
Sandra Freitas Martins,sandra.freitas.martins.12770@example.com,Goiânia,Motorista,58,74467519272
Priscila Teixeira Rodrigues,priscila.teixeira.rodrigues.12771@example.com,Caxias do Sul,Arquiteto,44,82528088716
Aline Oliveira Barbosa,aline.oliveira.barbosa.12772@example.com,Belo Horizonte,Analista de recursos humanos,61,65190271896
Débora Pereira Teixeira,debora.pereira.teixeira.12773@example.com,Belém,Fisioterapeuta,50,61460967498
Camila Pereira Carvalho,camila.pereira.carvalho.12774@example.com,Niterói,Recepcionista,50,22878218615
Gabriel Lima Ribeiro,gabriel.lima.ribeiro.12775@example.com,Maringá,Técnico de enfermagem,58,32393470875
Mariana Gomes Pereira,mariana.gomes.pereira.12776@example.com,Vitória,Técnico em informática,34,94666776789
Amanda Dias Araújo,amanda.dias.araujo.12777@example.com,Campinas,Cozinheiro,20,53304727445
Priscila Ribeiro Moreira,priscila.ribeiro.moreira.12778@example.com,Rondonópolis,Nutricionista,57,46208072995
Bruno Dias Alves,bruno.dias.alves.12779@example.com,Caxias do Sul,Supervisor de vendas,49,61356351446
Carolina Santos Ribeiro,carolina.santos.ribeiro.12780@example.com,Belo Horizonte,Professor,19,58104788744
Igor Rodrigues Barros,igor.rodrigues.barros.12781@example.com,Rondonópolis,Diretor de operações,27,01987505710
Bruno Martins Mendes,bruno.martins.mendes.12782@example.com,Salvador,Coordenador administrativo,51,55395585665
Otávio Ribeiro Carvalho,otavio.ribeiro.carvalho.12783@example.com,Londrina,Coordenador de marketing,47,81780146854
Thiago Pereira Barbosa,thiago.pereira.barbosa.12784@example.com,Niterói,Arquiteto,59,12973678470
Vinícius Ribeiro Martins,vinicius.ribeiro.martins.12785@example.com,Salvador,Supervisor de qualidade,51,89282750644
Leonardo Castro Costa,leonardo.castro.costa.12786@example.com,Londrina,Programador,47,48998220077
Aline Mendes Pereira,aline.mendes.pereira.12787@example.com,Goiânia,Eletricista,32,71639348325
Simone Santos Barros,simone.santos.barros.12788@example.com,Niterói,Gerente de tecnologia,56,47990328810
Thiago Nascimento Rocha,thiago.nascimento.rocha.12789@example.com,Belém,Fisioterapeuta,26,81097940393
José Almeida Rocha,jose.almeida.rocha.12790@example.com,Maringá,Gerente financeiro,19,57004154920
José Araújo Alves,jose.araujo.alves.12791@example.com,Dourados,Comprador,45,24557524329
Pedro Teixeira Gomes,pedro.teixeira.gomes.12792@example.com,Manaus,Enfermeiro,55,61373416408
Henrique Dias Castro,henrique.dias.castro.12793@example.com,Recife,Programador,26,70114402469
Amanda Castro Cardoso,amanda.castro.cardoso.12794@example.com,Belo Horizonte,Analista financeiro,29,57021495400
Larissa Teixeira Ribeiro,larissa.teixeira.ribeiro.12795@example.com,Sorocaba,Gerente de tecnologia,50,42312345794
José Barbosa Barbosa,jose.barbosa.barbosa.12796@example.com,Salvador,Gerente de recursos humanos,34,55168567775
Paulo Souza Cardoso,paulo.souza.cardoso.12797@example.com,Porto Alegre,Analista de dados,40,72941811828
Patrícia Rocha Carvalho,patricia.rocha.carvalho.12798@example.com,Rio de Janeiro,Advogado,44,06189289636
Vanessa Ribeiro Alves,vanessa.ribeiro.alves.12799@example.com,Joinville,Professor,37,33629050465
Amanda Rodrigues Cardoso,amanda.rodrigues.cardoso.12800@example.com,Niterói,Coordenador de produção,67,11250064789
Amanda Pereira Gomes,amanda.pereira.gomes.12801@example.com,Fortaleza,Supervisor de atendimento,63,22974649507
Carlos Barbosa Martins,carlos.barbosa.martins.12802@example.com,Cuiabá,Professor,45,10109694447
Amanda Rodrigues Costa,amanda.rodrigues.costa.12803@example.com,Santos,Técnico em informática,69,30482217169
Pedro Teixeira Carvalho,pedro.teixeira.carvalho.12804@example.com,Uberlândia,Programador,59,96788364389
Aline Ribeiro Fernandes,aline.ribeiro.fernandes.12805@example.com,Vitória,Supervisor de atendimento,33,84229577876
Paulo Araújo Gomes,paulo.araujo.gomes.12806@example.com,Santos,Programador,44,68561687855
Gabriela Dias Fernandes,gabriela.dias.fernandes.12807@example.com,Dourados,Supervisor de vendas,43,50706539338
Larissa Araújo Costa,larissa.araujo.costa.12808@example.com,Cuiabá,Eletricista,19,61031778935
Ricardo Martins Araújo,ricardo.martins.araujo.12809@example.com,Cuiabá,Mecânico,20,78922571584
Carlos Monteiro Carvalho,carlos.monteiro.carvalho.12810@example.com,Caxias do Sul,Corretor de imóveis,27,98910583130
Tatiane Cardoso Monteiro,tatiane.cardoso.monteiro.12811@example.com,Sorocaba,Engenheiro civil,51,17332076629
Felipe Pereira Castro,felipe.pereira.castro.12812@example.com,Recife,Comprador,33,12949971799
Letícia Cardoso Santos,leticia.cardoso.santos.12813@example.com,Belém,Técnico em informática,31,21061789477
Lucas Santos Nascimento,lucas.santos.nascimento.12814@example.com,Maringá,Técnico de segurança do trabalho,32,36819530887
Sandra Rodrigues Alves,sandra.rodrigues.alves.12815@example.com,Londrina,Vendedor,24,26364425741
Paulo Mendes Carvalho,paulo.mendes.carvalho.12816@example.com,Uberlândia,Vendedor,65,67777339463
Carlos Rodrigues Barbosa,carlos.rodrigues.barbosa.12817@example.com,Salvador,Atendente,69,66993188355
Patrícia Castro Rocha,patricia.castro.rocha.12818@example.com,Rondonópolis,Gerente de recursos humanos,63,84374826944
Felipe Rodrigues Rodrigues,felipe.rodrigues.rodrigues.12819@example.com,Fortaleza,Supervisor de vendas,35,03343251244
Felipe Carvalho Barros,felipe.carvalho.barros.12820@example.com,Belém,Fisioterapeuta,27,36122105381
Gabriel Nascimento Souza,gabriel.nascimento.souza.12821@example.com,Goiânia,Supervisor de qualidade,65,21331211643
Patrícia Barbosa Carvalho,patricia.barbosa.carvalho.12822@example.com,Uberlândia,Contador,42,34275763607
Rafael Lima Mendes,rafael.lima.mendes.12823@example.com,Manaus,Técnico de enfermagem,60,26549500762
Eduardo Barros Freitas,eduardo.barros.freitas.12824@example.com,Londrina,Diretor comercial,55,96632319368
Rafael Mendes Nascimento,rafael.mendes.nascimento.12825@example.com,Florianópolis,Pedreiro,68,82525685994
Bruno Monteiro Monteiro,bruno.monteiro.monteiro.12826@example.com,Manaus,Enfermeiro,39,47083582887
Juliana Mendes Costa,juliana.mendes.costa.12827@example.com,Maringá,Analista de marketing,34,53148387346
Camila Nascimento Nascimento,camila.nascimento.nascimento.12828@example.com,Santos,Líder de equipe,33,65606982053
Vinícius Barbosa Costa,vinicius.barbosa.costa.12829@example.com,Rondonópolis,Nutricionista,33,07910022484
Letícia Carvalho Ribeiro,leticia.carvalho.ribeiro.12830@example.com,Niterói,Nutricionista,50,68181692755
João Pereira Freitas,joao.pereira.freitas.12831@example.com,Goiânia,Técnico de segurança do trabalho,46,17120053239
Simone Martins Teixeira,simone.martins.teixeira.12832@example.com,Vitória,Diretor comercial,45,73365728171
Otávio Pereira Ribeiro,otavio.pereira.ribeiro.12833@example.com,Rondonópolis,Supervisor de vendas,52,88164995748
Camila Ribeiro Barbosa,camila.ribeiro.barbosa.12834@example.com,Sorocaba,Gerente comercial,66,00455666426
Leonardo Mendes Souza,leonardo.mendes.souza.12835@example.com,Dourados,Coordenador de logística,56,68934494597
Juliana Silva Carvalho,juliana.silva.carvalho.12836@example.com,Santos,Supervisor de vendas,33,71988829063
Débora Araújo Moreira,debora.araujo.moreira.12837@example.com,Recife,Programador,65,63341818918
Tatiane Rocha Almeida,tatiane.rocha.almeida.12838@example.com,Maringá,Supervisor de manutenção,19,04624691157
Renata Mendes Souza,renata.mendes.souza.12839@example.com,Cuiabá,Técnico de enfermagem,40,68540109965
Priscila Pereira Gomes,priscila.pereira.gomes.12840@example.com,Joinville,Encarregado de produção,49,20695789157
Carolina Costa Santos,carolina.costa.santos.12841@example.com,Porto Alegre,Gerente de operações,50,84646873564
Paulo Castro Moreira,paulo.castro.moreira.12842@example.com,Porto Alegre,Cozinheiro,60,12604232185
Diego Martins Costa,diego.martins.costa.12843@example.com,Joinville,Coordenador de marketing,64,72407104183
Nicolas Lima Mendes,nicolas.lima.mendes.12844@example.com,Campo Grande,Jornalista,28,37740279956
Henrique Lima Teixeira,henrique.lima.teixeira.12845@example.com,Londrina,Fisioterapeuta,65,33641265932
Luana Gomes Oliveira,luana.gomes.oliveira.12846@example.com,Maringá,Assistente administrativo,20,61769148383
Carlos Silva Carvalho,carlos.silva.carvalho.12847@example.com,Caxias do Sul,Diretor comercial,24,08685110040
Paulo Barros Carvalho,paulo.barros.carvalho.12848@example.com,Londrina,Chefe de almoxarifado,70,99148234342
Bruno Fernandes Ribeiro,bruno.fernandes.ribeiro.12849@example.com,Rio de Janeiro,Engenheiro civil,66,17290195730
Vanessa Araújo Freitas,vanessa.araujo.freitas.12850@example.com,Londrina,Arquiteto,25,42015735339
Marcelo Moreira Carvalho,marcelo.moreira.carvalho.12851@example.com,Campo Grande,Gerente financeiro,44,46336376657
Letícia Santos Lima,leticia.santos.lima.12852@example.com,Caxias do Sul,Operador de caixa,66,23573842327
Renata Freitas Araújo,renata.freitas.araujo.12853@example.com,Recife,Farmacêutico,21,73942545527
José Rodrigues Ribeiro,jose.rodrigues.ribeiro.12854@example.com,Maringá,Vendedor,23,90953450624
Fernanda Santos Castro,fernanda.santos.castro.12855@example.com,Belo Horizonte,Supervisor de vendas,43,21453738220
Aline Teixeira Santos,aline.teixeira.santos.12856@example.com,São Paulo,Técnico de segurança do trabalho,52,67658830363
Henrique Fernandes Rocha,henrique.fernandes.rocha.12857@example.com,Campo Grande,Analista de marketing,51,62122716450
Vitória Moreira Cardoso,vitoria.moreira.cardoso.12858@example.com,Salvador,Designer gráfico,47,66892957123
Priscila Teixeira Mendes,priscila.teixeira.mendes.12859@example.com,Londrina,Coordenador de marketing,36,76758368762
Priscila Almeida Alves,priscila.almeida.alves.12860@example.com,São Paulo,Supervisor de manutenção,58,88416268887
Débora Moreira Martins,debora.moreira.martins.12861@example.com,Niterói,Motorista,59,10495642781
Eduardo Oliveira Mendes,eduardo.oliveira.mendes.12862@example.com,Joinville,Arquiteto,40,45826047306
Aline Castro Pereira,aline.castro.pereira.12863@example.com,Florianópolis,Coordenador de produção,19,01391768308
Renata Rodrigues Lima,renata.rodrigues.lima.12864@example.com,Curitiba,Recepcionista,66,96471131573
Eduardo Pereira Oliveira,eduardo.pereira.oliveira.12865@example.com,Porto Alegre,Operador de caixa,23,57133685333
José Santos Cardoso,jose.santos.cardoso.12866@example.com,Londrina,Programador,65,18106492388
Luana Rocha Silva,luana.rocha.silva.12867@example.com,Rio de Janeiro,Contador,68,54013000409
Marcelo Silva Fernandes,marcelo.silva.fernandes.12868@example.com,Dourados,Supervisor de atendimento,40,12409470150
Marcelo Dias Teixeira,marcelo.dias.teixeira.12869@example.com,Curitiba,Programador,36,08988042283
Bruno Freitas Nascimento,bruno.freitas.nascimento.12870@example.com,Florianópolis,Gerente comercial,57,57215076080
Renata Rocha Barbosa,renata.rocha.barbosa.12871@example.com,Rio de Janeiro,Estoquista,56,19497643156
Aline Pereira Barbosa,aline.pereira.barbosa.12872@example.com,Cuiabá,Diretor de operações,20,70004940509
Letícia Lima Freitas,leticia.lima.freitas.12873@example.com,Uberlândia,Supervisor de manutenção,19,61653566417
Ana Araújo Cardoso,ana.araujo.cardoso.12874@example.com,Curitiba,Chefe de departamento pessoal,49,89915078659
Pedro Mendes Souza,pedro.mendes.souza.12875@example.com,Belém,Técnico em informática,31,97153047970
Daniela Castro Santos,daniela.castro.santos.12876@example.com,Caxias do Sul,Técnico de enfermagem,35,68657703464
Ricardo Ribeiro Monteiro,ricardo.ribeiro.monteiro.12877@example.com,Florianópolis,Comprador,25,99654697971
Carolina Araújo Barros,carolina.araujo.barros.12878@example.com,Uberlândia,Atendente,52,96613778153
Débora Cardoso Santos,debora.cardoso.santos.12879@example.com,Niterói,Encarregado de produção,37,98725208330
Camila Costa Cardoso,camila.costa.cardoso.12880@example.com,Santos,Chefe de compras,47,04917542105
Fernanda Dias Souza,fernanda.dias.souza.12881@example.com,Brasília,Assistente comercial,37,59736805708
Rafael Gomes Souza,rafael.gomes.souza.12882@example.com,Porto Alegre,Chefe de compras,55,41051896054
Ricardo Gomes Oliveira,ricardo.gomes.oliveira.12883@example.com,Caxias do Sul,Designer gráfico,47,21582641019
Vanessa Teixeira Mendes,vanessa.teixeira.mendes.12884@example.com,Natal,Comprador,61,45231653238
Tatiane Martins Nascimento,tatiane.martins.nascimento.12885@example.com,Brasília,Advogado,42,82032614670
José Almeida Barros,jose.almeida.barros.12886@example.com,Rio de Janeiro,Padeiro,69,14291614026
Otávio Alves Dias,otavio.alves.dias.12887@example.com,Vitória,Supervisor de vendas,63,89831869587
Mariana Pereira Ribeiro,mariana.pereira.ribeiro.12888@example.com,Belo Horizonte,Encarregado de produção,56,31645404964
Ricardo Almeida Monteiro,ricardo.almeida.monteiro.12889@example.com,Salvador,Professor,22,58130293576
Priscila Castro Santos,priscila.castro.santos.12890@example.com,Porto Alegre,Analista de marketing,66,77102788775
Eduardo Souza Barros,eduardo.souza.barros.12891@example.com,Manaus,Professor,24,54801306367
Ana Araújo Teixeira,ana.araujo.teixeira.12892@example.com,Goiânia,Assistente comercial,41,86834591370
Renata Dias Lima,renata.dias.lima.12893@example.com,São Paulo,Gerente de tecnologia,51,90845537629
Patrícia Souza Pereira,patricia.souza.pereira.12894@example.com,Fortaleza,Jornalista,33,13758115173
Otávio Alves Barbosa,otavio.alves.barbosa.12895@example.com,Rio de Janeiro,Enfermeiro,55,93825305366
Ana Dias Santos,ana.dias.santos.12896@example.com,Fortaleza,Assistente comercial,36,84780253989
Fernanda Carvalho Lima,fernanda.carvalho.lima.12897@example.com,Londrina,Chefe de compras,66,49057373685
Paulo Barros Cardoso,paulo.barros.cardoso.12898@example.com,Recife,Líder de equipe,66,08966702295
Henrique Lima Monteiro,henrique.lima.monteiro.12899@example.com,Porto Alegre,Operador de caixa,20,88698713466
Luana Rodrigues Rodrigues,luana.rodrigues.rodrigues.12900@example.com,Santos,Coordenador de produção,69,32089456828
Gabriela Gomes Rodrigues,gabriela.gomes.rodrigues.12901@example.com,Caxias do Sul,Diretor de operações,35,02119375010
Daniela Almeida Santos,daniela.almeida.santos.12902@example.com,Florianópolis,Designer gráfico,59,85990381194
Igor Ribeiro Oliveira,igor.ribeiro.oliveira.12903@example.com,Florianópolis,Assistente comercial,65,69576562643
Priscila Martins Barros,priscila.martins.barros.12904@example.com,Joinville,Advogado,40,78357262300
Rafael Moreira Barros,rafael.moreira.barros.12905@example.com,Goiânia,Supervisor de manutenção,60,03464862996
Tatiane Araújo Araújo,tatiane.araujo.araujo.12906@example.com,Cuiabá,Pedreiro,61,49037149487
Vanessa Nascimento Fernandes,vanessa.nascimento.fernandes.12907@example.com,Dourados,Coordenador administrativo,54,44117817961
Leonardo Carvalho Moreira,leonardo.carvalho.moreira.12908@example.com,Caxias do Sul,Supervisor de vendas,43,49774317409
Thiago Mendes Alves,thiago.mendes.alves.12909@example.com,Manaus,Jornalista,24,75723147062
Letícia Barros Nascimento,leticia.barros.nascimento.12910@example.com,Cuiabá,Chefe de departamento pessoal,27,62125520219
João Gomes Barbosa,joao.gomes.barbosa.12911@example.com,Joinville,Líder de equipe,42,54362167254
José Rodrigues Barbosa,jose.rodrigues.barbosa.12912@example.com,Maringá,Analista financeiro,49,56322050114
Tatiane Moreira Martins,tatiane.moreira.martins.12913@example.com,Campo Grande,Chefe de departamento pessoal,34,73256962873
Simone Rodrigues Souza,simone.rodrigues.souza.12914@example.com,Manaus,Auxiliar de produção,44,50298689298
Eduardo Rodrigues Barros,eduardo.rodrigues.barros.12915@example.com,Caxias do Sul,Contador,33,41076925077
Carlos Teixeira Alves,carlos.teixeira.alves.12916@example.com,Natal,Farmacêutico,20,61467197361
Amanda Pereira Castro,amanda.pereira.castro.12917@example.com,Niterói,Encarregado de produção,46,39645291367
Vanessa Teixeira Castro,vanessa.teixeira.castro.12918@example.com,Caxias do Sul,Recepcionista,66,31819114813
Patrícia Lima Alves,patricia.lima.alves.12919@example.com,Porto Alegre,Técnico de enfermagem,33,41621509777
Rafael Gomes Santos,rafael.gomes.santos.12920@example.com,Brasília,Arquiteto,54,33067484982
Camila Costa Monteiro,camila.costa.monteiro.12921@example.com,Belém,Líder de equipe,32,22983010722
Amanda Dias Pereira,amanda.dias.pereira.12922@example.com,São Paulo,Chefe de almoxarifado,46,73757532427
Thiago Ribeiro Costa,thiago.ribeiro.costa.12923@example.com,Curitiba,Chefe de departamento pessoal,24,78785940845
Fernanda Barbosa Carvalho,fernanda.barbosa.carvalho.12924@example.com,Natal,Diretor de operações,19,28931380634
Nicolas Santos Carvalho,nicolas.santos.carvalho.12925@example.com,Curitiba,Chefe de compras,68,45078555413
Otávio Almeida Costa,otavio.almeida.costa.12926@example.com,Goiânia,Supervisor de atendimento,48,30009170922
Fernanda Martins Dias,fernanda.martins.dias.12927@example.com,Sorocaba,Corretor de imóveis,67,69831577658
Camila Teixeira Rodrigues,camila.teixeira.rodrigues.12928@example.com,São Paulo,Engenheiro civil,42,17918358248
Tatiane Lima Ribeiro,tatiane.lima.ribeiro.12929@example.com,Belo Horizonte,Técnico de segurança do trabalho,66,37697738669
Luana Souza Freitas,luana.souza.freitas.12930@example.com,Cuiabá,Vendedor,57,07012229461
Beatriz Pereira Oliveira,beatriz.pereira.oliveira.12931@example.com,Joinville,Gerente de tecnologia,59,75704501985
Daniela Araújo Rocha,daniela.araujo.rocha.12932@example.com,Caxias do Sul,Engenheiro civil,45,51921664799
Paulo Barbosa Ribeiro,paulo.barbosa.ribeiro.12933@example.com,Manaus,Gerente de tecnologia,26,90069137476
Letícia Alves Martins,leticia.alves.martins.12934@example.com,Joinville,Motorista,21,85021350168
Vitória Teixeira Freitas,vitoria.teixeira.freitas.12935@example.com,Fortaleza,Analista de recursos humanos,18,33278952632
Igor Pereira Nascimento,igor.pereira.nascimento.12936@example.com,Brasília,Arquiteto,35,39525414288
Otávio Araújo Costa,otavio.araujo.costa.12937@example.com,Fortaleza,Técnico de enfermagem,60,17917417941
Vitória Fernandes Costa,vitoria.fernandes.costa.12938@example.com,Maringá,Programador,51,01153837690
Juliana Barros Souza,juliana.barros.souza.12939@example.com,Campinas,Contador,66,50358162518
Marcelo Gomes Martins,marcelo.gomes.martins.12940@example.com,Niterói,Coordenador de logística,68,33478301135
Igor Rodrigues Moreira,igor.rodrigues.moreira.12941@example.com,Londrina,Engenheiro civil,38,27779056313
Gabriel Fernandes Freitas,gabriel.fernandes.freitas.12942@example.com,Rio de Janeiro,Mecânico,46,11715742783
Vanessa Martins Barros,vanessa.martins.barros.12943@example.com,Rondonópolis,Diretor de operações,50,07771467973
Débora Silva Barbosa,debora.silva.barbosa.12944@example.com,Rio de Janeiro,Analista de dados,36,91911693758
Daniela Ribeiro Mendes,daniela.ribeiro.mendes.12945@example.com,São Paulo,Encarregado de produção,46,49653289180
Débora Santos Rodrigues,debora.santos.rodrigues.12946@example.com,Caxias do Sul,Gerente financeiro,41,36578703313
Renata Monteiro Rodrigues,renata.monteiro.rodrigues.12947@example.com,Santos,Estoquista,34,30624768791
Luana Santos Mendes,luana.santos.mendes.12948@example.com,Rio de Janeiro,Vendedor,68,19577056450
Juliana Martins Costa,juliana.martins.costa.12949@example.com,Uberlândia,Engenheiro civil,22,67948486635
José Moreira Carvalho,jose.moreira.carvalho.12950@example.com,Cuiabá,Analista de recursos humanos,36,50142760280
Renata Rocha Costa,renata.rocha.costa.12951@example.com,Belém,Analista de recursos humanos,24,03835034760
Pedro Monteiro Fernandes,pedro.monteiro.fernandes.12952@example.com,São Paulo,Técnico em informática,44,39178511352
Débora Almeida Carvalho,debora.almeida.carvalho.12953@example.com,Londrina,Gerente financeiro,26,76511447959
Larissa Castro Teixeira,larissa.castro.teixeira.12954@example.com,Belém,Supervisor de qualidade,63,40086094807
Henrique Barros Almeida,henrique.barros.almeida.12955@example.com,Brasília,Líder de equipe,65,84053711959
José Almeida Freitas,jose.almeida.freitas.12956@example.com,Londrina,Pedreiro,45,12991447275
Gabriel Silva Nascimento,gabriel.silva.nascimento.12957@example.com,Rondonópolis,Vendedor,44,38558973037
Priscila Dias Barbosa,priscila.dias.barbosa.12958@example.com,Recife,Operador de caixa,57,47308678045
Marcelo Oliveira Gomes,marcelo.oliveira.gomes.12959@example.com,Uberlândia,Analista financeiro,61,14240764604
Aline Fernandes Dias,aline.fernandes.dias.12960@example.com,Natal,Supervisor de atendimento,69,26027479472
Gustavo Ribeiro Cardoso,gustavo.ribeiro.cardoso.12961@example.com,Salvador,Técnico em informática,67,17727341780
Amanda Costa Rodrigues,amanda.costa.rodrigues.12962@example.com,Caxias do Sul,Auxiliar de produção,30,13416991444
Pedro Almeida Gomes,pedro.almeida.gomes.12963@example.com,Joinville,Assistente administrativo,23,53478752017
Gabriel Fernandes Silva,gabriel.fernandes.silva.12964@example.com,Rio de Janeiro,Pedreiro,51,84989572629
Carolina Oliveira Castro,carolina.oliveira.castro.12965@example.com,Santos,Assistente comercial,67,00209242799
Ana Barros Barros,ana.barros.barros.12966@example.com,Campinas,Diretor de operações,70,81074073588
Carolina Nascimento Silva,carolina.nascimento.silva.12967@example.com,Niterói,Corretor de imóveis,59,90977044600
Camila Barbosa Barbosa,camila.barbosa.barbosa.12968@example.com,Rondonópolis,Técnico em informática,54,84503969642
Larissa Carvalho Mendes,larissa.carvalho.mendes.12969@example.com,Belém,Atendente,50,16112071133
Bruno Martins Barros,bruno.martins.barros.12970@example.com,Uberlândia,Mecânico,53,65257926352
Thiago Almeida Costa,thiago.almeida.costa.12971@example.com,Belém,Gerente de tecnologia,54,50062180970
João Rodrigues Silva,joao.rodrigues.silva.12972@example.com,Vitória,Chefe de compras,51,10739318340
Henrique Dias Teixeira,henrique.dias.teixeira.12973@example.com,Campo Grande,Encarregado de produção,60,18060165792
Fernanda Rocha Rocha,fernanda.rocha.rocha.12974@example.com,Belém,Chefe de almoxarifado,36,91947484896
Camila Oliveira Almeida,camila.oliveira.almeida.12975@example.com,Curitiba,Técnico de enfermagem,42,35439598466
Patrícia Barbosa Rodrigues,patricia.barbosa.rodrigues.12976@example.com,Santos,Analista de marketing,70,50903990786
Mariana Pereira Freitas,mariana.pereira.freitas.12977@example.com,Cuiabá,Contador,39,66159891364
Juliana Almeida Freitas,juliana.almeida.freitas.12978@example.com,Sorocaba,Contador,22,22382568712
Mariana Nascimento Almeida,mariana.nascimento.almeida.12979@example.com,Dourados,Gerente de recursos humanos,53,88647878741
Lucas Martins Costa,lucas.martins.costa.12980@example.com,Belo Horizonte,Diretor comercial,55,73253343735
Gabriela Barbosa Carvalho,gabriela.barbosa.carvalho.12981@example.com,Vitória,Supervisor de manutenção,59,98917232561
Ricardo Lima Pereira,ricardo.lima.pereira.12982@example.com,Campo Grande,Analista de dados,42,46100173224
Amanda Mendes Barbosa,amanda.mendes.barbosa.12983@example.com,Maringá,Comprador,32,06305588389
João Mendes Freitas,joao.mendes.freitas.12984@example.com,Uberlândia,Chefe de almoxarifado,23,46130760863
Amanda Costa Freitas,amanda.costa.freitas.12985@example.com,São Paulo,Chefe de compras,67,61582560392
Mariana Almeida Ribeiro,mariana.almeida.ribeiro.12986@example.com,Curitiba,Chefe de almoxarifado,65,32242394399
Gabriel Souza Moreira,gabriel.souza.moreira.12987@example.com,Belém,Contador,47,35152653401
Vitória Ribeiro Dias,vitoria.ribeiro.dias.12988@example.com,Campo Grande,Analista financeiro,69,14305390628
Gustavo Pereira Barbosa,gustavo.pereira.barbosa.12989@example.com,Uberlândia,Gerente de tecnologia,18,79538393139
Gabriela Cardoso Monteiro,gabriela.cardoso.monteiro.12990@example.com,Maringá,Encarregado de produção,20,17187355211
João Souza Castro,joao.souza.castro.12991@example.com,Uberlândia,Chefe de compras,66,83666521695
Débora Castro Moreira,debora.castro.moreira.12992@example.com,Vitória,Chefe de departamento pessoal,27,67126366492
Gustavo Lima Rocha,gustavo.lima.rocha.12993@example.com,Belo Horizonte,Chefe de departamento pessoal,35,39520626622
Bruno Carvalho Cardoso,bruno.carvalho.cardoso.12994@example.com,Joinville,Coordenador de produção,21,92363750480
Diego Almeida Rodrigues,diego.almeida.rodrigues.12995@example.com,Joinville,Comprador,32,85938990942
Tatiane Teixeira Nascimento,tatiane.teixeira.nascimento.12996@example.com,Campinas,Motorista,66,28845093330
Débora Alves Barbosa,debora.alves.barbosa.12997@example.com,Cuiabá,Analista de recursos humanos,45,65456663942
Bruno Gomes Dias,bruno.gomes.dias.12998@example.com,Joinville,Cozinheiro,35,15264394324
Leonardo Freitas Alves,leonardo.freitas.alves.12999@example.com,Goiânia,Chefe de departamento pessoal,35,49204873570
Camila Cardoso Rocha,camila.cardoso.rocha.13000@example.com,Fortaleza,Supervisor de qualidade,21,60303534362
Otávio Lima Freitas,otavio.lima.freitas.13001@example.com,Dourados,Líder de equipe,29,62390388274
Letícia Pereira Silva,leticia.pereira.silva.13002@example.com,Caxias do Sul,Gerente de tecnologia,51,01328915129
Henrique Costa Moreira,henrique.costa.moreira.13003@example.com,Porto Alegre,Coordenador de marketing,30,92420074681
Juliana Costa Freitas,juliana.costa.freitas.13004@example.com,Rio de Janeiro,Assistente comercial,30,55018802174
Henrique Carvalho Martins,henrique.carvalho.martins.13005@example.com,Joinville,Técnico de enfermagem,50,28708693110
Juliana Rodrigues Alves,juliana.rodrigues.alves.13006@example.com,Londrina,Farmacêutico,59,57565885858
José Ribeiro Alves,jose.ribeiro.alves.13007@example.com,Salvador,Contador,25,03596104989
Fernanda Lima Mendes,fernanda.lima.mendes.13008@example.com,Fortaleza,Estoquista,69,29464512491
Marcelo Martins Lima,marcelo.martins.lima.13009@example.com,Salvador,Técnico de enfermagem,36,44793392697
Ana Pereira Ribeiro,ana.pereira.ribeiro.13010@example.com,Santos,Engenheiro civil,32,67591796903
Felipe Monteiro Freitas,felipe.monteiro.freitas.13011@example.com,Niterói,Analista financeiro,66,42903675640
João Oliveira Lima,joao.oliveira.lima.13012@example.com,Florianópolis,Supervisor de atendimento,18,44598029046
Gabriela Alves Teixeira,gabriela.alves.teixeira.13013@example.com,Porto Alegre,Coordenador administrativo,55,16402568806
Tatiane Dias Castro,tatiane.dias.castro.13014@example.com,Maringá,Supervisor de atendimento,35,67301657954
Felipe Teixeira Nascimento,felipe.teixeira.nascimento.13015@example.com,Porto Alegre,Advogado,69,71416153098
Tatiane Souza Barbosa,tatiane.souza.barbosa.13016@example.com,Londrina,Motorista,50,20012353592
Sérgio Fernandes Souza,sergio.fernandes.souza.13017@example.com,Fortaleza,Corretor de imóveis,22,76634531107
Larissa Lima Castro,larissa.lima.castro.13018@example.com,Natal,Supervisor de manutenção,46,75239858216
Leonardo Mendes Monteiro,leonardo.mendes.monteiro.13019@example.com,Recife,Farmacêutico,44,04733195732
Gustavo Oliveira Carvalho,gustavo.oliveira.carvalho.13020@example.com,Caxias do Sul,Analista de marketing,22,80782196267
Sandra Nascimento Moreira,sandra.nascimento.moreira.13021@example.com,Cuiabá,Gerente de recursos humanos,18,86884036780
Vinícius Pereira Gomes,vinicius.pereira.gomes.13022@example.com,Natal,Supervisor de manutenção,23,20730401100
Simone Ribeiro Nascimento,simone.ribeiro.nascimento.13023@example.com,Campinas,Vendedor,48,61562628961
Larissa Ribeiro Nascimento,larissa.ribeiro.nascimento.13024@example.com,Rio de Janeiro,Coordenador administrativo,47,67407543148
Fernanda Rocha Monteiro,fernanda.rocha.monteiro.13025@example.com,Uberlândia,Supervisor de qualidade,46,47471791637
Rafael Gomes Castro,rafael.gomes.castro.13026@example.com,São Paulo,Farmacêutico,24,32110405221
Tatiane Silva Oliveira,tatiane.silva.oliveira.13027@example.com,Curitiba,Estoquista,57,39882316571
Carolina Dias Silva,carolina.dias.silva.13028@example.com,Sorocaba,Analista de dados,35,04009771576
Vanessa Santos Ribeiro,vanessa.santos.ribeiro.13029@example.com,Joinville,Gerente comercial,24,31218020534
Priscila Ribeiro Alves,priscila.ribeiro.alves.13030@example.com,Sorocaba,Gerente comercial,37,81170088168
Juliana Fernandes Moreira,juliana.fernandes.moreira.13031@example.com,Campo Grande,Analista financeiro,38,96164076718
Thiago Monteiro Barbosa,thiago.monteiro.barbosa.13032@example.com,São Paulo,Coordenador administrativo,29,37835693060
Daniela Teixeira Alves,daniela.teixeira.alves.13033@example.com,Brasília,Analista financeiro,51,67149359770
Leonardo Almeida Rodrigues,leonardo.almeida.rodrigues.13034@example.com,Londrina,Líder de equipe,42,40737541618
Gustavo Araújo Freitas,gustavo.araujo.freitas.13035@example.com,Recife,Diretor de operações,68,32185823470
Lucas Costa Mendes,lucas.costa.mendes.13036@example.com,Recife,Recepcionista,22,03314952434
Thiago Monteiro Almeida,thiago.monteiro.almeida.13037@example.com,Recife,Coordenador de marketing,47,57200803056
Diego Oliveira Ribeiro,diego.oliveira.ribeiro.13038@example.com,Niterói,Professor,48,79706607614
Beatriz Mendes Araújo,beatriz.mendes.araujo.13039@example.com,Salvador,Chefe de departamento pessoal,68,16568580687
Eduardo Santos Teixeira,eduardo.santos.teixeira.13040@example.com,Natal,Técnico de enfermagem,51,27520282987
Simone Rocha Fernandes,simone.rocha.fernandes.13041@example.com,Campinas,Coordenador administrativo,20,90845026147
Beatriz Silva Monteiro,beatriz.silva.monteiro.13042@example.com,Salvador,Gerente de recursos humanos,64,95427878167
Otávio Almeida Barros,otavio.almeida.barros.13043@example.com,Joinville,Chefe de departamento pessoal,18,52016681463
Vitória Oliveira Freitas,vitoria.oliveira.freitas.13044@example.com,Sorocaba,Diretor comercial,59,34633255662
Daniela Mendes Almeida,daniela.mendes.almeida.13045@example.com,Cuiabá,Técnico de enfermagem,25,48254913645
Nicolas Souza Moreira,nicolas.souza.moreira.13046@example.com,Recife,Padeiro,38,05789153242
Sérgio Gomes Martins,sergio.gomes.martins.13047@example.com,Uberlândia,Pedreiro,44,02019694178
Nicolas Araújo Moreira,nicolas.araujo.moreira.13048@example.com,Santos,Auxiliar de produção,31,57579811094
Leonardo Martins Rodrigues,leonardo.martins.rodrigues.13049@example.com,Salvador,Assistente comercial,60,00183605654
Luana Teixeira Alves,luana.teixeira.alves.13050@example.com,Niterói,Operador de caixa,64,54012661063
Otávio Gomes Mendes,otavio.gomes.mendes.13051@example.com,Campo Grande,Chefe de almoxarifado,53,30020603192
Ana Costa Barros,ana.costa.barros.13052@example.com,Manaus,Engenheiro civil,63,10202811050
Beatriz Rodrigues Gomes,beatriz.rodrigues.gomes.13053@example.com,Santos,Pedreiro,47,55117188534
José Oliveira Oliveira,jose.oliveira.oliveira.13054@example.com,Manaus,Fisioterapeuta,38,76087988552
Vinícius Costa Almeida,vinicius.costa.almeida.13055@example.com,Sorocaba,Pedreiro,43,61354692094
Carlos Costa Mendes,carlos.costa.mendes.13056@example.com,Campinas,Coordenador de marketing,64,70730482166
Amanda Monteiro Mendes,amanda.monteiro.mendes.13057@example.com,Natal,Analista de dados,43,51218008849
Otávio Oliveira Mendes,otavio.oliveira.mendes.13058@example.com,Cuiabá,Técnico de segurança do trabalho,24,50530235232
Mariana Martins Martins,mariana.martins.martins.13059@example.com,Niterói,Motorista,44,89755138067
Sérgio Pereira Rocha,sergio.pereira.rocha.13060@example.com,Curitiba,Contador,23,99957606805
Lucas Martins Dias,lucas.martins.dias.13061@example.com,Santos,Analista de dados,32,10869251771
Aline Oliveira Rodrigues,aline.oliveira.rodrigues.13062@example.com,Brasília,Gerente de recursos humanos,70,81495286844
Vanessa Pereira Martins,vanessa.pereira.martins.13063@example.com,São Paulo,Chefe de compras,19,34321303467
Eduardo Silva Lima,eduardo.silva.lima.13064@example.com,Maringá,Técnico de segurança do trabalho,57,36996722483
Letícia Almeida Barros,leticia.almeida.barros.13065@example.com,Vitória,Técnico de enfermagem,22,88832833800
Rafael Mendes Costa,rafael.mendes.costa.13066@example.com,Cuiabá,Atendente,59,65879679397
Vitória Lima Cardoso,vitoria.lima.cardoso.13067@example.com,Uberlândia,Operador de caixa,38,44714181466
Vitória Santos Fernandes,vitoria.santos.fernandes.13068@example.com,Uberlândia,Eletricista,52,81832044589
Simone Oliveira Silva,simone.oliveira.silva.13069@example.com,Belo Horizonte,Estoquista,56,64478306063
Igor Fernandes Teixeira,igor.fernandes.teixeira.13070@example.com,Campo Grande,Estoquista,37,18204579870
Débora Monteiro Alves,debora.monteiro.alves.13071@example.com,Niterói,Jornalista,27,24592562440
Letícia Costa Pereira,leticia.costa.pereira.13072@example.com,Recife,Coordenador de marketing,68,44891679122
Luana Lima Nascimento,luana.lima.nascimento.13073@example.com,São Paulo,Gerente de tecnologia,22,80583634897
Débora Alves Mendes,debora.alves.mendes.13074@example.com,Rio de Janeiro,Coordenador de logística,65,33078486330
Nicolas Lima Oliveira,nicolas.lima.oliveira.13075@example.com,Fortaleza,Diretor de operações,59,01605380526
Juliana Almeida Alves,juliana.almeida.alves.13076@example.com,Natal,Eletricista,30,05202930646
Aline Souza Carvalho,aline.souza.carvalho.13077@example.com,Belo Horizonte,Recepcionista,47,38676678574
Daniela Alves Martins,daniela.alves.martins.13078@example.com,Sorocaba,Motorista,69,59429404732
Mariana Gomes Silva,mariana.gomes.silva.13079@example.com,Cuiabá,Técnico de segurança do trabalho,62,73479931918
Ricardo Barbosa Barbosa,ricardo.barbosa.barbosa.13080@example.com,Belém,Pedreiro,53,80719654065
Mariana Rocha Moreira,mariana.rocha.moreira.13081@example.com,Belo Horizonte,Padeiro,31,75313280653
Larissa Souza Mendes,larissa.souza.mendes.13082@example.com,Salvador,Coordenador de marketing,62,85458988677
Vitória Teixeira Oliveira,vitoria.teixeira.oliveira.13083@example.com,Maringá,Supervisor de manutenção,35,94742973796
Letícia Teixeira Ribeiro,leticia.teixeira.ribeiro.13084@example.com,Florianópolis,Pedreiro,22,52763625823
Patrícia Castro Gomes,patricia.castro.gomes.13085@example.com,Londrina,Diretor de operações,18,91984364723
Paulo Silva Silva,paulo.silva.silva.13086@example.com,Natal,Programador,39,43593137626
Débora Gomes Souza,debora.gomes.souza.13087@example.com,Cuiabá,Estoquista,68,59525448412
Ana Teixeira Araújo,ana.teixeira.araujo.13088@example.com,Rondonópolis,Designer gráfico,35,37852767120
João Oliveira Fernandes,joao.oliveira.fernandes.13089@example.com,Sorocaba,Arquiteto,34,80677054956
Igor Nascimento Moreira,igor.nascimento.moreira.13090@example.com,Rio de Janeiro,Farmacêutico,42,21674042251
José Cardoso Santos,jose.cardoso.santos.13091@example.com,Maringá,Analista financeiro,43,66532645097
Amanda Silva Souza,amanda.silva.souza.13092@example.com,Goiânia,Enfermeiro,19,14832353833
Marcelo Ribeiro Pereira,marcelo.ribeiro.pereira.13093@example.com,Belo Horizonte,Coordenador de produção,26,39205232921
Diego Barros Alves,diego.barros.alves.13094@example.com,Porto Alegre,Atendente,37,38765379312
Lucas Castro Lima,lucas.castro.lima.13095@example.com,Niterói,Cozinheiro,24,19858975493
João Martins Almeida,joao.martins.almeida.13096@example.com,Florianópolis,Pedreiro,63,77026561006
Diego Araújo Souza,diego.araujo.souza.13097@example.com,Rondonópolis,Motorista,30,61809256993
Vanessa Barbosa Fernandes,vanessa.barbosa.fernandes.13098@example.com,Belém,Coordenador administrativo,46,78285748612
João Souza Fernandes,joao.souza.fernandes.13099@example.com,Uberlândia,Vendedor,29,09259433383
Lucas Mendes Santos,lucas.mendes.santos.13100@example.com,Goiânia,Enfermeiro,26,82043683686
Sandra Monteiro Castro,sandra.monteiro.castro.13101@example.com,Santos,Supervisor de qualidade,21,30557096194
Diego Lima Almeida,diego.lima.almeida.13102@example.com,Goiânia,Gerente comercial,26,95164868256
Priscila Barbosa Rodrigues,priscila.barbosa.rodrigues.13103@example.com,Dourados,Chefe de departamento pessoal,44,41226319717
Aline Santos Barros,aline.santos.barros.13104@example.com,Sorocaba,Analista de recursos humanos,52,72293373721
Luana Gomes Monteiro,luana.gomes.monteiro.13105@example.com,Caxias do Sul,Padeiro,38,73232727127
Larissa Monteiro Castro,larissa.monteiro.castro.13106@example.com,Santos,Cozinheiro,62,75972239308
Priscila Carvalho Araújo,priscila.carvalho.araujo.13107@example.com,Maringá,Supervisor de vendas,24,07606880464
Aline Rocha Martins,aline.rocha.martins.13108@example.com,Uberlândia,Analista de marketing,47,70698303073
Débora Barbosa Moreira,debora.barbosa.moreira.13109@example.com,Vitória,Coordenador de marketing,29,15982451921
Gustavo Rocha Cardoso,gustavo.rocha.cardoso.13110@example.com,Rio de Janeiro,Padeiro,40,91594577924
Igor Araújo Cardoso,igor.araujo.cardoso.13111@example.com,Recife,Coordenador de marketing,69,72377893010
Mariana Silva Martins,mariana.silva.martins.13112@example.com,Florianópolis,Gerente de recursos humanos,32,37348930722
Gabriela Teixeira Cardoso,gabriela.teixeira.cardoso.13113@example.com,Joinville,Líder de equipe,56,64619382115
Ana Rocha Rodrigues,ana.rocha.rodrigues.13114@example.com,Manaus,Técnico de segurança do trabalho,26,54715205905
Patrícia Oliveira Pereira,patricia.oliveira.pereira.13115@example.com,Vitória,Contador,18,48724940709
Beatriz Barros Castro,beatriz.barros.castro.13116@example.com,Florianópolis,Coordenador de produção,37,78502536876
Eduardo Alves Nascimento,eduardo.alves.nascimento.13117@example.com,Porto Alegre,Coordenador administrativo,29,17968924472
Thiago Oliveira Monteiro,thiago.oliveira.monteiro.13118@example.com,Sorocaba,Estoquista,32,82320005436
Daniela Rocha Mendes,daniela.rocha.mendes.13119@example.com,Natal,Operador de caixa,49,95091390754
Bruno Carvalho Mendes,bruno.carvalho.mendes.13120@example.com,Sorocaba,Encarregado de produção,49,16467829743
Renata Nascimento Lima,renata.nascimento.lima.13121@example.com,Cuiabá,Técnico de enfermagem,18,99041629729
Beatriz Ribeiro Fernandes,beatriz.ribeiro.fernandes.13122@example.com,Uberlândia,Técnico em informática,50,91374860251
Amanda Carvalho Silva,amanda.carvalho.silva.13123@example.com,Rondonópolis,Supervisor de vendas,50,20475696425
Thiago Monteiro Martins,thiago.monteiro.martins.13124@example.com,Fortaleza,Recepcionista,65,80973689287
Camila Oliveira Santos,camila.oliveira.santos.13125@example.com,Florianópolis,Chefe de compras,44,33174711497
Débora Martins Martins,debora.martins.martins.13126@example.com,Brasília,Analista financeiro,26,94028608859
Patrícia Souza Dias,patricia.souza.dias.13127@example.com,São Paulo,Professor,42,53032868372
Débora Nascimento Martins,debora.nascimento.martins.13128@example.com,Caxias do Sul,Técnico de enfermagem,41,81859672885
Tatiane Castro Gomes,tatiane.castro.gomes.13129@example.com,Cuiabá,Analista de dados,64,60852239334
Igor Moreira Rocha,igor.moreira.rocha.13130@example.com,Santos,Cozinheiro,67,96325139639
Aline Cardoso Freitas,aline.cardoso.freitas.13131@example.com,Caxias do Sul,Pedreiro,28,98697874416
Otávio Oliveira Castro,otavio.oliveira.castro.13132@example.com,Dourados,Analista de dados,67,21495810972
Nicolas Dias Ribeiro,nicolas.dias.ribeiro.13133@example.com,Manaus,Designer gráfico,66,58881296983
Daniela Fernandes Santos,daniela.fernandes.santos.13134@example.com,Sorocaba,Chefe de compras,29,26196290120
Carolina Silva Lima,carolina.silva.lima.13135@example.com,Belo Horizonte,Encarregado de produção,44,76574987220
Luana Santos Alves,luana.santos.alves.13136@example.com,São Paulo,Supervisor de atendimento,63,40380689773
Gabriela Araújo Castro,gabriela.araujo.castro.13137@example.com,Salvador,Analista financeiro,57,48782984762
Thiago Alves Costa,thiago.alves.costa.13138@example.com,Porto Alegre,Supervisor de vendas,37,63780652461
Juliana Barbosa Alves,juliana.barbosa.alves.13139@example.com,Porto Alegre,Estoquista,58,62035236309
Thiago Monteiro Freitas,thiago.monteiro.freitas.13140@example.com,Recife,Eletricista,48,29178588144
Vanessa Lima Souza,vanessa.lima.souza.13141@example.com,Vitória,Técnico de segurança do trabalho,20,34269921850
Juliana Rodrigues Rodrigues,juliana.rodrigues.rodrigues.13142@example.com,Niterói,Coordenador de produção,44,71177895146
Sérgio Freitas Fernandes,sergio.freitas.fernandes.13143@example.com,São Paulo,Enfermeiro,59,69117602945
Ricardo Nascimento Teixeira,ricardo.nascimento.teixeira.13144@example.com,Joinville,Analista de dados,68,16690907513
José Costa Barbosa,jose.costa.barbosa.13145@example.com,Brasília,Gerente financeiro,50,27140495430
Ana Dias Lima,ana.dias.lima.13146@example.com,Salvador,Coordenador administrativo,53,80755988769
Nicolas Santos Araújo,nicolas.santos.araujo.13147@example.com,Sorocaba,Jornalista,42,38025101343
Lucas Silva Costa,lucas.silva.costa.13148@example.com,Dourados,Jornalista,46,49810248702
Luana Carvalho Souza,luana.carvalho.souza.13149@example.com,Campo Grande,Auxiliar de produção,37,51724724898
Rafael Castro Cardoso,rafael.castro.cardoso.13150@example.com,Vitória,Enfermeiro,48,82819679008
Letícia Ribeiro Lima,leticia.ribeiro.lima.13151@example.com,Florianópolis,Eletricista,29,60806008421
Aline Carvalho Barros,aline.carvalho.barros.13152@example.com,Recife,Contador,46,00006062645
Vanessa Santos Souza,vanessa.santos.souza.13153@example.com,Rio de Janeiro,Gerente comercial,30,92055426287
Paulo Cardoso Dias,paulo.cardoso.dias.13154@example.com,Florianópolis,Gerente comercial,39,98405110346
Igor Lima Dias,igor.lima.dias.13155@example.com,Belém,Chefe de compras,18,36766398802
Ana Barros Teixeira,ana.barros.teixeira.13156@example.com,Porto Alegre,Contador,51,24762804638
Igor Silva Barbosa,igor.silva.barbosa.13157@example.com,Recife,Vendedor,34,07743303878
Renata Martins Araújo,renata.martins.araujo.13158@example.com,Belo Horizonte,Coordenador de logística,49,49888140014
Simone Almeida Silva,simone.almeida.silva.13159@example.com,Maringá,Chefe de compras,65,81370647310
Letícia Lima Pereira,leticia.lima.pereira.13160@example.com,Rio de Janeiro,Designer gráfico,58,65780146440
Lucas Costa Carvalho,lucas.costa.carvalho.13161@example.com,Niterói,Gerente comercial,37,22930304389
João Cardoso Martins,joao.cardoso.martins.13162@example.com,São Paulo,Corretor de imóveis,64,28389005808
Renata Oliveira Pereira,renata.oliveira.pereira.13163@example.com,São Paulo,Assistente administrativo,41,80288372506
Thiago Martins Freitas,thiago.martins.freitas.13164@example.com,Rondonópolis,Atendente,36,45580615058
Nicolas Barbosa Moreira,nicolas.barbosa.moreira.13165@example.com,Salvador,Fisioterapeuta,70,27030191945
Vitória Barros Teixeira,vitoria.barros.teixeira.13166@example.com,Brasília,Estoquista,70,09478652049
Mariana Teixeira Rodrigues,mariana.teixeira.rodrigues.13167@example.com,Fortaleza,Supervisor de vendas,54,46549566427
Vanessa Rocha Carvalho,vanessa.rocha.carvalho.13168@example.com,Belo Horizonte,Coordenador de produção,38,61813373046
Daniela Mendes Lima,daniela.mendes.lima.13169@example.com,Belo Horizonte,Programador,36,87838654114
Juliana Santos Freitas,juliana.santos.freitas.13170@example.com,Fortaleza,Atendente,41,36686693990
Thiago Rodrigues Costa,thiago.rodrigues.costa.13171@example.com,Sorocaba,Contador,39,74758125410
Nicolas Rocha Nascimento,nicolas.rocha.nascimento.13172@example.com,São Paulo,Cozinheiro,24,02109780362
José Dias Cardoso,jose.dias.cardoso.13173@example.com,Caxias do Sul,Fisioterapeuta,39,95800556513
Luana Alves Alves,luana.alves.alves.13174@example.com,Sorocaba,Arquiteto,64,31270225404
Amanda Moreira Barros,amanda.moreira.barros.13175@example.com,Londrina,Técnico em informática,56,86613507028
João Mendes Dias,joao.mendes.dias.13176@example.com,Porto Alegre,Supervisor de atendimento,20,00293255009
Mariana Barbosa Alves,mariana.barbosa.alves.13177@example.com,Sorocaba,Pedreiro,39,25473534419
Henrique Santos Nascimento,henrique.santos.nascimento.13178@example.com,Salvador,Gerente de recursos humanos,42,11688492163
Luana Araújo Fernandes,luana.araujo.fernandes.13179@example.com,Maringá,Supervisor de atendimento,42,90071130950
Simone Gomes Martins,simone.gomes.martins.13180@example.com,Campo Grande,Cozinheiro,50,67298692065
Rafael Gomes Oliveira,rafael.gomes.oliveira.13181@example.com,Belém,Supervisor de manutenção,55,06637036762
José Mendes Dias,jose.mendes.dias.13182@example.com,Joinville,Fisioterapeuta,64,99950280843
Vinícius Mendes Alves,vinicius.mendes.alves.13183@example.com,Santos,Programador,55,11093180175
Mariana Carvalho Pereira,mariana.carvalho.pereira.13184@example.com,Vitória,Contador,30,74610743600
Letícia Ribeiro Rocha,leticia.ribeiro.rocha.13185@example.com,Fortaleza,Recepcionista,62,47177884742
Vitória Rocha Rocha,vitoria.rocha.rocha.13186@example.com,Belém,Professor,44,38716116102
Igor Castro Silva,igor.castro.silva.13187@example.com,Vitória,Chefe de departamento pessoal,52,26116706920
Thiago Araújo Barbosa,thiago.araujo.barbosa.13188@example.com,Vitória,Técnico em informática,69,53033441056
Sérgio Teixeira Araújo,sergio.teixeira.araujo.13189@example.com,Santos,Técnico de enfermagem,49,13293595385
Vitória Martins Araújo,vitoria.martins.araujo.13190@example.com,Uberlândia,Farmacêutico,35,46312637993
Igor Rocha Ribeiro,igor.rocha.ribeiro.13191@example.com,Rio de Janeiro,Programador,52,89365226363
Diego Araújo Silva,diego.araujo.silva.13192@example.com,Salvador,Operador de caixa,34,21434736434
Henrique Pereira Cardoso,henrique.pereira.cardoso.13193@example.com,Campinas,Coordenador de produção,36,66498036483
Vinícius Carvalho Silva,vinicius.carvalho.silva.13194@example.com,São Paulo,Gerente financeiro,39,66248863358
Simone Gomes Alves,simone.gomes.alves.13195@example.com,Uberlândia,Supervisor de vendas,49,86368819966
Eduardo Cardoso Souza,eduardo.cardoso.souza.13196@example.com,Rio de Janeiro,Programador,29,69679571813
Luana Araújo Moreira,luana.araujo.moreira.13197@example.com,Caxias do Sul,Enfermeiro,30,15611929942
João Castro Freitas,joao.castro.freitas.13198@example.com,Cuiabá,Assistente administrativo,27,55815333562
Nicolas Rodrigues Oliveira,nicolas.rodrigues.oliveira.13199@example.com,Natal,Gerente financeiro,67,29658577173
Nicolas Barbosa Nascimento,nicolas.barbosa.nascimento.13200@example.com,Belo Horizonte,Jornalista,42,92768427081
Carlos Pereira Fernandes,carlos.pereira.fernandes.13201@example.com,Sorocaba,Auxiliar de produção,22,75184750748
Amanda Freitas Santos,amanda.freitas.santos.13202@example.com,Florianópolis,Eletricista,24,39004882455
Simone Monteiro Mendes,simone.monteiro.mendes.13203@example.com,Salvador,Diretor comercial,35,64381592997
Lucas Pereira Rodrigues,lucas.pereira.rodrigues.13204@example.com,Belém,Advogado,51,66441046167
Carolina Araújo Nascimento,carolina.araujo.nascimento.13205@example.com,Salvador,Diretor de operações,46,49301730165
Gustavo Silva Silva,gustavo.silva.silva.13206@example.com,Rio de Janeiro,Gerente financeiro,46,19543381302
Tatiane Freitas Oliveira,tatiane.freitas.oliveira.13207@example.com,Florianópolis,Líder de equipe,20,91869369359
Felipe Silva Souza,felipe.silva.souza.13208@example.com,Natal,Diretor de operações,69,35865966894
Gabriela Carvalho Fernandes,gabriela.carvalho.fernandes.13209@example.com,Sorocaba,Analista financeiro,24,03195924823
Carolina Barbosa Freitas,carolina.barbosa.freitas.13210@example.com,Florianópolis,Contador,41,68508987366
Diego Almeida Teixeira,diego.almeida.teixeira.13211@example.com,Vitória,Supervisor de qualidade,45,73853660641
Paulo Cardoso Gomes,paulo.cardoso.gomes.13212@example.com,Vitória,Nutricionista,70,52931630474
Ricardo Ribeiro Silva,ricardo.ribeiro.silva.13213@example.com,Campinas,Gerente financeiro,36,28401448063
Thiago Teixeira Pereira,thiago.teixeira.pereira.13214@example.com,Brasília,Programador,53,98818851812
José Barbosa Mendes,jose.barbosa.mendes.13215@example.com,Maringá,Encarregado de produção,54,34759936015
Vanessa Dias Castro,vanessa.dias.castro.13216@example.com,Belo Horizonte,Assistente administrativo,30,82871011604
Eduardo Martins Gomes,eduardo.martins.gomes.13217@example.com,Niterói,Professor,68,52859272962
Amanda Barros Lima,amanda.barros.lima.13218@example.com,Rio de Janeiro,Designer gráfico,55,39503929813
Leonardo Almeida Oliveira,leonardo.almeida.oliveira.13219@example.com,Natal,Enfermeiro,38,83992200925
Renata Ribeiro Alves,renata.ribeiro.alves.13220@example.com,Salvador,Gerente de recursos humanos,52,02243432018
Otávio Gomes Monteiro,otavio.gomes.monteiro.13221@example.com,Brasília,Diretor de operações,50,53178284541
Daniela Gomes Araújo,daniela.gomes.araujo.13222@example.com,Brasília,Técnico de enfermagem,69,17550224543
Daniela Gomes Teixeira,daniela.gomes.teixeira.13223@example.com,Joinville,Técnico em informática,51,61018935905
Tatiane Lima Barros,tatiane.lima.barros.13224@example.com,Florianópolis,Vendedor,28,28678928326
Otávio Silva Ribeiro,otavio.silva.ribeiro.13225@example.com,Belém,Supervisor de atendimento,55,38545466210
Débora Araújo Barros,debora.araujo.barros.13226@example.com,Brasília,Coordenador de produção,40,13827228950
Lucas Freitas Martins,lucas.freitas.martins.13227@example.com,São Paulo,Chefe de departamento pessoal,47,79046168379
Débora Castro Monteiro,debora.castro.monteiro.13228@example.com,Goiânia,Coordenador administrativo,70,69875588574
Sandra Silva Souza,sandra.silva.souza.13229@example.com,Santos,Engenheiro civil,27,89893795313
Gustavo Castro Freitas,gustavo.castro.freitas.13230@example.com,Cuiabá,Comprador,55,50416465782
Camila Moreira Almeida,camila.moreira.almeida.13231@example.com,Belém,Farmacêutico,29,12379007505
Lucas Costa Gomes,lucas.costa.gomes.13232@example.com,Natal,Chefe de departamento pessoal,65,78153485305
Letícia Castro Dias,leticia.castro.dias.13233@example.com,Porto Alegre,Analista financeiro,57,90438772824
Gustavo Santos Carvalho,gustavo.santos.carvalho.13234@example.com,Joinville,Supervisor de vendas,29,72268557110
Amanda Barros Rocha,amanda.barros.rocha.13235@example.com,Rio de Janeiro,Diretor de operações,35,57249646758
Eduardo Martins Monteiro,eduardo.martins.monteiro.13236@example.com,Londrina,Gerente comercial,33,72653510846
Paulo Carvalho Almeida,paulo.carvalho.almeida.13237@example.com,Brasília,Motorista,28,77768400549
João Lima Teixeira,joao.lima.teixeira.13238@example.com,Dourados,Motorista,31,16647647024
Priscila Pereira Cardoso,priscila.pereira.cardoso.13239@example.com,Belém,Coordenador de logística,42,29867720767
Otávio Mendes Alves,otavio.mendes.alves.13240@example.com,Joinville,Técnico em informática,28,03603287799
Fernanda Moreira Barbosa,fernanda.moreira.barbosa.13241@example.com,Natal,Enfermeiro,58,24901451243
Lucas Freitas Fernandes,lucas.freitas.fernandes.13242@example.com,Campo Grande,Analista de dados,42,04364157074
Carlos Costa Rodrigues,carlos.costa.rodrigues.13243@example.com,Cuiabá,Arquiteto,30,03260122946
Gabriel Carvalho Teixeira,gabriel.carvalho.teixeira.13244@example.com,Dourados,Assistente administrativo,39,02828107240
Bruno Nascimento Silva,bruno.nascimento.silva.13245@example.com,Joinville,Vendedor,53,54308363071
Nicolas Dias Martins,nicolas.dias.martins.13246@example.com,Caxias do Sul,Pedreiro,53,86311384799
Daniela Mendes Nascimento,daniela.mendes.nascimento.13247@example.com,Natal,Arquiteto,55,96372718602
Marcelo Mendes Cardoso,marcelo.mendes.cardoso.13248@example.com,Belém,Chefe de compras,57,17407051019
Rafael Pereira Barros,rafael.pereira.barros.13249@example.com,Dourados,Comprador,42,25434954453
Ana Fernandes Fernandes,ana.fernandes.fernandes.13250@example.com,Porto Alegre,Engenheiro civil,22,55033262103
Diego Freitas Mendes,diego.freitas.mendes.13251@example.com,Belém,Coordenador de produção,70,44815124651
Letícia Lima Freitas,leticia.lima.freitas.13252@example.com,Campo Grande,Designer gráfico,60,72412699647
Bruno Monteiro Santos,bruno.monteiro.santos.13253@example.com,Sorocaba,Líder de equipe,50,62051848306
Tatiane Ribeiro Mendes,tatiane.ribeiro.mendes.13254@example.com,Campinas,Diretor comercial,25,56736865830
Fernanda Martins Carvalho,fernanda.martins.carvalho.13255@example.com,Belém,Corretor de imóveis,25,54939111798
Vitória Fernandes Moreira,vitoria.fernandes.moreira.13256@example.com,Recife,Cozinheiro,54,29637755426
Patrícia Nascimento Oliveira,patricia.nascimento.oliveira.13257@example.com,Cuiabá,Recepcionista,19,04406218677
Letícia Oliveira Rodrigues,leticia.oliveira.rodrigues.13258@example.com,Manaus,Gerente financeiro,54,93252023446
Paulo Barros Gomes,paulo.barros.gomes.13259@example.com,Campinas,Enfermeiro,41,42639327077
Camila Almeida Rocha,camila.almeida.rocha.13260@example.com,Sorocaba,Encarregado de produção,33,40465345970
Sérgio Ribeiro Nascimento,sergio.ribeiro.nascimento.13261@example.com,Florianópolis,Analista de recursos humanos,35,78687818964
Ana Souza Castro,ana.souza.castro.13262@example.com,Joinville,Vendedor,21,51261457192
Simone Carvalho Moreira,simone.carvalho.moreira.13263@example.com,Maringá,Farmacêutico,53,91732618958
Pedro Nascimento Oliveira,pedro.nascimento.oliveira.13264@example.com,Curitiba,Pedreiro,32,09666312324
Carlos Moreira Rodrigues,carlos.moreira.rodrigues.13265@example.com,Dourados,Encarregado de produção,51,71856235626
Tatiane Mendes Carvalho,tatiane.mendes.carvalho.13266@example.com,Florianópolis,Técnico de enfermagem,48,53853525080
Leonardo Alves Freitas,leonardo.alves.freitas.13267@example.com,Belém,Coordenador administrativo,48,13795477758
Bruno Santos Cardoso,bruno.santos.cardoso.13268@example.com,Joinville,Engenheiro civil,66,74898733841
Fernanda Ribeiro Pereira,fernanda.ribeiro.pereira.13269@example.com,Cuiabá,Chefe de compras,41,30142195064
Gabriela Pereira Moreira,gabriela.pereira.moreira.13270@example.com,Manaus,Analista financeiro,44,65379254609
Tatiane Costa Martins,tatiane.costa.martins.13271@example.com,Sorocaba,Contador,44,75016430939
Beatriz Ribeiro Rocha,beatriz.ribeiro.rocha.13272@example.com,Niterói,Líder de equipe,37,99657203458
Priscila Rocha Teixeira,priscila.rocha.teixeira.13273@example.com,Goiânia,Técnico em informática,50,85562763328
Sérgio Dias Oliveira,sergio.dias.oliveira.13274@example.com,Niterói,Supervisor de atendimento,44,49150197691
Larissa Carvalho Cardoso,larissa.carvalho.cardoso.13275@example.com,Florianópolis,Gerente de recursos humanos,36,73133241375
Camila Carvalho Nascimento,camila.carvalho.nascimento.13276@example.com,Goiânia,Chefe de compras,70,42742775753
Diego Gomes Souza,diego.gomes.souza.13277@example.com,Sorocaba,Técnico em informática,61,16207259253
João Barros Gomes,joao.barros.gomes.13278@example.com,Dourados,Encarregado de produção,69,27241126425
Marcelo Cardoso Rodrigues,marcelo.cardoso.rodrigues.13279@example.com,Rondonópolis,Gerente financeiro,35,09015961729
José Almeida Ribeiro,jose.almeida.ribeiro.13280@example.com,Porto Alegre,Vendedor,35,43393378673
Fernanda Ribeiro Teixeira,fernanda.ribeiro.teixeira.13281@example.com,Caxias do Sul,Encarregado de produção,51,17220325815
Camila Santos Ribeiro,camila.santos.ribeiro.13282@example.com,Campinas,Designer gráfico,55,56716063449
Ana Fernandes Moreira,ana.fernandes.moreira.13283@example.com,Sorocaba,Cozinheiro,35,40768427391
Camila Costa Mendes,camila.costa.mendes.13284@example.com,Sorocaba,Gerente de recursos humanos,34,10824877362
João Pereira Lima,joao.pereira.lima.13285@example.com,Brasília,Gerente financeiro,27,01666857279
Vinícius Nascimento Dias,vinicius.nascimento.dias.13286@example.com,Campinas,Coordenador administrativo,67,30654096310
Pedro Almeida Teixeira,pedro.almeida.teixeira.13287@example.com,Maringá,Gerente comercial,56,64209810476
João Silva Nascimento,joao.silva.nascimento.13288@example.com,Porto Alegre,Assistente administrativo,70,95690313302
Ricardo Fernandes Rocha,ricardo.fernandes.rocha.13289@example.com,Natal,Analista de dados,36,99123361865
Mariana Ribeiro Santos,mariana.ribeiro.santos.13290@example.com,Campinas,Encarregado de produção,45,54676398598
Diego Nascimento Barbosa,diego.nascimento.barbosa.13291@example.com,Porto Alegre,Diretor comercial,23,52454857395
Felipe Santos Rodrigues,felipe.santos.rodrigues.13292@example.com,Dourados,Farmacêutico,69,54940495162
Pedro Gomes Araújo,pedro.gomes.araujo.13293@example.com,Uberlândia,Contador,29,01701087440
Aline Mendes Martins,aline.mendes.martins.13294@example.com,Belo Horizonte,Atendente,22,51683912049
Sérgio Castro Souza,sergio.castro.souza.13295@example.com,Caxias do Sul,Professor,25,79061177301
Luana Lima Monteiro,luana.lima.monteiro.13296@example.com,Joinville,Programador,64,84925069678
Ana Mendes Araújo,ana.mendes.araujo.13297@example.com,São Paulo,Auxiliar de produção,59,03097371906
Tatiane Dias Castro,tatiane.dias.castro.13298@example.com,Salvador,Enfermeiro,20,07812403588
Simone Fernandes Oliveira,simone.fernandes.oliveira.13299@example.com,Salvador,Atendente,22,28440410277
Nicolas Ribeiro Silva,nicolas.ribeiro.silva.13300@example.com,Campo Grande,Supervisor de qualidade,68,40435487344
Aline Rocha Monteiro,aline.rocha.monteiro.13301@example.com,Goiânia,Corretor de imóveis,38,86138005164
Rafael Mendes Ribeiro,rafael.mendes.ribeiro.13302@example.com,Fortaleza,Gerente de recursos humanos,55,53965333443
Igor Costa Costa,igor.costa.costa.13303@example.com,Santos,Coordenador de produção,60,46545999921
Eduardo Carvalho Castro,eduardo.carvalho.castro.13304@example.com,São Paulo,Programador,55,93061810062
Igor Monteiro Araújo,igor.monteiro.araujo.13305@example.com,Rio de Janeiro,Analista financeiro,33,76569986358
Sérgio Cardoso Silva,sergio.cardoso.silva.13306@example.com,Dourados,Assistente comercial,45,66156908364
Sérgio Fernandes Alves,sergio.fernandes.alves.13307@example.com,Cuiabá,Arquiteto,24,73718238552
Luana Lima Rocha,luana.lima.rocha.13308@example.com,Dourados,Líder de equipe,64,56155393674
Diego Moreira Martins,diego.moreira.martins.13309@example.com,Londrina,Gerente financeiro,31,34378326853
Priscila Pereira Almeida,priscila.pereira.almeida.13310@example.com,Curitiba,Coordenador de produção,25,79536491557
Sérgio Mendes Castro,sergio.mendes.castro.13311@example.com,Natal,Supervisor de manutenção,53,42173579590
Tatiane Carvalho Martins,tatiane.carvalho.martins.13312@example.com,Caxias do Sul,Padeiro,61,63202696230
Luana Santos Fernandes,luana.santos.fernandes.13313@example.com,Maringá,Designer gráfico,48,97252505267
Carlos Santos Barbosa,carlos.santos.barbosa.13314@example.com,Belo Horizonte,Gerente de recursos humanos,35,53158084661
Marcelo Costa Fernandes,marcelo.costa.fernandes.13315@example.com,Caxias do Sul,Pedreiro,51,64453723378
Beatriz Teixeira Barbosa,beatriz.teixeira.barbosa.13316@example.com,Belo Horizonte,Pedreiro,49,80623682492
Diego Teixeira Rocha,diego.teixeira.rocha.13317@example.com,Rondonópolis,Enfermeiro,67,27086243864
Simone Costa Carvalho,simone.costa.carvalho.13318@example.com,Santos,Chefe de departamento pessoal,68,75581355302
Henrique Lima Ribeiro,henrique.lima.ribeiro.13319@example.com,Salvador,Auxiliar de produção,28,27955595527
Mariana Gomes Ribeiro,mariana.gomes.ribeiro.13320@example.com,Belo Horizonte,Diretor de operações,65,98330831309
Mariana Lima Silva,mariana.lima.silva.13321@example.com,Caxias do Sul,Cozinheiro,60,58717599381
Larissa Almeida Costa,larissa.almeida.costa.13322@example.com,Santos,Gerente financeiro,56,05552397342
Sérgio Moreira Nascimento,sergio.moreira.nascimento.13323@example.com,Rondonópolis,Chefe de compras,48,88782347053
Priscila Nascimento Cardoso,priscila.nascimento.cardoso.13324@example.com,Vitória,Arquiteto,41,54612385567
Carlos Lima Barbosa,carlos.lima.barbosa.13325@example.com,Niterói,Analista de recursos humanos,66,29098964506
Juliana Carvalho Gomes,juliana.carvalho.gomes.13326@example.com,Recife,Enfermeiro,39,70084189071
Sérgio Alves Monteiro,sergio.alves.monteiro.13327@example.com,Maringá,Gerente comercial,27,65467705664
Beatriz Barbosa Barbosa,beatriz.barbosa.barbosa.13328@example.com,Belém,Analista de recursos humanos,57,89598486155
Ana Freitas Mendes,ana.freitas.mendes.13329@example.com,Maringá,Advogado,26,86267082751
Sandra Barbosa Carvalho,sandra.barbosa.carvalho.13330@example.com,Natal,Farmacêutico,59,42733082614
Lucas Silva Gomes,lucas.silva.gomes.13331@example.com,Sorocaba,Coordenador de marketing,18,07072616444
Carlos Monteiro Ribeiro,carlos.monteiro.ribeiro.13332@example.com,Vitória,Chefe de almoxarifado,67,65026991095
Otávio Santos Araújo,otavio.santos.araujo.13333@example.com,Goiânia,Gerente de operações,59,50430364826
Débora Martins Souza,debora.martins.souza.13334@example.com,Manaus,Técnico de enfermagem,33,14391073513
Beatriz Cardoso Barros,beatriz.cardoso.barros.13335@example.com,Recife,Assistente administrativo,27,12981257279
João Carvalho Araújo,joao.carvalho.araujo.13336@example.com,Cuiabá,Chefe de compras,28,07188980711
Thiago Nascimento Castro,thiago.nascimento.castro.13337@example.com,Porto Alegre,Estoquista,40,21833660867
Pedro Fernandes Oliveira,pedro.fernandes.oliveira.13338@example.com,Curitiba,Farmacêutico,29,05360806772
Vanessa Souza Freitas,vanessa.souza.freitas.13339@example.com,Niterói,Diretor de operações,19,53740281076
Tatiane Cardoso Fernandes,tatiane.cardoso.fernandes.13340@example.com,Belo Horizonte,Recepcionista,38,59612632827
Patrícia Cardoso Oliveira,patricia.cardoso.oliveira.13341@example.com,Belo Horizonte,Analista de marketing,20,55316696110
Thiago Castro Fernandes,thiago.castro.fernandes.13342@example.com,Uberlândia,Pedreiro,69,88058007788
Luana Silva Mendes,luana.silva.mendes.13343@example.com,Niterói,Analista de recursos humanos,44,81488225852
Ana Costa Teixeira,ana.costa.teixeira.13344@example.com,Belo Horizonte,Eletricista,31,34835564852
Vanessa Mendes Santos,vanessa.mendes.santos.13345@example.com,Belo Horizonte,Diretor de operações,48,97330861606
Gabriela Almeida Silva,gabriela.almeida.silva.13346@example.com,Sorocaba,Analista de marketing,53,12990395691
Paulo Cardoso Monteiro,paulo.cardoso.monteiro.13347@example.com,Joinville,Operador de caixa,36,71503256721
Vitória Rodrigues Freitas,vitoria.rodrigues.freitas.13348@example.com,Caxias do Sul,Designer gráfico,43,41860815600
Letícia Pereira Castro,leticia.pereira.castro.13349@example.com,Natal,Vendedor,70,48830428008
Sandra Cardoso Lima,sandra.cardoso.lima.13350@example.com,Fortaleza,Cozinheiro,22,50644540665
Simone Monteiro Rocha,simone.monteiro.rocha.13351@example.com,Dourados,Mecânico,25,67324407582
Vinícius Araújo Monteiro,vinicius.araujo.monteiro.13352@example.com,Maringá,Coordenador de produção,38,92378651206
Marcelo Teixeira Carvalho,marcelo.teixeira.carvalho.13353@example.com,São Paulo,Contador,58,67006336535
Tatiane Oliveira Oliveira,tatiane.oliveira.oliveira.13354@example.com,Maringá,Motorista,30,37224107810
Lucas Mendes Silva,lucas.mendes.silva.13355@example.com,Caxias do Sul,Cozinheiro,41,61392926847
Thiago Dias Alves,thiago.dias.alves.13356@example.com,Dourados,Nutricionista,43,09636660489
Carolina Costa Martins,carolina.costa.martins.13357@example.com,Vitória,Analista de marketing,35,85743697445
Vinícius Freitas Rodrigues,vinicius.freitas.rodrigues.13358@example.com,Caxias do Sul,Chefe de departamento pessoal,47,60674133113
Vanessa Castro Mendes,vanessa.castro.mendes.13359@example.com,Belo Horizonte,Supervisor de manutenção,38,44313947800
Priscila Carvalho Almeida,priscila.carvalho.almeida.13360@example.com,Niterói,Pedreiro,30,42613156099
Aline Castro Costa,aline.castro.costa.13361@example.com,Rondonópolis,Chefe de departamento pessoal,29,83397134405
Beatriz Martins Carvalho,beatriz.martins.carvalho.13362@example.com,Brasília,Auxiliar de produção,59,72949529952
João Alves Nascimento,joao.alves.nascimento.13363@example.com,Goiânia,Vendedor,55,45966182622
Camila Barros Pereira,camila.barros.pereira.13364@example.com,Santos,Líder de equipe,70,81720145623
Tatiane Oliveira Rodrigues,tatiane.oliveira.rodrigues.13365@example.com,Niterói,Pedreiro,31,69019407086
Beatriz Silva Pereira,beatriz.silva.pereira.13366@example.com,Brasília,Assistente administrativo,23,70224843966
Tatiane Souza Freitas,tatiane.souza.freitas.13367@example.com,Uberlândia,Analista financeiro,25,38362292989
Larissa Barros Freitas,larissa.barros.freitas.13368@example.com,Belo Horizonte,Assistente administrativo,58,64439374270
Ricardo Monteiro Freitas,ricardo.monteiro.freitas.13369@example.com,Londrina,Coordenador administrativo,21,49690356210
Sérgio Carvalho Nascimento,sergio.carvalho.nascimento.13370@example.com,Maringá,Professor,53,93200377879
Débora Cardoso Silva,debora.cardoso.silva.13371@example.com,Joinville,Corretor de imóveis,37,56362343143
José Carvalho Lima,jose.carvalho.lima.13372@example.com,Porto Alegre,Assistente administrativo,54,41729774297
Tatiane Rocha Teixeira,tatiane.rocha.teixeira.13373@example.com,Porto Alegre,Pedreiro,67,99180682073
Fernanda Castro Carvalho,fernanda.castro.carvalho.13374@example.com,Vitória,Chefe de departamento pessoal,46,90116845393
Letícia Alves Souza,leticia.alves.souza.13375@example.com,Londrina,Analista de dados,49,18208519446
Pedro Souza Santos,pedro.souza.santos.13376@example.com,Recife,Fisioterapeuta,50,98624330081
Patrícia Dias Teixeira,patricia.dias.teixeira.13377@example.com,Salvador,Pedreiro,62,68027747102
Ana Fernandes Freitas,ana.fernandes.freitas.13378@example.com,Sorocaba,Programador,18,23297418566
Letícia Rodrigues Moreira,leticia.rodrigues.moreira.13379@example.com,Curitiba,Enfermeiro,55,13815969894
Patrícia Rodrigues Moreira,patricia.rodrigues.moreira.13380@example.com,Sorocaba,Supervisor de atendimento,64,98232772788
João Rocha Freitas,joao.rocha.freitas.13381@example.com,Santos,Encarregado de produção,26,32021159420
Renata Gomes Carvalho,renata.gomes.carvalho.13382@example.com,Brasília,Encarregado de produção,38,44161096963
Diego Cardoso Rodrigues,diego.cardoso.rodrigues.13383@example.com,Florianópolis,Mecânico,32,18152242988
Mariana Freitas Dias,mariana.freitas.dias.13384@example.com,Campo Grande,Mecânico,26,47312332950
Mariana Dias Gomes,mariana.dias.gomes.13385@example.com,Rondonópolis,Coordenador de produção,40,44019938942
Felipe Monteiro Cardoso,felipe.monteiro.cardoso.13386@example.com,Rio de Janeiro,Farmacêutico,32,10392751900
Camila Silva Moreira,camila.silva.moreira.13387@example.com,Sorocaba,Coordenador administrativo,65,63972727616
Thiago Teixeira Barbosa,thiago.teixeira.barbosa.13388@example.com,Manaus,Padeiro,54,75632448713
Luana Rocha Souza,luana.rocha.souza.13389@example.com,Belo Horizonte,Fisioterapeuta,54,17921723990
Vinícius Almeida Lima,vinicius.almeida.lima.13390@example.com,Goiânia,Advogado,31,14586473907
Diego Cardoso Castro,diego.cardoso.castro.13391@example.com,Santos,Arquiteto,61,67649661339
Thiago Lima Barbosa,thiago.lima.barbosa.13392@example.com,São Paulo,Programador,29,44636065364
Débora Pereira Rodrigues,debora.pereira.rodrigues.13393@example.com,Florianópolis,Gerente de operações,27,28442250560
Beatriz Martins Costa,beatriz.martins.costa.13394@example.com,Natal,Gerente de operações,27,69538583858
João Fernandes Rodrigues,joao.fernandes.rodrigues.13395@example.com,Porto Alegre,Coordenador de produção,41,65693935133
Carolina Freitas Freitas,carolina.freitas.freitas.13396@example.com,Maringá,Contador,67,70107194853
Fernanda Monteiro Rodrigues,fernanda.monteiro.rodrigues.13397@example.com,Vitória,Gerente comercial,63,66860869583
Letícia Cardoso Rocha,leticia.cardoso.rocha.13398@example.com,Uberlândia,Diretor de operações,55,50026951850
Patrícia Araújo Cardoso,patricia.araujo.cardoso.13399@example.com,Brasília,Coordenador administrativo,57,41998028275
Simone Lima Martins,simone.lima.martins.13400@example.com,Rio de Janeiro,Arquiteto,69,56973990323
Sérgio Carvalho Nascimento,sergio.carvalho.nascimento.13401@example.com,Recife,Coordenador de produção,20,32319674133
Leonardo Martins Fernandes,leonardo.martins.fernandes.13402@example.com,Florianópolis,Analista de marketing,20,33692314732
Sérgio Rodrigues Araújo,sergio.rodrigues.araujo.13403@example.com,Dourados,Analista de recursos humanos,63,81135059301
Débora Carvalho Araújo,debora.carvalho.araujo.13404@example.com,Maringá,Analista de dados,39,22201721264
Débora Cardoso Gomes,debora.cardoso.gomes.13405@example.com,Sorocaba,Designer gráfico,21,75873009756
Henrique Carvalho Martins,henrique.carvalho.martins.13406@example.com,Recife,Comprador,20,16194576262
Nicolas Alves Rocha,nicolas.alves.rocha.13407@example.com,Goiânia,Mecânico,64,34705515076
Vitória Barros Araújo,vitoria.barros.araujo.13408@example.com,Vitória,Padeiro,26,17463902085
Camila Cardoso Oliveira,camila.cardoso.oliveira.13409@example.com,Caxias do Sul,Coordenador de marketing,32,15902446563
Rafael Silva Freitas,rafael.silva.freitas.13410@example.com,Santos,Gerente comercial,51,01764254972
Daniela Mendes Rodrigues,daniela.mendes.rodrigues.13411@example.com,Dourados,Diretor de operações,57,89897048444
Ana Nascimento Cardoso,ana.nascimento.cardoso.13412@example.com,Maringá,Técnico em informática,29,80306527057
Gabriel Ribeiro Almeida,gabriel.ribeiro.almeida.13413@example.com,Fortaleza,Arquiteto,47,18194798684
Juliana Cardoso Moreira,juliana.cardoso.moreira.13414@example.com,Uberlândia,Professor,20,27911980833
Tatiane Ribeiro Cardoso,tatiane.ribeiro.cardoso.13415@example.com,Belo Horizonte,Padeiro,49,86758139253
Vitória Gomes Monteiro,vitoria.gomes.monteiro.13416@example.com,Cuiabá,Coordenador de marketing,42,63684389747
Henrique Dias Freitas,henrique.dias.freitas.13417@example.com,Sorocaba,Contador,45,74728654531
Débora Teixeira Lima,debora.teixeira.lima.13418@example.com,Londrina,Professor,52,30848819726
Larissa Cardoso Gomes,larissa.cardoso.gomes.13419@example.com,Sorocaba,Motorista,57,79116947240
Vanessa Costa Silva,vanessa.costa.silva.13420@example.com,Joinville,Supervisor de manutenção,60,49552590592
Marcelo Martins Rodrigues,marcelo.martins.rodrigues.13421@example.com,Curitiba,Enfermeiro,53,31657595554
Amanda Martins Mendes,amanda.martins.mendes.13422@example.com,Fortaleza,Gerente de operações,23,49658357854
José Lima Costa,jose.lima.costa.13423@example.com,Rondonópolis,Gerente de operações,58,80935109047
Igor Santos Silva,igor.santos.silva.13424@example.com,Uberlândia,Gerente de recursos humanos,33,61346008199
Aline Pereira Barros,aline.pereira.barros.13425@example.com,Salvador,Coordenador de marketing,49,34619508821
Henrique Souza Ribeiro,henrique.souza.ribeiro.13426@example.com,Fortaleza,Farmacêutico,51,42819264500
Renata Freitas Ribeiro,renata.freitas.ribeiro.13427@example.com,Manaus,Contador,70,79798154433
Débora Barbosa Silva,debora.barbosa.silva.13428@example.com,Cuiabá,Comprador,42,26468248339
Eduardo Freitas Rodrigues,eduardo.freitas.rodrigues.13429@example.com,Rondonópolis,Contador,35,01151161761
Juliana Costa Fernandes,juliana.costa.fernandes.13430@example.com,Belo Horizonte,Engenheiro civil,67,25978728274
Amanda Rocha Fernandes,amanda.rocha.fernandes.13431@example.com,Fortaleza,Estoquista,68,08304429147
Vinícius Silva Pereira,vinicius.silva.pereira.13432@example.com,Joinville,Gerente de tecnologia,52,02199631647
José Martins Rodrigues,jose.martins.rodrigues.13433@example.com,Campo Grande,Supervisor de manutenção,24,45739273349
Paulo Martins Monteiro,paulo.martins.monteiro.13434@example.com,Rondonópolis,Operador de caixa,29,47048597913
Beatriz Nascimento Cardoso,beatriz.nascimento.cardoso.13435@example.com,Santos,Supervisor de atendimento,29,92302591034
Letícia Castro Almeida,leticia.castro.almeida.13436@example.com,Goiânia,Operador de caixa,64,97585902626
Tatiane Dias Silva,tatiane.dias.silva.13437@example.com,Caxias do Sul,Enfermeiro,57,71606393945
Luana Silva Barbosa,luana.silva.barbosa.13438@example.com,Natal,Gerente financeiro,56,02958916870
Marcelo Lima Nascimento,marcelo.lima.nascimento.13439@example.com,Dourados,Analista de marketing,26,15971582635
Ana Souza Nascimento,ana.souza.nascimento.13440@example.com,Vitória,Estoquista,24,62386634513
Tatiane Martins Costa,tatiane.martins.costa.13441@example.com,Campo Grande,Analista financeiro,35,18039389618
Bruno Oliveira Barbosa,bruno.oliveira.barbosa.13442@example.com,Brasília,Arquiteto,40,76228298316
José Alves Ribeiro,jose.alves.ribeiro.13443@example.com,Belém,Mecânico,63,19434697791
Gabriel Souza Nascimento,gabriel.souza.nascimento.13444@example.com,Belo Horizonte,Assistente administrativo,54,69459390314
Pedro Barbosa Freitas,pedro.barbosa.freitas.13445@example.com,Goiânia,Gerente de tecnologia,55,95271137027
Juliana Martins Oliveira,juliana.martins.oliveira.13446@example.com,Dourados,Contador,66,55205696980
Juliana Nascimento Nascimento,juliana.nascimento.nascimento.13447@example.com,Londrina,Comprador,64,04154269306
Priscila Oliveira Freitas,priscila.oliveira.freitas.13448@example.com,Natal,Comprador,68,84693327000
Amanda Monteiro Castro,amanda.monteiro.castro.13449@example.com,Salvador,Padeiro,50,42642329235
José Rocha Lima,jose.rocha.lima.13450@example.com,São Paulo,Chefe de departamento pessoal,55,88670183730
Nicolas Alves Santos,nicolas.alves.santos.13451@example.com,Vitória,Enfermeiro,57,82859252685
Tatiane Monteiro Almeida,tatiane.monteiro.almeida.13452@example.com,Santos,Chefe de compras,65,20879538355
Larissa Costa Freitas,larissa.costa.freitas.13453@example.com,Rondonópolis,Pedreiro,59,14356026956
Beatriz Pereira Pereira,beatriz.pereira.pereira.13454@example.com,Porto Alegre,Assistente administrativo,32,24474032238
Paulo Castro Teixeira,paulo.castro.teixeira.13455@example.com,Santos,Gerente de tecnologia,45,83216437533
José Barbosa Oliveira,jose.barbosa.oliveira.13456@example.com,Fortaleza,Líder de equipe,23,10415084498
Mariana Nascimento Teixeira,mariana.nascimento.teixeira.13457@example.com,Fortaleza,Fisioterapeuta,22,10687315269
Leonardo Fernandes Freitas,leonardo.fernandes.freitas.13458@example.com,Niterói,Diretor de operações,68,38349064331
Pedro Rodrigues Freitas,pedro.rodrigues.freitas.13459@example.com,Vitória,Eletricista,50,07974359084
Amanda Nascimento Souza,amanda.nascimento.souza.13460@example.com,Florianópolis,Diretor de operações,67,54586195929
Gabriel Carvalho Teixeira,gabriel.carvalho.teixeira.13461@example.com,Niterói,Chefe de departamento pessoal,31,42815712051
Mariana Souza Freitas,mariana.souza.freitas.13462@example.com,Recife,Fisioterapeuta,47,65071705935
Letícia Santos Cardoso,leticia.santos.cardoso.13463@example.com,Fortaleza,Nutricionista,67,03237599779
Patrícia Ribeiro Cardoso,patricia.ribeiro.cardoso.13464@example.com,Rondonópolis,Analista financeiro,59,54043186570
Gabriel Rocha Martins,gabriel.rocha.martins.13465@example.com,Uberlândia,Atendente,59,35821910330
Carolina Lima Cardoso,carolina.lima.cardoso.13466@example.com,Cuiabá,Assistente administrativo,45,25590171260
Thiago Rocha Souza,thiago.rocha.souza.13467@example.com,Londrina,Analista de recursos humanos,48,40386634683
Fernanda Rocha Ribeiro,fernanda.rocha.ribeiro.13468@example.com,Caxias do Sul,Técnico em informática,18,27185855216
José Martins Souza,jose.martins.souza.13469@example.com,Joinville,Chefe de compras,41,68256784659
Larissa Ribeiro Gomes,larissa.ribeiro.gomes.13470@example.com,Londrina,Recepcionista,39,58438611288
João Teixeira Cardoso,joao.teixeira.cardoso.13471@example.com,Vitória,Nutricionista,32,89174599244
Mariana Barros Fernandes,mariana.barros.fernandes.13472@example.com,Florianópolis,Jornalista,34,00644677697
Carlos Martins Dias,carlos.martins.dias.13473@example.com,Salvador,Advogado,58,83664424873
Carlos Nascimento Almeida,carlos.nascimento.almeida.13474@example.com,Vitória,Corretor de imóveis,55,76074500543
Luana Moreira Silva,luana.moreira.silva.13475@example.com,Maringá,Corretor de imóveis,32,05204948197
Priscila Alves Alves,priscila.alves.alves.13476@example.com,Fortaleza,Arquiteto,70,78963422582
Eduardo Silva Araújo,eduardo.silva.araujo.13477@example.com,Maringá,Assistente comercial,18,43420924464
Paulo Gomes Cardoso,paulo.gomes.cardoso.13478@example.com,Manaus,Supervisor de manutenção,59,43877443377
Igor Freitas Gomes,igor.freitas.gomes.13479@example.com,Vitória,Assistente comercial,28,24181877168
Ana Silva Pereira,ana.silva.pereira.13480@example.com,Curitiba,Supervisor de qualidade,63,15325502587
Daniela Dias Barros,daniela.dias.barros.13481@example.com,Campo Grande,Designer gráfico,23,09221593830
Aline Santos Freitas,aline.santos.freitas.13482@example.com,Vitória,Corretor de imóveis,62,71354916872
Ana Lima Araújo,ana.lima.araujo.13483@example.com,Rondonópolis,Coordenador de logística,30,50070891134
Eduardo Almeida Rodrigues,eduardo.almeida.rodrigues.13484@example.com,Campinas,Técnico de segurança do trabalho,22,76324482094
Aline Fernandes Barbosa,aline.fernandes.barbosa.13485@example.com,Salvador,Cozinheiro,27,39523338950
Paulo Costa Fernandes,paulo.costa.fernandes.13486@example.com,Natal,Líder de equipe,37,12072275368
Gustavo Araújo Fernandes,gustavo.araujo.fernandes.13487@example.com,Campo Grande,Chefe de departamento pessoal,52,61961903164
Paulo Teixeira Dias,paulo.teixeira.dias.13488@example.com,Goiânia,Auxiliar de produção,48,55321719623
Vinícius Barbosa Dias,vinicius.barbosa.dias.13489@example.com,Recife,Fisioterapeuta,30,80219659840
Tatiane Alves Carvalho,tatiane.alves.carvalho.13490@example.com,São Paulo,Jornalista,40,58724094916
Carlos Martins Oliveira,carlos.martins.oliveira.13491@example.com,Porto Alegre,Fisioterapeuta,35,48991531842
Leonardo Ribeiro Martins,leonardo.ribeiro.martins.13492@example.com,Campo Grande,Analista de dados,24,28255603759
Aline Dias Rodrigues,aline.dias.rodrigues.13493@example.com,Cuiabá,Corretor de imóveis,32,26098144458
Carolina Oliveira Araújo,carolina.oliveira.araujo.13494@example.com,Vitória,Supervisor de vendas,23,96475758949
Camila Mendes Martins,camila.mendes.martins.13495@example.com,Recife,Assistente administrativo,58,72007638950
Sandra Araújo Barbosa,sandra.araujo.barbosa.13496@example.com,Cuiabá,Supervisor de atendimento,45,70551533338
Felipe Rodrigues Ribeiro,felipe.rodrigues.ribeiro.13497@example.com,Salvador,Enfermeiro,60,04474645928
Luana Rocha Teixeira,luana.rocha.teixeira.13498@example.com,Manaus,Diretor de operações,57,43937037961
Camila Gomes Costa,camila.gomes.costa.13499@example.com,Uberlândia,Recepcionista,50,57163637577
Eduardo Barbosa Almeida,eduardo.barbosa.almeida.13500@example.com,Rio de Janeiro,Motorista,67,25192717792
Aline Teixeira Martins,aline.teixeira.martins.13501@example.com,Campinas,Supervisor de manutenção,59,41065188854
Beatriz Alves Oliveira,beatriz.alves.oliveira.13502@example.com,Sorocaba,Assistente administrativo,54,52597820532
Ricardo Costa Barbosa,ricardo.costa.barbosa.13503@example.com,Maringá,Gerente de operações,60,34493325255
Paulo Lima Santos,paulo.lima.santos.13504@example.com,Sorocaba,Técnico em informática,62,01807826011
Beatriz Pereira Freitas,beatriz.pereira.freitas.13505@example.com,Uberlândia,Diretor de operações,55,76357347629
Lucas Rodrigues Fernandes,lucas.rodrigues.fernandes.13506@example.com,Santos,Diretor comercial,60,36481730492
Carolina Santos Oliveira,carolina.santos.oliveira.13507@example.com,Rio de Janeiro,Eletricista,22,36013267855
Priscila Cardoso Moreira,priscila.cardoso.moreira.13508@example.com,Campo Grande,Analista de recursos humanos,23,97735474508
Aline Ribeiro Gomes,aline.ribeiro.gomes.13509@example.com,Rio de Janeiro,Analista de recursos humanos,68,78193379105
João Monteiro Souza,joao.monteiro.souza.13510@example.com,Florianópolis,Nutricionista,50,28686778342
Gustavo Barros Rodrigues,gustavo.barros.rodrigues.13511@example.com,Belém,Eletricista,52,72284471101
Sérgio Martins Ribeiro,sergio.martins.ribeiro.13512@example.com,Caxias do Sul,Assistente administrativo,41,59831698493
Sérgio Santos Carvalho,sergio.santos.carvalho.13513@example.com,Curitiba,Advogado,23,06129702673
Luana Freitas Barbosa,luana.freitas.barbosa.13514@example.com,Brasília,Chefe de compras,49,18201474342
Gabriela Monteiro Almeida,gabriela.monteiro.almeida.13515@example.com,Salvador,Encarregado de produção,55,32296933037
Letícia Rocha Oliveira,leticia.rocha.oliveira.13516@example.com,Belém,Estoquista,63,67180148895
Diego Freitas Teixeira,diego.freitas.teixeira.13517@example.com,Santos,Coordenador de marketing,43,86773117690
Vinícius Dias Pereira,vinicius.dias.pereira.13518@example.com,Niterói,Auxiliar de produção,29,88367675278
Luana Cardoso Rodrigues,luana.cardoso.rodrigues.13519@example.com,Goiânia,Técnico de segurança do trabalho,68,20169003035
Paulo Santos Carvalho,paulo.santos.carvalho.13520@example.com,Brasília,Líder de equipe,66,45351582477
Lucas Fernandes Santos,lucas.fernandes.santos.13521@example.com,Vitória,Supervisor de atendimento,68,76230675648
Débora Freitas Martins,debora.freitas.martins.13522@example.com,Manaus,Vendedor,55,38700442831
Renata Cardoso Dias,renata.cardoso.dias.13523@example.com,Belo Horizonte,Programador,50,17353810022
Amanda Barbosa Dias,amanda.barbosa.dias.13524@example.com,Campo Grande,Atendente,30,68694266869
Bruno Castro Almeida,bruno.castro.almeida.13525@example.com,Niterói,Enfermeiro,53,16592042990
Sandra Almeida Monteiro,sandra.almeida.monteiro.13526@example.com,Salvador,Programador,40,47123592462
Mariana Silva Costa,mariana.silva.costa.13527@example.com,Vitória,Líder de equipe,41,12482443231
Carolina Costa Nascimento,carolina.costa.nascimento.13528@example.com,Brasília,Atendente,59,31380420428
Carolina Costa Monteiro,carolina.costa.monteiro.13529@example.com,Maringá,Supervisor de qualidade,23,28302753731
Letícia Santos Nascimento,leticia.santos.nascimento.13530@example.com,Rondonópolis,Encarregado de produção,34,14720366211
Beatriz Dias Martins,beatriz.dias.martins.13531@example.com,Florianópolis,Operador de caixa,35,16219976513
Mariana Souza Silva,mariana.souza.silva.13532@example.com,Campo Grande,Operador de caixa,67,82835800476
Vinícius Rocha Araújo,vinicius.rocha.araujo.13533@example.com,Goiânia,Pedreiro,57,78448265101
Vanessa Carvalho Gomes,vanessa.carvalho.gomes.13534@example.com,São Paulo,Assistente comercial,41,23699578843
Paulo Alves Barbosa,paulo.alves.barbosa.13535@example.com,Vitória,Gerente de tecnologia,18,00007334396
Patrícia Barbosa Rocha,patricia.barbosa.rocha.13536@example.com,Manaus,Supervisor de manutenção,32,84403391410
Amanda Mendes Martins,amanda.mendes.martins.13537@example.com,Belo Horizonte,Vendedor,45,49450674684
Letícia Martins Dias,leticia.martins.dias.13538@example.com,Maringá,Analista de dados,67,11844390547
Diego Lima Castro,diego.lima.castro.13539@example.com,Fortaleza,Auxiliar de produção,40,54733332629
Nicolas Nascimento Almeida,nicolas.nascimento.almeida.13540@example.com,Santos,Gerente de recursos humanos,41,77593869210
Diego Barros Araújo,diego.barros.araujo.13541@example.com,Florianópolis,Chefe de compras,30,73602308064
Paulo Nascimento Martins,paulo.nascimento.martins.13542@example.com,Curitiba,Enfermeiro,33,40834477119
Camila Monteiro Cardoso,camila.monteiro.cardoso.13543@example.com,Rondonópolis,Chefe de almoxarifado,63,69319409583
Beatriz Monteiro Ribeiro,beatriz.monteiro.ribeiro.13544@example.com,Santos,Gerente financeiro,55,01835358711
Fernanda Fernandes Ribeiro,fernanda.fernandes.ribeiro.13545@example.com,São Paulo,Farmacêutico,38,37825402554
Juliana Castro Lima,juliana.castro.lima.13546@example.com,Fortaleza,Gerente comercial,66,86996085185
Diego Barbosa Moreira,diego.barbosa.moreira.13547@example.com,Cuiabá,Coordenador de marketing,22,36383663128
Juliana Oliveira Moreira,juliana.oliveira.moreira.13548@example.com,Niterói,Gerente de recursos humanos,34,74071359896
Paulo Carvalho Castro,paulo.carvalho.castro.13549@example.com,Rio de Janeiro,Auxiliar de produção,29,88588400772
Gabriel Lima Almeida,gabriel.lima.almeida.13550@example.com,Vitória,Chefe de almoxarifado,34,97133938558
Vinícius Mendes Barbosa,vinicius.mendes.barbosa.13551@example.com,Manaus,Padeiro,35,36472878097
Leonardo Barros Mendes,leonardo.barros.mendes.13552@example.com,São Paulo,Estoquista,45,27685144710
Gabriel Souza Silva,gabriel.souza.silva.13553@example.com,Goiânia,Analista de dados,67,86832500747
Larissa Almeida Barbosa,larissa.almeida.barbosa.13554@example.com,Goiânia,Gerente de operações,41,71184696380
Eduardo Nascimento Almeida,eduardo.nascimento.almeida.13555@example.com,Fortaleza,Técnico de enfermagem,21,36565890780
Patrícia Souza Moreira,patricia.souza.moreira.13556@example.com,São Paulo,Líder de equipe,24,31197239483
Fernanda Almeida Martins,fernanda.almeida.martins.13557@example.com,Natal,Diretor de operações,40,95621725542
Sérgio Silva Barros,sergio.silva.barros.13558@example.com,Campinas,Coordenador de logística,68,59034817233
Gabriel Monteiro Oliveira,gabriel.monteiro.oliveira.13559@example.com,Florianópolis,Professor,25,42154362228
Carlos Barbosa Lima,carlos.barbosa.lima.13560@example.com,Dourados,Líder de equipe,50,40635187098
Fernanda Moreira Barros,fernanda.moreira.barros.13561@example.com,Salvador,Gerente de recursos humanos,32,03617747403
Pedro Mendes Silva,pedro.mendes.silva.13562@example.com,Belém,Professor,20,88077308805
Gustavo Castro Lima,gustavo.castro.lima.13563@example.com,Uberlândia,Técnico de segurança do trabalho,31,03127623046
João Mendes Cardoso,joao.mendes.cardoso.13564@example.com,Natal,Atendente,29,91749950080
Priscila Teixeira Barros,priscila.teixeira.barros.13565@example.com,Porto Alegre,Corretor de imóveis,53,84028683191
Camila Martins Araújo,camila.martins.araujo.13566@example.com,Caxias do Sul,Operador de caixa,63,45704011149
João Barbosa Gomes,joao.barbosa.gomes.13567@example.com,Porto Alegre,Farmacêutico,43,53183035334
Pedro Alves Costa,pedro.alves.costa.13568@example.com,Manaus,Padeiro,28,32552764227
Vanessa Santos Silva,vanessa.santos.silva.13569@example.com,Campinas,Padeiro,22,95834388127
Mariana Barbosa Costa,mariana.barbosa.costa.13570@example.com,Fortaleza,Engenheiro civil,51,26560546679
Lucas Cardoso Alves,lucas.cardoso.alves.13571@example.com,Sorocaba,Coordenador administrativo,33,33262677964
Igor Martins Castro,igor.martins.castro.13572@example.com,Dourados,Analista de dados,45,92935494480
Letícia Santos Barros,leticia.santos.barros.13573@example.com,Campo Grande,Advogado,32,75968376195
José Moreira Santos,jose.moreira.santos.13574@example.com,Curitiba,Analista financeiro,36,81379008860
José Carvalho Lima,jose.carvalho.lima.13575@example.com,Belém,Gerente de recursos humanos,36,06737375956
Paulo Mendes Moreira,paulo.mendes.moreira.13576@example.com,Maringá,Assistente comercial,19,78461262314
Vinícius Araújo Costa,vinicius.araujo.costa.13577@example.com,Sorocaba,Pedreiro,58,83872582115
Mariana Dias Barros,mariana.dias.barros.13578@example.com,Belo Horizonte,Jornalista,18,54079458486
Henrique Pereira Almeida,henrique.pereira.almeida.13579@example.com,Joinville,Supervisor de qualidade,28,01057379973
José Ribeiro Araújo,jose.ribeiro.araujo.13580@example.com,Brasília,Coordenador de marketing,66,25218765872
Simone Araújo Rocha,simone.araujo.rocha.13581@example.com,Recife,Coordenador de logística,26,56632879886
Otávio Rodrigues Freitas,otavio.rodrigues.freitas.13582@example.com,Santos,Advogado,36,28826397534
Amanda Alves Costa,amanda.alves.costa.13583@example.com,Curitiba,Operador de caixa,69,93644939806
Nicolas Dias Mendes,nicolas.dias.mendes.13584@example.com,Manaus,Operador de caixa,52,12262709562
Sérgio Costa Mendes,sergio.costa.mendes.13585@example.com,Maringá,Mecânico,49,15203092931
Vanessa Castro Almeida,vanessa.castro.almeida.13586@example.com,Dourados,Encarregado de produção,31,26056239447
Bruno Martins Santos,bruno.martins.santos.13587@example.com,São Paulo,Nutricionista,27,28691684502
Sandra Castro Barbosa,sandra.castro.barbosa.13588@example.com,Londrina,Gerente comercial,68,35572129719
Otávio Santos Silva,otavio.santos.silva.13589@example.com,Sorocaba,Gerente de operações,70,19213024474
Beatriz Gomes Freitas,beatriz.gomes.freitas.13590@example.com,Rio de Janeiro,Padeiro,44,99117581348
Otávio Gomes Castro,otavio.gomes.castro.13591@example.com,Niterói,Chefe de almoxarifado,27,88029323161
Gustavo Souza Monteiro,gustavo.souza.monteiro.13592@example.com,Dourados,Contador,21,14842820775
Letícia Pereira Fernandes,leticia.pereira.fernandes.13593@example.com,Londrina,Gerente financeiro,30,75396720585
Aline Monteiro Alves,aline.monteiro.alves.13594@example.com,São Paulo,Professor,42,68624765112
Renata Costa Costa,renata.costa.costa.13595@example.com,São Paulo,Assistente administrativo,23,89965074528
Rafael Almeida Martins,rafael.almeida.martins.13596@example.com,Sorocaba,Padeiro,47,75055011187
Bruno Rocha Silva,bruno.rocha.silva.13597@example.com,Caxias do Sul,Líder de equipe,41,30402958008
Renata Moreira Dias,renata.moreira.dias.13598@example.com,Recife,Analista de marketing,61,79556701694
Thiago Pereira Mendes,thiago.pereira.mendes.13599@example.com,Maringá,Jornalista,62,55563393810
João Silva Freitas,joao.silva.freitas.13600@example.com,Belo Horizonte,Engenheiro civil,69,89643511203
Fernanda Dias Rodrigues,fernanda.dias.rodrigues.13601@example.com,Londrina,Nutricionista,58,02271136059
Thiago Nascimento Ribeiro,thiago.nascimento.ribeiro.13602@example.com,Dourados,Farmacêutico,19,89173082409
Luana Santos Mendes,luana.santos.mendes.13603@example.com,Cuiabá,Pedreiro,53,12491538538
Thiago Ribeiro Freitas,thiago.ribeiro.freitas.13604@example.com,Uberlândia,Supervisor de qualidade,38,10096400251
Eduardo Barbosa Carvalho,eduardo.barbosa.carvalho.13605@example.com,Maringá,Assistente comercial,37,02598995111
Otávio Freitas Mendes,otavio.freitas.mendes.13606@example.com,Dourados,Técnico de segurança do trabalho,50,82430672232
Carolina Dias Rocha,carolina.dias.rocha.13607@example.com,Caxias do Sul,Arquiteto,58,70428368290
José Teixeira Fernandes,jose.teixeira.fernandes.13608@example.com,Manaus,Comprador,68,57705246276
Gabriela Monteiro Alves,gabriela.monteiro.alves.13609@example.com,Florianópolis,Vendedor,26,48415529602
Nicolas Castro Barros,nicolas.castro.barros.13610@example.com,Rio de Janeiro,Operador de caixa,44,28383692647
Rafael Araújo Santos,rafael.araujo.santos.13611@example.com,Curitiba,Enfermeiro,49,21744156313
Carlos Carvalho Gomes,carlos.carvalho.gomes.13612@example.com,São Paulo,Pedreiro,45,51041579560
Carolina Rocha Fernandes,carolina.rocha.fernandes.13613@example.com,Curitiba,Supervisor de qualidade,26,91260899891
Leonardo Santos Fernandes,leonardo.santos.fernandes.13614@example.com,Santos,Atendente,47,16894524728
Vitória Ribeiro Nascimento,vitoria.ribeiro.nascimento.13615@example.com,Vitória,Pedreiro,44,23396854833
Mariana Fernandes Santos,mariana.fernandes.santos.13616@example.com,Caxias do Sul,Líder de equipe,18,40290704397
Henrique Teixeira Dias,henrique.teixeira.dias.13617@example.com,Cuiabá,Operador de caixa,18,61116766157
Henrique Oliveira Rodrigues,henrique.oliveira.rodrigues.13618@example.com,Salvador,Analista financeiro,57,11555748441
Sérgio Rocha Ribeiro,sergio.rocha.ribeiro.13619@example.com,Uberlândia,Engenheiro civil,43,30210754425
Camila Ribeiro Silva,camila.ribeiro.silva.13620@example.com,Niterói,Gerente de recursos humanos,66,89677612424
Tatiane Monteiro Monteiro,tatiane.monteiro.monteiro.13621@example.com,Vitória,Chefe de almoxarifado,64,91160321012
Bruno Barros Monteiro,bruno.barros.monteiro.13622@example.com,Curitiba,Atendente,23,81290955105
Fernanda Almeida Santos,fernanda.almeida.santos.13623@example.com,Florianópolis,Vendedor,27,83274988159
Otávio Costa Costa,otavio.costa.costa.13624@example.com,Santos,Professor,57,59458997583
Fernanda Dias Silva,fernanda.dias.silva.13625@example.com,Porto Alegre,Enfermeiro,46,78012327318
Vanessa Cardoso Almeida,vanessa.cardoso.almeida.13626@example.com,Recife,Programador,44,10070790535
Beatriz Freitas Alves,beatriz.freitas.alves.13627@example.com,Belo Horizonte,Líder de equipe,33,89860869161
Luana Almeida Souza,luana.almeida.souza.13628@example.com,Maringá,Supervisor de qualidade,66,10847466649
Carlos Castro Gomes,carlos.castro.gomes.13629@example.com,Belo Horizonte,Coordenador administrativo,42,91288403291
Paulo Dias Ribeiro,paulo.dias.ribeiro.13630@example.com,Santos,Supervisor de manutenção,47,57075631871
Diego Barros Carvalho,diego.barros.carvalho.13631@example.com,Cuiabá,Operador de caixa,40,70776378946
Lucas Ribeiro Souza,lucas.ribeiro.souza.13632@example.com,Rio de Janeiro,Chefe de departamento pessoal,54,81849933790
Otávio Barbosa Nascimento,otavio.barbosa.nascimento.13633@example.com,Salvador,Contador,47,13880948328
Renata Nascimento Oliveira,renata.nascimento.oliveira.13634@example.com,Salvador,Professor,26,19279353842
Marcelo Fernandes Fernandes,marcelo.fernandes.fernandes.13635@example.com,Salvador,Coordenador de produção,50,74822545660
Bruno Monteiro Teixeira,bruno.monteiro.teixeira.13636@example.com,Uberlândia,Recepcionista,57,31915347005
Aline Araújo Santos,aline.araujo.santos.13637@example.com,Fortaleza,Designer gráfico,25,43514831884
Lucas Cardoso Costa,lucas.cardoso.costa.13638@example.com,Dourados,Comprador,36,03853523589
Juliana Martins Martins,juliana.martins.martins.13639@example.com,Rio de Janeiro,Gerente de recursos humanos,21,83716198392
Patrícia Pereira Barros,patricia.pereira.barros.13640@example.com,Natal,Coordenador de logística,55,96195039895
Thiago Dias Oliveira,thiago.dias.oliveira.13641@example.com,Campo Grande,Pedreiro,56,53105136339
Lucas Martins Almeida,lucas.martins.almeida.13642@example.com,Fortaleza,Pedreiro,60,95485005321
Sérgio Ribeiro Monteiro,sergio.ribeiro.monteiro.13643@example.com,Maringá,Mecânico,33,43937741892
Pedro Cardoso Barros,pedro.cardoso.barros.13644@example.com,Florianópolis,Gerente financeiro,60,75898331497
Ana Oliveira Barbosa,ana.oliveira.barbosa.13645@example.com,Florianópolis,Coordenador de produção,39,40868600369
Larissa Oliveira Dias,larissa.oliveira.dias.13646@example.com,Belo Horizonte,Coordenador administrativo,50,68602458518
Nicolas Carvalho Rocha,nicolas.carvalho.rocha.13647@example.com,Vitória,Encarregado de produção,33,72129665852
Leonardo Silva Martins,leonardo.silva.martins.13648@example.com,Belo Horizonte,Comprador,31,74525845101
João Barbosa Mendes,joao.barbosa.mendes.13649@example.com,Natal,Diretor comercial,41,27747618073
Vanessa Dias Lima,vanessa.dias.lima.13650@example.com,Vitória,Operador de caixa,46,07962234648
Otávio Martins Santos,otavio.martins.santos.13651@example.com,Londrina,Gerente de operações,59,87906207458
Priscila Mendes Dias,priscila.mendes.dias.13652@example.com,Niterói,Técnico em informática,26,73117231721
Ricardo Rocha Almeida,ricardo.rocha.almeida.13653@example.com,Maringá,Analista financeiro,59,90590268867
Patrícia Barbosa Dias,patricia.barbosa.dias.13654@example.com,Campinas,Estoquista,36,82423257705
Henrique Freitas Pereira,henrique.freitas.pereira.13655@example.com,Rio de Janeiro,Gerente de recursos humanos,60,33391338106
Rafael Cardoso Alves,rafael.cardoso.alves.13656@example.com,Joinville,Arquiteto,28,33897599174
Gabriela Ribeiro Oliveira,gabriela.ribeiro.oliveira.13657@example.com,Campinas,Gerente de operações,58,01197183882
Pedro Cardoso Dias,pedro.cardoso.dias.13658@example.com,Fortaleza,Corretor de imóveis,47,97818046773
Carlos Araújo Carvalho,carlos.araujo.carvalho.13659@example.com,Belém,Supervisor de vendas,64,36388486337
Juliana Moreira Dias,juliana.moreira.dias.13660@example.com,Santos,Engenheiro civil,65,00872408099
Vinícius Cardoso Carvalho,vinicius.cardoso.carvalho.13661@example.com,Fortaleza,Coordenador administrativo,20,29287146193
Rafael Teixeira Alves,rafael.teixeira.alves.13662@example.com,Cuiabá,Chefe de departamento pessoal,27,59610761870
Fernanda Freitas Gomes,fernanda.freitas.gomes.13663@example.com,Santos,Técnico em informática,41,49314087722
Paulo Fernandes Dias,paulo.fernandes.dias.13664@example.com,Belo Horizonte,Assistente administrativo,69,00261515273
Gustavo Gomes Almeida,gustavo.gomes.almeida.13665@example.com,Goiânia,Chefe de departamento pessoal,41,38242386200
Carlos Monteiro Rocha,carlos.monteiro.rocha.13666@example.com,Sorocaba,Diretor comercial,68,86397175290
Otávio Barbosa Moreira,otavio.barbosa.moreira.13667@example.com,Recife,Supervisor de atendimento,22,31082675295
Bruno Monteiro Ribeiro,bruno.monteiro.ribeiro.13668@example.com,Santos,Eletricista,47,02412504351
Marcelo Moreira Castro,marcelo.moreira.castro.13669@example.com,Santos,Diretor comercial,69,46967026948
Beatriz Barbosa Monteiro,beatriz.barbosa.monteiro.13670@example.com,Belo Horizonte,Supervisor de manutenção,50,31744810178
Daniela Moreira Pereira,daniela.moreira.pereira.13671@example.com,Dourados,Analista de dados,44,34356028473
Vinícius Souza Rodrigues,vinicius.souza.rodrigues.13672@example.com,Cuiabá,Gerente financeiro,68,10018941373
Priscila Pereira Souza,priscila.pereira.souza.13673@example.com,Campinas,Contador,59,94086975351
João Nascimento Moreira,joao.nascimento.moreira.13674@example.com,Dourados,Operador de caixa,66,13748913612
Aline Martins Mendes,aline.martins.mendes.13675@example.com,Belo Horizonte,Supervisor de manutenção,18,41903565121
Aline Castro Martins,aline.castro.martins.13676@example.com,Florianópolis,Coordenador de logística,55,07376780692
Letícia Pereira Teixeira,leticia.pereira.teixeira.13677@example.com,Natal,Auxiliar de produção,21,19800342978
Sérgio Rocha Martins,sergio.rocha.martins.13678@example.com,Campo Grande,Vendedor,21,26880438374
Rafael Teixeira Rodrigues,rafael.teixeira.rodrigues.13679@example.com,Dourados,Programador,20,45136998845
Gabriela Barros Barros,gabriela.barros.barros.13680@example.com,Rio de Janeiro,Analista de dados,33,54456408597
Carlos Teixeira Cardoso,carlos.teixeira.cardoso.13681@example.com,Caxias do Sul,Farmacêutico,24,26803372645
Leonardo Barbosa Barros,leonardo.barbosa.barros.13682@example.com,Belém,Operador de caixa,32,14005470643
João Moreira Barbosa,joao.moreira.barbosa.13683@example.com,Caxias do Sul,Nutricionista,60,13620896425
Mariana Lima Oliveira,mariana.lima.oliveira.13684@example.com,Natal,Analista de marketing,66,85287591060
Juliana Monteiro Teixeira,juliana.monteiro.teixeira.13685@example.com,Sorocaba,Operador de caixa,23,67179302166
Patrícia Lima Teixeira,patricia.lima.teixeira.13686@example.com,Curitiba,Supervisor de vendas,64,16857676406
Fernanda Martins Barros,fernanda.martins.barros.13687@example.com,Florianópolis,Eletricista,64,13944040630
Juliana Ribeiro Nascimento,juliana.ribeiro.nascimento.13688@example.com,Maringá,Coordenador administrativo,25,33373323348
Diego Alves Costa,diego.alves.costa.13689@example.com,Curitiba,Supervisor de qualidade,21,16462066775
Ricardo Costa Souza,ricardo.costa.souza.13690@example.com,Recife,Pedreiro,23,05734733686
Larissa Monteiro Costa,larissa.monteiro.costa.13691@example.com,Fortaleza,Assistente administrativo,50,03178676473
Beatriz Costa Moreira,beatriz.costa.moreira.13692@example.com,Recife,Enfermeiro,55,37426146533
Marcelo Mendes Cardoso,marcelo.mendes.cardoso.13693@example.com,Caxias do Sul,Padeiro,29,24446848362
Nicolas Gomes Lima,nicolas.gomes.lima.13694@example.com,Cuiabá,Farmacêutico,61,03630660045
Tatiane Souza Gomes,tatiane.souza.gomes.13695@example.com,Cuiabá,Técnico de segurança do trabalho,30,37292390816
Gustavo Rocha Rodrigues,gustavo.rocha.rodrigues.13696@example.com,Uberlândia,Encarregado de produção,45,06110361785
Priscila Cardoso Carvalho,priscila.cardoso.carvalho.13697@example.com,Caxias do Sul,Mecânico,48,82390022923
Luana Rodrigues Gomes,luana.rodrigues.gomes.13698@example.com,Maringá,Farmacêutico,44,82701011060
José Cardoso Barbosa,jose.cardoso.barbosa.13699@example.com,Campinas,Professor,57,27455410920
Henrique Almeida Souza,henrique.almeida.souza.13700@example.com,Caxias do Sul,Jornalista,41,75367948279
Marcelo Martins Barbosa,marcelo.martins.barbosa.13701@example.com,Fortaleza,Chefe de compras,70,99104109338
Rafael Pereira Teixeira,rafael.pereira.teixeira.13702@example.com,Londrina,Encarregado de produção,46,46352995975
Amanda Lima Barbosa,amanda.lima.barbosa.13703@example.com,Fortaleza,Programador,25,19348997091
Marcelo Santos Freitas,marcelo.santos.freitas.13704@example.com,Santos,Auxiliar de produção,25,90287865651
Letícia Araújo Monteiro,leticia.araujo.monteiro.13705@example.com,Maringá,Supervisor de qualidade,27,75600299709
Marcelo Mendes Cardoso,marcelo.mendes.cardoso.13706@example.com,Londrina,Enfermeiro,60,48783873688
Diego Costa Dias,diego.costa.dias.13707@example.com,Belo Horizonte,Técnico em informática,27,41002004036
Henrique Rocha Gomes,henrique.rocha.gomes.13708@example.com,Santos,Técnico de segurança do trabalho,46,93132105877
Renata Souza Rocha,renata.souza.rocha.13709@example.com,Belém,Coordenador de produção,32,26405975957
Vitória Rocha Cardoso,vitoria.rocha.cardoso.13710@example.com,Curitiba,Farmacêutico,23,41660442364
Carlos Rocha Almeida,carlos.rocha.almeida.13711@example.com,Vitória,Comprador,24,68532322646
Lucas Martins Oliveira,lucas.martins.oliveira.13712@example.com,São Paulo,Padeiro,29,30556925443
Gabriela Fernandes Ribeiro,gabriela.fernandes.ribeiro.13713@example.com,Maringá,Cozinheiro,20,61071598966
Vanessa Almeida Carvalho,vanessa.almeida.carvalho.13714@example.com,Belo Horizonte,Fisioterapeuta,49,94110498779
João Martins Almeida,joao.martins.almeida.13715@example.com,Joinville,Professor,70,26499288519
Felipe Almeida Dias,felipe.almeida.dias.13716@example.com,Goiânia,Analista financeiro,21,02060041648
Fernanda Araújo Lima,fernanda.araujo.lima.13717@example.com,Curitiba,Chefe de compras,50,41769060411
Simone Moreira Rodrigues,simone.moreira.rodrigues.13718@example.com,Joinville,Eletricista,67,71308052289
Sandra Rocha Silva,sandra.rocha.silva.13719@example.com,Manaus,Coordenador de produção,28,27438752463
Rafael Souza Lima,rafael.souza.lima.13720@example.com,Belo Horizonte,Mecânico,48,16566203509
Gustavo Castro Freitas,gustavo.castro.freitas.13721@example.com,Sorocaba,Designer gráfico,32,63372248597
Henrique Oliveira Martins,henrique.oliveira.martins.13722@example.com,Goiânia,Cozinheiro,53,36364482276
Tatiane Souza Mendes,tatiane.souza.mendes.13723@example.com,Dourados,Gerente de operações,52,01272840886
Priscila Monteiro Rocha,priscila.monteiro.rocha.13724@example.com,São Paulo,Padeiro,60,86396761174
Luana Gomes Alves,luana.gomes.alves.13725@example.com,Campo Grande,Gerente de recursos humanos,53,29796566267
Pedro Alves Barros,pedro.alves.barros.13726@example.com,Rio de Janeiro,Mecânico,58,84408950199
Patrícia Oliveira Oliveira,patricia.oliveira.oliveira.13727@example.com,Brasília,Analista financeiro,60,54248686219
Sérgio Souza Barros,sergio.souza.barros.13728@example.com,Brasília,Coordenador de logística,55,19086287859
Lucas Lima Souza,lucas.lima.souza.13729@example.com,Belém,Gerente comercial,55,48438755169
Priscila Costa Costa,priscila.costa.costa.13730@example.com,Joinville,Designer gráfico,21,01356422501
José Martins Castro,jose.martins.castro.13731@example.com,Caxias do Sul,Nutricionista,38,65297355192
Renata Freitas Araújo,renata.freitas.araujo.13732@example.com,Belo Horizonte,Supervisor de vendas,41,55572128029
Débora Gomes Santos,debora.gomes.santos.13733@example.com,Niterói,Analista de recursos humanos,21,04012088667
Diego Araújo Dias,diego.araujo.dias.13734@example.com,Campo Grande,Técnico de enfermagem,49,08495912017
Débora Fernandes Ribeiro,debora.fernandes.ribeiro.13735@example.com,Recife,Gerente de operações,44,87314441823
Ana Freitas Costa,ana.freitas.costa.13736@example.com,Manaus,Chefe de departamento pessoal,61,70292765112
Mariana Pereira Santos,mariana.pereira.santos.13737@example.com,Florianópolis,Pedreiro,42,10267982064
Pedro Lima Barbosa,pedro.lima.barbosa.13738@example.com,Maringá,Farmacêutico,33,09734426376
Eduardo Carvalho Monteiro,eduardo.carvalho.monteiro.13739@example.com,São Paulo,Recepcionista,64,97953109835
Carlos Costa Santos,carlos.costa.santos.13740@example.com,Curitiba,Operador de caixa,20,35642237442
Ana Freitas Moreira,ana.freitas.moreira.13741@example.com,Cuiabá,Pedreiro,30,63367034282
Sandra Santos Mendes,sandra.santos.mendes.13742@example.com,Niterói,Supervisor de manutenção,68,16760576191
Beatriz Moreira Fernandes,beatriz.moreira.fernandes.13743@example.com,Maringá,Designer gráfico,20,56223658092
Simone Fernandes Santos,simone.fernandes.santos.13744@example.com,Salvador,Mecânico,34,17760428336
Fernanda Pereira Gomes,fernanda.pereira.gomes.13745@example.com,Niterói,Coordenador de produção,28,83529733640
Gabriel Ribeiro Martins,gabriel.ribeiro.martins.13746@example.com,Londrina,Fisioterapeuta,20,91412825009
Daniela Almeida Alves,daniela.almeida.alves.13747@example.com,Caxias do Sul,Gerente de recursos humanos,61,85256336303
Carlos Barros Dias,carlos.barros.dias.13748@example.com,Santos,Vendedor,26,67727961343
Sandra Ribeiro Alves,sandra.ribeiro.alves.13749@example.com,Campinas,Cozinheiro,65,24825367701
Leonardo Dias Teixeira,leonardo.dias.teixeira.13750@example.com,Uberlândia,Coordenador administrativo,29,48555355209
Sérgio Costa Oliveira,sergio.costa.oliveira.13751@example.com,Vitória,Operador de caixa,29,09799205070
Sandra Cardoso Ribeiro,sandra.cardoso.ribeiro.13752@example.com,Campinas,Técnico de enfermagem,55,07161685159
Larissa Nascimento Freitas,larissa.nascimento.freitas.13753@example.com,Rondonópolis,Contador,40,76877952687
Ricardo Dias Cardoso,ricardo.dias.cardoso.13754@example.com,Rio de Janeiro,Designer gráfico,64,49219729573
Juliana Fernandes Monteiro,juliana.fernandes.monteiro.13755@example.com,Campo Grande,Atendente,21,32212787315
Renata Alves Monteiro,renata.alves.monteiro.13756@example.com,Campo Grande,Coordenador de produção,60,20698578461
Sandra Costa Dias,sandra.costa.dias.13757@example.com,Campinas,Estoquista,45,35894986916
Larissa Gomes Santos,larissa.gomes.santos.13758@example.com,Natal,Supervisor de qualidade,58,86166878120
Nicolas Ribeiro Carvalho,nicolas.ribeiro.carvalho.13759@example.com,Recife,Fisioterapeuta,33,88451751029
Ricardo Almeida Castro,ricardo.almeida.castro.13760@example.com,Maringá,Gerente comercial,29,85682577805
Fernanda Fernandes Oliveira,fernanda.fernandes.oliveira.13761@example.com,Maringá,Comprador,31,18317626578
Beatriz Carvalho Rodrigues,beatriz.carvalho.rodrigues.13762@example.com,Brasília,Enfermeiro,24,52488362758
Amanda Alves Souza,amanda.alves.souza.13763@example.com,Joinville,Recepcionista,40,79907075580
Mariana Barbosa Ribeiro,mariana.barbosa.ribeiro.13764@example.com,Goiânia,Eletricista,27,28795034715
Aline Mendes Mendes,aline.mendes.mendes.13765@example.com,Manaus,Cozinheiro,47,12144668722
Amanda Cardoso Santos,amanda.cardoso.santos.13766@example.com,Caxias do Sul,Técnico de segurança do trabalho,23,46568559609
Amanda Castro Monteiro,amanda.castro.monteiro.13767@example.com,Campo Grande,Pedreiro,32,37236449975
Gustavo Pereira Ribeiro,gustavo.pereira.ribeiro.13768@example.com,Maringá,Corretor de imóveis,41,58917086693
Simone Carvalho Silva,simone.carvalho.silva.13769@example.com,Natal,Encarregado de produção,27,46048944855
Vinícius Teixeira Araújo,vinicius.teixeira.araujo.13770@example.com,Vitória,Operador de caixa,54,44623967151
Diego Nascimento Araújo,diego.nascimento.araujo.13771@example.com,Goiânia,Gerente de tecnologia,63,79972345231
Larissa Gomes Moreira,larissa.gomes.moreira.13772@example.com,Brasília,Atendente,24,90780431358
Luana Monteiro Almeida,luana.monteiro.almeida.13773@example.com,Dourados,Técnico em informática,43,80411739448
Mariana Fernandes Rodrigues,mariana.fernandes.rodrigues.13774@example.com,Manaus,Gerente de recursos humanos,53,96686958919
Simone Araújo Santos,simone.araujo.santos.13775@example.com,Campinas,Engenheiro civil,39,20382561749
Nicolas Almeida Alves,nicolas.almeida.alves.13776@example.com,Niterói,Técnico de segurança do trabalho,43,88294007799
Débora Souza Rocha,debora.souza.rocha.13777@example.com,Curitiba,Analista financeiro,42,94625559576
Luana Rocha Rocha,luana.rocha.rocha.13778@example.com,Recife,Mecânico,24,40808768758
Daniela Lima Gomes,daniela.lima.gomes.13779@example.com,Santos,Supervisor de vendas,60,54327892898
Felipe Almeida Carvalho,felipe.almeida.carvalho.13780@example.com,Curitiba,Coordenador de marketing,27,29455973496
Henrique Barbosa Castro,henrique.barbosa.castro.13781@example.com,Maringá,Analista de marketing,28,44733609675
Mariana Santos Costa,mariana.santos.costa.13782@example.com,Campo Grande,Motorista,24,77629657355
Ana Rodrigues Castro,ana.rodrigues.castro.13783@example.com,Belém,Atendente,26,85082353509
Camila Dias Carvalho,camila.dias.carvalho.13784@example.com,Recife,Gerente comercial,61,13578194106
Renata Monteiro Ribeiro,renata.monteiro.ribeiro.13785@example.com,Maringá,Chefe de compras,21,62556502833
Carlos Freitas Moreira,carlos.freitas.moreira.13786@example.com,Manaus,Designer gráfico,37,91655684564
Gabriela Oliveira Fernandes,gabriela.oliveira.fernandes.13787@example.com,Natal,Farmacêutico,47,66893428311
Thiago Rocha Moreira,thiago.rocha.moreira.13788@example.com,Rio de Janeiro,Nutricionista,28,19219984458
Igor Monteiro Moreira,igor.monteiro.moreira.13789@example.com,Recife,Engenheiro civil,58,78598535898
Simone Barbosa Barbosa,simone.barbosa.barbosa.13790@example.com,Rio de Janeiro,Assistente administrativo,45,82580604777
Vinícius Ribeiro Barbosa,vinicius.ribeiro.barbosa.13791@example.com,Recife,Advogado,35,61000869200
Felipe Barbosa Rodrigues,felipe.barbosa.rodrigues.13792@example.com,Goiânia,Nutricionista,45,42546992355
Patrícia Costa Ribeiro,patricia.costa.ribeiro.13793@example.com,Santos,Auxiliar de produção,20,12106547846
Aline Dias Pereira,aline.dias.pereira.13794@example.com,Belo Horizonte,Coordenador de produção,55,58805581057
Ana Teixeira Moreira,ana.teixeira.moreira.13795@example.com,Campo Grande,Coordenador de produção,22,42894349433
Ana Fernandes Alves,ana.fernandes.alves.13796@example.com,Vitória,Estoquista,60,84992727902
Pedro Teixeira Nascimento,pedro.teixeira.nascimento.13797@example.com,Salvador,Encarregado de produção,64,56803686709
Gustavo Gomes Almeida,gustavo.gomes.almeida.13798@example.com,Florianópolis,Operador de caixa,33,09305604268
Bruno Rocha Carvalho,bruno.rocha.carvalho.13799@example.com,Belo Horizonte,Supervisor de manutenção,44,18076354548
Patrícia Costa Freitas,patricia.costa.freitas.13800@example.com,Niterói,Supervisor de vendas,19,29569859654
Pedro Rocha Cardoso,pedro.rocha.cardoso.13801@example.com,Uberlândia,Estoquista,50,00592776083
Nicolas Dias Fernandes,nicolas.dias.fernandes.13802@example.com,Dourados,Professor,53,58571226430
Tatiane Oliveira Teixeira,tatiane.oliveira.teixeira.13803@example.com,Caxias do Sul,Mecânico,49,09985356398
Gabriela Mendes Gomes,gabriela.mendes.gomes.13804@example.com,Recife,Coordenador de marketing,37,20276512709
Igor Rocha Costa,igor.rocha.costa.13805@example.com,Maringá,Assistente comercial,39,10799726799
Larissa Costa Souza,larissa.costa.souza.13806@example.com,Sorocaba,Farmacêutico,43,29094090168
Thiago Castro Moreira,thiago.castro.moreira.13807@example.com,Niterói,Técnico em informática,20,08278600968
Tatiane Moreira Alves,tatiane.moreira.alves.13808@example.com,Joinville,Programador,65,53012280272
Diego Alves Gomes,diego.alves.gomes.13809@example.com,Goiânia,Gerente comercial,23,43548017038
Amanda Martins Carvalho,amanda.martins.carvalho.13810@example.com,Campo Grande,Analista de marketing,27,00721546201
Larissa Rocha Freitas,larissa.rocha.freitas.13811@example.com,Niterói,Supervisor de vendas,50,92851376454
Thiago Rodrigues Freitas,thiago.rodrigues.freitas.13812@example.com,Dourados,Atendente,52,94711897813
Patrícia Barros Nascimento,patricia.barros.nascimento.13813@example.com,Campinas,Assistente administrativo,57,14511455589
Beatriz Mendes Mendes,beatriz.mendes.mendes.13814@example.com,Maringá,Analista de marketing,35,90241841039
Patrícia Nascimento Castro,patricia.nascimento.castro.13815@example.com,Niterói,Atendente,48,30988412433
Felipe Carvalho Almeida,felipe.carvalho.almeida.13816@example.com,Brasília,Motorista,57,95950881024
João Rodrigues Costa,joao.rodrigues.costa.13817@example.com,Salvador,Motorista,68,79713720185
Paulo Monteiro Costa,paulo.monteiro.costa.13818@example.com,Cuiabá,Estoquista,35,77194149699
Fernanda Castro Silva,fernanda.castro.silva.13819@example.com,Dourados,Vendedor,50,96262876682
Eduardo Souza Martins,eduardo.souza.martins.13820@example.com,Manaus,Coordenador administrativo,38,69462632207
Simone Araújo Rodrigues,simone.araujo.rodrigues.13821@example.com,Goiânia,Cozinheiro,69,49768751268
Renata Lima Nascimento,renata.lima.nascimento.13822@example.com,Dourados,Padeiro,46,20135891857
Vinícius Gomes Castro,vinicius.gomes.castro.13823@example.com,Niterói,Assistente comercial,40,49384067383
Daniela Alves Dias,daniela.alves.dias.13824@example.com,Goiânia,Recepcionista,18,76772927410
Daniela Fernandes Alves,daniela.fernandes.alves.13825@example.com,Belém,Motorista,49,89404871283
Lucas Martins Castro,lucas.martins.castro.13826@example.com,Recife,Analista de dados,69,60949310819
Simone Alves Freitas,simone.alves.freitas.13827@example.com,Belém,Analista financeiro,20,21341565782
Vitória Dias Fernandes,vitoria.dias.fernandes.13828@example.com,Dourados,Enfermeiro,40,36980990600
Fernanda Nascimento Souza,fernanda.nascimento.souza.13829@example.com,Uberlândia,Enfermeiro,40,97578796628
Larissa Rocha Pereira,larissa.rocha.pereira.13830@example.com,Florianópolis,Comprador,52,84164221069
Patrícia Monteiro Alves,patricia.monteiro.alves.13831@example.com,Maringá,Analista financeiro,49,57633998357
Vanessa Barbosa Barbosa,vanessa.barbosa.barbosa.13832@example.com,Maringá,Enfermeiro,26,39471327612
Sérgio Araújo Carvalho,sergio.araujo.carvalho.13833@example.com,Santos,Assistente administrativo,41,48231763438
Simone Castro Araújo,simone.castro.araujo.13834@example.com,Brasília,Supervisor de qualidade,36,73577784035
Sandra Costa Moreira,sandra.costa.moreira.13835@example.com,Rondonópolis,Nutricionista,60,30824856642
Ricardo Costa Moreira,ricardo.costa.moreira.13836@example.com,Brasília,Supervisor de vendas,28,15581008387
Leonardo Dias Rocha,leonardo.dias.rocha.13837@example.com,Joinville,Jornalista,65,71530924141
Amanda Santos Almeida,amanda.santos.almeida.13838@example.com,Londrina,Diretor comercial,26,53841973743
Eduardo Cardoso Dias,eduardo.cardoso.dias.13839@example.com,Londrina,Nutricionista,64,89973520101
Sandra Cardoso Barbosa,sandra.cardoso.barbosa.13840@example.com,Salvador,Atendente,51,02823444115
Amanda Nascimento Mendes,amanda.nascimento.mendes.13841@example.com,Campinas,Chefe de compras,33,50559323317
Patrícia Alves Castro,patricia.alves.castro.13842@example.com,Cuiabá,Supervisor de qualidade,31,81999805591
José Lima Santos,jose.lima.santos.13843@example.com,Campinas,Corretor de imóveis,37,94167326994
Ricardo Carvalho Lima,ricardo.carvalho.lima.13844@example.com,Manaus,Operador de caixa,63,52988775489
Ana Carvalho Lima,ana.carvalho.lima.13845@example.com,Rio de Janeiro,Técnico em informática,20,01596930242
Juliana Nascimento Santos,juliana.nascimento.santos.13846@example.com,Fortaleza,Chefe de almoxarifado,35,26106855563
Rafael Dias Barbosa,rafael.dias.barbosa.13847@example.com,Uberlândia,Supervisor de manutenção,60,88026083725
Gabriel Santos Lima,gabriel.santos.lima.13848@example.com,Santos,Fisioterapeuta,49,15414334850
João Castro Silva,joao.castro.silva.13849@example.com,Londrina,Farmacêutico,47,74216382155
Sandra Fernandes Ribeiro,sandra.fernandes.ribeiro.13850@example.com,Recife,Professor,58,54451127530
Vinícius Barbosa Silva,vinicius.barbosa.silva.13851@example.com,Brasília,Professor,55,06494560189
Sérgio Gomes Barbosa,sergio.gomes.barbosa.13852@example.com,Natal,Chefe de almoxarifado,68,86581410566
Sérgio Castro Costa,sergio.castro.costa.13853@example.com,Santos,Vendedor,69,35864738246
Diego Dias Alves,diego.dias.alves.13854@example.com,Salvador,Pedreiro,52,21430645067
Carolina Pereira Gomes,carolina.pereira.gomes.13855@example.com,Dourados,Gerente financeiro,21,01818047286
Vanessa Almeida Gomes,vanessa.almeida.gomes.13856@example.com,Vitória,Programador,46,95736150515
Letícia Freitas Rocha,leticia.freitas.rocha.13857@example.com,Belém,Farmacêutico,22,79771102051
Sérgio Lima Nascimento,sergio.lima.nascimento.13858@example.com,Belém,Coordenador administrativo,62,30588337316
José Lima Mendes,jose.lima.mendes.13859@example.com,Belém,Líder de equipe,53,62400329915
Nicolas Cardoso Moreira,nicolas.cardoso.moreira.13860@example.com,Curitiba,Corretor de imóveis,49,46482524885
Otávio Moreira Carvalho,otavio.moreira.carvalho.13861@example.com,Rondonópolis,Encarregado de produção,44,51737970553
Bruno Alves Cardoso,bruno.alves.cardoso.13862@example.com,Recife,Enfermeiro,46,84140792181
Gabriel Pereira Teixeira,gabriel.pereira.teixeira.13863@example.com,Recife,Chefe de almoxarifado,43,54595042971
Letícia Rodrigues Costa,leticia.rodrigues.costa.13864@example.com,Sorocaba,Jornalista,32,33684843070
Eduardo Pereira Nascimento,eduardo.pereira.nascimento.13865@example.com,Belém,Gerente de tecnologia,28,79967442000
Henrique Lima Gomes,henrique.lima.gomes.13866@example.com,Goiânia,Técnico em informática,36,30888432127
Nicolas Rodrigues Oliveira,nicolas.rodrigues.oliveira.13867@example.com,Belém,Chefe de departamento pessoal,58,20173816076
Ricardo Souza Rocha,ricardo.souza.rocha.13868@example.com,Campinas,Comprador,44,66369116797
José Mendes Carvalho,jose.mendes.carvalho.13869@example.com,Fortaleza,Chefe de compras,40,90224864316
Amanda Cardoso Araújo,amanda.cardoso.araujo.13870@example.com,Belo Horizonte,Coordenador de logística,66,75387375509
Luana Souza Santos,luana.souza.santos.13871@example.com,Caxias do Sul,Professor,36,41051153315
Pedro Barbosa Costa,pedro.barbosa.costa.13872@example.com,Campinas,Farmacêutico,44,60764315060
Gabriela Cardoso Oliveira,gabriela.cardoso.oliveira.13873@example.com,Sorocaba,Engenheiro civil,25,17139100969
Ricardo Carvalho Lima,ricardo.carvalho.lima.13874@example.com,Rondonópolis,Advogado,38,53524567257
Mariana Oliveira Alves,mariana.oliveira.alves.13875@example.com,Campinas,Cozinheiro,30,94657439426
Larissa Nascimento Souza,larissa.nascimento.souza.13876@example.com,Maringá,Recepcionista,23,47770210556
Bruno Freitas Cardoso,bruno.freitas.cardoso.13877@example.com,Rondonópolis,Supervisor de atendimento,40,45869286860
Amanda Dias Barros,amanda.dias.barros.13878@example.com,Curitiba,Recepcionista,66,79560664831
Juliana Souza Araújo,juliana.souza.araujo.13879@example.com,Vitória,Supervisor de manutenção,48,70916697426
Mariana Araújo Rodrigues,mariana.araujo.rodrigues.13880@example.com,Cuiabá,Coordenador de logística,55,29438499188
Nicolas Carvalho Fernandes,nicolas.carvalho.fernandes.13881@example.com,Recife,Jornalista,47,17418404044
Eduardo Pereira Cardoso,eduardo.pereira.cardoso.13882@example.com,Manaus,Mecânico,35,65571683093
Gustavo Barbosa Mendes,gustavo.barbosa.mendes.13883@example.com,Niterói,Estoquista,65,35927554022
Daniela Mendes Barros,daniela.mendes.barros.13884@example.com,Rondonópolis,Diretor comercial,58,11133357947
Vitória Lima Mendes,vitoria.lima.mendes.13885@example.com,Brasília,Fisioterapeuta,27,47757376324
Renata Barros Pereira,renata.barros.pereira.13886@example.com,Londrina,Pedreiro,44,72800259066
Rafael Carvalho Pereira,rafael.carvalho.pereira.13887@example.com,Manaus,Operador de caixa,58,15844671129
José Castro Carvalho,jose.castro.carvalho.13888@example.com,Natal,Auxiliar de produção,52,69135385631
Marcelo Rodrigues Castro,marcelo.rodrigues.castro.13889@example.com,Sorocaba,Técnico em informática,23,65286843507
Ana Araújo Dias,ana.araujo.dias.13890@example.com,Uberlândia,Diretor de operações,58,92737000285
João Carvalho Rocha,joao.carvalho.rocha.13891@example.com,Natal,Coordenador de produção,53,16791895677
João Lima Lima,joao.lima.lima.13892@example.com,Recife,Corretor de imóveis,32,50751906795
Gabriel Rodrigues Barros,gabriel.rodrigues.barros.13893@example.com,Vitória,Analista de marketing,44,65503722081
Letícia Rocha Nascimento,leticia.rocha.nascimento.13894@example.com,Belém,Estoquista,20,59187189259
Camila Barbosa Barbosa,camila.barbosa.barbosa.13895@example.com,Curitiba,Assistente administrativo,36,24543458370
Lucas Pereira Carvalho,lucas.pereira.carvalho.13896@example.com,Fortaleza,Vendedor,55,25626473049
Thiago Rocha Rodrigues,thiago.rocha.rodrigues.13897@example.com,Curitiba,Recepcionista,49,61089082455
Leonardo Lima Santos,leonardo.lima.santos.13898@example.com,Rondonópolis,Técnico em informática,24,27166587790
Felipe Freitas Carvalho,felipe.freitas.carvalho.13899@example.com,Uberlândia,Padeiro,48,68884607693
Carlos Carvalho Carvalho,carlos.carvalho.carvalho.13900@example.com,São Paulo,Encarregado de produção,24,73495550639
Vanessa Carvalho Ribeiro,vanessa.carvalho.ribeiro.13901@example.com,Curitiba,Designer gráfico,19,77720076690
Débora Rocha Santos,debora.rocha.santos.13902@example.com,Joinville,Padeiro,51,89770015369
Marcelo Monteiro Costa,marcelo.monteiro.costa.13903@example.com,Joinville,Vendedor,23,66385393802
Tatiane Almeida Alves,tatiane.almeida.alves.13904@example.com,Florianópolis,Assistente comercial,35,63802452392
Nicolas Ribeiro Alves,nicolas.ribeiro.alves.13905@example.com,Brasília,Analista de marketing,61,45761462413
Larissa Almeida Ribeiro,larissa.almeida.ribeiro.13906@example.com,Belo Horizonte,Gerente comercial,63,71624004582
Camila Teixeira Gomes,camila.teixeira.gomes.13907@example.com,Londrina,Chefe de almoxarifado,60,85601612907
Mariana Rodrigues Moreira,mariana.rodrigues.moreira.13908@example.com,Cuiabá,Programador,24,05364947858
Carolina Barbosa Pereira,carolina.barbosa.pereira.13909@example.com,Florianópolis,Técnico de enfermagem,32,04060460964
Bruno Alves Rocha,bruno.alves.rocha.13910@example.com,Santos,Designer gráfico,38,99594792999
Nicolas Gomes Araújo,nicolas.gomes.araujo.13911@example.com,Rio de Janeiro,Pedreiro,54,98579943749
Amanda Oliveira Carvalho,amanda.oliveira.carvalho.13912@example.com,Rio de Janeiro,Analista de marketing,57,61560533384
Nicolas Barros Souza,nicolas.barros.souza.13913@example.com,Rio de Janeiro,Farmacêutico,31,58587647658
Simone Barbosa Carvalho,simone.barbosa.carvalho.13914@example.com,Salvador,Analista financeiro,32,14459304645
Priscila Rodrigues Carvalho,priscila.rodrigues.carvalho.13915@example.com,Santos,Líder de equipe,62,94970573054
Thiago Araújo Almeida,thiago.araujo.almeida.13916@example.com,Campo Grande,Mecânico,39,01286938918
Fernanda Santos Costa,fernanda.santos.costa.13917@example.com,Londrina,Gerente comercial,44,48975034481
Juliana Martins Barbosa,juliana.martins.barbosa.13918@example.com,Salvador,Nutricionista,69,92842359289
Débora Cardoso Souza,debora.cardoso.souza.13919@example.com,Natal,Coordenador de logística,59,76364526846
Lucas Dias Costa,lucas.dias.costa.13920@example.com,Porto Alegre,Analista de marketing,38,57152819716
Felipe Gomes Barros,felipe.gomes.barros.13921@example.com,Santos,Contador,46,61759315854
Felipe Freitas Dias,felipe.freitas.dias.13922@example.com,Rondonópolis,Gerente financeiro,47,99742535344
João Rocha Mendes,joao.rocha.mendes.13923@example.com,Goiânia,Gerente financeiro,45,71569672125
Camila Freitas Monteiro,camila.freitas.monteiro.13924@example.com,Belo Horizonte,Gerente comercial,66,80652915297
Daniela Castro Ribeiro,daniela.castro.ribeiro.13925@example.com,Recife,Mecânico,19,29366267475
Tatiane Almeida Freitas,tatiane.almeida.freitas.13926@example.com,Goiânia,Encarregado de produção,21,30174041108
Renata Alves Alves,renata.alves.alves.13927@example.com,Rio de Janeiro,Contador,38,92979685276
Larissa Freitas Fernandes,larissa.freitas.fernandes.13928@example.com,Recife,Chefe de departamento pessoal,31,19497504011
Felipe Freitas Castro,felipe.freitas.castro.13929@example.com,Rio de Janeiro,Gerente de tecnologia,28,80568116061
Letícia Lima Carvalho,leticia.lima.carvalho.13930@example.com,Caxias do Sul,Advogado,70,81312421901
Carlos Moreira Silva,carlos.moreira.silva.13931@example.com,Dourados,Vendedor,23,54800238863
Débora Fernandes Santos,debora.fernandes.santos.13932@example.com,Recife,Eletricista,36,64868721938
Sandra Costa Pereira,sandra.costa.pereira.13933@example.com,Rondonópolis,Mecânico,49,83175496552
José Nascimento Castro,jose.nascimento.castro.13934@example.com,Salvador,Atendente,65,92353859782
Patrícia Pereira Alves,patricia.pereira.alves.13935@example.com,Santos,Estoquista,23,71362488125
Nicolas Araújo Santos,nicolas.araujo.santos.13936@example.com,Vitória,Coordenador administrativo,33,13256778852
Camila Castro Rocha,camila.castro.rocha.13937@example.com,Niterói,Supervisor de vendas,53,23815754194
Débora Gomes Araújo,debora.gomes.araujo.13938@example.com,Curitiba,Enfermeiro,49,26101793292
Lucas Freitas Barbosa,lucas.freitas.barbosa.13939@example.com,Campinas,Coordenador de produção,58,17185557507
Vanessa Pereira Rodrigues,vanessa.pereira.rodrigues.13940@example.com,Natal,Técnico em informática,30,14219269911
Pedro Monteiro Monteiro,pedro.monteiro.monteiro.13941@example.com,Campo Grande,Cozinheiro,36,71978959470
Vanessa Alves Santos,vanessa.alves.santos.13942@example.com,Niterói,Chefe de almoxarifado,40,71670085049
Juliana Mendes Rodrigues,juliana.mendes.rodrigues.13943@example.com,Caxias do Sul,Eletricista,64,14563836501
Vitória Mendes Fernandes,vitoria.mendes.fernandes.13944@example.com,Brasília,Analista financeiro,67,67080614139
Thiago Gomes Fernandes,thiago.gomes.fernandes.13945@example.com,Brasília,Professor,29,47320136564
Daniela Souza Castro,daniela.souza.castro.13946@example.com,Joinville,Líder de equipe,23,90746943982
Marcelo Silva Araújo,marcelo.silva.araujo.13947@example.com,Santos,Supervisor de qualidade,41,29072019566
Nicolas Souza Rodrigues,nicolas.souza.rodrigues.13948@example.com,Florianópolis,Fisioterapeuta,25,42897842847
Lucas Moreira Costa,lucas.moreira.costa.13949@example.com,Santos,Técnico em informática,40,32948519822
Letícia Cardoso Almeida,leticia.cardoso.almeida.13950@example.com,Niterói,Eletricista,24,52179880529
Ricardo Rocha Santos,ricardo.rocha.santos.13951@example.com,Caxias do Sul,Contador,59,92183963355
Daniela Araújo Mendes,daniela.araujo.mendes.13952@example.com,Recife,Arquiteto,31,76473075566
Igor Dias Teixeira,igor.dias.teixeira.13953@example.com,Belém,Gerente de operações,36,88234113433
Priscila Freitas Almeida,priscila.freitas.almeida.13954@example.com,Salvador,Diretor de operações,60,59252367003
Gabriela Castro Almeida,gabriela.castro.almeida.13955@example.com,São Paulo,Comprador,68,14306259908
Sandra Rocha Cardoso,sandra.rocha.cardoso.13956@example.com,Brasília,Jornalista,62,34014977742
Diego Pereira Monteiro,diego.pereira.monteiro.13957@example.com,Sorocaba,Cozinheiro,52,91633743606
Letícia Costa Nascimento,leticia.costa.nascimento.13958@example.com,Campinas,Supervisor de qualidade,35,44018658659
Luana Monteiro Carvalho,luana.monteiro.carvalho.13959@example.com,Curitiba,Estoquista,35,10484876777
Simone Fernandes Costa,simone.fernandes.costa.13960@example.com,Recife,Comprador,67,37526027274
Diego Teixeira Fernandes,diego.teixeira.fernandes.13961@example.com,Goiânia,Gerente financeiro,34,14842033992
Felipe Silva Gomes,felipe.silva.gomes.13962@example.com,Fortaleza,Coordenador de produção,43,24253421628
Patrícia Teixeira Rocha,patricia.teixeira.rocha.13963@example.com,Brasília,Coordenador de logística,52,13900213313
Juliana Moreira Rocha,juliana.moreira.rocha.13964@example.com,Natal,Coordenador de marketing,38,49370921383
Ana Araújo Fernandes,ana.araujo.fernandes.13965@example.com,Salvador,Gerente de tecnologia,30,34132226191
Mariana Gomes Santos,mariana.gomes.santos.13966@example.com,Uberlândia,Cozinheiro,40,42143843293
Gustavo Carvalho Ribeiro,gustavo.carvalho.ribeiro.13967@example.com,Rio de Janeiro,Diretor comercial,27,54049469186
Gabriela Freitas Araújo,gabriela.freitas.araujo.13968@example.com,Florianópolis,Vendedor,26,76620398365
Mariana Ribeiro Araújo,mariana.ribeiro.araujo.13969@example.com,São Paulo,Gerente de operações,45,30082455785
Sérgio Nascimento Carvalho,sergio.nascimento.carvalho.13970@example.com,Niterói,Auxiliar de produção,43,75186170034
Ana Martins Carvalho,ana.martins.carvalho.13971@example.com,Campinas,Auxiliar de produção,22,37367147055
Gabriel Araújo Alves,gabriel.araujo.alves.13972@example.com,Rondonópolis,Chefe de compras,30,05569106088
Patrícia Costa Martins,patricia.costa.martins.13973@example.com,Joinville,Gerente de tecnologia,23,91598329539
Bruno Castro Pereira,bruno.castro.pereira.13974@example.com,Santos,Diretor de operações,65,73237341874
Aline Dias Barbosa,aline.dias.barbosa.13975@example.com,Vitória,Atendente,36,88110809974
Tatiane Teixeira Oliveira,tatiane.teixeira.oliveira.13976@example.com,Caxias do Sul,Diretor de operações,62,93400637658
Patrícia Pereira Oliveira,patricia.pereira.oliveira.13977@example.com,Belo Horizonte,Comprador,34,19942742409
Carlos Santos Castro,carlos.santos.castro.13978@example.com,Porto Alegre,Nutricionista,62,13861413026
Bruno Alves Barros,bruno.alves.barros.13979@example.com,Recife,Arquiteto,26,07584286810
Pedro Rocha Mendes,pedro.rocha.mendes.13980@example.com,Salvador,Designer gráfico,65,61425086917
Letícia Rodrigues Cardoso,leticia.rodrigues.cardoso.13981@example.com,Manaus,Chefe de departamento pessoal,21,71236218988
Bruno Martins Teixeira,bruno.martins.teixeira.13982@example.com,Vitória,Assistente administrativo,24,70450401742
Vinícius Ribeiro Barbosa,vinicius.ribeiro.barbosa.13983@example.com,Goiânia,Mecânico,32,26896733018
Felipe Lima Monteiro,felipe.lima.monteiro.13984@example.com,Campinas,Supervisor de manutenção,29,49782672097
Eduardo Santos Almeida,eduardo.santos.almeida.13985@example.com,Natal,Gerente de recursos humanos,20,47860317317
Fernanda Dias Mendes,fernanda.dias.mendes.13986@example.com,Joinville,Diretor de operações,55,38071131317
Aline Souza Araújo,aline.souza.araujo.13987@example.com,Salvador,Mecânico,32,52376669263
Carlos Almeida Lima,carlos.almeida.lima.13988@example.com,Joinville,Auxiliar de produção,37,47808966326
Mariana Mendes Dias,mariana.mendes.dias.13989@example.com,Londrina,Chefe de compras,21,28854285121
Gabriel Rodrigues Almeida,gabriel.rodrigues.almeida.13990@example.com,Salvador,Coordenador de marketing,31,63536135090
Patrícia Costa Pereira,patricia.costa.pereira.13991@example.com,Uberlândia,Coordenador de produção,29,29388486406
Gabriel Barbosa Teixeira,gabriel.barbosa.teixeira.13992@example.com,Goiânia,Analista de dados,42,34673915710
Vinícius Teixeira Lima,vinicius.teixeira.lima.13993@example.com,Natal,Coordenador administrativo,43,85466740546
Débora Almeida Ribeiro,debora.almeida.ribeiro.13994@example.com,Cuiabá,Atendente,40,32065337279
Simone Mendes Pereira,simone.mendes.pereira.13995@example.com,Goiânia,Eletricista,66,36069161989
Daniela Carvalho Fernandes,daniela.carvalho.fernandes.13996@example.com,Vitória,Comprador,66,64759873767
Diego Teixeira Araújo,diego.teixeira.araujo.13997@example.com,Campo Grande,Farmacêutico,53,71714078394
Tatiane Almeida Lima,tatiane.almeida.lima.13998@example.com,Belém,Assistente administrativo,53,59220750890
Gabriel Martins Santos,gabriel.martins.santos.13999@example.com,Sorocaba,Professor,67,19256328420
Marcelo Rocha Barbosa,marcelo.rocha.barbosa.14000@example.com,Joinville,Chefe de departamento pessoal,26,98297909561
Débora Almeida Monteiro,debora.almeida.monteiro.14001@example.com,Fortaleza,Auxiliar de produção,64,65524712169
Nicolas Carvalho Barbosa,nicolas.carvalho.barbosa.14002@example.com,Belo Horizonte,Analista financeiro,23,39168334566
Henrique Almeida Monteiro,henrique.almeida.monteiro.14003@example.com,Uberlândia,Coordenador administrativo,52,98180431077
Sérgio Mendes Souza,sergio.mendes.souza.14004@example.com,Natal,Coordenador administrativo,18,44746954702
Larissa Cardoso Teixeira,larissa.cardoso.teixeira.14005@example.com,Vitória,Chefe de departamento pessoal,21,08724974235
Simone Fernandes Monteiro,simone.fernandes.monteiro.14006@example.com,Belo Horizonte,Motorista,57,34069863754
Carlos Cardoso Moreira,carlos.cardoso.moreira.14007@example.com,Rondonópolis,Gerente de recursos humanos,55,12131793623
Diego Araújo Souza,diego.araujo.souza.14008@example.com,Joinville,Assistente comercial,20,21586093336
Letícia Oliveira Ribeiro,leticia.oliveira.ribeiro.14009@example.com,Brasília,Gerente financeiro,36,66132738834
Marcelo Nascimento Barros,marcelo.nascimento.barros.14010@example.com,Natal,Assistente administrativo,40,50952699379
Eduardo Silva Gomes,eduardo.silva.gomes.14011@example.com,Porto Alegre,Fisioterapeuta,32,99292982220
Vinícius Silva Castro,vinicius.silva.castro.14012@example.com,Belém,Engenheiro civil,36,60297093043
Letícia Lima Martins,leticia.lima.martins.14013@example.com,Sorocaba,Auxiliar de produção,25,38223208015
Letícia Araújo Rocha,leticia.araujo.rocha.14014@example.com,Dourados,Motorista,45,65513227106
Marcelo Castro Ribeiro,marcelo.castro.ribeiro.14015@example.com,Salvador,Chefe de almoxarifado,44,70915026895
Paulo Teixeira Fernandes,paulo.teixeira.fernandes.14016@example.com,Fortaleza,Padeiro,50,61849559444
Vitória Moreira Fernandes,vitoria.moreira.fernandes.14017@example.com,Campinas,Arquiteto,37,69381242759
Gabriela Teixeira Pereira,gabriela.teixeira.pereira.14018@example.com,Belém,Chefe de almoxarifado,37,77600923620
Marcelo Souza Martins,marcelo.souza.martins.14019@example.com,Maringá,Gerente de recursos humanos,49,57249981480
Pedro Gomes Barros,pedro.gomes.barros.14020@example.com,Florianópolis,Atendente,20,72440911092
Letícia Monteiro Alves,leticia.monteiro.alves.14021@example.com,Sorocaba,Auxiliar de produção,42,68936410731
Gabriela Barros Cardoso,gabriela.barros.cardoso.14022@example.com,Dourados,Técnico de segurança do trabalho,52,05514418772
Letícia Barbosa Almeida,leticia.barbosa.almeida.14023@example.com,Recife,Supervisor de vendas,59,07762147868
Gabriela Araújo Almeida,gabriela.araujo.almeida.14024@example.com,Santos,Coordenador administrativo,65,50011313475
Débora Ribeiro Rodrigues,debora.ribeiro.rodrigues.14025@example.com,Londrina,Chefe de departamento pessoal,50,57457012489
Ricardo Fernandes Fernandes,ricardo.fernandes.fernandes.14026@example.com,Campinas,Mecânico,27,74359476942
Rafael Freitas Teixeira,rafael.freitas.teixeira.14027@example.com,Sorocaba,Coordenador administrativo,46,83242533675
Larissa Fernandes Costa,larissa.fernandes.costa.14028@example.com,Campo Grande,Encarregado de produção,68,03510596115
Gabriel Cardoso Castro,gabriel.cardoso.castro.14029@example.com,Campinas,Analista de marketing,18,22029692797
José Teixeira Rodrigues,jose.teixeira.rodrigues.14030@example.com,Uberlândia,Analista de marketing,39,54014089162
Gabriel Barbosa Martins,gabriel.barbosa.martins.14031@example.com,Londrina,Professor,35,56926214607
Vanessa Castro Monteiro,vanessa.castro.monteiro.14032@example.com,Dourados,Recepcionista,64,36889264896
Carlos Barros Castro,carlos.barros.castro.14033@example.com,Goiânia,Técnico em informática,22,21470015931
Gabriel Santos Teixeira,gabriel.santos.teixeira.14034@example.com,Londrina,Diretor de operações,69,21667978447
Simone Castro Freitas,simone.castro.freitas.14035@example.com,Belém,Mecânico,30,85314974909
Sérgio Mendes Rocha,sergio.mendes.rocha.14036@example.com,Campo Grande,Padeiro,59,21006313701
Bruno Castro Moreira,bruno.castro.moreira.14037@example.com,Florianópolis,Padeiro,70,64078066065
Fernanda Silva Ribeiro,fernanda.silva.ribeiro.14038@example.com,Salvador,Supervisor de atendimento,57,16976606692
Rafael Carvalho Silva,rafael.carvalho.silva.14039@example.com,Campo Grande,Diretor comercial,56,35962473292
Vanessa Santos Oliveira,vanessa.santos.oliveira.14040@example.com,Belo Horizonte,Operador de caixa,35,79614183746
Letícia Pereira Lima,leticia.pereira.lima.14041@example.com,Niterói,Chefe de compras,63,20079995065
Daniela Monteiro Monteiro,daniela.monteiro.monteiro.14042@example.com,São Paulo,Analista de dados,63,54512147554
Letícia Carvalho Silva,leticia.carvalho.silva.14043@example.com,Recife,Técnico de enfermagem,38,21105230652
Lucas Freitas Barbosa,lucas.freitas.barbosa.14044@example.com,Cuiabá,Coordenador de produção,30,07888110584
Aline Mendes Oliveira,aline.mendes.oliveira.14045@example.com,Florianópolis,Advogado,41,51894514111
Bruno Cardoso Barbosa,bruno.cardoso.barbosa.14046@example.com,Uberlândia,Coordenador de produção,36,62968629060
Gustavo Dias Rodrigues,gustavo.dias.rodrigues.14047@example.com,Campinas,Farmacêutico,52,16796247405
Beatriz Rodrigues Gomes,beatriz.rodrigues.gomes.14048@example.com,Maringá,Atendente,30,69422436865
Pedro Freitas Gomes,pedro.freitas.gomes.14049@example.com,Florianópolis,Vendedor,37,47218386426
Renata Silva Almeida,renata.silva.almeida.14050@example.com,Manaus,Estoquista,35,89296096801
Vitória Monteiro Santos,vitoria.monteiro.santos.14051@example.com,Curitiba,Professor,34,79906328295
Larissa Gomes Lima,larissa.gomes.lima.14052@example.com,Sorocaba,Farmacêutico,49,52905940518
Renata Souza Pereira,renata.souza.pereira.14053@example.com,Cuiabá,Coordenador de produção,34,89152233413
Fernanda Pereira Alves,fernanda.pereira.alves.14054@example.com,Curitiba,Advogado,63,13229434733
Bruno Almeida Barbosa,bruno.almeida.barbosa.14055@example.com,Belo Horizonte,Gerente de tecnologia,49,66102962841
Diego Teixeira Pereira,diego.teixeira.pereira.14056@example.com,Manaus,Diretor comercial,27,12447539772
Diego Souza Rodrigues,diego.souza.rodrigues.14057@example.com,Curitiba,Coordenador de marketing,54,76597387629
Nicolas Santos Dias,nicolas.santos.dias.14058@example.com,Maringá,Gerente financeiro,25,49422815527
Felipe Fernandes Barros,felipe.fernandes.barros.14059@example.com,Campinas,Designer gráfico,59,22992138280
José Rocha Freitas,jose.rocha.freitas.14060@example.com,Londrina,Gerente financeiro,59,32113942302
Bruno Mendes Martins,bruno.mendes.martins.14061@example.com,Manaus,Gerente de recursos humanos,37,78764600116
José Fernandes Teixeira,jose.fernandes.teixeira.14062@example.com,Florianópolis,Motorista,40,74609065670
Sandra Nascimento Moreira,sandra.nascimento.moreira.14063@example.com,Brasília,Diretor comercial,21,29662570794
Débora Fernandes Monteiro,debora.fernandes.monteiro.14064@example.com,Vitória,Engenheiro civil,41,62492785636
Leonardo Cardoso Pereira,leonardo.cardoso.pereira.14065@example.com,Vitória,Gerente de operações,67,36781028817
Tatiane Araújo Castro,tatiane.araujo.castro.14066@example.com,Belém,Advogado,20,66237556461
Fernanda Monteiro Mendes,fernanda.monteiro.mendes.14067@example.com,Salvador,Arquiteto,52,12159236702
Carlos Carvalho Ribeiro,carlos.carvalho.ribeiro.14068@example.com,Goiânia,Diretor comercial,41,09353319847
Ana Mendes Ribeiro,ana.mendes.ribeiro.14069@example.com,Natal,Analista de marketing,31,10744782582
Carlos Moreira Santos,carlos.moreira.santos.14070@example.com,Florianópolis,Motorista,31,36005569328
Gustavo Teixeira Martins,gustavo.teixeira.martins.14071@example.com,Rondonópolis,Designer gráfico,38,46685224340
Carlos Carvalho Araújo,carlos.carvalho.araujo.14072@example.com,Florianópolis,Padeiro,44,04895631813
José Monteiro Oliveira,jose.monteiro.oliveira.14073@example.com,Sorocaba,Diretor de operações,46,33591001219
Paulo Costa Araújo,paulo.costa.araujo.14074@example.com,Belo Horizonte,Estoquista,35,37447363213
Lucas Almeida Almeida,lucas.almeida.almeida.14075@example.com,Londrina,Eletricista,31,35204986540
Bruno Silva Teixeira,bruno.silva.teixeira.14076@example.com,Campinas,Supervisor de manutenção,23,82458314227
Juliana Costa Rodrigues,juliana.costa.rodrigues.14077@example.com,Campo Grande,Enfermeiro,25,57702395391
Beatriz Oliveira Pereira,beatriz.oliveira.pereira.14078@example.com,Uberlândia,Chefe de almoxarifado,58,78224750428
Gabriel Dias Alves,gabriel.dias.alves.14079@example.com,Natal,Designer gráfico,41,58945146395
Débora Lima Cardoso,debora.lima.cardoso.14080@example.com,Natal,Contador,48,44299584287
Renata Lima Lima,renata.lima.lima.14081@example.com,Joinville,Encarregado de produção,68,94571524070
Felipe Alves Barros,felipe.alves.barros.14082@example.com,Porto Alegre,Analista de marketing,50,33708360118
Tatiane Araújo Oliveira,tatiane.araujo.oliveira.14083@example.com,Brasília,Líder de equipe,58,91252249870
Gabriel Souza Araújo,gabriel.souza.araujo.14084@example.com,Campo Grande,Coordenador de produção,26,30813262404
Fernanda Gomes Souza,fernanda.gomes.souza.14085@example.com,Caxias do Sul,Técnico em informática,38,62796921058
Aline Alves Fernandes,aline.alves.fernandes.14086@example.com,Uberlândia,Chefe de compras,48,91416978098
Patrícia Araújo Moreira,patricia.araujo.moreira.14087@example.com,Londrina,Engenheiro civil,37,56015464526
Luana Araújo Oliveira,luana.araujo.oliveira.14088@example.com,Vitória,Advogado,38,71716711722
Gustavo Barbosa Souza,gustavo.barbosa.souza.14089@example.com,Natal,Designer gráfico,66,45830612679
Lucas Cardoso Gomes,lucas.cardoso.gomes.14090@example.com,Porto Alegre,Chefe de departamento pessoal,42,61700691888
Fernanda Costa Martins,fernanda.costa.martins.14091@example.com,Uberlândia,Eletricista,39,25905469973
Vinícius Costa Barbosa,vinicius.costa.barbosa.14092@example.com,Fortaleza,Analista financeiro,40,05675416827
Daniela Carvalho Carvalho,daniela.carvalho.carvalho.14093@example.com,Londrina,Analista de dados,59,30732351482
Carlos Moreira Pereira,carlos.moreira.pereira.14094@example.com,Campinas,Chefe de compras,48,44155413486
Pedro Freitas Lima,pedro.freitas.lima.14095@example.com,Rio de Janeiro,Gerente financeiro,62,81420179816
Beatriz Moreira Araújo,beatriz.moreira.araujo.14096@example.com,Cuiabá,Chefe de compras,29,34824451574
Amanda Costa Dias,amanda.costa.dias.14097@example.com,Joinville,Farmacêutico,68,19980550768
Débora Alves Martins,debora.alves.martins.14098@example.com,Goiânia,Técnico de enfermagem,19,82695231054
Carlos Gomes Mendes,carlos.gomes.mendes.14099@example.com,Joinville,Técnico em informática,27,10711663453
Paulo Dias Lima,paulo.dias.lima.14100@example.com,Santos,Gerente de recursos humanos,68,34202945427
Juliana Santos Cardoso,juliana.santos.cardoso.14101@example.com,Cuiabá,Jornalista,35,46794103551
Fernanda Souza Silva,fernanda.souza.silva.14102@example.com,Brasília,Coordenador de marketing,63,48892562838
Nicolas Teixeira Carvalho,nicolas.teixeira.carvalho.14103@example.com,Dourados,Motorista,48,10870496414
Patrícia Gomes Nascimento,patricia.gomes.nascimento.14104@example.com,Niterói,Chefe de compras,63,45667277093
Henrique Araújo Freitas,henrique.araujo.freitas.14105@example.com,Vitória,Corretor de imóveis,58,82997343071
Carolina Barros Dias,carolina.barros.dias.14106@example.com,Brasília,Pedreiro,26,21771740010
Otávio Costa Rodrigues,otavio.costa.rodrigues.14107@example.com,Recife,Estoquista,25,95272864674
Fernanda Carvalho Fernandes,fernanda.carvalho.fernandes.14108@example.com,Curitiba,Operador de caixa,32,36538049807
Henrique Alves Castro,henrique.alves.castro.14109@example.com,Cuiabá,Recepcionista,19,41039417198
Juliana Moreira Barbosa,juliana.moreira.barbosa.14110@example.com,Rondonópolis,Diretor de operações,50,60447354078
Ana Monteiro Gomes,ana.monteiro.gomes.14111@example.com,Campinas,Engenheiro civil,67,50602317289
Priscila Costa Monteiro,priscila.costa.monteiro.14112@example.com,Recife,Atendente,29,30056781220
Sandra Rodrigues Barros,sandra.rodrigues.barros.14113@example.com,Curitiba,Corretor de imóveis,20,76211340631
Carolina Barros Moreira,carolina.barros.moreira.14114@example.com,Campinas,Fisioterapeuta,53,59861468807
Luana Freitas Oliveira,luana.freitas.oliveira.14115@example.com,Fortaleza,Encarregado de produção,70,03995850184
Mariana Silva Souza,mariana.silva.souza.14116@example.com,Niterói,Técnico em informática,35,49633707227
Ana Barros Ribeiro,ana.barros.ribeiro.14117@example.com,Natal,Coordenador de marketing,63,11229750179
Tatiane Fernandes Monteiro,tatiane.fernandes.monteiro.14118@example.com,Rio de Janeiro,Diretor comercial,49,39171748448
Paulo Fernandes Gomes,paulo.fernandes.gomes.14119@example.com,Vitória,Encarregado de produção,40,73773837489
José Barbosa Nascimento,jose.barbosa.nascimento.14120@example.com,Campinas,Coordenador de produção,45,74478670063
Bruno Silva Oliveira,bruno.silva.oliveira.14121@example.com,Caxias do Sul,Designer gráfico,20,86622972146
Lucas Martins Moreira,lucas.martins.moreira.14122@example.com,Cuiabá,Arquiteto,53,30901928292
Fernanda Moreira Barbosa,fernanda.moreira.barbosa.14123@example.com,Salvador,Vendedor,68,45162558033
Carlos Oliveira Almeida,carlos.oliveira.almeida.14124@example.com,Belém,Designer gráfico,38,36448074734
Letícia Alves Freitas,leticia.alves.freitas.14125@example.com,Maringá,Técnico em informática,43,15195118237
Gabriel Nascimento Gomes,gabriel.nascimento.gomes.14126@example.com,Dourados,Assistente administrativo,43,58879125350
Vitória Moreira Barros,vitoria.moreira.barros.14127@example.com,Sorocaba,Gerente comercial,46,43993349357
Sandra Castro Ribeiro,sandra.castro.ribeiro.14128@example.com,Vitória,Cozinheiro,64,38829696308
Vanessa Nascimento Souza,vanessa.nascimento.souza.14129@example.com,Curitiba,Assistente administrativo,60,97764574569
Patrícia Gomes Santos,patricia.gomes.santos.14130@example.com,Niterói,Engenheiro civil,18,18068769292
Sérgio Barbosa Dias,sergio.barbosa.dias.14131@example.com,Londrina,Diretor comercial,19,16838094269
Juliana Barros Freitas,juliana.barros.freitas.14132@example.com,Goiânia,Corretor de imóveis,63,64752970848
Carolina Rocha Almeida,carolina.rocha.almeida.14133@example.com,Brasília,Líder de equipe,51,64535728115
Luana Costa Fernandes,luana.costa.fernandes.14134@example.com,Recife,Corretor de imóveis,20,41554792970
Eduardo Rodrigues Carvalho,eduardo.rodrigues.carvalho.14135@example.com,Joinville,Fisioterapeuta,25,02652033319
Thiago Oliveira Martins,thiago.oliveira.martins.14136@example.com,Maringá,Vendedor,20,88532104245
Henrique Moreira Pereira,henrique.moreira.pereira.14137@example.com,Cuiabá,Fisioterapeuta,56,39395302280
Daniela Gomes Nascimento,daniela.gomes.nascimento.14138@example.com,Sorocaba,Gerente de recursos humanos,38,50226237647
Beatriz Pereira Castro,beatriz.pereira.castro.14139@example.com,Londrina,Gerente financeiro,21,32122201533
José Monteiro Barbosa,jose.monteiro.barbosa.14140@example.com,Fortaleza,Encarregado de produção,21,77704993553
João Mendes Silva,joao.mendes.silva.14141@example.com,Sorocaba,Coordenador de logística,42,30703822026
Felipe Barbosa Monteiro,felipe.barbosa.monteiro.14142@example.com,Sorocaba,Designer gráfico,27,71237912777
Débora Souza Lima,debora.souza.lima.14143@example.com,Sorocaba,Nutricionista,62,43851755642
Beatriz Oliveira Fernandes,beatriz.oliveira.fernandes.14144@example.com,Porto Alegre,Advogado,21,48204627813
Diego Santos Gomes,diego.santos.gomes.14145@example.com,Campo Grande,Chefe de departamento pessoal,21,81394769315
Rafael Mendes Moreira,rafael.mendes.moreira.14146@example.com,Salvador,Programador,52,88678181681
Ricardo Almeida Moreira,ricardo.almeida.moreira.14147@example.com,Belo Horizonte,Coordenador de logística,21,13753849760
Henrique Rodrigues Monteiro,henrique.rodrigues.monteiro.14148@example.com,Dourados,Encarregado de produção,19,83251473433
Patrícia Rodrigues Moreira,patricia.rodrigues.moreira.14149@example.com,Dourados,Farmacêutico,38,22578505729
Letícia Fernandes Castro,leticia.fernandes.castro.14150@example.com,Belo Horizonte,Auxiliar de produção,38,55991787633
Camila Ribeiro Pereira,camila.ribeiro.pereira.14151@example.com,Vitória,Coordenador de logística,35,22240185834
Ana Pereira Cardoso,ana.pereira.cardoso.14152@example.com,Campinas,Analista de recursos humanos,68,66397204170
Tatiane Martins Fernandes,tatiane.martins.fernandes.14153@example.com,Goiânia,Analista de marketing,49,90834443056
Fernanda Barbosa Mendes,fernanda.barbosa.mendes.14154@example.com,Manaus,Designer gráfico,68,22918941296
Paulo Lima Lima,paulo.lima.lima.14155@example.com,Belo Horizonte,Técnico de segurança do trabalho,39,14538274208
Eduardo Castro Barbosa,eduardo.castro.barbosa.14156@example.com,Rondonópolis,Supervisor de atendimento,19,63182540959
Mariana Cardoso Almeida,mariana.cardoso.almeida.14157@example.com,Fortaleza,Gerente financeiro,65,11100562651
Pedro Teixeira Oliveira,pedro.teixeira.oliveira.14158@example.com,Londrina,Analista de recursos humanos,18,39732874522
Simone Monteiro Cardoso,simone.monteiro.cardoso.14159@example.com,Maringá,Estoquista,33,82605404667
Larissa Moreira Ribeiro,larissa.moreira.ribeiro.14160@example.com,Belo Horizonte,Analista de marketing,27,96792254126
Ana Costa Dias,ana.costa.dias.14161@example.com,Brasília,Enfermeiro,47,60644904305
Thiago Pereira Monteiro,thiago.pereira.monteiro.14162@example.com,Natal,Coordenador de produção,21,02635206432
Sérgio Alves Castro,sergio.alves.castro.14163@example.com,Salvador,Analista financeiro,29,82068431401
Diego Moreira Rocha,diego.moreira.rocha.14164@example.com,Florianópolis,Chefe de departamento pessoal,61,27258543899
Beatriz Oliveira Moreira,beatriz.oliveira.moreira.14165@example.com,Niterói,Advogado,45,66213747499
Carolina Monteiro Ribeiro,carolina.monteiro.ribeiro.14166@example.com,Rondonópolis,Analista de marketing,46,23550651610
Gustavo Carvalho Santos,gustavo.carvalho.santos.14167@example.com,Curitiba,Chefe de compras,69,72916654842
Diego Freitas Martins,diego.freitas.martins.14168@example.com,Curitiba,Advogado,25,88998348704
Daniela Costa Mendes,daniela.costa.mendes.14169@example.com,Niterói,Supervisor de qualidade,62,87972586383
Daniela Carvalho Oliveira,daniela.carvalho.oliveira.14170@example.com,São Paulo,Mecânico,27,84349524763
Vinícius Barbosa Teixeira,vinicius.barbosa.teixeira.14171@example.com,Campo Grande,Farmacêutico,60,75941583223
Carolina Rodrigues Silva,carolina.rodrigues.silva.14172@example.com,Uberlândia,Motorista,64,33166048439
Gabriela Oliveira Rocha,gabriela.oliveira.rocha.14173@example.com,Florianópolis,Engenheiro civil,51,51206066981
Pedro Castro Dias,pedro.castro.dias.14174@example.com,Santos,Motorista,40,28153272730
Beatriz Teixeira Alves,beatriz.teixeira.alves.14175@example.com,Manaus,Gerente financeiro,28,85857703219
Sérgio Barbosa Barros,sergio.barbosa.barros.14176@example.com,Porto Alegre,Enfermeiro,38,92395276558
Fernanda Gomes Souza,fernanda.gomes.souza.14177@example.com,Dourados,Pedreiro,42,42057594898
Luana Martins Araújo,luana.martins.araujo.14178@example.com,Vitória,Eletricista,35,01952188885
João Pereira Rodrigues,joao.pereira.rodrigues.14179@example.com,Salvador,Jornalista,30,09142804809
Thiago Souza Rodrigues,thiago.souza.rodrigues.14180@example.com,Rio de Janeiro,Coordenador administrativo,41,53678152313
Gustavo Dias Santos,gustavo.dias.santos.14181@example.com,Santos,Advogado,35,10955300699
Luana Souza Barros,luana.souza.barros.14182@example.com,Santos,Padeiro,23,37955676611
Vanessa Martins Rocha,vanessa.martins.rocha.14183@example.com,Recife,Técnico em informática,31,38915134381
Sérgio Almeida Pereira,sergio.almeida.pereira.14184@example.com,Rondonópolis,Engenheiro civil,54,47374289497
Aline Souza Martins,aline.souza.martins.14185@example.com,Uberlândia,Jornalista,56,56152393975
Ana Ribeiro Teixeira,ana.ribeiro.teixeira.14186@example.com,Brasília,Comprador,40,59037832845
Vinícius Dias Moreira,vinicius.dias.moreira.14187@example.com,Campinas,Mecânico,25,70833333579
Ana Moreira Ribeiro,ana.moreira.ribeiro.14188@example.com,Manaus,Designer gráfico,32,56383455721
Amanda Moreira Souza,amanda.moreira.souza.14189@example.com,Rio de Janeiro,Recepcionista,33,65450030411
Luana Lima Castro,luana.lima.castro.14190@example.com,Belo Horizonte,Corretor de imóveis,46,74013299181
Beatriz Ribeiro Barros,beatriz.ribeiro.barros.14191@example.com,Fortaleza,Eletricista,32,91350528574
Gabriela Almeida Nascimento,gabriela.almeida.nascimento.14192@example.com,Uberlândia,Corretor de imóveis,52,63224412527
Simone Costa Martins,simone.costa.martins.14193@example.com,Campo Grande,Diretor comercial,20,06347082924
Simone Gomes Freitas,simone.gomes.freitas.14194@example.com,Vitória,Analista de recursos humanos,70,89155390295
Camila Pereira Almeida,camila.pereira.almeida.14195@example.com,Brasília,Técnico em informática,28,09840850593
Gabriel Alves Pereira,gabriel.alves.pereira.14196@example.com,Curitiba,Encarregado de produção,19,84095433782
Amanda Martins Barbosa,amanda.martins.barbosa.14197@example.com,Goiânia,Chefe de almoxarifado,38,47954216476
Gabriela Martins Castro,gabriela.martins.castro.14198@example.com,Curitiba,Coordenador de marketing,67,88879972547
Carlos Nascimento Dias,carlos.nascimento.dias.14199@example.com,Vitória,Pedreiro,23,54573146654
Nicolas Alves Costa,nicolas.alves.costa.14200@example.com,Curitiba,Corretor de imóveis,59,06460671487
Leonardo Rocha Gomes,leonardo.rocha.gomes.14201@example.com,São Paulo,Gerente de recursos humanos,24,50341938140
Otávio Martins Monteiro,otavio.martins.monteiro.14202@example.com,Caxias do Sul,Advogado,36,32962483086
Aline Pereira Freitas,aline.pereira.freitas.14203@example.com,Campinas,Coordenador de marketing,50,89272828967
Eduardo Monteiro Rocha,eduardo.monteiro.rocha.14204@example.com,Niterói,Técnico em informática,48,59521740922
Luana Castro Lima,luana.castro.lima.14205@example.com,Joinville,Líder de equipe,46,80749102073
Fernanda Castro Mendes,fernanda.castro.mendes.14206@example.com,Fortaleza,Chefe de departamento pessoal,36,41563004549
Pedro Dias Almeida,pedro.dias.almeida.14207@example.com,Belo Horizonte,Técnico de segurança do trabalho,38,76963347748
Larissa Fernandes Nascimento,larissa.fernandes.nascimento.14208@example.com,Uberlândia,Chefe de almoxarifado,49,55596570037
Felipe Moreira Monteiro,felipe.moreira.monteiro.14209@example.com,Recife,Programador,54,95971097029
Juliana Fernandes Freitas,juliana.fernandes.freitas.14210@example.com,Recife,Analista de dados,31,73754332780
Amanda Dias Teixeira,amanda.dias.teixeira.14211@example.com,Joinville,Coordenador administrativo,35,74311454777
Larissa Oliveira Castro,larissa.oliveira.castro.14212@example.com,Belém,Chefe de compras,42,71243054719
Beatriz Santos Martins,beatriz.santos.martins.14213@example.com,Natal,Auxiliar de produção,31,45693983435
Beatriz Oliveira Rodrigues,beatriz.oliveira.rodrigues.14214@example.com,Campo Grande,Professor,31,49295817852
Eduardo Nascimento Mendes,eduardo.nascimento.mendes.14215@example.com,Sorocaba,Cozinheiro,40,36793881953
Priscila Freitas Costa,priscila.freitas.costa.14216@example.com,Londrina,Analista de dados,59,54312629386
Vanessa Oliveira Rodrigues,vanessa.oliveira.rodrigues.14217@example.com,Cuiabá,Recepcionista,54,51791321864
Ana Monteiro Pereira,ana.monteiro.pereira.14218@example.com,Caxias do Sul,Farmacêutico,54,24401041556
Marcelo Moreira Pereira,marcelo.moreira.pereira.14219@example.com,Brasília,Analista de marketing,50,39067404589
Felipe Carvalho Barbosa,felipe.carvalho.barbosa.14220@example.com,São Paulo,Supervisor de manutenção,61,71359878390
Patrícia Rodrigues Souza,patricia.rodrigues.souza.14221@example.com,Salvador,Mecânico,41,06220522232
Simone Carvalho Rocha,simone.carvalho.rocha.14222@example.com,Sorocaba,Corretor de imóveis,51,19415593687
Juliana Carvalho Castro,juliana.carvalho.castro.14223@example.com,Campinas,Estoquista,52,32170780785
Gustavo Costa Fernandes,gustavo.costa.fernandes.14224@example.com,Caxias do Sul,Analista de dados,21,68456490223
Bruno Teixeira Alves,bruno.teixeira.alves.14225@example.com,Fortaleza,Pedreiro,48,54738608106
Leonardo Martins Nascimento,leonardo.martins.nascimento.14226@example.com,Sorocaba,Operador de caixa,55,04164620209
Thiago Barros Santos,thiago.barros.santos.14227@example.com,São Paulo,Chefe de departamento pessoal,58,29536394588
Bruno Costa Barbosa,bruno.costa.barbosa.14228@example.com,Dourados,Analista de marketing,23,06908595927
Marcelo Barbosa Mendes,marcelo.barbosa.mendes.14229@example.com,Niterói,Analista financeiro,19,36149521361
Igor Silva Costa,igor.silva.costa.14230@example.com,Londrina,Enfermeiro,59,58102816160
Paulo Pereira Teixeira,paulo.pereira.teixeira.14231@example.com,Goiânia,Fisioterapeuta,56,95686613421
Vitória Mendes Barros,vitoria.mendes.barros.14232@example.com,Manaus,Supervisor de atendimento,22,02652609947
Ana Pereira Freitas,ana.pereira.freitas.14233@example.com,Fortaleza,Recepcionista,65,30511518469
Carlos Teixeira Rodrigues,carlos.teixeira.rodrigues.14234@example.com,Maringá,Gerente de recursos humanos,69,51710649236
Marcelo Barbosa Teixeira,marcelo.barbosa.teixeira.14235@example.com,Recife,Coordenador de logística,46,96133275898
Sérgio Almeida Freitas,sergio.almeida.freitas.14236@example.com,Sorocaba,Arquiteto,58,01741684129
Letícia Rodrigues Dias,leticia.rodrigues.dias.14237@example.com,Caxias do Sul,Estoquista,49,31301395281
Sérgio Alves Barbosa,sergio.alves.barbosa.14238@example.com,Uberlândia,Operador de caixa,40,48947685851
Letícia Ribeiro Martins,leticia.ribeiro.martins.14239@example.com,Vitória,Padeiro,70,22960344460
Bruno Costa Ribeiro,bruno.costa.ribeiro.14240@example.com,Vitória,Programador,63,38709583356
Igor Lima Nascimento,igor.lima.nascimento.14241@example.com,Sorocaba,Líder de equipe,38,58972047934
Simone Mendes Mendes,simone.mendes.mendes.14242@example.com,Niterói,Vendedor,66,50167800921
Débora Costa Lima,debora.costa.lima.14243@example.com,Goiânia,Corretor de imóveis,55,53494968844
Aline Lima Dias,aline.lima.dias.14244@example.com,Joinville,Diretor comercial,57,27925110592
Aline Cardoso Castro,aline.cardoso.castro.14245@example.com,São Paulo,Diretor comercial,28,80680502984
Larissa Alves Dias,larissa.alves.dias.14246@example.com,Porto Alegre,Diretor de operações,22,58659830487
Carlos Mendes Castro,carlos.mendes.castro.14247@example.com,Campo Grande,Diretor de operações,54,83881847545
Carolina Nascimento Cardoso,carolina.nascimento.cardoso.14248@example.com,Rio de Janeiro,Arquiteto,54,86324653678
Renata Barbosa Alves,renata.barbosa.alves.14249@example.com,Manaus,Operador de caixa,70,70361034736
José Carvalho Martins,jose.carvalho.martins.14250@example.com,Dourados,Corretor de imóveis,29,24708115476
Bruno Barros Mendes,bruno.barros.mendes.14251@example.com,Santos,Analista de marketing,48,21283598430
Aline Castro Martins,aline.castro.martins.14252@example.com,Caxias do Sul,Enfermeiro,37,04748110052
Carolina Barros Santos,carolina.barros.santos.14253@example.com,Curitiba,Técnico de segurança do trabalho,55,13790396656
Juliana Rocha Martins,juliana.rocha.martins.14254@example.com,Joinville,Supervisor de manutenção,54,55276926805
Rafael Pereira Costa,rafael.pereira.costa.14255@example.com,São Paulo,Auxiliar de produção,55,76627151731
Larissa Alves Rodrigues,larissa.alves.rodrigues.14256@example.com,Londrina,Encarregado de produção,58,99101133489
Débora Gomes Barros,debora.gomes.barros.14257@example.com,Uberlândia,Programador,63,60420631118
Camila Teixeira Silva,camila.teixeira.silva.14258@example.com,Campo Grande,Analista financeiro,40,60762724022
Vanessa Castro Gomes,vanessa.castro.gomes.14259@example.com,Cuiabá,Operador de caixa,53,92975422172
Camila Carvalho Oliveira,camila.carvalho.oliveira.14260@example.com,Londrina,Gerente de operações,70,00432852581
Fernanda Oliveira Araújo,fernanda.oliveira.araujo.14261@example.com,Brasília,Programador,39,09425697293
Sandra Fernandes Ribeiro,sandra.fernandes.ribeiro.14262@example.com,Florianópolis,Corretor de imóveis,48,16027663162
Paulo Rodrigues Oliveira,paulo.rodrigues.oliveira.14263@example.com,Niterói,Assistente administrativo,56,79609044138
Bruno Barros Alves,bruno.barros.alves.14264@example.com,Brasília,Supervisor de qualidade,60,33267306605
Leonardo Castro Castro,leonardo.castro.castro.14265@example.com,Florianópolis,Engenheiro civil,36,15856816484
Vanessa Almeida Silva,vanessa.almeida.silva.14266@example.com,Recife,Cozinheiro,51,10521649946
Carolina Araújo Ribeiro,carolina.araujo.ribeiro.14267@example.com,Vitória,Assistente administrativo,46,01491726595
Patrícia Mendes Castro,patricia.mendes.castro.14268@example.com,Natal,Motorista,19,06263520349
Thiago Freitas Costa,thiago.freitas.costa.14269@example.com,Santos,Operador de caixa,61,38060114515
Vinícius Oliveira Costa,vinicius.oliveira.costa.14270@example.com,Maringá,Líder de equipe,38,58682199980
Vinícius Barbosa Ribeiro,vinicius.barbosa.ribeiro.14271@example.com,Niterói,Advogado,51,12207570713
Daniela Moreira Cardoso,daniela.moreira.cardoso.14272@example.com,Londrina,Líder de equipe,20,01745304859
Priscila Santos Alves,priscila.santos.alves.14273@example.com,Cuiabá,Enfermeiro,21,66015895350
Camila Carvalho Barros,camila.carvalho.barros.14274@example.com,Salvador,Gerente de tecnologia,22,50176798502
Tatiane Castro Rocha,tatiane.castro.rocha.14275@example.com,Brasília,Atendente,54,23153866029
Aline Dias Araújo,aline.dias.araujo.14276@example.com,Salvador,Supervisor de atendimento,26,02263059577
José Rocha Costa,jose.rocha.costa.14277@example.com,Brasília,Fisioterapeuta,69,25537562314
Camila Oliveira Rodrigues,camila.oliveira.rodrigues.14278@example.com,Dourados,Chefe de compras,52,45626374611
Simone Souza Carvalho,simone.souza.carvalho.14279@example.com,Curitiba,Jornalista,39,29863251436
Gabriel Teixeira Barbosa,gabriel.teixeira.barbosa.14280@example.com,Natal,Coordenador administrativo,29,14650168026
Renata Lima Gomes,renata.lima.gomes.14281@example.com,Florianópolis,Vendedor,46,61204217676
Luana Santos Cardoso,luana.santos.cardoso.14282@example.com,Curitiba,Motorista,43,72403543896
Vanessa Pereira Nascimento,vanessa.pereira.nascimento.14283@example.com,Belém,Coordenador de produção,56,66225952008
Camila Oliveira Almeida,camila.oliveira.almeida.14284@example.com,Natal,Líder de equipe,45,22885097575
Otávio Oliveira Martins,otavio.oliveira.martins.14285@example.com,Fortaleza,Fisioterapeuta,48,39060217649
Renata Teixeira Barbosa,renata.teixeira.barbosa.14286@example.com,Porto Alegre,Contador,55,09093972984
Débora Dias Fernandes,debora.dias.fernandes.14287@example.com,Cuiabá,Coordenador de produção,22,33144322619
Letícia Moreira Barros,leticia.moreira.barros.14288@example.com,Dourados,Advogado,44,24054698113
Tatiane Pereira Freitas,tatiane.pereira.freitas.14289@example.com,Natal,Atendente,59,55512120015
Henrique Castro Alves,henrique.castro.alves.14290@example.com,São Paulo,Professor,52,43303304883
Larissa Almeida Gomes,larissa.almeida.gomes.14291@example.com,Cuiabá,Gerente comercial,69,02986140210
Renata Barros Gomes,renata.barros.gomes.14292@example.com,Uberlândia,Coordenador administrativo,64,53059643916
Lucas Silva Silva,lucas.silva.silva.14293@example.com,Recife,Professor,55,04252785581
Gabriela Alves Santos,gabriela.alves.santos.14294@example.com,Porto Alegre,Professor,58,19389947103
Sandra Dias Martins,sandra.dias.martins.14295@example.com,Dourados,Assistente comercial,45,15056599889
Priscila Mendes Santos,priscila.mendes.santos.14296@example.com,Santos,Estoquista,42,12856762404
Aline Lima Araújo,aline.lima.araujo.14297@example.com,Belo Horizonte,Contador,22,44059057303
Tatiane Fernandes Rocha,tatiane.fernandes.rocha.14298@example.com,Belém,Assistente administrativo,18,22681849694
Ricardo Cardoso Fernandes,ricardo.cardoso.fernandes.14299@example.com,Campo Grande,Operador de caixa,26,69662337629
Otávio Freitas Monteiro,otavio.freitas.monteiro.14300@example.com,Belo Horizonte,Supervisor de manutenção,66,64513657476
Bruno Oliveira Moreira,bruno.oliveira.moreira.14301@example.com,Joinville,Coordenador de marketing,30,04012783454
Carlos Barbosa Barbosa,carlos.barbosa.barbosa.14302@example.com,Caxias do Sul,Corretor de imóveis,38,87094549205
Renata Nascimento Barros,renata.nascimento.barros.14303@example.com,Joinville,Técnico de enfermagem,21,68965898169
Vitória Araújo Silva,vitoria.araujo.silva.14304@example.com,Brasília,Encarregado de produção,27,70813913251
Carolina Alves Freitas,carolina.alves.freitas.14305@example.com,Campo Grande,Recepcionista,67,01648627844
Larissa Souza Freitas,larissa.souza.freitas.14306@example.com,Cuiabá,Contador,34,33684736281
Eduardo Gomes Oliveira,eduardo.gomes.oliveira.14307@example.com,Recife,Padeiro,21,66081907182
Camila Carvalho Rocha,camila.carvalho.rocha.14308@example.com,Recife,Técnico de segurança do trabalho,27,69015632245
Bruno Rodrigues Martins,bruno.rodrigues.martins.14309@example.com,Joinville,Coordenador de marketing,53,24953643030
Gabriela Cardoso Nascimento,gabriela.cardoso.nascimento.14310@example.com,Campo Grande,Advogado,40,25520760143
Camila Ribeiro Carvalho,camila.ribeiro.carvalho.14311@example.com,Curitiba,Corretor de imóveis,48,31029702844
Leonardo Carvalho Dias,leonardo.carvalho.dias.14312@example.com,Curitiba,Professor,40,80865845136
Paulo Pereira Barros,paulo.pereira.barros.14313@example.com,Recife,Atendente,70,31052888759
Bruno Freitas Dias,bruno.freitas.dias.14314@example.com,Joinville,Auxiliar de produção,55,15037891554
Lucas Mendes Almeida,lucas.mendes.almeida.14315@example.com,Belém,Comprador,25,48549946870
Lucas Almeida Rocha,lucas.almeida.rocha.14316@example.com,Rondonópolis,Supervisor de vendas,63,19512969742
Amanda Monteiro Lima,amanda.monteiro.lima.14317@example.com,Sorocaba,Vendedor,69,45619864792
Amanda Araújo Lima,amanda.araujo.lima.14318@example.com,Rio de Janeiro,Designer gráfico,21,76192958459
Camila Alves Araújo,camila.alves.araujo.14319@example.com,Belo Horizonte,Supervisor de vendas,35,30792363187
Camila Santos Moreira,camila.santos.moreira.14320@example.com,Recife,Coordenador de marketing,47,86944499685
Sandra Araújo Monteiro,sandra.araujo.monteiro.14321@example.com,Caxias do Sul,Mecânico,61,52307114185
Gustavo Nascimento Oliveira,gustavo.nascimento.oliveira.14322@example.com,Niterói,Mecânico,31,29861627540
Bruno Pereira Almeida,bruno.pereira.almeida.14323@example.com,Joinville,Encarregado de produção,69,69577458501
Diego Dias Carvalho,diego.dias.carvalho.14324@example.com,Santos,Supervisor de atendimento,25,04632757557
Paulo Lima Silva,paulo.lima.silva.14325@example.com,Niterói,Auxiliar de produção,25,47937680907
Simone Castro Carvalho,simone.castro.carvalho.14326@example.com,Maringá,Motorista,42,79529805833
Beatriz Freitas Costa,beatriz.freitas.costa.14327@example.com,Joinville,Coordenador de logística,65,50692326947
Ana Mendes Santos,ana.mendes.santos.14328@example.com,Natal,Coordenador de logística,45,60402365506
Lucas Castro Lima,lucas.castro.lima.14329@example.com,Niterói,Gerente de recursos humanos,69,35207845658
Paulo Almeida Fernandes,paulo.almeida.fernandes.14330@example.com,Dourados,Encarregado de produção,57,77471199696
Letícia Gomes Barbosa,leticia.gomes.barbosa.14331@example.com,Joinville,Supervisor de qualidade,59,85068587473
Camila Santos Rodrigues,camila.santos.rodrigues.14332@example.com,Goiânia,Programador,51,48487156193
Luana Souza Costa,luana.souza.costa.14333@example.com,Belo Horizonte,Contador,56,13453859512
Ricardo Rodrigues Ribeiro,ricardo.rodrigues.ribeiro.14334@example.com,Porto Alegre,Engenheiro civil,62,17118354564
Daniela Costa Araújo,daniela.costa.araujo.14335@example.com,Vitória,Nutricionista,18,31574215281
Henrique Rodrigues Freitas,henrique.rodrigues.freitas.14336@example.com,Florianópolis,Coordenador administrativo,18,07113516064
Rafael Barros Pereira,rafael.barros.pereira.14337@example.com,Salvador,Cozinheiro,41,41447638982
Thiago Monteiro Almeida,thiago.monteiro.almeida.14338@example.com,Santos,Diretor comercial,28,73900387470
Otávio Monteiro Freitas,otavio.monteiro.freitas.14339@example.com,Londrina,Mecânico,68,15043215823
Henrique Barros Pereira,henrique.barros.pereira.14340@example.com,Cuiabá,Coordenador de marketing,44,59101534855
Sérgio Carvalho Cardoso,sergio.carvalho.cardoso.14341@example.com,Cuiabá,Coordenador de produção,25,17561642811
Felipe Silva Mendes,felipe.silva.mendes.14342@example.com,Uberlândia,Coordenador administrativo,54,68251978224
Leonardo Rocha Dias,leonardo.rocha.dias.14343@example.com,São Paulo,Contador,54,01412781836
Simone Mendes Ribeiro,simone.mendes.ribeiro.14344@example.com,Manaus,Atendente,28,89463401069
Igor Teixeira Freitas,igor.teixeira.freitas.14345@example.com,Belo Horizonte,Comprador,62,80438814656
Pedro Almeida Lima,pedro.almeida.lima.14346@example.com,Campo Grande,Gerente de recursos humanos,63,83896284066
Fernanda Teixeira Teixeira,fernanda.teixeira.teixeira.14347@example.com,Curitiba,Operador de caixa,20,72721885000
Patrícia Costa Alves,patricia.costa.alves.14348@example.com,Londrina,Enfermeiro,58,54993747496
Carlos Alves Barbosa,carlos.alves.barbosa.14349@example.com,Santos,Assistente comercial,41,68645908784
Mariana Rodrigues Lima,mariana.rodrigues.lima.14350@example.com,Belém,Diretor comercial,46,13163368114
Priscila Pereira Alves,priscila.pereira.alves.14351@example.com,Porto Alegre,Técnico de enfermagem,33,19339708609
Renata Dias Rodrigues,renata.dias.rodrigues.14352@example.com,Natal,Analista de recursos humanos,50,89942544985
Renata Oliveira Araújo,renata.oliveira.araujo.14353@example.com,Salvador,Motorista,52,25259399621
Paulo Souza Cardoso,paulo.souza.cardoso.14354@example.com,Fortaleza,Motorista,21,68366374086
Aline Cardoso Lima,aline.cardoso.lima.14355@example.com,Sorocaba,Eletricista,32,89191629989
Larissa Carvalho Barbosa,larissa.carvalho.barbosa.14356@example.com,Belo Horizonte,Gerente de operações,68,63057216444
Felipe Souza Cardoso,felipe.souza.cardoso.14357@example.com,Fortaleza,Designer gráfico,65,43579189441
Beatriz Teixeira Gomes,beatriz.teixeira.gomes.14358@example.com,Niterói,Enfermeiro,69,59833677019
Simone Souza Teixeira,simone.souza.teixeira.14359@example.com,São Paulo,Gerente de tecnologia,53,30634528424
Tatiane Monteiro Nascimento,tatiane.monteiro.nascimento.14360@example.com,Salvador,Gerente de recursos humanos,61,88902459910
Rafael Barbosa Fernandes,rafael.barbosa.fernandes.14361@example.com,Porto Alegre,Supervisor de manutenção,18,25312781799
Vinícius Silva Pereira,vinicius.silva.pereira.14362@example.com,Belém,Diretor de operações,26,55657710595
Gabriela Almeida Barbosa,gabriela.almeida.barbosa.14363@example.com,Sorocaba,Gerente comercial,60,70830160456
Camila Rodrigues Lima,camila.rodrigues.lima.14364@example.com,Uberlândia,Cozinheiro,65,19497143883
Larissa Santos Castro,larissa.santos.castro.14365@example.com,Campo Grande,Professor,63,79784533724
Otávio Oliveira Rodrigues,otavio.oliveira.rodrigues.14366@example.com,Rondonópolis,Enfermeiro,36,80033249746
Larissa Carvalho Gomes,larissa.carvalho.gomes.14367@example.com,Curitiba,Supervisor de manutenção,41,01039165369
Fernanda Nascimento Nascimento,fernanda.nascimento.nascimento.14368@example.com,Belém,Analista de marketing,42,72936531861
Eduardo Santos Costa,eduardo.santos.costa.14369@example.com,Campo Grande,Coordenador de produção,58,50610027953
Nicolas Mendes Moreira,nicolas.mendes.moreira.14370@example.com,Niterói,Analista de dados,45,76555475818
Sérgio Cardoso Moreira,sergio.cardoso.moreira.14371@example.com,Campinas,Professor,69,48895071338
Ana Rodrigues Rodrigues,ana.rodrigues.rodrigues.14372@example.com,Fortaleza,Supervisor de manutenção,65,31195710552
Carolina Souza Ribeiro,carolina.souza.ribeiro.14373@example.com,Londrina,Padeiro,28,62694364176
Patrícia Silva Moreira,patricia.silva.moreira.14374@example.com,Uberlândia,Mecânico,64,24961962719
Carlos Mendes Gomes,carlos.mendes.gomes.14375@example.com,Vitória,Gerente financeiro,27,47921247168
Sérgio Barros Silva,sergio.barros.silva.14376@example.com,Londrina,Motorista,33,40128144191
Carolina Souza Santos,carolina.souza.santos.14377@example.com,Londrina,Motorista,36,16035942407
Diego Carvalho Costa,diego.carvalho.costa.14378@example.com,Dourados,Programador,36,72121693562
Carolina Oliveira Costa,carolina.oliveira.costa.14379@example.com,Campo Grande,Professor,27,56445839941
Marcelo Carvalho Martins,marcelo.carvalho.martins.14380@example.com,Recife,Coordenador de logística,62,94128611659
Amanda Moreira Silva,amanda.moreira.silva.14381@example.com,Curitiba,Jornalista,64,99102523465
Ana Pereira Mendes,ana.pereira.mendes.14382@example.com,Campinas,Mecânico,21,89826728318
Lucas Cardoso Pereira,lucas.cardoso.pereira.14383@example.com,Florianópolis,Atendente,36,72288056960
Paulo Cardoso Teixeira,paulo.cardoso.teixeira.14384@example.com,Goiânia,Padeiro,49,46374081577
Sandra Cardoso Lima,sandra.cardoso.lima.14385@example.com,Caxias do Sul,Padeiro,40,17941978126
Fernanda Lima Alves,fernanda.lima.alves.14386@example.com,Natal,Coordenador de logística,49,20474425600
Patrícia Cardoso Cardoso,patricia.cardoso.cardoso.14387@example.com,Belo Horizonte,Coordenador de produção,39,75281135963
Priscila Mendes Almeida,priscila.mendes.almeida.14388@example.com,Salvador,Cozinheiro,61,06814030076
Lucas Nascimento Freitas,lucas.nascimento.freitas.14389@example.com,Uberlândia,Supervisor de qualidade,68,97884859277
Henrique Rodrigues Mendes,henrique.rodrigues.mendes.14390@example.com,Cuiabá,Vendedor,19,79227944990
Paulo Araújo Rocha,paulo.araujo.rocha.14391@example.com,Maringá,Coordenador administrativo,46,94193301958
Ricardo Monteiro Freitas,ricardo.monteiro.freitas.14392@example.com,Santos,Supervisor de vendas,58,41408662128
Priscila Barbosa Santos,priscila.barbosa.santos.14393@example.com,Belo Horizonte,Coordenador administrativo,42,28246026681
Nicolas Souza Araújo,nicolas.souza.araujo.14394@example.com,Campinas,Professor,24,80166198403
Vinícius Cardoso Lima,vinicius.cardoso.lima.14395@example.com,Sorocaba,Engenheiro civil,27,78263372824
Thiago Barros Cardoso,thiago.barros.cardoso.14396@example.com,Curitiba,Supervisor de manutenção,47,58736113715
Vinícius Costa Rodrigues,vinicius.costa.rodrigues.14397@example.com,Florianópolis,Diretor de operações,33,78827542621
Priscila Costa Alves,priscila.costa.alves.14398@example.com,Campinas,Mecânico,22,92572624879
Larissa Ribeiro Barbosa,larissa.ribeiro.barbosa.14399@example.com,Natal,Chefe de compras,41,35626257933
Vitória Alves Lima,vitoria.alves.lima.14400@example.com,Belém,Programador,55,82362932361
José Gomes Almeida,jose.gomes.almeida.14401@example.com,Campo Grande,Auxiliar de produção,69,54478035780
Thiago Teixeira Costa,thiago.teixeira.costa.14402@example.com,Londrina,Arquiteto,43,98890145443
Fernanda Monteiro Moreira,fernanda.monteiro.moreira.14403@example.com,Belém,Advogado,41,58662223657
Beatriz Rodrigues Alves,beatriz.rodrigues.alves.14404@example.com,Vitória,Engenheiro civil,32,79436115581
Vitória Souza Dias,vitoria.souza.dias.14405@example.com,Caxias do Sul,Diretor de operações,60,19411404058
Daniela Barros Teixeira,daniela.barros.teixeira.14406@example.com,Natal,Gerente comercial,34,66216180960
Fernanda Monteiro Costa,fernanda.monteiro.costa.14407@example.com,Natal,Atendente,40,51081978573
Gustavo Cardoso Araújo,gustavo.cardoso.araujo.14408@example.com,Sorocaba,Analista de dados,18,90825864512
Fernanda Silva Pereira,fernanda.silva.pereira.14409@example.com,Campinas,Jornalista,68,55517528468
Carlos Fernandes Oliveira,carlos.fernandes.oliveira.14410@example.com,Rio de Janeiro,Padeiro,44,04065638436
Daniela Mendes Barbosa,daniela.mendes.barbosa.14411@example.com,Sorocaba,Farmacêutico,60,74735148609
Pedro Monteiro Mendes,pedro.monteiro.mendes.14412@example.com,Campo Grande,Supervisor de manutenção,39,08743811048
Renata Silva Cardoso,renata.silva.cardoso.14413@example.com,Brasília,Comprador,51,94311930295
Paulo Santos Teixeira,paulo.santos.teixeira.14414@example.com,Porto Alegre,Pedreiro,51,42693670811
Aline Martins Teixeira,aline.martins.teixeira.14415@example.com,Salvador,Supervisor de atendimento,49,69527335815
Tatiane Dias Castro,tatiane.dias.castro.14416@example.com,Porto Alegre,Eletricista,66,64516471263
Beatriz Oliveira Rocha,beatriz.oliveira.rocha.14417@example.com,Curitiba,Técnico de segurança do trabalho,66,49219727639
Sérgio Carvalho Barbosa,sergio.carvalho.barbosa.14418@example.com,Londrina,Arquiteto,42,16525324997
Vinícius Freitas Almeida,vinicius.freitas.almeida.14419@example.com,Goiânia,Chefe de departamento pessoal,69,53784155849
Pedro Santos Araújo,pedro.santos.araujo.14420@example.com,Rondonópolis,Recepcionista,42,17154713578
Priscila Carvalho Almeida,priscila.carvalho.almeida.14421@example.com,Campinas,Professor,50,62338945052
Tatiane Rodrigues Martins,tatiane.rodrigues.martins.14422@example.com,Londrina,Assistente comercial,50,25204648328
Marcelo Lima Cardoso,marcelo.lima.cardoso.14423@example.com,Sorocaba,Comprador,48,27863135462
Rafael Ribeiro Teixeira,rafael.ribeiro.teixeira.14424@example.com,Porto Alegre,Chefe de departamento pessoal,54,43597279795
Felipe Barros Dias,felipe.barros.dias.14425@example.com,Sorocaba,Gerente financeiro,61,52186175437
Pedro Monteiro Mendes,pedro.monteiro.mendes.14426@example.com,Brasília,Analista de marketing,24,36131206219
Daniela Freitas Freitas,daniela.freitas.freitas.14427@example.com,Cuiabá,Motorista,39,91028429882
Camila Alves Silva,camila.alves.silva.14428@example.com,Salvador,Gerente de operações,25,91090741731
Juliana Rocha Fernandes,juliana.rocha.fernandes.14429@example.com,Curitiba,Gerente de tecnologia,37,23489410301
Sandra Martins Santos,sandra.martins.santos.14430@example.com,Porto Alegre,Professor,50,60043983266
Paulo Freitas Cardoso,paulo.freitas.cardoso.14431@example.com,Londrina,Eletricista,36,45604312415
Mariana Almeida Souza,mariana.almeida.souza.14432@example.com,Porto Alegre,Nutricionista,28,77996046201
Pedro Alves Barros,pedro.alves.barros.14433@example.com,Niterói,Supervisor de manutenção,30,05587728555
João Silva Cardoso,joao.silva.cardoso.14434@example.com,Santos,Advogado,56,33024253423
Larissa Nascimento Almeida,larissa.nascimento.almeida.14435@example.com,Campo Grande,Recepcionista,61,40453669797
Daniela Cardoso Martins,daniela.cardoso.martins.14436@example.com,Joinville,Programador,46,95164307815
Pedro Barbosa Nascimento,pedro.barbosa.nascimento.14437@example.com,Florianópolis,Corretor de imóveis,61,72451738575
Felipe Barbosa Oliveira,felipe.barbosa.oliveira.14438@example.com,Campo Grande,Estoquista,28,99394796105
Leonardo Pereira Castro,leonardo.pereira.castro.14439@example.com,Uberlândia,Técnico de enfermagem,51,42737909379
Ricardo Fernandes Moreira,ricardo.fernandes.moreira.14440@example.com,Florianópolis,Supervisor de atendimento,28,42317408719
Nicolas Fernandes Santos,nicolas.fernandes.santos.14441@example.com,Caxias do Sul,Assistente administrativo,61,65474017490
Simone Alves Cardoso,simone.alves.cardoso.14442@example.com,Londrina,Supervisor de qualidade,22,08703455702
Tatiane Almeida Alves,tatiane.almeida.alves.14443@example.com,Belém,Chefe de almoxarifado,37,03471263045
Priscila Rocha Fernandes,priscila.rocha.fernandes.14444@example.com,Florianópolis,Coordenador de produção,59,73914301334
Vinícius Carvalho Carvalho,vinicius.carvalho.carvalho.14445@example.com,Maringá,Atendente,68,75105791536
Renata Alves Barros,renata.alves.barros.14446@example.com,Rondonópolis,Enfermeiro,69,52410365238
Aline Freitas Barbosa,aline.freitas.barbosa.14447@example.com,Rio de Janeiro,Fisioterapeuta,41,89128514111
Priscila Nascimento Barros,priscila.nascimento.barros.14448@example.com,Florianópolis,Gerente de recursos humanos,23,66944773842
Marcelo Pereira Oliveira,marcelo.pereira.oliveira.14449@example.com,Florianópolis,Professor,19,76281162061
Letícia Araújo Gomes,leticia.araujo.gomes.14450@example.com,Porto Alegre,Chefe de compras,24,50680855492
Felipe Araújo Rodrigues,felipe.araujo.rodrigues.14451@example.com,Salvador,Motorista,52,78694061839
Felipe Souza Oliveira,felipe.souza.oliveira.14452@example.com,Natal,Motorista,50,84225541302
Eduardo Fernandes Ribeiro,eduardo.fernandes.ribeiro.14453@example.com,Sorocaba,Designer gráfico,49,52781119625
Priscila Cardoso Alves,priscila.cardoso.alves.14454@example.com,Manaus,Supervisor de atendimento,60,33218220775
Ana Araújo Rodrigues,ana.araujo.rodrigues.14455@example.com,Dourados,Programador,56,34774017671
Tatiane Araújo Martins,tatiane.araujo.martins.14456@example.com,Uberlândia,Diretor de operações,42,70774245716
Beatriz Rocha Rodrigues,beatriz.rocha.rodrigues.14457@example.com,Belém,Enfermeiro,40,28103312563
Gabriel Carvalho Santos,gabriel.carvalho.santos.14458@example.com,Goiânia,Recepcionista,68,34213312001
Patrícia Almeida Araújo,patricia.almeida.araujo.14459@example.com,Rondonópolis,Eletricista,59,09224727503
Camila Carvalho Martins,camila.carvalho.martins.14460@example.com,Vitória,Chefe de departamento pessoal,41,26348796294
Priscila Carvalho Carvalho,priscila.carvalho.carvalho.14461@example.com,Cuiabá,Programador,51,91437964277
João Barbosa Castro,joao.barbosa.castro.14462@example.com,Campo Grande,Diretor comercial,22,01108086382
Daniela Monteiro Rocha,daniela.monteiro.rocha.14463@example.com,Belém,Designer gráfico,20,61100638930
Amanda Rocha Moreira,amanda.rocha.moreira.14464@example.com,Salvador,Técnico de enfermagem,44,17216039066
Débora Moreira Almeida,debora.moreira.almeida.14465@example.com,Belo Horizonte,Analista de recursos humanos,56,38845688733
Ana Gomes Rodrigues,ana.gomes.rodrigues.14466@example.com,Londrina,Encarregado de produção,40,67958286910
Vinícius Dias Oliveira,vinicius.dias.oliveira.14467@example.com,Florianópolis,Diretor de operações,25,52022187255
João Cardoso Gomes,joao.cardoso.gomes.14468@example.com,Joinville,Motorista,21,43379418139
Beatriz Santos Monteiro,beatriz.santos.monteiro.14469@example.com,Fortaleza,Coordenador de produção,28,05090752002
José Mendes Araújo,jose.mendes.araujo.14470@example.com,Recife,Coordenador de produção,44,94200767689
Larissa Rocha Moreira,larissa.rocha.moreira.14471@example.com,Recife,Auxiliar de produção,39,02074745660
Ricardo Rodrigues Barros,ricardo.rodrigues.barros.14472@example.com,Belo Horizonte,Chefe de compras,46,60222590677
José Freitas Lima,jose.freitas.lima.14473@example.com,Campinas,Chefe de departamento pessoal,28,66760664270
Diego Barros Lima,diego.barros.lima.14474@example.com,Belo Horizonte,Cozinheiro,34,29205292654
João Freitas Silva,joao.freitas.silva.14475@example.com,Salvador,Supervisor de manutenção,65,18081576753
Diego Rocha Ribeiro,diego.rocha.ribeiro.14476@example.com,Recife,Coordenador de produção,47,69016930177
Gabriel Monteiro Carvalho,gabriel.monteiro.carvalho.14477@example.com,São Paulo,Motorista,21,28575722013
Pedro Fernandes Barbosa,pedro.fernandes.barbosa.14478@example.com,Campinas,Analista de marketing,51,23822425098
Paulo Gomes Almeida,paulo.gomes.almeida.14479@example.com,Salvador,Chefe de almoxarifado,18,71196387710
Patrícia Teixeira Moreira,patricia.teixeira.moreira.14480@example.com,Uberlândia,Motorista,37,39264788413
Simone Santos Araújo,simone.santos.araujo.14481@example.com,Sorocaba,Chefe de compras,26,60422838463
Gabriela Silva Alves,gabriela.silva.alves.14482@example.com,Maringá,Corretor de imóveis,41,12856185423
Marcelo Pereira Castro,marcelo.pereira.castro.14483@example.com,Salvador,Diretor comercial,32,83443829978
Sandra Fernandes Teixeira,sandra.fernandes.teixeira.14484@example.com,Goiânia,Gerente de operações,57,17852030632
Sandra Rodrigues Carvalho,sandra.rodrigues.carvalho.14485@example.com,Manaus,Supervisor de atendimento,58,78942007389
Paulo Lima Rocha,paulo.lima.rocha.14486@example.com,Dourados,Mecânico,57,44484479526
João Martins Castro,joao.martins.castro.14487@example.com,Rio de Janeiro,Chefe de almoxarifado,18,26458108998
Larissa Carvalho Cardoso,larissa.carvalho.cardoso.14488@example.com,Salvador,Professor,38,33824538548
Luana Costa Cardoso,luana.costa.cardoso.14489@example.com,Manaus,Auxiliar de produção,29,41320010755
Daniela Moreira Nascimento,daniela.moreira.nascimento.14490@example.com,Salvador,Chefe de departamento pessoal,50,51186546766
Ana Alves Moreira,ana.alves.moreira.14491@example.com,Santos,Recepcionista,32,58766256424
Larissa Dias Araújo,larissa.dias.araujo.14492@example.com,Rio de Janeiro,Gerente de operações,22,23304031073
Larissa Oliveira Rodrigues,larissa.oliveira.rodrigues.14493@example.com,Sorocaba,Eletricista,22,98668810001
Amanda Gomes Monteiro,amanda.gomes.monteiro.14494@example.com,Fortaleza,Comprador,49,71402947038
Leonardo Barros Castro,leonardo.barros.castro.14495@example.com,Dourados,Corretor de imóveis,42,48925266225
Patrícia Monteiro Araújo,patricia.monteiro.araujo.14496@example.com,Florianópolis,Gerente comercial,68,89169407237
Vanessa Martins Moreira,vanessa.martins.moreira.14497@example.com,Belo Horizonte,Coordenador de produção,20,83225363676
Felipe Barbosa Martins,felipe.barbosa.martins.14498@example.com,Campinas,Farmacêutico,33,92695838903
Igor Teixeira Mendes,igor.teixeira.mendes.14499@example.com,Londrina,Jornalista,26,91445349603
Larissa Martins Nascimento,larissa.martins.nascimento.14500@example.com,Londrina,Estoquista,47,43057431016
Larissa Almeida Silva,larissa.almeida.silva.14501@example.com,Niterói,Supervisor de manutenção,47,66789690153
Aline Pereira Freitas,aline.pereira.freitas.14502@example.com,Recife,Supervisor de qualidade,70,83060674105
Tatiane Costa Nascimento,tatiane.costa.nascimento.14503@example.com,Santos,Designer gráfico,70,25144701198
Vanessa Rodrigues Rocha,vanessa.rodrigues.rocha.14504@example.com,Curitiba,Fisioterapeuta,19,11748441345
Beatriz Nascimento Martins,beatriz.nascimento.martins.14505@example.com,Niterói,Supervisor de vendas,29,16329725371
Fernanda Moreira Santos,fernanda.moreira.santos.14506@example.com,Vitória,Vendedor,69,01103014109
Daniela Monteiro Nascimento,daniela.monteiro.nascimento.14507@example.com,Joinville,Assistente comercial,31,50373260595
Aline Souza Cardoso,aline.souza.cardoso.14508@example.com,Campinas,Operador de caixa,49,09926632466
Otávio Cardoso Mendes,otavio.cardoso.mendes.14509@example.com,Campinas,Gerente de operações,68,46183156459
Thiago Nascimento Freitas,thiago.nascimento.freitas.14510@example.com,Vitória,Vendedor,18,55616434035
Simone Fernandes Carvalho,simone.fernandes.carvalho.14511@example.com,Belém,Comprador,30,42856617991
Patrícia Ribeiro Monteiro,patricia.ribeiro.monteiro.14512@example.com,Uberlândia,Técnico em informática,65,20551502607
Juliana Costa Rocha,juliana.costa.rocha.14513@example.com,Brasília,Mecânico,48,23617723117
Diego Araújo Carvalho,diego.araujo.carvalho.14514@example.com,Caxias do Sul,Assistente administrativo,25,32528383571
Carolina Moreira Alves,carolina.moreira.alves.14515@example.com,Curitiba,Nutricionista,51,67406181489
Juliana Monteiro Cardoso,juliana.monteiro.cardoso.14516@example.com,Niterói,Contador,46,11775005529
Sérgio Silva Cardoso,sergio.silva.cardoso.14517@example.com,Goiânia,Líder de equipe,49,06288847521
Sérgio Teixeira Rodrigues,sergio.teixeira.rodrigues.14518@example.com,Caxias do Sul,Motorista,46,24196796160
Gabriel Oliveira Pereira,gabriel.oliveira.pereira.14519@example.com,Fortaleza,Nutricionista,55,44857340026
Juliana Freitas Martins,juliana.freitas.martins.14520@example.com,Brasília,Gerente de tecnologia,20,54582526943
Bruno Oliveira Rodrigues,bruno.oliveira.rodrigues.14521@example.com,Manaus,Comprador,51,80134479006
Pedro Alves Almeida,pedro.alves.almeida.14522@example.com,Rondonópolis,Engenheiro civil,63,51382596918
Sérgio Rocha Souza,sergio.rocha.souza.14523@example.com,Niterói,Cozinheiro,26,49832688956
Diego Santos Pereira,diego.santos.pereira.14524@example.com,Niterói,Supervisor de atendimento,64,86015277921
Marcelo Barros Barbosa,marcelo.barros.barbosa.14525@example.com,Dourados,Diretor comercial,43,77567715414
Vitória Araújo Monteiro,vitoria.araujo.monteiro.14526@example.com,Caxias do Sul,Coordenador administrativo,53,85946868285
Vitória Rocha Monteiro,vitoria.rocha.monteiro.14527@example.com,Campinas,Padeiro,55,44247509891
Paulo Dias Almeida,paulo.dias.almeida.14528@example.com,Dourados,Analista de marketing,54,49057178511
Luana Teixeira Rocha,luana.teixeira.rocha.14529@example.com,Campinas,Corretor de imóveis,38,55976768286
Débora Freitas Freitas,debora.freitas.freitas.14530@example.com,Belo Horizonte,Analista de recursos humanos,47,13093711435
João Lima Nascimento,joao.lima.nascimento.14531@example.com,Porto Alegre,Chefe de compras,55,52329685080
Vinícius Almeida Silva,vinicius.almeida.silva.14532@example.com,Niterói,Técnico em informática,40,62626338192
Rafael Silva Fernandes,rafael.silva.fernandes.14533@example.com,Santos,Nutricionista,27,46395279729
Mariana Carvalho Carvalho,mariana.carvalho.carvalho.14534@example.com,Rio de Janeiro,Chefe de departamento pessoal,24,31997998344
Débora Almeida Costa,debora.almeida.costa.14535@example.com,Florianópolis,Assistente comercial,21,14803127007
Fernanda Almeida Rodrigues,fernanda.almeida.rodrigues.14536@example.com,Sorocaba,Contador,59,96068196723
Aline Monteiro Cardoso,aline.monteiro.cardoso.14537@example.com,Niterói,Coordenador de logística,28,20867467083
Sérgio Castro Fernandes,sergio.castro.fernandes.14538@example.com,São Paulo,Coordenador administrativo,47,54488156028
Felipe Ribeiro Mendes,felipe.ribeiro.mendes.14539@example.com,Rio de Janeiro,Chefe de almoxarifado,55,60615345134
Bruno Costa Almeida,bruno.costa.almeida.14540@example.com,Goiânia,Advogado,31,28312678163
Thiago Freitas Lima,thiago.freitas.lima.14541@example.com,Fortaleza,Chefe de compras,27,36616910958
Mariana Freitas Alves,mariana.freitas.alves.14542@example.com,Florianópolis,Assistente administrativo,57,28302873281
Carolina Souza Teixeira,carolina.souza.teixeira.14543@example.com,Campo Grande,Jornalista,54,32810817570
Camila Teixeira Pereira,camila.teixeira.pereira.14544@example.com,Recife,Chefe de compras,65,03102472448
Vinícius Barros Fernandes,vinicius.barros.fernandes.14545@example.com,Porto Alegre,Auxiliar de produção,47,36436218631
Paulo Silva Teixeira,paulo.silva.teixeira.14546@example.com,Manaus,Analista de dados,21,25624213435
Otávio Carvalho Lima,otavio.carvalho.lima.14547@example.com,Uberlândia,Coordenador administrativo,54,72450853118
Paulo Souza Monteiro,paulo.souza.monteiro.14548@example.com,Belo Horizonte,Fisioterapeuta,46,13892758033
Mariana Freitas Mendes,mariana.freitas.mendes.14549@example.com,Santos,Padeiro,42,48842073163
Fernanda Mendes Barros,fernanda.mendes.barros.14550@example.com,Cuiabá,Analista de recursos humanos,51,41145778159
Mariana Carvalho Almeida,mariana.carvalho.almeida.14551@example.com,Cuiabá,Mecânico,58,82775879840
Leonardo Carvalho Oliveira,leonardo.carvalho.oliveira.14552@example.com,Cuiabá,Atendente,38,22923382609
Vanessa Fernandes Freitas,vanessa.fernandes.freitas.14553@example.com,Joinville,Coordenador de produção,52,22205693477
Fernanda Souza Teixeira,fernanda.souza.teixeira.14554@example.com,Vitória,Engenheiro civil,43,52272811980
Gabriel Fernandes Costa,gabriel.fernandes.costa.14555@example.com,Recife,Comprador,68,90529135184
Daniela Oliveira Mendes,daniela.oliveira.mendes.14556@example.com,Niterói,Enfermeiro,36,07391577453
Nicolas Pereira Almeida,nicolas.pereira.almeida.14557@example.com,Belo Horizonte,Supervisor de vendas,52,95714262112
Vinícius Rocha Moreira,vinicius.rocha.moreira.14558@example.com,São Paulo,Designer gráfico,66,88096631815
Mariana Araújo Teixeira,mariana.araujo.teixeira.14559@example.com,Cuiabá,Supervisor de qualidade,32,58303444105
Letícia Lima Moreira,leticia.lima.moreira.14560@example.com,Recife,Diretor comercial,60,74337258282
Marcelo Rodrigues Ribeiro,marcelo.rodrigues.ribeiro.14561@example.com,Londrina,Encarregado de produção,66,39910204090
Gustavo Dias Alves,gustavo.dias.alves.14562@example.com,Florianópolis,Nutricionista,58,76895750600
Carlos Lima Cardoso,carlos.lima.cardoso.14563@example.com,Londrina,Padeiro,39,13752282672
Larissa Rocha Mendes,larissa.rocha.mendes.14564@example.com,Campo Grande,Técnico de segurança do trabalho,41,30116672544
Aline Barros Martins,aline.barros.martins.14565@example.com,Goiânia,Assistente administrativo,31,82422380555
Larissa Costa Araújo,larissa.costa.araujo.14566@example.com,Londrina,Assistente comercial,31,63884455750
Débora Souza Ribeiro,debora.souza.ribeiro.14567@example.com,Londrina,Encarregado de produção,51,85495505106
Daniela Barbosa Costa,daniela.barbosa.costa.14568@example.com,Natal,Assistente administrativo,63,27326949009
Priscila Araújo Monteiro,priscila.araujo.monteiro.14569@example.com,Florianópolis,Gerente de operações,34,31276446924
Patrícia Ribeiro Fernandes,patricia.ribeiro.fernandes.14570@example.com,Maringá,Assistente comercial,31,33546554049
Vitória Monteiro Ribeiro,vitoria.monteiro.ribeiro.14571@example.com,São Paulo,Advogado,49,62565039085
Sérgio Rodrigues Oliveira,sergio.rodrigues.oliveira.14572@example.com,Campo Grande,Padeiro,61,26827827209
Priscila Barros Santos,priscila.barros.santos.14573@example.com,Porto Alegre,Advogado,49,27197532190
Beatriz Barbosa Rodrigues,beatriz.barbosa.rodrigues.14574@example.com,Cuiabá,Designer gráfico,68,49993188233
Priscila Alves Ribeiro,priscila.alves.ribeiro.14575@example.com,Caxias do Sul,Eletricista,63,95807178880
Débora Alves Martins,debora.alves.martins.14576@example.com,Fortaleza,Jornalista,26,71470725085
Diego Fernandes Santos,diego.fernandes.santos.14577@example.com,Vitória,Comprador,44,80120538044
Sérgio Rocha Monteiro,sergio.rocha.monteiro.14578@example.com,Joinville,Chefe de departamento pessoal,57,80531363779
Patrícia Oliveira Rocha,patricia.oliveira.rocha.14579@example.com,Campo Grande,Líder de equipe,25,64695570050
Simone Alves Martins,simone.alves.martins.14580@example.com,Caxias do Sul,Cozinheiro,45,31786749459
Priscila Mendes Oliveira,priscila.mendes.oliveira.14581@example.com,Belém,Coordenador administrativo,53,80969221275
Rafael Gomes Pereira,rafael.gomes.pereira.14582@example.com,Curitiba,Advogado,36,42144884113
Daniela Castro Carvalho,daniela.castro.carvalho.14583@example.com,Niterói,Analista de marketing,39,39011046094
Nicolas Costa Santos,nicolas.costa.santos.14584@example.com,Porto Alegre,Designer gráfico,25,28953217675
Aline Alves Araújo,aline.alves.araujo.14585@example.com,Rondonópolis,Gerente de operações,32,10384886046
Luana Alves Martins,luana.alves.martins.14586@example.com,Manaus,Técnico em informática,60,74474102719
Beatriz Fernandes Santos,beatriz.fernandes.santos.14587@example.com,Florianópolis,Atendente,49,52002271041
Gabriel Souza Teixeira,gabriel.souza.teixeira.14588@example.com,Belém,Corretor de imóveis,27,21350828367
Juliana Oliveira Teixeira,juliana.oliveira.teixeira.14589@example.com,Rio de Janeiro,Analista de dados,56,09868679350
Rafael Oliveira Castro,rafael.oliveira.castro.14590@example.com,Brasília,Farmacêutico,33,80118563534
Pedro Castro Monteiro,pedro.castro.monteiro.14591@example.com,Dourados,Designer gráfico,44,71394950509
Mariana Pereira Moreira,mariana.pereira.moreira.14592@example.com,Manaus,Programador,28,56433099627
Rafael Teixeira Monteiro,rafael.teixeira.monteiro.14593@example.com,Campinas,Operador de caixa,41,41661908600
Aline Ribeiro Freitas,aline.ribeiro.freitas.14594@example.com,Vitória,Técnico de enfermagem,52,38269321651
Débora Silva Martins,debora.silva.martins.14595@example.com,Goiânia,Contador,30,19597670862
Carolina Nascimento Castro,carolina.nascimento.castro.14596@example.com,Caxias do Sul,Chefe de almoxarifado,30,83323975515
Patrícia Rocha Dias,patricia.rocha.dias.14597@example.com,Recife,Jornalista,25,28558989559
Pedro Souza Lima,pedro.souza.lima.14598@example.com,Caxias do Sul,Encarregado de produção,23,09481345037
Nicolas Moreira Rodrigues,nicolas.moreira.rodrigues.14599@example.com,Londrina,Advogado,68,98101300788
Daniela Mendes Fernandes,daniela.mendes.fernandes.14600@example.com,Sorocaba,Supervisor de atendimento,59,58188768674
Ana Mendes Oliveira,ana.mendes.oliveira.14601@example.com,Londrina,Recepcionista,67,02418688910
Lucas Monteiro Pereira,lucas.monteiro.pereira.14602@example.com,Rondonópolis,Motorista,45,37184402049
Carlos Mendes Martins,carlos.mendes.martins.14603@example.com,Rio de Janeiro,Coordenador de produção,34,63780944517
Luana Monteiro Carvalho,luana.monteiro.carvalho.14604@example.com,Florianópolis,Engenheiro civil,42,40768984264
Priscila Rodrigues Almeida,priscila.rodrigues.almeida.14605@example.com,Dourados,Programador,47,24234861622
Sérgio Freitas Carvalho,sergio.freitas.carvalho.14606@example.com,Sorocaba,Gerente de operações,26,23360481415
Carolina Fernandes Martins,carolina.fernandes.martins.14607@example.com,Dourados,Designer gráfico,56,44403110122
Vinícius Rocha Silva,vinicius.rocha.silva.14608@example.com,Belo Horizonte,Jornalista,52,72169318019
Diego Freitas Barros,diego.freitas.barros.14609@example.com,São Paulo,Analista de dados,48,71248151367
Simone Freitas Costa,simone.freitas.costa.14610@example.com,Uberlândia,Mecânico,60,34829082359
Letícia Rocha Pereira,leticia.rocha.pereira.14611@example.com,Cuiabá,Coordenador de logística,21,73479762331
Daniela Ribeiro Pereira,daniela.ribeiro.pereira.14612@example.com,Uberlândia,Padeiro,26,53633574087
Carolina Freitas Barros,carolina.freitas.barros.14613@example.com,Recife,Arquiteto,31,90139079176
Leonardo Alves Carvalho,leonardo.alves.carvalho.14614@example.com,Florianópolis,Professor,21,79046845258
Carlos Almeida Pereira,carlos.almeida.pereira.14615@example.com,Belém,Gerente financeiro,27,47491563471
Vanessa Oliveira Gomes,vanessa.oliveira.gomes.14616@example.com,Curitiba,Coordenador administrativo,26,78793105383
Otávio Costa Gomes,otavio.costa.gomes.14617@example.com,Rio de Janeiro,Comprador,47,00824388345
Tatiane Dias Alves,tatiane.dias.alves.14618@example.com,Campo Grande,Professor,61,93868700515
Leonardo Lima Cardoso,leonardo.lima.cardoso.14619@example.com,Rio de Janeiro,Farmacêutico,44,64285871473
Henrique Gomes Dias,henrique.gomes.dias.14620@example.com,Rio de Janeiro,Gerente financeiro,28,31879367474
Juliana Nascimento Gomes,juliana.nascimento.gomes.14621@example.com,Florianópolis,Supervisor de vendas,24,27319474698
Vitória Monteiro Freitas,vitoria.monteiro.freitas.14622@example.com,Caxias do Sul,Enfermeiro,50,04561714511
Otávio Monteiro Teixeira,otavio.monteiro.teixeira.14623@example.com,Dourados,Supervisor de vendas,60,78090100888
Mariana Rocha Lima,mariana.rocha.lima.14624@example.com,Londrina,Diretor de operações,32,72207880198
Carolina Costa Almeida,carolina.costa.almeida.14625@example.com,Manaus,Eletricista,67,23124381615
Carolina Lima Teixeira,carolina.lima.teixeira.14626@example.com,Rondonópolis,Padeiro,23,57318668902
Daniela Pereira Teixeira,daniela.pereira.teixeira.14627@example.com,Recife,Gerente comercial,47,99372383112
Letícia Costa Castro,leticia.costa.castro.14628@example.com,Caxias do Sul,Arquiteto,37,39699942409
Carlos Rocha Gomes,carlos.rocha.gomes.14629@example.com,Cuiabá,Líder de equipe,30,56162821903
Carolina Teixeira Lima,carolina.teixeira.lima.14630@example.com,Porto Alegre,Nutricionista,46,52266157837
Gustavo Almeida Castro,gustavo.almeida.castro.14631@example.com,São Paulo,Vendedor,37,04144940527
Mariana Castro Mendes,mariana.castro.mendes.14632@example.com,Recife,Pedreiro,38,23352943809
Priscila Barros Castro,priscila.barros.castro.14633@example.com,São Paulo,Corretor de imóveis,54,55879287073
João Rodrigues Fernandes,joao.rodrigues.fernandes.14634@example.com,Belo Horizonte,Mecânico,31,34774980741
Pedro Lima Rocha,pedro.lima.rocha.14635@example.com,Caxias do Sul,Chefe de departamento pessoal,39,65017462862
Juliana Souza Oliveira,juliana.souza.oliveira.14636@example.com,Manaus,Supervisor de atendimento,47,79487879712
João Lima Martins,joao.lima.martins.14637@example.com,Recife,Supervisor de vendas,60,35463620385
Paulo Martins Araújo,paulo.martins.araujo.14638@example.com,Vitória,Analista de dados,66,06117444609
Vitória Barbosa Rocha,vitoria.barbosa.rocha.14639@example.com,Curitiba,Arquiteto,32,72731833342
Nicolas Barros Castro,nicolas.barros.castro.14640@example.com,Belo Horizonte,Cozinheiro,50,87024251046
Igor Castro Gomes,igor.castro.gomes.14641@example.com,Manaus,Coordenador de logística,45,96272046819
Amanda Rodrigues Araújo,amanda.rodrigues.araujo.14642@example.com,Dourados,Gerente de tecnologia,40,99833962338
Simone Ribeiro Barbosa,simone.ribeiro.barbosa.14643@example.com,Joinville,Gerente de tecnologia,57,47742161236
Eduardo Teixeira Carvalho,eduardo.teixeira.carvalho.14644@example.com,Florianópolis,Técnico em informática,54,56888339051
Priscila Teixeira Castro,priscila.teixeira.castro.14645@example.com,Londrina,Nutricionista,68,10596706188
Camila Barbosa Lima,camila.barbosa.lima.14646@example.com,Curitiba,Técnico em informática,69,58203148837
Ana Teixeira Fernandes,ana.teixeira.fernandes.14647@example.com,Rondonópolis,Diretor comercial,67,28195279407
Rafael Gomes Cardoso,rafael.gomes.cardoso.14648@example.com,Santos,Atendente,24,14117399996
Igor Barbosa Fernandes,igor.barbosa.fernandes.14649@example.com,Fortaleza,Chefe de almoxarifado,56,22892091477
Paulo Moreira Dias,paulo.moreira.dias.14650@example.com,Florianópolis,Supervisor de atendimento,28,16474938150
Gabriela Moreira Barros,gabriela.moreira.barros.14651@example.com,Santos,Coordenador de logística,60,14039000510
Gabriel Fernandes Silva,gabriel.fernandes.silva.14652@example.com,Joinville,Supervisor de qualidade,36,66849833204
Carolina Rocha Freitas,carolina.rocha.freitas.14653@example.com,Uberlândia,Atendente,45,20787906732
Felipe Nascimento Moreira,felipe.nascimento.moreira.14654@example.com,Londrina,Supervisor de qualidade,33,13003639475
Vitória Santos Barbosa,vitoria.santos.barbosa.14655@example.com,Dourados,Coordenador de logística,57,96089210954
Thiago Fernandes Cardoso,thiago.fernandes.cardoso.14656@example.com,São Paulo,Professor,40,23599549259
Vinícius Costa Ribeiro,vinicius.costa.ribeiro.14657@example.com,Porto Alegre,Supervisor de qualidade,63,41196227760
Igor Mendes Santos,igor.mendes.santos.14658@example.com,Santos,Engenheiro civil,43,12913125139
Gustavo Gomes Costa,gustavo.gomes.costa.14659@example.com,Recife,Chefe de almoxarifado,40,03945028747
Sandra Moreira Fernandes,sandra.moreira.fernandes.14660@example.com,Vitória,Analista de dados,44,62465218709
Priscila Almeida Cardoso,priscila.almeida.cardoso.14661@example.com,Brasília,Analista financeiro,59,14569766808
Fernanda Mendes Lima,fernanda.mendes.lima.14662@example.com,Campo Grande,Estoquista,26,61825175007
João Santos Carvalho,joao.santos.carvalho.14663@example.com,Fortaleza,Gerente de operações,21,14874936775
Rafael Ribeiro Castro,rafael.ribeiro.castro.14664@example.com,Natal,Jornalista,23,95849118153
Paulo Lima Ribeiro,paulo.lima.ribeiro.14665@example.com,Cuiabá,Diretor comercial,53,46874154913
Diego Castro Santos,diego.castro.santos.14666@example.com,Rio de Janeiro,Coordenador de marketing,69,14769665173
Débora Ribeiro Cardoso,debora.ribeiro.cardoso.14667@example.com,Campinas,Coordenador de marketing,59,20443591209
Thiago Martins Teixeira,thiago.martins.teixeira.14668@example.com,Londrina,Coordenador de logística,68,60063284583
Marcelo Teixeira Oliveira,marcelo.teixeira.oliveira.14669@example.com,Porto Alegre,Vendedor,33,40449967178
Ricardo Fernandes Souza,ricardo.fernandes.souza.14670@example.com,Fortaleza,Coordenador de produção,44,57525331650
Rafael Freitas Carvalho,rafael.freitas.carvalho.14671@example.com,Belém,Técnico de enfermagem,23,75894761412
Letícia Cardoso Barros,leticia.cardoso.barros.14672@example.com,Santos,Designer gráfico,57,95422279547
Vitória Martins Cardoso,vitoria.martins.cardoso.14673@example.com,Vitória,Auxiliar de produção,42,26823404696
Gustavo Almeida Araújo,gustavo.almeida.araujo.14674@example.com,Maringá,Coordenador de logística,50,20183908813
Juliana Monteiro Castro,juliana.monteiro.castro.14675@example.com,Porto Alegre,Cozinheiro,66,55085469167
Gabriel Alves Lima,gabriel.alves.lima.14676@example.com,Recife,Supervisor de atendimento,19,45477764029
Gustavo Monteiro Oliveira,gustavo.monteiro.oliveira.14677@example.com,Florianópolis,Supervisor de atendimento,69,05110155900
Otávio Alves Gomes,otavio.alves.gomes.14678@example.com,Rio de Janeiro,Corretor de imóveis,69,03906409560
Thiago Lima Barros,thiago.lima.barros.14679@example.com,Niterói,Assistente comercial,20,47158453278
Camila Ribeiro Martins,camila.ribeiro.martins.14680@example.com,Joinville,Analista de marketing,42,92804927551
Pedro Silva Mendes,pedro.silva.mendes.14681@example.com,Joinville,Diretor comercial,38,25244529237
Rafael Teixeira Silva,rafael.teixeira.silva.14682@example.com,Maringá,Jornalista,35,97152457724
Henrique Monteiro Souza,henrique.monteiro.souza.14683@example.com,Fortaleza,Encarregado de produção,21,39208287845
Sérgio Silva Costa,sergio.silva.costa.14684@example.com,Rio de Janeiro,Técnico de segurança do trabalho,27,79049411855
Rafael Rocha Barbosa,rafael.rocha.barbosa.14685@example.com,Fortaleza,Recepcionista,54,42760959942
Luana Monteiro Mendes,luana.monteiro.mendes.14686@example.com,Brasília,Supervisor de qualidade,33,16541261152
Beatriz Araújo Moreira,beatriz.araujo.moreira.14687@example.com,Maringá,Analista de dados,24,86211756560
Bruno Barbosa Oliveira,bruno.barbosa.oliveira.14688@example.com,Salvador,Supervisor de manutenção,43,45879741685
Letícia Rodrigues Freitas,leticia.rodrigues.freitas.14689@example.com,Belo Horizonte,Advogado,27,34670550656
Juliana Alves Oliveira,juliana.alves.oliveira.14690@example.com,Fortaleza,Supervisor de qualidade,31,98334799347
Igor Lima Mendes,igor.lima.mendes.14691@example.com,Maringá,Analista de dados,50,75051657702
Ana Almeida Gomes,ana.almeida.gomes.14692@example.com,Manaus,Gerente de operações,68,94705349054
Priscila Rodrigues Carvalho,priscila.rodrigues.carvalho.14693@example.com,Caxias do Sul,Supervisor de qualidade,61,96292919369
Daniela Castro Nascimento,daniela.castro.nascimento.14694@example.com,Goiânia,Atendente,62,56544739625
Carlos Fernandes Martins,carlos.fernandes.martins.14695@example.com,Uberlândia,Técnico de segurança do trabalho,56,11678837668
Gabriel Oliveira Teixeira,gabriel.oliveira.teixeira.14696@example.com,Porto Alegre,Eletricista,24,55488336131
Priscila Barros Moreira,priscila.barros.moreira.14697@example.com,Cuiabá,Atendente,46,46645545297
Paulo Carvalho Dias,paulo.carvalho.dias.14698@example.com,Maringá,Fisioterapeuta,18,18234904419
Igor Dias Nascimento,igor.dias.nascimento.14699@example.com,Dourados,Contador,64,81409884068
Daniela Nascimento Ribeiro,daniela.nascimento.ribeiro.14700@example.com,Belém,Diretor comercial,69,72402107340
Otávio Costa Monteiro,otavio.costa.monteiro.14701@example.com,Maringá,Gerente comercial,56,94732359650
José Castro Ribeiro,jose.castro.ribeiro.14702@example.com,Niterói,Assistente administrativo,49,38271421977
Gabriel Teixeira Rodrigues,gabriel.teixeira.rodrigues.14703@example.com,Uberlândia,Cozinheiro,32,89228140986
Mariana Barbosa Silva,mariana.barbosa.silva.14704@example.com,São Paulo,Comprador,43,61439083834
Gustavo Silva Dias,gustavo.silva.dias.14705@example.com,Cuiabá,Líder de equipe,61,04416140102
João Lima Rodrigues,joao.lima.rodrigues.14706@example.com,Goiânia,Chefe de compras,25,57980841886
Henrique Freitas Dias,henrique.freitas.dias.14707@example.com,Rio de Janeiro,Vendedor,29,14859845573
Gustavo Teixeira Souza,gustavo.teixeira.souza.14708@example.com,Belém,Auxiliar de produção,21,04326931410
Mariana Cardoso Carvalho,mariana.cardoso.carvalho.14709@example.com,Santos,Enfermeiro,37,77958602811
Daniela Costa Costa,daniela.costa.costa.14710@example.com,Belém,Chefe de compras,69,35349218376
Lucas Teixeira Oliveira,lucas.teixeira.oliveira.14711@example.com,Campo Grande,Coordenador de produção,41,74002568053
Pedro Gomes Freitas,pedro.gomes.freitas.14712@example.com,Natal,Diretor de operações,50,18444166124
Larissa Teixeira Oliveira,larissa.teixeira.oliveira.14713@example.com,Niterói,Programador,25,67383174096
José Rocha Moreira,jose.rocha.moreira.14714@example.com,Cuiabá,Diretor de operações,25,19127848883
Lucas Gomes Silva,lucas.gomes.silva.14715@example.com,Uberlândia,Líder de equipe,66,14385418376
Débora Silva Castro,debora.silva.castro.14716@example.com,Rondonópolis,Chefe de departamento pessoal,64,53643988698
Nicolas Rocha Castro,nicolas.rocha.castro.14717@example.com,Curitiba,Diretor de operações,19,42434792145
Carlos Ribeiro Carvalho,carlos.ribeiro.carvalho.14718@example.com,Rondonópolis,Assistente administrativo,64,90785553663
Igor Teixeira Freitas,igor.teixeira.freitas.14719@example.com,Natal,Professor,28,05275220392
Igor Castro Rocha,igor.castro.rocha.14720@example.com,Belém,Engenheiro civil,48,52559826938
Ricardo Pereira Rocha,ricardo.pereira.rocha.14721@example.com,Rio de Janeiro,Cozinheiro,63,46623738606
Gabriela Mendes Oliveira,gabriela.mendes.oliveira.14722@example.com,Londrina,Coordenador de marketing,47,80656104747
Camila Freitas Rodrigues,camila.freitas.rodrigues.14723@example.com,Fortaleza,Fisioterapeuta,30,15902148720
Aline Rocha Barbosa,aline.rocha.barbosa.14724@example.com,Campinas,Atendente,69,00018102725
Ana Araújo Rocha,ana.araujo.rocha.14725@example.com,São Paulo,Analista de dados,28,34575658352
Vinícius Moreira Castro,vinicius.moreira.castro.14726@example.com,Cuiabá,Corretor de imóveis,42,65836729220
Igor Alves Araújo,igor.alves.araujo.14727@example.com,Curitiba,Pedreiro,42,25001789808
Felipe Alves Alves,felipe.alves.alves.14728@example.com,Campinas,Arquiteto,37,99922546337
Rafael Fernandes Monteiro,rafael.fernandes.monteiro.14729@example.com,Recife,Coordenador de produção,30,50164540550
Nicolas Freitas Carvalho,nicolas.freitas.carvalho.14730@example.com,Cuiabá,Chefe de almoxarifado,47,43172626096
Letícia Oliveira Mendes,leticia.oliveira.mendes.14731@example.com,Joinville,Padeiro,31,07880980387
Fernanda Santos Rocha,fernanda.santos.rocha.14732@example.com,Dourados,Coordenador de produção,21,33303941836
Sandra Barros Dias,sandra.barros.dias.14733@example.com,Natal,Padeiro,40,13310766595
Fernanda Castro Pereira,fernanda.castro.pereira.14734@example.com,Belém,Gerente de tecnologia,32,63777175105
José Carvalho Oliveira,jose.carvalho.oliveira.14735@example.com,Dourados,Designer gráfico,27,53866854554
Amanda Pereira Souza,amanda.pereira.souza.14736@example.com,Rondonópolis,Arquiteto,34,26104022819
Beatriz Oliveira Gomes,beatriz.oliveira.gomes.14737@example.com,Manaus,Coordenador de produção,62,53914481269
Marcelo Barros Freitas,marcelo.barros.freitas.14738@example.com,Sorocaba,Coordenador de marketing,61,81373829638
João Gomes Oliveira,joao.gomes.oliveira.14739@example.com,Joinville,Gerente comercial,69,32546944599
Camila Teixeira Rodrigues,camila.teixeira.rodrigues.14740@example.com,Fortaleza,Analista de marketing,24,39626914864
Diego Gomes Castro,diego.gomes.castro.14741@example.com,Maringá,Operador de caixa,52,59413863232
Paulo Alves Nascimento,paulo.alves.nascimento.14742@example.com,Santos,Analista de dados,31,12969427779
Rafael Silva Alves,rafael.silva.alves.14743@example.com,Rio de Janeiro,Jornalista,30,71761318781
Thiago Alves Teixeira,thiago.alves.teixeira.14744@example.com,Campo Grande,Diretor comercial,64,28324757987
Renata Martins Moreira,renata.martins.moreira.14745@example.com,Porto Alegre,Gerente de operações,61,92166238602
Bruno Mendes Araújo,bruno.mendes.araujo.14746@example.com,Goiânia,Coordenador de logística,24,58157318244
Amanda Costa Barbosa,amanda.costa.barbosa.14747@example.com,Joinville,Vendedor,65,57820553983
Aline Costa Cardoso,aline.costa.cardoso.14748@example.com,Belo Horizonte,Chefe de almoxarifado,58,38770952723
Vanessa Barros Araújo,vanessa.barros.araujo.14749@example.com,Belém,Diretor comercial,28,56470409094
Mariana Nascimento Carvalho,mariana.nascimento.carvalho.14750@example.com,Rio de Janeiro,Coordenador administrativo,20,17122560399
Nicolas Mendes Fernandes,nicolas.mendes.fernandes.14751@example.com,São Paulo,Coordenador de marketing,56,73140672957
Vinícius Barros Mendes,vinicius.barros.mendes.14752@example.com,Dourados,Chefe de departamento pessoal,55,80064209797
Mariana Fernandes Rodrigues,mariana.fernandes.rodrigues.14753@example.com,Natal,Supervisor de vendas,24,03245436995
Aline Santos Barbosa,aline.santos.barbosa.14754@example.com,Niterói,Chefe de almoxarifado,45,16514298510
Camila Monteiro Martins,camila.monteiro.martins.14755@example.com,Rondonópolis,Auxiliar de produção,47,41908982650
Daniela Santos Lima,daniela.santos.lima.14756@example.com,Recife,Fisioterapeuta,52,54612235624
Sérgio Carvalho Cardoso,sergio.carvalho.cardoso.14757@example.com,Florianópolis,Fisioterapeuta,56,36970774047
Leonardo Gomes Costa,leonardo.gomes.costa.14758@example.com,São Paulo,Auxiliar de produção,38,34728105651
João Fernandes Freitas,joao.fernandes.freitas.14759@example.com,Campo Grande,Gerente de recursos humanos,68,86970790493
João Castro Carvalho,joao.castro.carvalho.14760@example.com,Maringá,Professor,38,96624345467
Tatiane Cardoso Souza,tatiane.cardoso.souza.14761@example.com,Uberlândia,Diretor comercial,24,23966221971
Camila Almeida Martins,camila.almeida.martins.14762@example.com,Brasília,Coordenador administrativo,44,80893048290
Bruno Costa Costa,bruno.costa.costa.14763@example.com,Salvador,Coordenador de produção,60,58508804442
Diego Alves Lima,diego.alves.lima.14764@example.com,Campinas,Eletricista,24,84140985074
Felipe Oliveira Barbosa,felipe.oliveira.barbosa.14765@example.com,Belo Horizonte,Analista de recursos humanos,62,58567604892
Igor Carvalho Lima,igor.carvalho.lima.14766@example.com,Rio de Janeiro,Atendente,38,01194463680
Patrícia Martins Costa,patricia.martins.costa.14767@example.com,Vitória,Diretor comercial,52,74581741482
João Martins Barbosa,joao.martins.barbosa.14768@example.com,Manaus,Gerente comercial,28,02549494161
Henrique Santos Carvalho,henrique.santos.carvalho.14769@example.com,Belém,Analista financeiro,23,13086634252
Amanda Moreira Carvalho,amanda.moreira.carvalho.14770@example.com,Niterói,Líder de equipe,40,13450749906
Henrique Oliveira Lima,henrique.oliveira.lima.14771@example.com,Natal,Professor,37,97456272525
Priscila Castro Ribeiro,priscila.castro.ribeiro.14772@example.com,Belém,Pedreiro,57,86290619219
Simone Freitas Castro,simone.freitas.castro.14773@example.com,Vitória,Contador,54,06321116688
Fernanda Santos Pereira,fernanda.santos.pereira.14774@example.com,Porto Alegre,Eletricista,67,39364165900
Priscila Ribeiro Castro,priscila.ribeiro.castro.14775@example.com,Rondonópolis,Diretor de operações,23,36850591970
Mariana Silva Nascimento,mariana.silva.nascimento.14776@example.com,Rio de Janeiro,Coordenador de marketing,38,41380107497
Igor Martins Teixeira,igor.martins.teixeira.14777@example.com,Vitória,Chefe de almoxarifado,42,27264045905
Débora Costa Cardoso,debora.costa.cardoso.14778@example.com,Curitiba,Gerente de recursos humanos,50,50365116285
Débora Souza Costa,debora.souza.costa.14779@example.com,Recife,Padeiro,67,74430206769
Henrique Barros Cardoso,henrique.barros.cardoso.14780@example.com,Brasília,Nutricionista,57,62977031171
Juliana Monteiro Almeida,juliana.monteiro.almeida.14781@example.com,Manaus,Corretor de imóveis,41,96777421435
Marcelo Teixeira Alves,marcelo.teixeira.alves.14782@example.com,Recife,Diretor comercial,55,44698206076
Bruno Mendes Costa,bruno.mendes.costa.14783@example.com,Cuiabá,Auxiliar de produção,68,74369233874
Amanda Fernandes Almeida,amanda.fernandes.almeida.14784@example.com,Recife,Analista de marketing,34,61285579949
Paulo Gomes Gomes,paulo.gomes.gomes.14785@example.com,Porto Alegre,Chefe de compras,48,13366913039
Leonardo Santos Rocha,leonardo.santos.rocha.14786@example.com,Campinas,Estoquista,56,91485955111
Carolina Moreira Martins,carolina.moreira.martins.14787@example.com,Belo Horizonte,Motorista,53,55492080519
Paulo Almeida Araújo,paulo.almeida.araujo.14788@example.com,Belém,Supervisor de atendimento,56,19147255957
Patrícia Carvalho Gomes,patricia.carvalho.gomes.14789@example.com,Vitória,Operador de caixa,61,18785669287
Sandra Costa Souza,sandra.costa.souza.14790@example.com,Campo Grande,Mecânico,44,36319370611
Débora Carvalho Barbosa,debora.carvalho.barbosa.14791@example.com,São Paulo,Gerente financeiro,36,28581346778
Aline Ribeiro Nascimento,aline.ribeiro.nascimento.14792@example.com,Salvador,Assistente comercial,54,50441717429
Amanda Martins Barbosa,amanda.martins.barbosa.14793@example.com,Campinas,Auxiliar de produção,23,86833771803
Letícia Lima Carvalho,leticia.lima.carvalho.14794@example.com,Campo Grande,Cozinheiro,46,90813104636
Larissa Rodrigues Lima,larissa.rodrigues.lima.14795@example.com,Natal,Auxiliar de produção,31,75293193590
Otávio Freitas Rodrigues,otavio.freitas.rodrigues.14796@example.com,Uberlândia,Chefe de almoxarifado,44,60925901479
Felipe Barros Araújo,felipe.barros.araujo.14797@example.com,Cuiabá,Corretor de imóveis,41,90977985664
Gabriel Mendes Pereira,gabriel.mendes.pereira.14798@example.com,Manaus,Nutricionista,69,37068598292
Marcelo Barros Freitas,marcelo.barros.freitas.14799@example.com,Dourados,Chefe de compras,41,46517470347
Diego Nascimento Rodrigues,diego.nascimento.rodrigues.14800@example.com,Natal,Estoquista,40,95164063268
Lucas Fernandes Souza,lucas.fernandes.souza.14801@example.com,Maringá,Contador,53,37485888945
Igor Carvalho Rodrigues,igor.carvalho.rodrigues.14802@example.com,Manaus,Diretor de operações,53,93899148438
Letícia Alves Mendes,leticia.alves.mendes.14803@example.com,Uberlândia,Corretor de imóveis,40,84216634054
Diego Santos Rocha,diego.santos.rocha.14804@example.com,São Paulo,Gerente financeiro,49,58457649378
Renata Almeida Araújo,renata.almeida.araujo.14805@example.com,Curitiba,Recepcionista,31,52580247864
Ana Barros Carvalho,ana.barros.carvalho.14806@example.com,Vitória,Coordenador de logística,46,28120654151
Juliana Almeida Rodrigues,juliana.almeida.rodrigues.14807@example.com,Cuiabá,Diretor comercial,24,26715871668
Débora Barros Souza,debora.barros.souza.14808@example.com,Brasília,Operador de caixa,40,68412679503
Luana Rodrigues Rocha,luana.rodrigues.rocha.14809@example.com,Brasília,Arquiteto,43,91856324247
Sandra Dias Lima,sandra.dias.lima.14810@example.com,Fortaleza,Chefe de compras,18,17500887886
Nicolas Barbosa Moreira,nicolas.barbosa.moreira.14811@example.com,Curitiba,Coordenador de logística,60,51951142640
Renata Fernandes Alves,renata.fernandes.alves.14812@example.com,Curitiba,Técnico de segurança do trabalho,30,00325577356
Eduardo Alves Martins,eduardo.alves.martins.14813@example.com,Recife,Corretor de imóveis,24,69740378010
Vanessa Barbosa Gomes,vanessa.barbosa.gomes.14814@example.com,Belo Horizonte,Supervisor de qualidade,32,39436631110
Nicolas Araújo Araújo,nicolas.araujo.araujo.14815@example.com,Salvador,Padeiro,54,61348604470
Sérgio Monteiro Ribeiro,sergio.monteiro.ribeiro.14816@example.com,Uberlândia,Diretor comercial,24,15043947311
Gabriel Moreira Dias,gabriel.moreira.dias.14817@example.com,Cuiabá,Padeiro,45,58109448572
Amanda Pereira Oliveira,amanda.pereira.oliveira.14818@example.com,Niterói,Estoquista,38,09164514877
Felipe Cardoso Mendes,felipe.cardoso.mendes.14819@example.com,Dourados,Chefe de almoxarifado,31,50683376511
Thiago Teixeira Ribeiro,thiago.teixeira.ribeiro.14820@example.com,Porto Alegre,Coordenador de logística,69,72000000943
Sandra Teixeira Teixeira,sandra.teixeira.teixeira.14821@example.com,Santos,Analista financeiro,70,61644236422
Pedro Souza Silva,pedro.souza.silva.14822@example.com,São Paulo,Técnico de enfermagem,32,55172742096
Felipe Rodrigues Souza,felipe.rodrigues.souza.14823@example.com,Manaus,Gerente financeiro,61,46371097812
Igor Souza Oliveira,igor.souza.oliveira.14824@example.com,Goiânia,Corretor de imóveis,47,30529301924
Amanda Almeida Barbosa,amanda.almeida.barbosa.14825@example.com,Sorocaba,Mecânico,49,54723851926
Otávio Araújo Silva,otavio.araujo.silva.14826@example.com,Santos,Eletricista,64,39425396907
Diego Barbosa Santos,diego.barbosa.santos.14827@example.com,São Paulo,Mecânico,47,24183769836
Thiago Carvalho Barbosa,thiago.carvalho.barbosa.14828@example.com,Campinas,Técnico de enfermagem,50,72083878531
Mariana Pereira Teixeira,mariana.pereira.teixeira.14829@example.com,Salvador,Enfermeiro,28,92990738070
José Mendes Freitas,jose.mendes.freitas.14830@example.com,Joinville,Advogado,31,91571930496
Gabriela Ribeiro Barbosa,gabriela.ribeiro.barbosa.14831@example.com,Niterói,Supervisor de manutenção,63,41287256612
Simone Barros Rodrigues,simone.barros.rodrigues.14832@example.com,Maringá,Professor,57,73318752502
Juliana Araújo Dias,juliana.araujo.dias.14833@example.com,Campo Grande,Atendente,40,47472604648
Igor Oliveira Lima,igor.oliveira.lima.14834@example.com,Belo Horizonte,Supervisor de qualidade,27,36371105621
Marcelo Dias Alves,marcelo.dias.alves.14835@example.com,Salvador,Fisioterapeuta,22,47071086327
Juliana Santos Lima,juliana.santos.lima.14836@example.com,Brasília,Gerente de operações,63,71254751505
Lucas Carvalho Pereira,lucas.carvalho.pereira.14837@example.com,Uberlândia,Assistente comercial,45,42034497066
Rafael Nascimento Monteiro,rafael.nascimento.monteiro.14838@example.com,Curitiba,Técnico de enfermagem,45,67758418801
Tatiane Barbosa Nascimento,tatiane.barbosa.nascimento.14839@example.com,Sorocaba,Designer gráfico,63,43934557593
Vanessa Barros Rocha,vanessa.barros.rocha.14840@example.com,Salvador,Técnico em informática,37,99932586443
Leonardo Alves Dias,leonardo.alves.dias.14841@example.com,Caxias do Sul,Contador,24,41536861878
Vanessa Barbosa Monteiro,vanessa.barbosa.monteiro.14842@example.com,Vitória,Analista de dados,32,65224183295
Marcelo Ribeiro Souza,marcelo.ribeiro.souza.14843@example.com,Dourados,Auxiliar de produção,24,55110537248
Aline Barros Martins,aline.barros.martins.14844@example.com,Sorocaba,Supervisor de manutenção,40,64589720126
Eduardo Araújo Fernandes,eduardo.araujo.fernandes.14845@example.com,Curitiba,Operador de caixa,61,57075742185
Igor Fernandes Rodrigues,igor.fernandes.rodrigues.14846@example.com,Recife,Coordenador administrativo,68,27644371047
Priscila Araújo Almeida,priscila.araujo.almeida.14847@example.com,Belo Horizonte,Supervisor de manutenção,49,69100806735
Luana Rocha Moreira,luana.rocha.moreira.14848@example.com,Dourados,Auxiliar de produção,40,97376615367
Igor Freitas Rodrigues,igor.freitas.rodrigues.14849@example.com,São Paulo,Técnico de segurança do trabalho,32,25516913814
João Silva Martins,joao.silva.martins.14850@example.com,Manaus,Programador,34,93639214073
Juliana Almeida Mendes,juliana.almeida.mendes.14851@example.com,Rio de Janeiro,Supervisor de qualidade,50,60877223194
Bruno Martins Araújo,bruno.martins.araujo.14852@example.com,Dourados,Gerente financeiro,59,09488092031
Ana Dias Monteiro,ana.dias.monteiro.14853@example.com,Campinas,Coordenador de produção,58,30281936257
João Araújo Cardoso,joao.araujo.cardoso.14854@example.com,Maringá,Programador,21,62544334662
Carlos Barbosa Alves,carlos.barbosa.alves.14855@example.com,Manaus,Auxiliar de produção,65,26045333839
Priscila Rocha Costa,priscila.rocha.costa.14856@example.com,Salvador,Gerente de operações,34,55979196171
Gustavo Souza Ribeiro,gustavo.souza.ribeiro.14857@example.com,Vitória,Fisioterapeuta,27,67253496558
Sérgio Barros Carvalho,sergio.barros.carvalho.14858@example.com,Porto Alegre,Supervisor de vendas,65,23052652323
Lucas Araújo Nascimento,lucas.araujo.nascimento.14859@example.com,Florianópolis,Gerente de recursos humanos,20,71029616118
Gustavo Pereira Alves,gustavo.pereira.alves.14860@example.com,Caxias do Sul,Pedreiro,60,17463954523
Nicolas Freitas Santos,nicolas.freitas.santos.14861@example.com,Belém,Atendente,27,36089199427
Fernanda Ribeiro Fernandes,fernanda.ribeiro.fernandes.14862@example.com,Porto Alegre,Vendedor,59,57896219238
Fernanda Teixeira Oliveira,fernanda.teixeira.oliveira.14863@example.com,São Paulo,Analista de dados,60,66104305003
Patrícia Lima Barbosa,patricia.lima.barbosa.14864@example.com,Joinville,Técnico de segurança do trabalho,40,53143712849
Nicolas Mendes Santos,nicolas.mendes.santos.14865@example.com,Campo Grande,Engenheiro civil,34,36209793951
Sérgio Nascimento Cardoso,sergio.nascimento.cardoso.14866@example.com,Fortaleza,Motorista,47,68325149895
Aline Rodrigues Nascimento,aline.rodrigues.nascimento.14867@example.com,Florianópolis,Auxiliar de produção,27,25431641941
Eduardo Rocha Costa,eduardo.rocha.costa.14868@example.com,Brasília,Auxiliar de produção,45,75654424882
Gustavo Araújo Fernandes,gustavo.araujo.fernandes.14869@example.com,Uberlândia,Gerente de recursos humanos,52,90172453464
Fernanda Gomes Gomes,fernanda.gomes.gomes.14870@example.com,Niterói,Supervisor de qualidade,55,00617742047
Beatriz Fernandes Pereira,beatriz.fernandes.pereira.14871@example.com,Santos,Enfermeiro,28,07484727684
Gabriel Carvalho Freitas,gabriel.carvalho.freitas.14872@example.com,Brasília,Farmacêutico,43,92174421766
Simone Carvalho Almeida,simone.carvalho.almeida.14873@example.com,Curitiba,Designer gráfico,47,47576798924
Rafael Martins Araújo,rafael.martins.araujo.14874@example.com,Belém,Chefe de almoxarifado,18,48242292353
Daniela Castro Monteiro,daniela.castro.monteiro.14875@example.com,Florianópolis,Encarregado de produção,53,36408380248
Aline Mendes Lima,aline.mendes.lima.14876@example.com,Natal,Padeiro,64,85391833346
Lucas Pereira Teixeira,lucas.pereira.teixeira.14877@example.com,Natal,Motorista,42,19893635467
Luana Mendes Ribeiro,luana.mendes.ribeiro.14878@example.com,Belo Horizonte,Encarregado de produção,22,06978539836
Vinícius Lima Oliveira,vinicius.lima.oliveira.14879@example.com,Natal,Supervisor de manutenção,21,84221870149
Ricardo Mendes Martins,ricardo.mendes.martins.14880@example.com,Dourados,Vendedor,64,01575460591
Sandra Moreira Castro,sandra.moreira.castro.14881@example.com,Goiânia,Cozinheiro,68,42137317837
Thiago Freitas Oliveira,thiago.freitas.oliveira.14882@example.com,Maringá,Gerente de recursos humanos,28,58341685833
Bruno Ribeiro Fernandes,bruno.ribeiro.fernandes.14883@example.com,Natal,Programador,37,11909408909
Otávio Barbosa Rodrigues,otavio.barbosa.rodrigues.14884@example.com,Rondonópolis,Analista de marketing,43,02784627864
Daniela Pereira Cardoso,daniela.pereira.cardoso.14885@example.com,Fortaleza,Técnico de segurança do trabalho,27,14958014141
Débora Almeida Souza,debora.almeida.souza.14886@example.com,Rio de Janeiro,Técnico de enfermagem,60,82078049802
Aline Oliveira Lima,aline.oliveira.lima.14887@example.com,Salvador,Chefe de departamento pessoal,56,87367014122
Marcelo Freitas Rodrigues,marcelo.freitas.rodrigues.14888@example.com,Florianópolis,Motorista,43,62263589067
Vitória Fernandes Rocha,vitoria.fernandes.rocha.14889@example.com,Caxias do Sul,Encarregado de produção,20,46190340996
Camila Teixeira Dias,camila.teixeira.dias.14890@example.com,Porto Alegre,Padeiro,52,85616774167
Gustavo Souza Almeida,gustavo.souza.almeida.14891@example.com,Uberlândia,Padeiro,39,81890239040
João Araújo Carvalho,joao.araujo.carvalho.14892@example.com,Niterói,Nutricionista,53,29713460518
Vanessa Silva Souza,vanessa.silva.souza.14893@example.com,Salvador,Vendedor,69,59223778562
Diego Nascimento Mendes,diego.nascimento.mendes.14894@example.com,Vitória,Eletricista,38,11063661247
Luana Araújo Teixeira,luana.araujo.teixeira.14895@example.com,Porto Alegre,Supervisor de vendas,22,11689431880
Amanda Teixeira Fernandes,amanda.teixeira.fernandes.14896@example.com,Recife,Auxiliar de produção,18,85981135808
Juliana Oliveira Ribeiro,juliana.oliveira.ribeiro.14897@example.com,Brasília,Recepcionista,48,76630266144
Bruno Barbosa Barros,bruno.barbosa.barros.14898@example.com,Londrina,Programador,30,68333601277
Henrique Barbosa Nascimento,henrique.barbosa.nascimento.14899@example.com,Campinas,Padeiro,30,85036644164
Paulo Fernandes Silva,paulo.fernandes.silva.14900@example.com,Dourados,Contador,42,60256727685
Amanda Rocha Nascimento,amanda.rocha.nascimento.14901@example.com,Campo Grande,Jornalista,47,79968898293
Rafael Lima Pereira,rafael.lima.pereira.14902@example.com,Manaus,Auxiliar de produção,58,03367560035
Nicolas Dias Freitas,nicolas.dias.freitas.14903@example.com,Belém,Vendedor,40,14839405239
Henrique Monteiro Cardoso,henrique.monteiro.cardoso.14904@example.com,Londrina,Chefe de almoxarifado,69,29708562894
Simone Silva Lima,simone.silva.lima.14905@example.com,Dourados,Fisioterapeuta,34,86657337994
Paulo Teixeira Cardoso,paulo.teixeira.cardoso.14906@example.com,Rondonópolis,Farmacêutico,21,39643838901
Ana Carvalho Mendes,ana.carvalho.mendes.14907@example.com,Goiânia,Recepcionista,52,46393662728
Tatiane Ribeiro Dias,tatiane.ribeiro.dias.14908@example.com,Uberlândia,Coordenador de logística,39,91293353251
Paulo Monteiro Carvalho,paulo.monteiro.carvalho.14909@example.com,Manaus,Assistente comercial,34,46955927629
Ricardo Ribeiro Santos,ricardo.ribeiro.santos.14910@example.com,Goiânia,Gerente de operações,36,13809120104
Débora Fernandes Ribeiro,debora.fernandes.ribeiro.14911@example.com,Brasília,Advogado,49,73571879211
Lucas Barbosa Teixeira,lucas.barbosa.teixeira.14912@example.com,Brasília,Eletricista,35,70855443009
Fernanda Moreira Barbosa,fernanda.moreira.barbosa.14913@example.com,Cuiabá,Nutricionista,53,07901748855
Henrique Rodrigues Oliveira,henrique.rodrigues.oliveira.14914@example.com,Uberlândia,Estoquista,42,16487127493
Felipe Almeida Dias,felipe.almeida.dias.14915@example.com,Joinville,Padeiro,68,93280250720
Vinícius Barbosa Araújo,vinicius.barbosa.araujo.14916@example.com,Vitória,Fisioterapeuta,58,65412537641
Carolina Dias Barbosa,carolina.dias.barbosa.14917@example.com,Salvador,Técnico de segurança do trabalho,69,92746864419
Otávio Gomes Araújo,otavio.gomes.araujo.14918@example.com,Curitiba,Gerente financeiro,53,66392043459
Débora Carvalho Moreira,debora.carvalho.moreira.14919@example.com,Manaus,Diretor de operações,45,99118234749
Aline Nascimento Castro,aline.nascimento.castro.14920@example.com,Campinas,Gerente comercial,56,29139698092
Gabriel Rodrigues Moreira,gabriel.rodrigues.moreira.14921@example.com,Joinville,Diretor comercial,55,05308381983
Lucas Barbosa Gomes,lucas.barbosa.gomes.14922@example.com,Vitória,Fisioterapeuta,18,19138237738
Luana Lima Monteiro,luana.lima.monteiro.14923@example.com,Campinas,Técnico de segurança do trabalho,57,42852020878
Mariana Pereira Castro,mariana.pereira.castro.14924@example.com,Fortaleza,Farmacêutico,52,76892908157
Priscila Rocha Cardoso,priscila.rocha.cardoso.14925@example.com,Joinville,Assistente administrativo,43,09751670817
Beatriz Fernandes Castro,beatriz.fernandes.castro.14926@example.com,Fortaleza,Contador,27,77301475136
Daniela Martins Costa,daniela.martins.costa.14927@example.com,Belém,Assistente comercial,56,95690268979
Bruno Barbosa Freitas,bruno.barbosa.freitas.14928@example.com,Belo Horizonte,Pedreiro,52,03799003648
Gabriel Martins Araújo,gabriel.martins.araujo.14929@example.com,Londrina,Gerente de recursos humanos,19,11634364321
Mariana Santos Gomes,mariana.santos.gomes.14930@example.com,Campo Grande,Gerente de tecnologia,60,34228192394
Paulo Gomes Cardoso,paulo.gomes.cardoso.14931@example.com,Florianópolis,Assistente administrativo,40,17410275362
Pedro Martins Alves,pedro.martins.alves.14932@example.com,Sorocaba,Designer gráfico,62,32346103400
Carolina Nascimento Oliveira,carolina.nascimento.oliveira.14933@example.com,Rondonópolis,Mecânico,18,93095815099
Mariana Nascimento Martins,mariana.nascimento.martins.14934@example.com,Natal,Coordenador de logística,65,02163286783
Larissa Alves Costa,larissa.alves.costa.14935@example.com,Rondonópolis,Jornalista,32,49069515626
Gabriel Freitas Costa,gabriel.freitas.costa.14936@example.com,Joinville,Gerente financeiro,19,76243954764
Henrique Fernandes Cardoso,henrique.fernandes.cardoso.14937@example.com,Londrina,Contador,66,92841340682
Amanda Teixeira Monteiro,amanda.teixeira.monteiro.14938@example.com,Caxias do Sul,Auxiliar de produção,35,62460586731
Leonardo Nascimento Mendes,leonardo.nascimento.mendes.14939@example.com,São Paulo,Chefe de compras,45,34903390804
Diego Almeida Castro,diego.almeida.castro.14940@example.com,Londrina,Chefe de departamento pessoal,49,13249630030
Ana Barros Barros,ana.barros.barros.14941@example.com,Santos,Fisioterapeuta,60,32910904786
Henrique Lima Oliveira,henrique.lima.oliveira.14942@example.com,Belém,Corretor de imóveis,58,50772932039
Patrícia Oliveira Alves,patricia.oliveira.alves.14943@example.com,Manaus,Coordenador de marketing,61,89861972887
Vanessa Rocha Almeida,vanessa.rocha.almeida.14944@example.com,Manaus,Gerente de tecnologia,56,01381631822
Patrícia Souza Oliveira,patricia.souza.oliveira.14945@example.com,Goiânia,Coordenador de marketing,26,52983912434
Carlos Almeida Martins,carlos.almeida.martins.14946@example.com,Joinville,Chefe de departamento pessoal,32,21178217783
Henrique Mendes Oliveira,henrique.mendes.oliveira.14947@example.com,Goiânia,Coordenador de produção,21,60132196207
Daniela Pereira Cardoso,daniela.pereira.cardoso.14948@example.com,Salvador,Líder de equipe,24,98408643899
Henrique Silva Gomes,henrique.silva.gomes.14949@example.com,Manaus,Técnico em informática,57,78338407751
Gabriela Ribeiro Monteiro,gabriela.ribeiro.monteiro.14950@example.com,Goiânia,Analista de dados,21,03453964901
Felipe Santos Monteiro,felipe.santos.monteiro.14951@example.com,Uberlândia,Coordenador de produção,23,93218345191
Leonardo Santos Cardoso,leonardo.santos.cardoso.14952@example.com,Rondonópolis,Fisioterapeuta,52,48705309779
Sandra Almeida Dias,sandra.almeida.dias.14953@example.com,Cuiabá,Coordenador de logística,18,04919604602
Daniela Araújo Castro,daniela.araujo.castro.14954@example.com,Recife,Chefe de departamento pessoal,66,79875860288
Lucas Lima Freitas,lucas.lima.freitas.14955@example.com,Salvador,Pedreiro,22,42062237615
Henrique Almeida Araújo,henrique.almeida.araujo.14956@example.com,Campo Grande,Cozinheiro,33,66371631547
João Moreira Oliveira,joao.moreira.oliveira.14957@example.com,Curitiba,Supervisor de manutenção,20,84763931281
Patrícia Almeida Monteiro,patricia.almeida.monteiro.14958@example.com,Uberlândia,Nutricionista,56,48378199345
Paulo Teixeira Mendes,paulo.teixeira.mendes.14959@example.com,Maringá,Atendente,62,99496397120
Felipe Martins Martins,felipe.martins.martins.14960@example.com,Dourados,Diretor comercial,29,18281266311
Sérgio Barbosa Dias,sergio.barbosa.dias.14961@example.com,Niterói,Analista de recursos humanos,41,26314188181
Larissa Oliveira Barbosa,larissa.oliveira.barbosa.14962@example.com,Porto Alegre,Comprador,58,85971300421
Carolina Martins Silva,carolina.martins.silva.14963@example.com,Belo Horizonte,Arquiteto,62,90465394501
Nicolas Nascimento Carvalho,nicolas.nascimento.carvalho.14964@example.com,Uberlândia,Diretor de operações,24,04080456312
Amanda Moreira Dias,amanda.moreira.dias.14965@example.com,Florianópolis,Supervisor de atendimento,62,47854951336
Nicolas Nascimento Oliveira,nicolas.nascimento.oliveira.14966@example.com,Cuiabá,Nutricionista,33,41029343791
Pedro Rodrigues Mendes,pedro.rodrigues.mendes.14967@example.com,Campo Grande,Corretor de imóveis,68,31463311217
Igor Fernandes Moreira,igor.fernandes.moreira.14968@example.com,Goiânia,Corretor de imóveis,40,68392216850
Priscila Freitas Costa,priscila.freitas.costa.14969@example.com,Cuiabá,Supervisor de manutenção,69,18681164546
Sandra Teixeira Santos,sandra.teixeira.santos.14970@example.com,Porto Alegre,Contador,39,79332574964
Daniela Rocha Oliveira,daniela.rocha.oliveira.14971@example.com,São Paulo,Chefe de departamento pessoal,27,08779441157
Diego Souza Costa,diego.souza.costa.14972@example.com,Campinas,Coordenador de logística,45,74240229015
Amanda Monteiro Alves,amanda.monteiro.alves.14973@example.com,Maringá,Arquiteto,57,96766104845
Henrique Mendes Carvalho,henrique.mendes.carvalho.14974@example.com,Natal,Motorista,26,12632321669
Ana Costa Carvalho,ana.costa.carvalho.14975@example.com,Belém,Operador de caixa,50,87836790331
Simone Freitas Souza,simone.freitas.souza.14976@example.com,Maringá,Analista de dados,44,13163883623
Patrícia Cardoso Almeida,patricia.cardoso.almeida.14977@example.com,Londrina,Coordenador de produção,40,27716643531
Fernanda Ribeiro Freitas,fernanda.ribeiro.freitas.14978@example.com,Vitória,Supervisor de manutenção,43,76958218691
Igor Teixeira Pereira,igor.teixeira.pereira.14979@example.com,Belém,Chefe de compras,33,65765863603
Pedro Rodrigues Martins,pedro.rodrigues.martins.14980@example.com,Caxias do Sul,Coordenador de produção,42,77086815711
Ana Gomes Mendes,ana.gomes.mendes.14981@example.com,Recife,Técnico de segurança do trabalho,30,21184594185
Bruno Rocha Costa,bruno.rocha.costa.14982@example.com,Belo Horizonte,Pedreiro,61,60640584109
Ana Silva Ribeiro,ana.silva.ribeiro.14983@example.com,Joinville,Líder de equipe,26,69018223603
Carolina Rodrigues Fernandes,carolina.rodrigues.fernandes.14984@example.com,Salvador,Supervisor de qualidade,25,61738919669
Tatiane Alves Souza,tatiane.alves.souza.14985@example.com,Campo Grande,Comprador,66,91919134391
Carolina Mendes Gomes,carolina.mendes.gomes.14986@example.com,Niterói,Diretor comercial,27,32439562550
Aline Costa Monteiro,aline.costa.monteiro.14987@example.com,Manaus,Líder de equipe,25,63266029638
José Martins Carvalho,jose.martins.carvalho.14988@example.com,Maringá,Cozinheiro,68,02161341962
Marcelo Dias Barros,marcelo.dias.barros.14989@example.com,Brasília,Mecânico,58,04549199993
Vitória Souza Barbosa,vitoria.souza.barbosa.14990@example.com,Caxias do Sul,Chefe de compras,58,12115195064
Rafael Rodrigues Carvalho,rafael.rodrigues.carvalho.14991@example.com,Cuiabá,Técnico em informática,49,68019302388
Amanda Silva Nascimento,amanda.silva.nascimento.14992@example.com,Sorocaba,Contador,42,29764253863
Gabriel Cardoso Carvalho,gabriel.cardoso.carvalho.14993@example.com,Curitiba,Designer gráfico,19,46328183615
Camila Rocha Martins,camila.rocha.martins.14994@example.com,Porto Alegre,Jornalista,32,92287810526
Rafael Oliveira Castro,rafael.oliveira.castro.14995@example.com,Florianópolis,Chefe de almoxarifado,29,33024674265
Lucas Ribeiro Dias,lucas.ribeiro.dias.14996@example.com,Belo Horizonte,Gerente de tecnologia,62,22660254412
Luana Mendes Moreira,luana.mendes.moreira.14997@example.com,Rondonópolis,Supervisor de vendas,61,17947803849
Beatriz Monteiro Monteiro,beatriz.monteiro.monteiro.14998@example.com,Santos,Operador de caixa,45,73559673540
Sandra Fernandes Barros,sandra.fernandes.barros.14999@example.com,São Paulo,Advogado,58,90517454996
Aline Gomes Freitas,aline.gomes.freitas.15000@example.com,Uberlândia,Vendedor,30,35333181166
