nome,email,cidade,profissao,idade,cpf
João Lima Nascimento,joao.lima.nascimento.9001@example.com,Belém,Supervisor de vendas,20,07969377986
Larissa Fernandes Monteiro,larissa.fernandes.monteiro.9002@example.com,Manaus,Jornalista,53,80630649797
Larissa Lima Moreira,larissa.lima.moreira.9003@example.com,Porto Alegre,Técnico de enfermagem,23,50970112455
Marcelo Souza Rodrigues,marcelo.souza.rodrigues.9004@example.com,Santos,Coordenador de logística,58,84847270356
Vitória Cardoso Fernandes,vitoria.cardoso.fernandes.9005@example.com,Belo Horizonte,Supervisor de qualidade,52,44946571764
Luana Alves Gomes,luana.alves.gomes.9006@example.com,Londrina,Engenheiro civil,26,22743357185
Patrícia Almeida Dias,patricia.almeida.dias.9007@example.com,Vitória,Supervisor de qualidade,26,36830964839
Renata Fernandes Souza,renata.fernandes.souza.9008@example.com,Curitiba,Farmacêutico,52,67187347811
Igor Pereira Souza,igor.pereira.souza.9009@example.com,Rio de Janeiro,Programador,30,34190840640
Débora Almeida Nascimento,debora.almeida.nascimento.9010@example.com,Londrina,Corretor de imóveis,22,72659851873
José Lima Freitas,jose.lima.freitas.9011@example.com,Porto Alegre,Programador,28,99667828004
Leonardo Rodrigues Nascimento,leonardo.rodrigues.nascimento.9012@example.com,Manaus,Coordenador administrativo,44,97032345831
Paulo Castro Nascimento,paulo.castro.nascimento.9013@example.com,Niterói,Chefe de almoxarifado,54,28531200338
Ana Monteiro Monteiro,ana.monteiro.monteiro.9014@example.com,Campo Grande,Programador,60,52056754112
Sérgio Monteiro Monteiro,sergio.monteiro.monteiro.9015@example.com,Brasília,Jornalista,44,58933744816
Ana Gomes Pereira,ana.gomes.pereira.9016@example.com,Caxias do Sul,Analista financeiro,20,01059653507
Paulo Costa Rodrigues,paulo.costa.rodrigues.9017@example.com,Recife,Comprador,57,45832841981
Tatiane Carvalho Ribeiro,tatiane.carvalho.ribeiro.9018@example.com,Manaus,Gerente de operações,26,20763539817
Otávio Martins Costa,otavio.martins.costa.9019@example.com,Vitória,Pedreiro,48,05948112565
Amanda Costa Costa,amanda.costa.costa.9020@example.com,Vitória,Supervisor de vendas,70,07190905200
Lucas Martins Moreira,lucas.martins.moreira.9021@example.com,Belo Horizonte,Supervisor de atendimento,25,66647171251
Renata Santos Teixeira,renata.santos.teixeira.9022@example.com,Fortaleza,Diretor de operações,23,92597016750
Patrícia Rocha Costa,patricia.rocha.costa.9023@example.com,Cuiabá,Coordenador de produção,41,65378672521
Ana Nascimento Gomes,ana.nascimento.gomes.9024@example.com,Rio de Janeiro,Técnico de segurança do trabalho,69,08842138237
Patrícia Mendes Castro,patricia.mendes.castro.9025@example.com,Sorocaba,Auxiliar de produção,70,25660573350
Felipe Rocha Barbosa,felipe.rocha.barbosa.9026@example.com,Londrina,Supervisor de atendimento,45,08424592054
Amanda Carvalho Rocha,amanda.carvalho.rocha.9027@example.com,Caxias do Sul,Eletricista,46,52833959554
Paulo Moreira Martins,paulo.moreira.martins.9028@example.com,Campo Grande,Gerente comercial,43,89877310973
João Almeida Rocha,joao.almeida.rocha.9029@example.com,Brasília,Chefe de compras,22,12640164051
Marcelo Mendes Nascimento,marcelo.mendes.nascimento.9030@example.com,Cuiabá,Atendente,21,00628958565
Gustavo Oliveira Oliveira,gustavo.oliveira.oliveira.9031@example.com,Recife,Padeiro,34,29434867476
Renata Araújo Nascimento,renata.araujo.nascimento.9032@example.com,Campo Grande,Auxiliar de produção,56,09511051048
Nicolas Alves Moreira,nicolas.alves.moreira.9033@example.com,Natal,Vendedor,19,19166821727
Gustavo Santos Dias,gustavo.santos.dias.9034@example.com,Natal,Comprador,18,68200734360
Gustavo Freitas Pereira,gustavo.freitas.pereira.9035@example.com,São Paulo,Farmacêutico,20,54041148323
Camila Cardoso Mendes,camila.cardoso.mendes.9036@example.com,Manaus,Vendedor,19,34717219829
Gabriel Fernandes Santos,gabriel.fernandes.santos.9037@example.com,Fortaleza,Farmacêutico,23,50034384983
Leonardo Castro Alves,leonardo.castro.alves.9038@example.com,Rondonópolis,Auxiliar de produção,34,61405269723
Sandra Martins Moreira,sandra.martins.moreira.9039@example.com,Londrina,Diretor comercial,22,64721159829
Renata Gomes Freitas,renata.gomes.freitas.9040@example.com,Niterói,Analista de marketing,29,27950130765
Diego Dias Barros,diego.dias.barros.9041@example.com,Campo Grande,Estoquista,39,24343793851
Thiago Costa Barbosa,thiago.costa.barbosa.9042@example.com,Recife,Motorista,37,73108120240
Gabriela Lima Castro,gabriela.lima.castro.9043@example.com,Curitiba,Programador,40,50150121797
Daniela Rocha Ribeiro,daniela.rocha.ribeiro.9044@example.com,Cuiabá,Líder de equipe,33,99492964616
Renata Almeida Cardoso,renata.almeida.cardoso.9045@example.com,Sorocaba,Coordenador de marketing,30,35462934040
Paulo Souza Barbosa,paulo.souza.barbosa.9046@example.com,Campinas,Mecânico,30,66049050857
José Martins Silva,jose.martins.silva.9047@example.com,Maringá,Enfermeiro,46,40608167073
Carlos Carvalho Souza,carlos.carvalho.souza.9048@example.com,Curitiba,Gerente financeiro,29,38864546060
Gabriela Silva Moreira,gabriela.silva.moreira.9049@example.com,Niterói,Padeiro,48,35624594613
Ricardo Cardoso Barbosa,ricardo.cardoso.barbosa.9050@example.com,Sorocaba,Estoquista,22,90464312408
Henrique Cardoso Freitas,henrique.cardoso.freitas.9051@example.com,Santos,Padeiro,36,26778731442
Letícia Souza Mendes,leticia.souza.mendes.9052@example.com,Caxias do Sul,Vendedor,57,91682283507
Fernanda Rocha Oliveira,fernanda.rocha.oliveira.9053@example.com,Uberlândia,Diretor de operações,38,16385175638
Sérgio Monteiro Martins,sergio.monteiro.martins.9054@example.com,Vitória,Auxiliar de produção,30,13382564305
Sérgio Moreira Souza,sergio.moreira.souza.9055@example.com,Salvador,Farmacêutico,45,83597655413
Carlos Santos Souza,carlos.santos.souza.9056@example.com,Belém,Coordenador de marketing,31,70689960302
Vinícius Teixeira Almeida,vinicius.teixeira.almeida.9057@example.com,Joinville,Padeiro,56,68895437844
Vinícius Araújo Teixeira,vinicius.araujo.teixeira.9058@example.com,Rondonópolis,Professor,66,88858650119
Igor Oliveira Monteiro,igor.oliveira.monteiro.9059@example.com,Caxias do Sul,Professor,69,35505338438
Otávio Gomes Santos,otavio.gomes.santos.9060@example.com,Niterói,Encarregado de produção,58,34736517369
Sérgio Lima Araújo,sergio.lima.araujo.9061@example.com,Niterói,Supervisor de manutenção,68,29722377112
Nicolas Araújo Moreira,nicolas.araujo.moreira.9062@example.com,Maringá,Professor,57,23645180151
Gustavo Barros Rodrigues,gustavo.barros.rodrigues.9063@example.com,Campinas,Supervisor de vendas,61,46396182398
Renata Gomes Fernandes,renata.gomes.fernandes.9064@example.com,Brasília,Auxiliar de produção,54,61906462644
Felipe Rodrigues Pereira,felipe.rodrigues.pereira.9065@example.com,Salvador,Chefe de departamento pessoal,57,02336960447
Carlos Pereira Souza,carlos.pereira.souza.9066@example.com,Sorocaba,Supervisor de manutenção,39,86099422360
Beatriz Monteiro Lima,beatriz.monteiro.lima.9067@example.com,Goiânia,Analista de marketing,70,38540838784
Carlos Almeida Dias,carlos.almeida.dias.9068@example.com,Niterói,Chefe de departamento pessoal,66,48866266975
Henrique Dias Ribeiro,henrique.dias.ribeiro.9069@example.com,Niterói,Atendente,58,98051344543
Thiago Cardoso Fernandes,thiago.cardoso.fernandes.9070@example.com,Belém,Técnico de segurança do trabalho,53,82036834425
Camila Teixeira Silva,camila.teixeira.silva.9071@example.com,Curitiba,Coordenador de marketing,67,63135041527
Luana Rocha Monteiro,luana.rocha.monteiro.9072@example.com,Brasília,Supervisor de qualidade,60,80253915863
Ana Gomes Almeida,ana.gomes.almeida.9073@example.com,Londrina,Supervisor de atendimento,32,19596937597
Thiago Lima Santos,thiago.lima.santos.9074@example.com,Porto Alegre,Gerente financeiro,42,28331861283
Daniela Costa Pereira,daniela.costa.pereira.9075@example.com,Maringá,Diretor comercial,34,63706950066
Igor Cardoso Moreira,igor.cardoso.moreira.9076@example.com,Dourados,Padeiro,47,39589044651
Amanda Mendes Moreira,amanda.mendes.moreira.9077@example.com,Florianópolis,Chefe de departamento pessoal,35,03797390053
Otávio Souza Nascimento,otavio.souza.nascimento.9078@example.com,Santos,Gerente de recursos humanos,36,17559170936
Sérgio Carvalho Araújo,sergio.carvalho.araujo.9079@example.com,Salvador,Contador,33,05769846018
Carlos Oliveira Martins,carlos.oliveira.martins.9080@example.com,Porto Alegre,Supervisor de vendas,30,21228789986
Thiago Alves Oliveira,thiago.alves.oliveira.9081@example.com,Goiânia,Diretor de operações,33,35659252420
Pedro Araújo Silva,pedro.araujo.silva.9082@example.com,Brasília,Diretor de operações,58,70530288433
Marcelo Dias Barbosa,marcelo.dias.barbosa.9083@example.com,Porto Alegre,Fisioterapeuta,69,20571703743
Daniela Souza Martins,daniela.souza.martins.9084@example.com,Curitiba,Recepcionista,44,80805387389
Igor Martins Teixeira,igor.martins.teixeira.9085@example.com,Caxias do Sul,Designer gráfico,53,85619808726
Tatiane Costa Souza,tatiane.costa.souza.9086@example.com,Porto Alegre,Jornalista,55,14609212396
Leonardo Lima Costa,leonardo.lima.costa.9087@example.com,Fortaleza,Arquiteto,66,23499854533
Paulo Martins Martins,paulo.martins.martins.9088@example.com,Caxias do Sul,Chefe de compras,64,85681466625
Diego Fernandes Silva,diego.fernandes.silva.9089@example.com,Dourados,Chefe de departamento pessoal,47,16387750003
Tatiane Freitas Ribeiro,tatiane.freitas.ribeiro.9090@example.com,Santos,Analista de recursos humanos,55,84772404166
Rafael Gomes Nascimento,rafael.gomes.nascimento.9091@example.com,Goiânia,Contador,41,94572446904
Gabriel Martins Lima,gabriel.martins.lima.9092@example.com,Sorocaba,Coordenador de logística,21,33837011021
Bruno Oliveira Almeida,bruno.oliveira.almeida.9093@example.com,Campo Grande,Assistente administrativo,35,40960399181
Paulo Barros Costa,paulo.barros.costa.9094@example.com,Curitiba,Analista financeiro,51,11675841896
Rafael Castro Lima,rafael.castro.lima.9095@example.com,Belo Horizonte,Técnico de segurança do trabalho,25,71726224060
Vinícius Cardoso Gomes,vinicius.cardoso.gomes.9096@example.com,Recife,Motorista,56,76836367455
Priscila Oliveira Nascimento,priscila.oliveira.nascimento.9097@example.com,Joinville,Corretor de imóveis,23,43752567569
Renata Santos Fernandes,renata.santos.fernandes.9098@example.com,Manaus,Coordenador de produção,21,60000469833
Nicolas Almeida Souza,nicolas.almeida.souza.9099@example.com,Campo Grande,Corretor de imóveis,47,43963402094
Vanessa Souza Rocha,vanessa.souza.rocha.9100@example.com,Belém,Gerente de tecnologia,62,30157838113
Larissa Souza Alves,larissa.souza.alves.9101@example.com,Vitória,Jornalista,43,74342876060
Vanessa Almeida Souza,vanessa.almeida.souza.9102@example.com,Florianópolis,Supervisor de manutenção,47,58587824343
Larissa Souza Teixeira,larissa.souza.teixeira.9103@example.com,Belo Horizonte,Cozinheiro,32,47168117280
Aline Lima Carvalho,aline.lima.carvalho.9104@example.com,Brasília,Coordenador de marketing,44,76604619471
Vanessa Gomes Alves,vanessa.gomes.alves.9105@example.com,Rio de Janeiro,Supervisor de atendimento,21,65141905783
Débora Costa Barros,debora.costa.barros.9106@example.com,Goiânia,Estoquista,66,48296225943
Otávio Araújo Lima,otavio.araujo.lima.9107@example.com,Maringá,Técnico de enfermagem,67,23697687967
Fernanda Santos Dias,fernanda.santos.dias.9108@example.com,Dourados,Técnico de enfermagem,43,33470758979
Aline Lima Castro,aline.lima.castro.9109@example.com,Natal,Farmacêutico,41,96635896975
Pedro Gomes Teixeira,pedro.gomes.teixeira.9110@example.com,Niterói,Recepcionista,70,69775600070
Vitória Gomes Dias,vitoria.gomes.dias.9111@example.com,Vitória,Arquiteto,55,41110522703
João Almeida Dias,joao.almeida.dias.9112@example.com,Recife,Padeiro,40,85694243400
Patrícia Souza Rodrigues,patricia.souza.rodrigues.9113@example.com,Salvador,Engenheiro civil,36,36692626714
Débora Fernandes Moreira,debora.fernandes.moreira.9114@example.com,Porto Alegre,Atendente,18,02454834309
Ana Nascimento Pereira,ana.nascimento.pereira.9115@example.com,Joinville,Supervisor de qualidade,32,77426241382
Sandra Lima Castro,sandra.lima.castro.9116@example.com,Cuiabá,Supervisor de vendas,26,54028827149
Felipe Mendes Teixeira,felipe.mendes.teixeira.9117@example.com,Fortaleza,Gerente financeiro,62,61598534192
Gustavo Santos Ribeiro,gustavo.santos.ribeiro.9118@example.com,Rio de Janeiro,Gerente comercial,47,12902943902
Felipe Almeida Lima,felipe.almeida.lima.9119@example.com,Goiânia,Padeiro,66,21421412017
Daniela Oliveira Cardoso,daniela.oliveira.cardoso.9120@example.com,Campo Grande,Advogado,32,33439902645
Larissa Dias Monteiro,larissa.dias.monteiro.9121@example.com,Manaus,Estoquista,25,42888823413
Paulo Ribeiro Martins,paulo.ribeiro.martins.9122@example.com,Belém,Corretor de imóveis,67,00140044801
Diego Silva Almeida,diego.silva.almeida.9123@example.com,Santos,Engenheiro civil,41,84448538503
Felipe Barbosa Rocha,felipe.barbosa.rocha.9124@example.com,Manaus,Líder de equipe,58,69736926202
Sérgio Santos Fernandes,sergio.santos.fernandes.9125@example.com,Santos,Recepcionista,45,65364173101
Marcelo Santos Rocha,marcelo.santos.rocha.9126@example.com,Londrina,Analista de marketing,70,55942801679
Letícia Barbosa Silva,leticia.barbosa.silva.9127@example.com,Fortaleza,Analista financeiro,29,39928580701
Amanda Cardoso Freitas,amanda.cardoso.freitas.9128@example.com,Vitória,Padeiro,53,34528241299
Leonardo Mendes Rodrigues,leonardo.mendes.rodrigues.9129@example.com,Recife,Supervisor de qualidade,28,70856099314
Sandra Monteiro Mendes,sandra.monteiro.mendes.9130@example.com,Londrina,Cozinheiro,46,34531050982
Marcelo Alves Carvalho,marcelo.alves.carvalho.9131@example.com,Rondonópolis,Chefe de departamento pessoal,38,10773492030
Ana Costa Rocha,ana.costa.rocha.9132@example.com,Recife,Eletricista,37,55778197470
Carolina Martins Lima,carolina.martins.lima.9133@example.com,Cuiabá,Gerente de operações,36,49875218606
Eduardo Martins Rodrigues,eduardo.martins.rodrigues.9134@example.com,Cuiabá,Gerente de operações,26,37618117213
Vanessa Rodrigues Ribeiro,vanessa.rodrigues.ribeiro.9135@example.com,Uberlândia,Técnico de segurança do trabalho,55,62076724033
Tatiane Barros Cardoso,tatiane.barros.cardoso.9136@example.com,Sorocaba,Recepcionista,50,58369116170
Ricardo Rocha Barros,ricardo.rocha.barros.9137@example.com,Campinas,Técnico de enfermagem,68,68093050675
Marcelo Rocha Nascimento,marcelo.rocha.nascimento.9138@example.com,Brasília,Supervisor de qualidade,19,24668297307
Priscila Barros Carvalho,priscila.barros.carvalho.9139@example.com,Belo Horizonte,Chefe de compras,18,40220840790
Igor Carvalho Barbosa,igor.carvalho.barbosa.9140@example.com,Brasília,Pedreiro,27,25813976213
Sérgio Pereira Araújo,sergio.pereira.araujo.9141@example.com,Salvador,Supervisor de atendimento,18,76092138259
Sandra Castro Silva,sandra.castro.silva.9142@example.com,Campo Grande,Supervisor de vendas,50,84571215855
Thiago Oliveira Santos,thiago.oliveira.santos.9143@example.com,Sorocaba,Coordenador de marketing,38,14602808283
Tatiane Fernandes Rodrigues,tatiane.fernandes.rodrigues.9144@example.com,Campo Grande,Fisioterapeuta,63,12488470879
Henrique Freitas Araújo,henrique.freitas.araujo.9145@example.com,Florianópolis,Arquiteto,43,61513622022
Bruno Fernandes Souza,bruno.fernandes.souza.9146@example.com,Belo Horizonte,Encarregado de produção,67,76402156823
Vinícius Souza Moreira,vinicius.souza.moreira.9147@example.com,Porto Alegre,Coordenador de marketing,50,36282897130
Simone Dias Freitas,simone.dias.freitas.9148@example.com,Belém,Auxiliar de produção,38,82416563500
Camila Nascimento Gomes,camila.nascimento.gomes.9149@example.com,Vitória,Operador de caixa,40,31477128906
Marcelo Cardoso Lima,marcelo.cardoso.lima.9150@example.com,Londrina,Chefe de departamento pessoal,18,65911829152
João Ribeiro Costa,joao.ribeiro.costa.9151@example.com,Belo Horizonte,Analista de recursos humanos,65,75709398301
Vanessa Nascimento Freitas,vanessa.nascimento.freitas.9152@example.com,Goiânia,Chefe de compras,22,23292643040
Nicolas Oliveira Gomes,nicolas.oliveira.gomes.9153@example.com,Brasília,Analista de marketing,41,55870699583
Daniela Lima Dias,daniela.lima.dias.9154@example.com,Vitória,Estoquista,22,16677017755
Daniela Lima Mendes,daniela.lima.mendes.9155@example.com,Campo Grande,Supervisor de vendas,68,52329246076
Fernanda Teixeira Fernandes,fernanda.teixeira.fernandes.9156@example.com,Uberlândia,Supervisor de manutenção,65,38720666334
Aline Dias Oliveira,aline.dias.oliveira.9157@example.com,Sorocaba,Supervisor de manutenção,30,54881533023
Marcelo Oliveira Gomes,marcelo.oliveira.gomes.9158@example.com,Brasília,Estoquista,45,11561432313
Lucas Santos Dias,lucas.santos.dias.9159@example.com,Londrina,Gerente financeiro,29,23144037567
Paulo Castro Teixeira,paulo.castro.teixeira.9160@example.com,Recife,Gerente de recursos humanos,45,08843644193
Larissa Castro Cardoso,larissa.castro.cardoso.9161@example.com,Vitória,Jornalista,48,73890495285
Gabriel Rodrigues Nascimento,gabriel.rodrigues.nascimento.9162@example.com,Campo Grande,Analista financeiro,30,78020120292
Pedro Castro Pereira,pedro.castro.pereira.9163@example.com,Campinas,Professor,34,36802109770
Juliana Mendes Moreira,juliana.mendes.moreira.9164@example.com,Londrina,Analista de dados,31,74510591563
Vinícius Alves Santos,vinicius.alves.santos.9165@example.com,Fortaleza,Chefe de departamento pessoal,45,47886940713
Vanessa Mendes Moreira,vanessa.mendes.moreira.9166@example.com,Santos,Mecânico,26,55688574454
Simone Pereira Freitas,simone.pereira.freitas.9167@example.com,Salvador,Supervisor de vendas,50,40165309486
Vanessa Moreira Freitas,vanessa.moreira.freitas.9168@example.com,Joinville,Encarregado de produção,28,06073002836
Igor Mendes Alves,igor.mendes.alves.9169@example.com,Caxias do Sul,Padeiro,51,70791892674
Diego Freitas Moreira,diego.freitas.moreira.9170@example.com,Maringá,Motorista,64,05359333479
Pedro Almeida Araújo,pedro.almeida.araujo.9171@example.com,Belo Horizonte,Gerente comercial,31,39524074819
Gustavo Carvalho Monteiro,gustavo.carvalho.monteiro.9172@example.com,Uberlândia,Fisioterapeuta,49,05447963150
Rafael Araújo Martins,rafael.araujo.martins.9173@example.com,Santos,Recepcionista,54,34264959517
José Almeida Martins,jose.almeida.martins.9174@example.com,Santos,Coordenador de marketing,57,59540806633
Ricardo Nascimento Barbosa,ricardo.nascimento.barbosa.9175@example.com,Cuiabá,Analista de marketing,38,91917832758
Paulo Teixeira Freitas,paulo.teixeira.freitas.9176@example.com,Caxias do Sul,Engenheiro civil,36,40734706010
Marcelo Castro Lima,marcelo.castro.lima.9177@example.com,Rondonópolis,Chefe de compras,48,14025720446
Daniela Moreira Martins,daniela.moreira.martins.9178@example.com,Santos,Chefe de almoxarifado,20,72716888287
Daniela Fernandes Castro,daniela.fernandes.castro.9179@example.com,Niterói,Gerente comercial,40,87901444252
Eduardo Araújo Rocha,eduardo.araujo.rocha.9180@example.com,Santos,Técnico em informática,39,38089842439
Sérgio Rodrigues Carvalho,sergio.rodrigues.carvalho.9181@example.com,Belo Horizonte,Gerente de recursos humanos,22,92433218511
João Costa Rodrigues,joao.costa.rodrigues.9182@example.com,Salvador,Padeiro,57,25942675871
Débora Castro Monteiro,debora.castro.monteiro.9183@example.com,Campinas,Professor,65,32793181661
Thiago Nascimento Carvalho,thiago.nascimento.carvalho.9184@example.com,Cuiabá,Gerente comercial,33,00823512073
Gustavo Fernandes Ribeiro,gustavo.fernandes.ribeiro.9185@example.com,Belém,Coordenador de produção,36,97022245176
Camila Silva Souza,camila.silva.souza.9186@example.com,Belo Horizonte,Coordenador de logística,64,84574632937
Paulo Souza Araújo,paulo.souza.araujo.9187@example.com,Recife,Técnico de segurança do trabalho,54,21711068225
Eduardo Pereira Martins,eduardo.pereira.martins.9188@example.com,Dourados,Supervisor de atendimento,31,86026485029
Vitória Mendes Rodrigues,vitoria.mendes.rodrigues.9189@example.com,Londrina,Encarregado de produção,20,76755118741
Eduardo Santos Fernandes,eduardo.santos.fernandes.9190@example.com,Salvador,Fisioterapeuta,23,56333801133
Beatriz Araújo Martins,beatriz.araujo.martins.9191@example.com,Fortaleza,Gerente comercial,43,07975455459
Fernanda Nascimento Teixeira,fernanda.nascimento.teixeira.9192@example.com,Uberlândia,Designer gráfico,39,50668592949
Lucas Ribeiro Pereira,lucas.ribeiro.pereira.9193@example.com,Niterói,Gerente financeiro,58,23836267807
Thiago Gomes Almeida,thiago.gomes.almeida.9194@example.com,Belo Horizonte,Operador de caixa,55,33987484171
Daniela Araújo Moreira,daniela.araujo.moreira.9195@example.com,Belo Horizonte,Técnico em informática,69,00564681893
Rafael Nascimento Monteiro,rafael.nascimento.monteiro.9196@example.com,Vitória,Encarregado de produção,67,24599512478
Gabriel Alves Silva,gabriel.alves.silva.9197@example.com,Campo Grande,Advogado,59,37436403460
Otávio Oliveira Costa,otavio.oliveira.costa.9198@example.com,Campinas,Gerente comercial,37,33585753291
Priscila Araújo Nascimento,priscila.araujo.nascimento.9199@example.com,Fortaleza,Cozinheiro,46,32256203410
Rafael Mendes Freitas,rafael.mendes.freitas.9200@example.com,Curitiba,Diretor de operações,23,13571754006
Ricardo Martins Cardoso,ricardo.martins.cardoso.9201@example.com,Caxias do Sul,Vendedor,23,88741793670
Vitória Moreira Santos,vitoria.moreira.santos.9202@example.com,Dourados,Advogado,41,18778291548
Ana Silva Lima,ana.silva.lima.9203@example.com,Campo Grande,Gerente comercial,28,09846277128
Carlos Mendes Pereira,carlos.mendes.pereira.9204@example.com,Salvador,Arquiteto,63,11557698546
Paulo Pereira Costa,paulo.pereira.costa.9205@example.com,Dourados,Assistente administrativo,23,75416550051
Amanda Santos Freitas,amanda.santos.freitas.9206@example.com,Campinas,Coordenador de marketing,24,97639949176
Simone Lima Rodrigues,simone.lima.rodrigues.9207@example.com,Goiânia,Engenheiro civil,19,85711045473
Nicolas Dias Fernandes,nicolas.dias.fernandes.9208@example.com,Fortaleza,Assistente comercial,21,72065216371
Simone Alves Barbosa,simone.alves.barbosa.9209@example.com,Natal,Advogado,53,16969925444
Tatiane Rocha Barbosa,tatiane.rocha.barbosa.9210@example.com,Dourados,Supervisor de manutenção,41,46961604029
Débora Costa Araújo,debora.costa.araujo.9211@example.com,Dourados,Chefe de compras,30,86735715908
Felipe Alves Oliveira,felipe.alves.oliveira.9212@example.com,Porto Alegre,Programador,69,04620929921
Eduardo Fernandes Costa,eduardo.fernandes.costa.9213@example.com,Natal,Coordenador de logística,68,64435319027
Gabriel Moreira Oliveira,gabriel.moreira.oliveira.9214@example.com,Joinville,Contador,55,44025827257
Felipe Monteiro Barbosa,felipe.monteiro.barbosa.9215@example.com,Campinas,Gerente comercial,40,55576264993
Camila Moreira Nascimento,camila.moreira.nascimento.9216@example.com,Manaus,Pedreiro,61,06093922452
Leonardo Martins Moreira,leonardo.martins.moreira.9217@example.com,Porto Alegre,Estoquista,18,39358158767
Pedro Rocha Carvalho,pedro.rocha.carvalho.9218@example.com,Rondonópolis,Cozinheiro,21,54265788101
José Rodrigues Lima,jose.rodrigues.lima.9219@example.com,Curitiba,Gerente de recursos humanos,28,74829455568
Pedro Souza Moreira,pedro.souza.moreira.9220@example.com,Recife,Diretor de operações,30,26048654324
Amanda Teixeira Dias,amanda.teixeira.dias.9221@example.com,Maringá,Operador de caixa,26,41588893842
Ana Mendes Pereira,ana.mendes.pereira.9222@example.com,Belo Horizonte,Motorista,24,34105175559
Lucas Rodrigues Nascimento,lucas.rodrigues.nascimento.9223@example.com,Caxias do Sul,Gerente de tecnologia,66,10911573427
Gustavo Rocha Mendes,gustavo.rocha.mendes.9224@example.com,Uberlândia,Gerente de tecnologia,51,63390510598
Paulo Fernandes Araújo,paulo.fernandes.araujo.9225@example.com,Rondonópolis,Auxiliar de produção,52,23589386863
Juliana Almeida Mendes,juliana.almeida.mendes.9226@example.com,Londrina,Contador,56,73333486388
Daniela Freitas Moreira,daniela.freitas.moreira.9227@example.com,Goiânia,Supervisor de atendimento,37,01839844413
Ricardo Barros Souza,ricardo.barros.souza.9228@example.com,Salvador,Analista financeiro,47,70373636851
Débora Mendes Souza,debora.mendes.souza.9229@example.com,Florianópolis,Encarregado de produção,32,22968451308
Pedro Oliveira Fernandes,pedro.oliveira.fernandes.9230@example.com,Niterói,Técnico de enfermagem,67,68352081863
Beatriz Rocha Costa,beatriz.rocha.costa.9231@example.com,Salvador,Gerente de operações,19,46209880419
Leonardo Barbosa Barbosa,leonardo.barbosa.barbosa.9232@example.com,Rio de Janeiro,Coordenador de marketing,28,74316465298
Luana Rocha Almeida,luana.rocha.almeida.9233@example.com,Salvador,Operador de caixa,25,13099258250
Nicolas Monteiro Nascimento,nicolas.monteiro.nascimento.9234@example.com,Maringá,Analista de marketing,33,00989507525
Simone Santos Lima,simone.santos.lima.9235@example.com,Joinville,Técnico de segurança do trabalho,64,17395001675
Letícia Silva Barbosa,leticia.silva.barbosa.9236@example.com,Goiânia,Fisioterapeuta,39,51870961968
Camila Costa Araújo,camila.costa.araujo.9237@example.com,Florianópolis,Diretor comercial,53,70333661954
Mariana Araújo Almeida,mariana.araujo.almeida.9238@example.com,Santos,Pedreiro,35,64632100331
Camila Araújo Silva,camila.araujo.silva.9239@example.com,Manaus,Comprador,19,37680558713
Thiago Almeida Freitas,thiago.almeida.freitas.9240@example.com,Campinas,Estoquista,19,89102389829
Eduardo Nascimento Carvalho,eduardo.nascimento.carvalho.9241@example.com,Santos,Analista de dados,65,71073938558
Fernanda Freitas Araújo,fernanda.freitas.araujo.9242@example.com,Goiânia,Gerente de recursos humanos,58,06112853336
Rafael Dias Alves,rafael.dias.alves.9243@example.com,Rondonópolis,Líder de equipe,21,49173180537
Carolina Silva Moreira,carolina.silva.moreira.9244@example.com,Brasília,Professor,20,83656552972
Gabriel Silva Santos,gabriel.silva.santos.9245@example.com,Sorocaba,Encarregado de produção,43,84499275469
Larissa Rodrigues Oliveira,larissa.rodrigues.oliveira.9246@example.com,Florianópolis,Analista de marketing,20,49215588933
Vanessa Moreira Ribeiro,vanessa.moreira.ribeiro.9247@example.com,Belo Horizonte,Vendedor,36,30620394400
Igor Moreira Monteiro,igor.moreira.monteiro.9248@example.com,Belém,Supervisor de qualidade,62,08738290500
Aline Cardoso Lima,aline.cardoso.lima.9249@example.com,Rondonópolis,Mecânico,66,31878864894
Sérgio Cardoso Martins,sergio.cardoso.martins.9250@example.com,Fortaleza,Diretor de operações,60,40311829202
Patrícia Alves Moreira,patricia.alves.moreira.9251@example.com,Belo Horizonte,Coordenador de produção,28,37188065571
Ana Dias Cardoso,ana.dias.cardoso.9252@example.com,Recife,Atendente,37,67190481346
Carlos Monteiro Barros,carlos.monteiro.barros.9253@example.com,Caxias do Sul,Programador,56,66632344384
Débora Mendes Pereira,debora.mendes.pereira.9254@example.com,Campo Grande,Recepcionista,34,39918002592
Carlos Monteiro Castro,carlos.monteiro.castro.9255@example.com,Curitiba,Técnico de enfermagem,33,69715701413
Pedro Costa Teixeira,pedro.costa.teixeira.9256@example.com,Campinas,Assistente comercial,60,40335862486
Priscila Oliveira Rodrigues,priscila.oliveira.rodrigues.9257@example.com,Niterói,Fisioterapeuta,61,28947479901
Letícia Alves Alves,leticia.alves.alves.9258@example.com,Joinville,Coordenador de marketing,32,20344609306
Otávio Monteiro Moreira,otavio.monteiro.moreira.9259@example.com,Sorocaba,Operador de caixa,38,89727237026
Priscila Costa Barbosa,priscila.costa.barbosa.9260@example.com,Uberlândia,Analista de dados,21,03375334399
Débora Oliveira Gomes,debora.oliveira.gomes.9261@example.com,Londrina,Enfermeiro,19,22272528072
Ricardo Lima Santos,ricardo.lima.santos.9262@example.com,Vitória,Pedreiro,24,92213950725
Rafael Monteiro Silva,rafael.monteiro.silva.9263@example.com,Fortaleza,Farmacêutico,40,90448616154
Beatriz Fernandes Gomes,beatriz.fernandes.gomes.9264@example.com,Belo Horizonte,Analista de recursos humanos,20,08571792514
Sérgio Carvalho Pereira,sergio.carvalho.pereira.9265@example.com,Sorocaba,Gerente comercial,35,89460913057
Tatiane Barbosa Barbosa,tatiane.barbosa.barbosa.9266@example.com,Manaus,Diretor comercial,45,45833614796
Diego Rodrigues Mendes,diego.rodrigues.mendes.9267@example.com,Manaus,Designer gráfico,37,54884920185
Fernanda Carvalho Oliveira,fernanda.carvalho.oliveira.9268@example.com,Uberlândia,Corretor de imóveis,65,26996035729
Leonardo Barros Ribeiro,leonardo.barros.ribeiro.9269@example.com,Santos,Supervisor de manutenção,25,05708707193
Tatiane Silva Lima,tatiane.silva.lima.9270@example.com,Florianópolis,Técnico em informática,23,11816435806
Bruno Teixeira Oliveira,bruno.teixeira.oliveira.9271@example.com,Joinville,Assistente comercial,28,21721705468
Simone Freitas Freitas,simone.freitas.freitas.9272@example.com,Florianópolis,Professor,40,85476660981
Priscila Martins Barros,priscila.martins.barros.9273@example.com,Sorocaba,Jornalista,59,69581182627
Henrique Rodrigues Fernandes,henrique.rodrigues.fernandes.9274@example.com,Sorocaba,Supervisor de qualidade,61,11196047968
Gabriela Barbosa Alves,gabriela.barbosa.alves.9275@example.com,Manaus,Técnico de enfermagem,38,54521104505
Aline Araújo Castro,aline.araujo.castro.9276@example.com,São Paulo,Engenheiro civil,38,06728334009
Tatiane Alves Lima,tatiane.alves.lima.9277@example.com,Manaus,Estoquista,62,24317043451
Camila Souza Mendes,camila.souza.mendes.9278@example.com,Goiânia,Professor,33,65119024419
Eduardo Barbosa Castro,eduardo.barbosa.castro.9279@example.com,Natal,Contador,45,53959256895
Thiago Cardoso Dias,thiago.cardoso.dias.9280@example.com,Rondonópolis,Técnico em informática,53,08897813077
Sandra Monteiro Souza,sandra.monteiro.souza.9281@example.com,Niterói,Analista financeiro,68,05713603785
Vinícius Silva Castro,vinicius.silva.castro.9282@example.com,Florianópolis,Analista de marketing,27,46040518568
Aline Freitas Araújo,aline.freitas.araujo.9283@example.com,Porto Alegre,Padeiro,52,37101283482
Débora Costa Dias,debora.costa.dias.9284@example.com,Rio de Janeiro,Gerente de tecnologia,57,19785010068
Juliana Castro Cardoso,juliana.castro.cardoso.9285@example.com,Recife,Programador,39,43464590031
Juliana Dias Alves,juliana.dias.alves.9286@example.com,Niterói,Advogado,54,89793451547
Gabriel Monteiro Freitas,gabriel.monteiro.freitas.9287@example.com,Dourados,Técnico de segurança do trabalho,67,65226521062
Vanessa Moreira Nascimento,vanessa.moreira.nascimento.9288@example.com,Salvador,Coordenador administrativo,42,43875497031
Bruno Ribeiro Lima,bruno.ribeiro.lima.9289@example.com,Manaus,Designer gráfico,28,33361803460
Letícia Fernandes Cardoso,leticia.fernandes.cardoso.9290@example.com,Goiânia,Supervisor de atendimento,55,30230662582
Diego Rodrigues Alves,diego.rodrigues.alves.9291@example.com,Belo Horizonte,Enfermeiro,40,83471952737
Igor Barbosa Freitas,igor.barbosa.freitas.9292@example.com,Joinville,Arquiteto,33,42660413042
Camila Nascimento Alves,camila.nascimento.alves.9293@example.com,Florianópolis,Padeiro,34,75130749806
Vanessa Silva Oliveira,vanessa.silva.oliveira.9294@example.com,Manaus,Mecânico,19,62676560673
Rafael Rodrigues Almeida,rafael.rodrigues.almeida.9295@example.com,Florianópolis,Assistente administrativo,51,74267125602
Fernanda Rocha Souza,fernanda.rocha.souza.9296@example.com,Maringá,Padeiro,39,84315486554
Leonardo Martins Ribeiro,leonardo.martins.ribeiro.9297@example.com,Sorocaba,Mecânico,46,13676096178
Vinícius Teixeira Carvalho,vinicius.teixeira.carvalho.9298@example.com,Uberlândia,Farmacêutico,50,42938788320
Letícia Fernandes Costa,leticia.fernandes.costa.9299@example.com,Brasília,Comprador,19,82900316149
Patrícia Castro Nascimento,patricia.castro.nascimento.9300@example.com,Maringá,Fisioterapeuta,66,68955572971
Ricardo Almeida Barbosa,ricardo.almeida.barbosa.9301@example.com,Fortaleza,Gerente comercial,21,37950886721
Vitória Santos Santos,vitoria.santos.santos.9302@example.com,Brasília,Supervisor de manutenção,54,72999553151
Otávio Almeida Lima,otavio.almeida.lima.9303@example.com,Florianópolis,Comprador,20,13332336756
Vitória Oliveira Oliveira,vitoria.oliveira.oliveira.9304@example.com,Brasília,Nutricionista,62,65003503228
Nicolas Silva Lima,nicolas.silva.lima.9305@example.com,Belo Horizonte,Eletricista,53,30039725740
Sérgio Barros Lima,sergio.barros.lima.9306@example.com,Londrina,Professor,42,87976343346
Diego Mendes Oliveira,diego.mendes.oliveira.9307@example.com,Uberlândia,Programador,60,27841504640
Sandra Rocha Rocha,sandra.rocha.rocha.9308@example.com,Manaus,Supervisor de vendas,69,49617266819
Sérgio Oliveira Santos,sergio.oliveira.santos.9309@example.com,Goiânia,Arquiteto,34,27558927292
Thiago Martins Teixeira,thiago.martins.teixeira.9310@example.com,Sorocaba,Nutricionista,39,16450605478
Daniela Alves Oliveira,daniela.alves.oliveira.9311@example.com,Natal,Analista financeiro,66,91952404957
Mariana Martins Carvalho,mariana.martins.carvalho.9312@example.com,Manaus,Gerente de recursos humanos,70,94630883651
José Pereira Barros,jose.pereira.barros.9313@example.com,Porto Alegre,Gerente financeiro,30,03839677625
Paulo Alves Araújo,paulo.alves.araujo.9314@example.com,Natal,Nutricionista,53,29217482361
Vitória Pereira Cardoso,vitoria.pereira.cardoso.9315@example.com,Goiânia,Fisioterapeuta,44,37650097099
Paulo Gomes Pereira,paulo.gomes.pereira.9316@example.com,Uberlândia,Mecânico,20,29815650793
Eduardo Souza Costa,eduardo.souza.costa.9317@example.com,Natal,Advogado,63,20695000167
Bruno Cardoso Rocha,bruno.cardoso.rocha.9318@example.com,Brasília,Estoquista,56,88663249481
Amanda Teixeira Oliveira,amanda.teixeira.oliveira.9319@example.com,Porto Alegre,Pedreiro,37,92062425780
Sandra Barros Cardoso,sandra.barros.cardoso.9320@example.com,Natal,Farmacêutico,30,51851712161
José Araújo Araújo,jose.araujo.araujo.9321@example.com,Londrina,Cozinheiro,23,34679965284
Carlos Lima Carvalho,carlos.lima.carvalho.9322@example.com,Curitiba,Coordenador de marketing,35,51540853267
Gabriel Silva Santos,gabriel.silva.santos.9323@example.com,Curitiba,Gerente de tecnologia,56,29031456744
Tatiane Silva Carvalho,tatiane.silva.carvalho.9324@example.com,Santos,Analista financeiro,58,40484149259
Beatriz Martins Dias,beatriz.martins.dias.9325@example.com,Vitória,Coordenador de marketing,18,36001037189
Paulo Ribeiro Alves,paulo.ribeiro.alves.9326@example.com,Dourados,Supervisor de vendas,61,85528674786
Luana Silva Pereira,luana.silva.pereira.9327@example.com,Dourados,Cozinheiro,33,42817667577
Bruno Moreira Dias,bruno.moreira.dias.9328@example.com,Brasília,Operador de caixa,25,89629543491
Gabriel Freitas Dias,gabriel.freitas.dias.9329@example.com,Campo Grande,Coordenador de marketing,48,03400475785
Thiago Cardoso Cardoso,thiago.cardoso.cardoso.9330@example.com,Natal,Gerente financeiro,32,29055993044
Ricardo Souza Teixeira,ricardo.souza.teixeira.9331@example.com,Salvador,Gerente financeiro,32,04114556069
Nicolas Gomes Freitas,nicolas.gomes.freitas.9332@example.com,Salvador,Advogado,29,19957932146
Carolina Lima Castro,carolina.lima.castro.9333@example.com,Salvador,Contador,29,87543864136
Igor Castro Monteiro,igor.castro.monteiro.9334@example.com,Uberlândia,Gerente de tecnologia,27,79247132844
Simone Monteiro Castro,simone.monteiro.castro.9335@example.com,Curitiba,Comprador,33,10452961802
Marcelo Ribeiro Barbosa,marcelo.ribeiro.barbosa.9336@example.com,Goiânia,Nutricionista,59,51682651302
Diego Ribeiro Fernandes,diego.ribeiro.fernandes.9337@example.com,Salvador,Recepcionista,23,05063828172
Tatiane Pereira Oliveira,tatiane.pereira.oliveira.9338@example.com,Niterói,Coordenador de marketing,66,10109140168
Renata Mendes Martins,renata.mendes.martins.9339@example.com,Uberlândia,Assistente comercial,30,10313385709
Fernanda Barros Monteiro,fernanda.barros.monteiro.9340@example.com,Manaus,Operador de caixa,22,87525266979
Juliana Freitas Barros,juliana.freitas.barros.9341@example.com,Belém,Gerente financeiro,26,65269336065
Vinícius Costa Silva,vinicius.costa.silva.9342@example.com,Natal,Técnico de segurança do trabalho,33,68002701425
Amanda Castro Cardoso,amanda.castro.cardoso.9343@example.com,Niterói,Analista de dados,22,14285561244
Fernanda Araújo Oliveira,fernanda.araujo.oliveira.9344@example.com,Brasília,Técnico de segurança do trabalho,67,70515098665
Simone Ribeiro Moreira,simone.ribeiro.moreira.9345@example.com,Vitória,Assistente comercial,18,27937093464
Beatriz Castro Santos,beatriz.castro.santos.9346@example.com,Curitiba,Auxiliar de produção,49,15198009897
Rafael Almeida Carvalho,rafael.almeida.carvalho.9347@example.com,Vitória,Fisioterapeuta,65,76237876221
Paulo Carvalho Lima,paulo.carvalho.lima.9348@example.com,Manaus,Encarregado de produção,18,84894042534
Ana Freitas Castro,ana.freitas.castro.9349@example.com,Belém,Encarregado de produção,20,30433371658
Débora Santos Cardoso,debora.santos.cardoso.9350@example.com,Rondonópolis,Designer gráfico,66,13315048086
Daniela Cardoso Fernandes,daniela.cardoso.fernandes.9351@example.com,Goiânia,Chefe de compras,29,84281726766
Felipe Cardoso Almeida,felipe.cardoso.almeida.9352@example.com,Brasília,Designer gráfico,47,17491595134
Luana Cardoso Gomes,luana.cardoso.gomes.9353@example.com,Belo Horizonte,Enfermeiro,52,80340055137
Bruno Martins Lima,bruno.martins.lima.9354@example.com,Rondonópolis,Assistente administrativo,55,40993397034
Camila Fernandes Oliveira,camila.fernandes.oliveira.9355@example.com,Salvador,Programador,36,01859312959
Gabriela Silva Carvalho,gabriela.silva.carvalho.9356@example.com,Santos,Jornalista,58,64960393746
Paulo Rocha Fernandes,paulo.rocha.fernandes.9357@example.com,Natal,Mecânico,28,12618326541
Gabriela Santos Lima,gabriela.santos.lima.9358@example.com,Caxias do Sul,Coordenador administrativo,56,76968879515
Mariana Freitas Barbosa,mariana.freitas.barbosa.9359@example.com,Uberlândia,Motorista,61,02501848135
Lucas Moreira Moreira,lucas.moreira.moreira.9360@example.com,Rondonópolis,Operador de caixa,27,34614035338
Felipe Barbosa Mendes,felipe.barbosa.mendes.9361@example.com,Fortaleza,Engenheiro civil,57,44644825159
Ana Freitas Barros,ana.freitas.barros.9362@example.com,Belém,Nutricionista,49,95711250516
Sérgio Carvalho Fernandes,sergio.carvalho.fernandes.9363@example.com,Campo Grande,Eletricista,24,37264851007
Amanda Gomes Ribeiro,amanda.gomes.ribeiro.9364@example.com,Manaus,Gerente de recursos humanos,41,55950428275
Amanda Ribeiro Freitas,amanda.ribeiro.freitas.9365@example.com,Joinville,Chefe de departamento pessoal,65,23068126408
Carolina Oliveira Martins,carolina.oliveira.martins.9366@example.com,Salvador,Cozinheiro,58,42854353165
Leonardo Carvalho Moreira,leonardo.carvalho.moreira.9367@example.com,Campinas,Engenheiro civil,22,55486436112
Sérgio Rocha Ribeiro,sergio.rocha.ribeiro.9368@example.com,Joinville,Diretor de operações,68,98849727794
Sérgio Pereira Alves,sergio.pereira.alves.9369@example.com,Belo Horizonte,Padeiro,55,38176270243
João Mendes Costa,joao.mendes.costa.9370@example.com,Caxias do Sul,Gerente financeiro,21,26185719849
Renata Monteiro Lima,renata.monteiro.lima.9371@example.com,Belém,Gerente de recursos humanos,22,08501691708
Débora Araújo Oliveira,debora.araujo.oliveira.9372@example.com,Belo Horizonte,Coordenador administrativo,42,23940866290
Patrícia Barbosa Martins,patricia.barbosa.martins.9373@example.com,Campo Grande,Pedreiro,45,21642516986
Mariana Teixeira Cardoso,mariana.teixeira.cardoso.9374@example.com,Caxias do Sul,Analista de dados,57,04858934152
Marcelo Gomes Castro,marcelo.gomes.castro.9375@example.com,Fortaleza,Professor,55,51957910024
Aline Ribeiro Castro,aline.ribeiro.castro.9376@example.com,Goiânia,Chefe de departamento pessoal,27,08467812539
Juliana Mendes Pereira,juliana.mendes.pereira.9377@example.com,Belém,Assistente administrativo,35,66905321751
Beatriz Santos Pereira,beatriz.santos.pereira.9378@example.com,Niterói,Analista de marketing,44,25467331479
Vanessa Freitas Oliveira,vanessa.freitas.oliveira.9379@example.com,Sorocaba,Coordenador de logística,65,88133441467
Pedro Barbosa Pereira,pedro.barbosa.pereira.9380@example.com,Caxias do Sul,Corretor de imóveis,56,09556838005
Simone Monteiro Oliveira,simone.monteiro.oliveira.9381@example.com,Florianópolis,Motorista,55,84342146305
Fernanda Gomes Costa,fernanda.gomes.costa.9382@example.com,Maringá,Gerente de recursos humanos,26,04158897014
José Barros Castro,jose.barros.castro.9383@example.com,Campo Grande,Assistente comercial,37,40848472697
Luana Almeida Pereira,luana.almeida.pereira.9384@example.com,Curitiba,Padeiro,35,87295969930
Ana Alves Fernandes,ana.alves.fernandes.9385@example.com,Manaus,Farmacêutico,23,79372413738
Marcelo Rocha Silva,marcelo.rocha.silva.9386@example.com,Belo Horizonte,Técnico de segurança do trabalho,28,01100423624
Lucas Gomes Dias,lucas.gomes.dias.9387@example.com,Rondonópolis,Coordenador de produção,68,27030123944
Tatiane Teixeira Barbosa,tatiane.teixeira.barbosa.9388@example.com,Santos,Farmacêutico,54,28210447933
Débora Carvalho Lima,debora.carvalho.lima.9389@example.com,Campinas,Engenheiro civil,33,93777583664
Mariana Teixeira Dias,mariana.teixeira.dias.9390@example.com,Dourados,Contador,21,32419715498
Rafael Alves Souza,rafael.alves.souza.9391@example.com,Belém,Supervisor de manutenção,63,53119605111
Tatiane Dias Dias,tatiane.dias.dias.9392@example.com,Belém,Chefe de departamento pessoal,46,81212486750
Sandra Araújo Pereira,sandra.araujo.pereira.9393@example.com,Campinas,Gerente de recursos humanos,35,94584197141
Felipe Oliveira Gomes,felipe.oliveira.gomes.9394@example.com,Florianópolis,Auxiliar de produção,61,03433858105
Débora Barbosa Fernandes,debora.barbosa.fernandes.9395@example.com,Manaus,Enfermeiro,23,26274806577
Mariana Carvalho Costa,mariana.carvalho.costa.9396@example.com,Salvador,Comprador,30,21033396220
Vinícius Ribeiro Santos,vinicius.ribeiro.santos.9397@example.com,Cuiabá,Técnico em informática,65,77051834646
Daniela Martins Lima,daniela.martins.lima.9398@example.com,Campo Grande,Cozinheiro,68,50861724730
Renata Costa Carvalho,renata.costa.carvalho.9399@example.com,Dourados,Analista de marketing,52,37451216265
Mariana Barbosa Pereira,mariana.barbosa.pereira.9400@example.com,Rio de Janeiro,Assistente comercial,45,23442936815
Mariana Barros Ribeiro,mariana.barros.ribeiro.9401@example.com,Porto Alegre,Comprador,31,10658740818
José Mendes Monteiro,jose.mendes.monteiro.9402@example.com,Dourados,Chefe de departamento pessoal,34,35249456006
Aline Santos Moreira,aline.santos.moreira.9403@example.com,São Paulo,Assistente administrativo,39,30972858030
Ricardo Almeida Araújo,ricardo.almeida.araujo.9404@example.com,Cuiabá,Comprador,66,64462730943
Igor Barros Araújo,igor.barros.araujo.9405@example.com,Florianópolis,Líder de equipe,52,45503255038
Tatiane Souza Rodrigues,tatiane.souza.rodrigues.9406@example.com,São Paulo,Coordenador de logística,66,45693940152
Vinícius Ribeiro Ribeiro,vinicius.ribeiro.ribeiro.9407@example.com,Belo Horizonte,Jornalista,56,92589729728
Gabriel Teixeira Alves,gabriel.teixeira.alves.9408@example.com,Brasília,Auxiliar de produção,42,11198110536
Aline Castro Cardoso,aline.castro.cardoso.9409@example.com,Cuiabá,Encarregado de produção,23,46470239348
Camila Dias Carvalho,camila.dias.carvalho.9410@example.com,Niterói,Gerente de recursos humanos,65,91003956829
Aline Moreira Freitas,aline.moreira.freitas.9411@example.com,Belo Horizonte,Técnico em informática,47,96795537752
Priscila Oliveira Castro,priscila.oliveira.castro.9412@example.com,Santos,Padeiro,30,85296820857
Felipe Lima Alves,felipe.lima.alves.9413@example.com,Recife,Padeiro,61,42337082538
Letícia Lima Nascimento,leticia.lima.nascimento.9414@example.com,Dourados,Líder de equipe,41,92591630124
João Ribeiro Carvalho,joao.ribeiro.carvalho.9415@example.com,São Paulo,Engenheiro civil,21,31709039973
Amanda Freitas Dias,amanda.freitas.dias.9416@example.com,Vitória,Líder de equipe,60,59413169474
Luana Cardoso Costa,luana.cardoso.costa.9417@example.com,Caxias do Sul,Jornalista,31,47131125459
José Pereira Ribeiro,jose.pereira.ribeiro.9418@example.com,Maringá,Coordenador de produção,18,78592767118
Gabriel Carvalho Mendes,gabriel.carvalho.mendes.9419@example.com,Porto Alegre,Cozinheiro,60,85997082793
Mariana Ribeiro Gomes,mariana.ribeiro.gomes.9420@example.com,Manaus,Coordenador de logística,36,78588316853
Paulo Martins Castro,paulo.martins.castro.9421@example.com,Natal,Gerente de operações,63,95360660936
Eduardo Moreira Barros,eduardo.moreira.barros.9422@example.com,Sorocaba,Coordenador de marketing,43,45097822964
Tatiane Pereira Monteiro,tatiane.pereira.monteiro.9423@example.com,Salvador,Fisioterapeuta,43,64459975018
Daniela Alves Lima,daniela.alves.lima.9424@example.com,Rio de Janeiro,Corretor de imóveis,25,97758441680
Thiago Dias Rodrigues,thiago.dias.rodrigues.9425@example.com,Fortaleza,Estoquista,34,33290990297
Amanda Freitas Fernandes,amanda.freitas.fernandes.9426@example.com,Campo Grande,Coordenador de produção,45,39339200797
Priscila Castro Martins,priscila.castro.martins.9427@example.com,Porto Alegre,Advogado,41,08427459213
Patrícia Monteiro Alves,patricia.monteiro.alves.9428@example.com,Sorocaba,Chefe de departamento pessoal,42,53291461175
Gabriel Silva Dias,gabriel.silva.dias.9429@example.com,Cuiabá,Supervisor de qualidade,29,94244048972
Igor Moreira Dias,igor.moreira.dias.9430@example.com,Uberlândia,Nutricionista,69,35457527825
Nicolas Barbosa Martins,nicolas.barbosa.martins.9431@example.com,Recife,Técnico de segurança do trabalho,44,28875686455
João Santos Santos,joao.santos.santos.9432@example.com,Recife,Supervisor de atendimento,59,44980574402
Felipe Dias Gomes,felipe.dias.gomes.9433@example.com,Maringá,Jornalista,52,23599664329
Otávio Souza Rocha,otavio.souza.rocha.9434@example.com,Fortaleza,Jornalista,40,17457996735
Pedro Fernandes Souza,pedro.fernandes.souza.9435@example.com,Recife,Advogado,42,51786931422
Thiago Rodrigues Alves,thiago.rodrigues.alves.9436@example.com,Londrina,Atendente,62,83777063024
Leonardo Santos Gomes,leonardo.santos.gomes.9437@example.com,Joinville,Técnico de segurança do trabalho,31,78444073240
Renata Araújo Silva,renata.araujo.silva.9438@example.com,Belém,Chefe de departamento pessoal,54,49387676813
Leonardo Castro Nascimento,leonardo.castro.nascimento.9439@example.com,Belém,Programador,46,33660199945
Patrícia Silva Barros,patricia.silva.barros.9440@example.com,Niterói,Supervisor de qualidade,59,92503792816
Eduardo Barbosa Fernandes,eduardo.barbosa.fernandes.9441@example.com,Niterói,Chefe de almoxarifado,33,64331487324
Mariana Santos Lima,mariana.santos.lima.9442@example.com,Maringá,Chefe de almoxarifado,64,45472611199
Vinícius Ribeiro Almeida,vinicius.ribeiro.almeida.9443@example.com,Joinville,Recepcionista,34,05891397615
Sérgio Souza Dias,sergio.souza.dias.9444@example.com,Rondonópolis,Padeiro,54,41917213038
Patrícia Costa Souza,patricia.costa.souza.9445@example.com,Recife,Farmacêutico,43,53458117668
Diego Moreira Nascimento,diego.moreira.nascimento.9446@example.com,Campo Grande,Motorista,37,46204022169
Renata Barros Santos,renata.barros.santos.9447@example.com,Recife,Diretor comercial,51,89347521545
Renata Alves Gomes,renata.alves.gomes.9448@example.com,Campo Grande,Programador,49,50302697273
Pedro Teixeira Gomes,pedro.teixeira.gomes.9449@example.com,Salvador,Corretor de imóveis,49,27790911836
Larissa Silva Rodrigues,larissa.silva.rodrigues.9450@example.com,Campinas,Gerente de tecnologia,68,84659470364
Nicolas Teixeira Oliveira,nicolas.teixeira.oliveira.9451@example.com,Manaus,Líder de equipe,48,21990157448
Simone Souza Santos,simone.souza.santos.9452@example.com,Joinville,Chefe de almoxarifado,70,80617618482
Ana Martins Carvalho,ana.martins.carvalho.9453@example.com,Curitiba,Arquiteto,33,53292262171
Lucas Lima Moreira,lucas.lima.moreira.9454@example.com,Porto Alegre,Nutricionista,26,35980144163
Ricardo Ribeiro Fernandes,ricardo.ribeiro.fernandes.9455@example.com,Belém,Estoquista,70,81486511586
Daniela Barros Lima,daniela.barros.lima.9456@example.com,Goiânia,Cozinheiro,23,64245393497
Beatriz Fernandes Barros,beatriz.fernandes.barros.9457@example.com,Rondonópolis,Chefe de departamento pessoal,64,46846783459
Beatriz Pereira Castro,beatriz.pereira.castro.9458@example.com,Cuiabá,Chefe de almoxarifado,67,59027024994
Camila Mendes Almeida,camila.mendes.almeida.9459@example.com,Goiânia,Gerente de operações,62,43352471646
Marcelo Gomes Rodrigues,marcelo.gomes.rodrigues.9460@example.com,Campo Grande,Designer gráfico,52,91463132237
Daniela Souza Gomes,daniela.souza.gomes.9461@example.com,Belém,Gerente de tecnologia,69,20577099132
Thiago Fernandes Lima,thiago.fernandes.lima.9462@example.com,Recife,Supervisor de qualidade,35,93371263547
Renata Carvalho Rocha,renata.carvalho.rocha.9463@example.com,Manaus,Supervisor de qualidade,38,41576074630
Vanessa Ribeiro Araújo,vanessa.ribeiro.araujo.9464@example.com,Dourados,Coordenador de produção,67,01253056859
José Ribeiro Pereira,jose.ribeiro.pereira.9465@example.com,Rondonópolis,Técnico em informática,21,51629715378
Gabriel Pereira Mendes,gabriel.pereira.mendes.9466@example.com,Goiânia,Encarregado de produção,64,71107639997
Igor Freitas Dias,igor.freitas.dias.9467@example.com,Maringá,Corretor de imóveis,21,43811259898
Gustavo Nascimento Ribeiro,gustavo.nascimento.ribeiro.9468@example.com,Uberlândia,Estoquista,23,65502693535
Daniela Oliveira Oliveira,daniela.oliveira.oliveira.9469@example.com,Campo Grande,Coordenador de logística,30,72963889878
Gabriel Almeida Nascimento,gabriel.almeida.nascimento.9470@example.com,Cuiabá,Chefe de almoxarifado,26,04542399988
Patrícia Teixeira Oliveira,patricia.teixeira.oliveira.9471@example.com,Santos,Analista financeiro,33,81738920635
Ricardo Araújo Fernandes,ricardo.araujo.fernandes.9472@example.com,Porto Alegre,Analista de dados,33,29069807501
Paulo Pereira Cardoso,paulo.pereira.cardoso.9473@example.com,Rondonópolis,Gerente comercial,32,05991431667
Carolina Souza Gomes,carolina.souza.gomes.9474@example.com,Cuiabá,Analista financeiro,41,30342720188
Diego Gomes Martins,diego.gomes.martins.9475@example.com,Curitiba,Nutricionista,50,07718682606
Carlos Moreira Dias,carlos.moreira.dias.9476@example.com,Goiânia,Diretor comercial,36,47438283030
Sandra Nascimento Barbosa,sandra.nascimento.barbosa.9477@example.com,Fortaleza,Nutricionista,44,18385203102
Aline Barros Fernandes,aline.barros.fernandes.9478@example.com,Belém,Eletricista,39,80356406797
José Cardoso Araújo,jose.cardoso.araujo.9479@example.com,Vitória,Gerente financeiro,30,53309194667
Igor Nascimento Oliveira,igor.nascimento.oliveira.9480@example.com,Florianópolis,Coordenador de marketing,62,30480189559
Fernanda Alves Silva,fernanda.alves.silva.9481@example.com,Santos,Chefe de almoxarifado,27,68638566199
Paulo Carvalho Barbosa,paulo.carvalho.barbosa.9482@example.com,Campinas,Mecânico,41,00166153671
Leonardo Santos Dias,leonardo.santos.dias.9483@example.com,Campo Grande,Engenheiro civil,68,83126955069
Simone Moreira Castro,simone.moreira.castro.9484@example.com,Porto Alegre,Auxiliar de produção,60,82525664883
Paulo Martins Almeida,paulo.martins.almeida.9485@example.com,Campo Grande,Professor,28,81922030320
Beatriz Castro Carvalho,beatriz.castro.carvalho.9486@example.com,Rio de Janeiro,Chefe de compras,67,00637955728
Sandra Moreira Barros,sandra.moreira.barros.9487@example.com,Porto Alegre,Técnico de enfermagem,24,52112622889
Rafael Silva Costa,rafael.silva.costa.9488@example.com,Joinville,Coordenador de marketing,64,38358179828
Vitória Mendes Teixeira,vitoria.mendes.teixeira.9489@example.com,Belém,Operador de caixa,53,17941510745
Vanessa Gomes Castro,vanessa.gomes.castro.9490@example.com,Cuiabá,Enfermeiro,35,10422391573
Felipe Moreira Freitas,felipe.moreira.freitas.9491@example.com,Belo Horizonte,Auxiliar de produção,68,57392713975
Leonardo Monteiro Rocha,leonardo.monteiro.rocha.9492@example.com,Brasília,Jornalista,21,92021317478
Lucas Oliveira Rocha,lucas.oliveira.rocha.9493@example.com,Rio de Janeiro,Farmacêutico,36,11071510155
Renata Rocha Almeida,renata.rocha.almeida.9494@example.com,Salvador,Técnico de enfermagem,54,43695373309
Ana Alves Mendes,ana.alves.mendes.9495@example.com,Rondonópolis,Recepcionista,18,23800759875
Tatiane Fernandes Mendes,tatiane.fernandes.mendes.9496@example.com,Belém,Gerente de recursos humanos,54,93903800978
Sérgio Nascimento Barbosa,sergio.nascimento.barbosa.9497@example.com,Cuiabá,Professor,52,37369157308
Rafael Lima Fernandes,rafael.lima.fernandes.9498@example.com,Goiânia,Coordenador de marketing,58,99692622533
Sandra Martins Teixeira,sandra.martins.teixeira.9499@example.com,Joinville,Chefe de compras,47,93431944962
João Lima Gomes,joao.lima.gomes.9500@example.com,Maringá,Advogado,62,26467542710
Camila Teixeira Costa,camila.teixeira.costa.9501@example.com,Belém,Operador de caixa,57,26780648408
Gabriel Rodrigues Martins,gabriel.rodrigues.martins.9502@example.com,Maringá,Auxiliar de produção,20,28813136962
José Oliveira Alves,jose.oliveira.alves.9503@example.com,Niterói,Pedreiro,46,84634126797
Nicolas Barros Santos,nicolas.barros.santos.9504@example.com,Fortaleza,Advogado,45,14494633863
Juliana Almeida Barbosa,juliana.almeida.barbosa.9505@example.com,Joinville,Advogado,42,01664137637
Gustavo Almeida Barros,gustavo.almeida.barros.9506@example.com,Uberlândia,Pedreiro,48,52494903281
Priscila Martins Lima,priscila.martins.lima.9507@example.com,Recife,Coordenador de produção,65,18389266330
Camila Pereira Castro,camila.pereira.castro.9508@example.com,Campinas,Cozinheiro,55,00596603572
Amanda Oliveira Rocha,amanda.oliveira.rocha.9509@example.com,Florianópolis,Auxiliar de produção,36,58557852674
Carolina Carvalho Nascimento,carolina.carvalho.nascimento.9510@example.com,Belém,Gerente comercial,49,46280616372
Priscila Ribeiro Pereira,priscila.ribeiro.pereira.9511@example.com,Porto Alegre,Líder de equipe,68,73145390740
Felipe Alves Souza,felipe.alves.souza.9512@example.com,Brasília,Coordenador de marketing,44,27303925908
Amanda Freitas Freitas,amanda.freitas.freitas.9513@example.com,Recife,Nutricionista,37,28709665170
Otávio Alves Silva,otavio.alves.silva.9514@example.com,Rio de Janeiro,Farmacêutico,23,72532459400
Carolina Carvalho Moreira,carolina.carvalho.moreira.9515@example.com,Recife,Coordenador de logística,66,00683490293
Nicolas Oliveira Rocha,nicolas.oliveira.rocha.9516@example.com,Florianópolis,Chefe de compras,24,16612221732
Carolina Alves Santos,carolina.alves.santos.9517@example.com,Manaus,Técnico em informática,27,20364660547
Ricardo Martins Moreira,ricardo.martins.moreira.9518@example.com,Sorocaba,Jornalista,53,02844164484
Vitória Monteiro Costa,vitoria.monteiro.costa.9519@example.com,Belém,Gerente financeiro,38,00301108302
Paulo Rocha Carvalho,paulo.rocha.carvalho.9520@example.com,Porto Alegre,Recepcionista,54,46951414429
Juliana Fernandes Gomes,juliana.fernandes.gomes.9521@example.com,Natal,Chefe de departamento pessoal,19,96697548669
Rafael Rodrigues Costa,rafael.rodrigues.costa.9522@example.com,Caxias do Sul,Engenheiro civil,70,09718658828
Carolina Lima Fernandes,carolina.lima.fernandes.9523@example.com,Florianópolis,Designer gráfico,32,58315503821
Vitória Gomes Pereira,vitoria.gomes.pereira.9524@example.com,Porto Alegre,Enfermeiro,54,94929003407
Tatiane Lima Rodrigues,tatiane.lima.rodrigues.9525@example.com,Fortaleza,Farmacêutico,63,57521491319
Débora Carvalho Alves,debora.carvalho.alves.9526@example.com,Manaus,Diretor de operações,33,10782283604
Nicolas Almeida Teixeira,nicolas.almeida.teixeira.9527@example.com,Dourados,Supervisor de manutenção,18,46866320127
Priscila Monteiro Fernandes,priscila.monteiro.fernandes.9528@example.com,Campo Grande,Fisioterapeuta,21,30250671716
Aline Oliveira Araújo,aline.oliveira.araujo.9529@example.com,Curitiba,Coordenador administrativo,48,53177454885
Eduardo Araújo Costa,eduardo.araujo.costa.9530@example.com,Belém,Coordenador de logística,33,94426780042
Beatriz Oliveira Castro,beatriz.oliveira.castro.9531@example.com,Uberlândia,Assistente comercial,28,31085232172
Bruno Mendes Barbosa,bruno.mendes.barbosa.9532@example.com,Campo Grande,Analista de marketing,42,67510914845
Vanessa Lima Rocha,vanessa.lima.rocha.9533@example.com,Uberlândia,Designer gráfico,45,89494400643
Thiago Barbosa Freitas,thiago.barbosa.freitas.9534@example.com,Dourados,Contador,61,57177244351
Bruno Castro Moreira,bruno.castro.moreira.9535@example.com,Londrina,Jornalista,68,34451470193
Fernanda Martins Almeida,fernanda.martins.almeida.9536@example.com,Natal,Chefe de compras,22,76360616056
Thiago Monteiro Ribeiro,thiago.monteiro.ribeiro.9537@example.com,Fortaleza,Pedreiro,62,56767146773
Carlos Ribeiro Monteiro,carlos.ribeiro.monteiro.9538@example.com,Porto Alegre,Chefe de compras,24,62398836285
Letícia Fernandes Araújo,leticia.fernandes.araujo.9539@example.com,Sorocaba,Pedreiro,51,16977426713
Daniela Lima Silva,daniela.lima.silva.9540@example.com,Uberlândia,Assistente administrativo,50,32759186883
Henrique Martins Martins,henrique.martins.martins.9541@example.com,Salvador,Cozinheiro,37,51284264892
Camila Barros Teixeira,camila.barros.teixeira.9542@example.com,Fortaleza,Mecânico,49,53153704774
Larissa Fernandes Fernandes,larissa.fernandes.fernandes.9543@example.com,Natal,Jornalista,51,28691605368
Carlos Freitas Costa,carlos.freitas.costa.9544@example.com,Salvador,Assistente comercial,56,89965418142
Rafael Almeida Castro,rafael.almeida.castro.9545@example.com,Vitória,Chefe de almoxarifado,22,73906311011
Vinícius Ribeiro Gomes,vinicius.ribeiro.gomes.9546@example.com,Recife,Supervisor de vendas,28,97843150951
Felipe Rodrigues Pereira,felipe.rodrigues.pereira.9547@example.com,Curitiba,Analista financeiro,54,52013388023
Patrícia Pereira Cardoso,patricia.pereira.cardoso.9548@example.com,Joinville,Recepcionista,58,53753102287
Débora Barros Alves,debora.barros.alves.9549@example.com,Brasília,Analista financeiro,70,18689890405
Sandra Fernandes Rocha,sandra.fernandes.rocha.9550@example.com,Londrina,Vendedor,52,25317431790
Henrique Alves Martins,henrique.alves.martins.9551@example.com,Porto Alegre,Arquiteto,35,97398783479
Henrique Carvalho Lima,henrique.carvalho.lima.9552@example.com,Recife,Contador,39,33043905008
Paulo Araújo Souza,paulo.araujo.souza.9553@example.com,Sorocaba,Supervisor de vendas,39,70770613922
Amanda Gomes Araújo,amanda.gomes.araujo.9554@example.com,Maringá,Analista de dados,31,11462785437
Amanda Rocha Carvalho,amanda.rocha.carvalho.9555@example.com,Maringá,Diretor de operações,58,42356145472
Leonardo Monteiro Araújo,leonardo.monteiro.araujo.9556@example.com,Manaus,Corretor de imóveis,64,47716223180
Aline Martins Rodrigues,aline.martins.rodrigues.9557@example.com,Maringá,Pedreiro,38,19542065470
Letícia Dias Fernandes,leticia.dias.fernandes.9558@example.com,Sorocaba,Analista de marketing,48,95773578929
Renata Almeida Teixeira,renata.almeida.teixeira.9559@example.com,Florianópolis,Advogado,21,10130132159
Mariana Moreira Gomes,mariana.moreira.gomes.9560@example.com,Santos,Estoquista,40,73095033169
Camila Mendes Ribeiro,camila.mendes.ribeiro.9561@example.com,Belo Horizonte,Contador,65,80180315419
Felipe Costa Cardoso,felipe.costa.cardoso.9562@example.com,Maringá,Supervisor de manutenção,44,11782936295
Débora Mendes Almeida,debora.mendes.almeida.9563@example.com,Belém,Técnico de segurança do trabalho,22,78955347198
Amanda Nascimento Pereira,amanda.nascimento.pereira.9564@example.com,Natal,Coordenador de produção,48,01215112155
Camila Barros Santos,camila.barros.santos.9565@example.com,Belo Horizonte,Chefe de compras,57,99086401732
Vanessa Gomes Lima,vanessa.gomes.lima.9566@example.com,Curitiba,Eletricista,57,47659957402
Larissa Souza Almeida,larissa.souza.almeida.9567@example.com,Campo Grande,Supervisor de manutenção,51,48832550333
Amanda Ribeiro Costa,amanda.ribeiro.costa.9568@example.com,Londrina,Programador,70,07035009753
Marcelo Barros Moreira,marcelo.barros.moreira.9569@example.com,Natal,Supervisor de vendas,44,61061688872
Letícia Moreira Castro,leticia.moreira.castro.9570@example.com,Salvador,Coordenador de logística,27,24491557775
Marcelo Souza Castro,marcelo.souza.castro.9571@example.com,Goiânia,Gerente comercial,67,54280532180
Daniela Pereira Oliveira,daniela.pereira.oliveira.9572@example.com,Natal,Jornalista,43,15291720004
Vanessa Mendes Almeida,vanessa.mendes.almeida.9573@example.com,Rio de Janeiro,Analista de marketing,40,02507953095
Vanessa Rodrigues Nascimento,vanessa.rodrigues.nascimento.9574@example.com,Santos,Pedreiro,70,98894972973
Gustavo Carvalho Moreira,gustavo.carvalho.moreira.9575@example.com,Porto Alegre,Analista de marketing,22,38993955531
Marcelo Souza Nascimento,marcelo.souza.nascimento.9576@example.com,Niterói,Coordenador de marketing,25,87979132011
Marcelo Silva Freitas,marcelo.silva.freitas.9577@example.com,Belém,Encarregado de produção,22,40242926735
Gabriela Lima Fernandes,gabriela.lima.fernandes.9578@example.com,Belém,Padeiro,60,46643574053
José Lima Souza,jose.lima.souza.9579@example.com,Natal,Coordenador administrativo,48,82490598465
Sérgio Costa Monteiro,sergio.costa.monteiro.9580@example.com,Porto Alegre,Mecânico,51,05305779039
Gabriel Gomes Lima,gabriel.gomes.lima.9581@example.com,Joinville,Gerente de recursos humanos,65,09484431239
Marcelo Almeida Alves,marcelo.almeida.alves.9582@example.com,Salvador,Mecânico,54,33289761827
Ricardo Rodrigues Cardoso,ricardo.rodrigues.cardoso.9583@example.com,Belém,Motorista,23,85618065118
Felipe Santos Pereira,felipe.santos.pereira.9584@example.com,Recife,Coordenador administrativo,47,29297572912
Renata Martins Costa,renata.martins.costa.9585@example.com,Curitiba,Jornalista,63,33035047534
Patrícia Ribeiro Monteiro,patricia.ribeiro.monteiro.9586@example.com,Goiânia,Chefe de almoxarifado,31,62561868405
Tatiane Cardoso Monteiro,tatiane.cardoso.monteiro.9587@example.com,Manaus,Arquiteto,57,56406218115
Lucas Dias Freitas,lucas.dias.freitas.9588@example.com,Recife,Farmacêutico,53,49482235545
Mariana Rocha Santos,mariana.rocha.santos.9589@example.com,Joinville,Fisioterapeuta,67,37619752541
Carlos Teixeira Gomes,carlos.teixeira.gomes.9590@example.com,Campinas,Professor,59,03769640247
Ricardo Barbosa Lima,ricardo.barbosa.lima.9591@example.com,Belém,Recepcionista,35,74427620753
Thiago Barbosa Ribeiro,thiago.barbosa.ribeiro.9592@example.com,Rio de Janeiro,Programador,52,53717215332
Aline Martins Lima,aline.martins.lima.9593@example.com,Rondonópolis,Designer gráfico,29,18661210637
Beatriz Gomes Gomes,beatriz.gomes.gomes.9594@example.com,Joinville,Arquiteto,53,44649296788
Vitória Ribeiro Martins,vitoria.ribeiro.martins.9595@example.com,Manaus,Nutricionista,22,12291007620
Lucas Cardoso Araújo,lucas.cardoso.araujo.9596@example.com,Belo Horizonte,Técnico de segurança do trabalho,50,33170095662
Sérgio Ribeiro Rodrigues,sergio.ribeiro.rodrigues.9597@example.com,Sorocaba,Operador de caixa,52,17488088243
Luana Mendes Teixeira,luana.mendes.teixeira.9598@example.com,Vitória,Programador,68,74214007212
Marcelo Cardoso Pereira,marcelo.cardoso.pereira.9599@example.com,Belém,Líder de equipe,30,69502099524
Otávio Pereira Rodrigues,otavio.pereira.rodrigues.9600@example.com,Recife,Diretor comercial,27,34416346197
Gustavo Alves Teixeira,gustavo.alves.teixeira.9601@example.com,Brasília,Chefe de departamento pessoal,33,49237674231
Nicolas Rocha Freitas,nicolas.rocha.freitas.9602@example.com,Santos,Engenheiro civil,62,14373825295
Tatiane Lima Silva,tatiane.lima.silva.9603@example.com,Salvador,Coordenador de produção,51,35954547643
Henrique Souza Barros,henrique.souza.barros.9604@example.com,Niterói,Chefe de almoxarifado,29,82920969479
Vanessa Ribeiro Alves,vanessa.ribeiro.alves.9605@example.com,Brasília,Coordenador administrativo,55,42272884276
Aline Ribeiro Costa,aline.ribeiro.costa.9606@example.com,Campinas,Assistente administrativo,67,33493373596
Gustavo Castro Almeida,gustavo.castro.almeida.9607@example.com,Natal,Estoquista,50,83095654534
Gabriel Teixeira Silva,gabriel.teixeira.silva.9608@example.com,São Paulo,Vendedor,59,82279509520
Fernanda Castro Almeida,fernanda.castro.almeida.9609@example.com,Londrina,Fisioterapeuta,63,12800065175
Ana Barbosa Barros,ana.barbosa.barros.9610@example.com,Uberlândia,Operador de caixa,50,29577856975
Fernanda Rocha Barbosa,fernanda.rocha.barbosa.9611@example.com,Brasília,Supervisor de qualidade,28,38340484167
Tatiane Gomes Souza,tatiane.gomes.souza.9612@example.com,Uberlândia,Gerente de operações,22,44575938082
Camila Souza Souza,camila.souza.souza.9613@example.com,Dourados,Analista de recursos humanos,55,62539641283
Paulo Alves Freitas,paulo.alves.freitas.9614@example.com,Rio de Janeiro,Arquiteto,48,67389095508
Bruno Barros Ribeiro,bruno.barros.ribeiro.9615@example.com,Londrina,Estoquista,63,10140115972
Diego Costa Fernandes,diego.costa.fernandes.9616@example.com,Maringá,Pedreiro,51,55612454161
Nicolas Almeida Costa,nicolas.almeida.costa.9617@example.com,Uberlândia,Nutricionista,65,81162517886
Fernanda Pereira Teixeira,fernanda.pereira.teixeira.9618@example.com,São Paulo,Chefe de departamento pessoal,55,73597494322
Fernanda Oliveira Gomes,fernanda.oliveira.gomes.9619@example.com,Vitória,Eletricista,67,34269958238
Renata Cardoso Fernandes,renata.cardoso.fernandes.9620@example.com,Porto Alegre,Gerente comercial,51,73298133829
Débora Costa Gomes,debora.costa.gomes.9621@example.com,Joinville,Líder de equipe,22,36532716375
João Barbosa Moreira,joao.barbosa.moreira.9622@example.com,Santos,Advogado,66,16271571331
Patrícia Gomes Costa,patricia.gomes.costa.9623@example.com,Manaus,Vendedor,56,91730265363
José Teixeira Cardoso,jose.teixeira.cardoso.9624@example.com,Rio de Janeiro,Supervisor de vendas,36,78617296719
Luana Rodrigues Silva,luana.rodrigues.silva.9625@example.com,Londrina,Auxiliar de produção,20,72062062647
Vanessa Rocha Castro,vanessa.rocha.castro.9626@example.com,Belo Horizonte,Encarregado de produção,54,33533846401
Diego Nascimento Oliveira,diego.nascimento.oliveira.9627@example.com,Joinville,Gerente comercial,57,49287122535
Daniela Nascimento Teixeira,daniela.nascimento.teixeira.9628@example.com,São Paulo,Supervisor de vendas,21,22974380877
Thiago Costa Cardoso,thiago.costa.cardoso.9629@example.com,Santos,Coordenador administrativo,44,05112755850
Thiago Ribeiro Barbosa,thiago.ribeiro.barbosa.9630@example.com,Sorocaba,Cozinheiro,26,68064222386
Simone Rodrigues Carvalho,simone.rodrigues.carvalho.9631@example.com,Goiânia,Nutricionista,56,34974065458
Gabriel Pereira Monteiro,gabriel.pereira.monteiro.9632@example.com,Natal,Pedreiro,32,44301785578
Henrique Fernandes Costa,henrique.fernandes.costa.9633@example.com,Maringá,Diretor de operações,24,25654283782
Thiago Silva Dias,thiago.silva.dias.9634@example.com,Sorocaba,Padeiro,25,25857739242
Daniela Carvalho Moreira,daniela.carvalho.moreira.9635@example.com,Dourados,Encarregado de produção,51,20654617358
Sérgio Fernandes Dias,sergio.fernandes.dias.9636@example.com,Cuiabá,Coordenador de marketing,21,14264205313
Henrique Fernandes Rodrigues,henrique.fernandes.rodrigues.9637@example.com,Caxias do Sul,Supervisor de atendimento,20,37598740218
Felipe Oliveira Barbosa,felipe.oliveira.barbosa.9638@example.com,Uberlândia,Supervisor de qualidade,36,20836643193
Mariana Lima Carvalho,mariana.lima.carvalho.9639@example.com,Fortaleza,Eletricista,67,32515128510
Bruno Dias Araújo,bruno.dias.araujo.9640@example.com,Goiânia,Assistente administrativo,21,23314625844
Simone Nascimento Santos,simone.nascimento.santos.9641@example.com,Santos,Encarregado de produção,46,15739718849
Thiago Gomes Silva,thiago.gomes.silva.9642@example.com,Porto Alegre,Motorista,27,85629603244
Gabriela Dias Silva,gabriela.dias.silva.9643@example.com,Niterói,Assistente comercial,69,40335604550
Diego Barbosa Silva,diego.barbosa.silva.9644@example.com,Salvador,Motorista,27,37475584039
Igor Santos Rodrigues,igor.santos.rodrigues.9645@example.com,Uberlândia,Supervisor de vendas,39,75391213533
Letícia Nascimento Santos,leticia.nascimento.santos.9646@example.com,Sorocaba,Supervisor de qualidade,66,93511088076
Tatiane Freitas Silva,tatiane.freitas.silva.9647@example.com,Rio de Janeiro,Professor,18,39975181163
Otávio Cardoso Lima,otavio.cardoso.lima.9648@example.com,Florianópolis,Corretor de imóveis,65,66749638925
Débora Gomes Araújo,debora.gomes.araujo.9649@example.com,São Paulo,Assistente administrativo,62,03127011814
Gabriel Rodrigues Teixeira,gabriel.rodrigues.teixeira.9650@example.com,Florianópolis,Supervisor de qualidade,22,63001066851
Camila Martins Moreira,camila.martins.moreira.9651@example.com,Uberlândia,Fisioterapeuta,23,30285961892
Simone Rocha Fernandes,simone.rocha.fernandes.9652@example.com,Santos,Fisioterapeuta,27,31493054593
José Mendes Freitas,jose.mendes.freitas.9653@example.com,Porto Alegre,Gerente de recursos humanos,43,32535815529
Rafael Teixeira Martins,rafael.teixeira.martins.9654@example.com,Uberlândia,Técnico de enfermagem,21,28928522849
Henrique Fernandes Costa,henrique.fernandes.costa.9655@example.com,Salvador,Supervisor de vendas,41,16140882203
Simone Teixeira Alves,simone.teixeira.alves.9656@example.com,Fortaleza,Designer gráfico,53,76112377881
Nicolas Alves Barbosa,nicolas.alves.barbosa.9657@example.com,Santos,Motorista,69,26327368842
Rafael Santos Castro,rafael.santos.castro.9658@example.com,Sorocaba,Analista de dados,46,56277400558
Vanessa Araújo Barbosa,vanessa.araujo.barbosa.9659@example.com,Belo Horizonte,Auxiliar de produção,22,10421206155
José Alves Araújo,jose.alves.araujo.9660@example.com,Vitória,Assistente comercial,60,65559590316
Felipe Rodrigues Rodrigues,felipe.rodrigues.rodrigues.9661@example.com,Cuiabá,Chefe de almoxarifado,46,25836376362
Priscila Rocha Castro,priscila.rocha.castro.9662@example.com,Salvador,Jornalista,18,32936888307
Sandra Monteiro Araújo,sandra.monteiro.araujo.9663@example.com,Caxias do Sul,Encarregado de produção,58,00569470715
José Araújo Silva,jose.araujo.silva.9664@example.com,Campinas,Técnico em informática,51,41920276400
Luana Souza Costa,luana.souza.costa.9665@example.com,Joinville,Professor,40,24794012737
Paulo Moreira Dias,paulo.moreira.dias.9666@example.com,Santos,Pedreiro,23,59686543230
Sandra Gomes Carvalho,sandra.gomes.carvalho.9667@example.com,Dourados,Gerente de tecnologia,24,59254375014
Sérgio Santos Barbosa,sergio.santos.barbosa.9668@example.com,Goiânia,Supervisor de vendas,66,90036887077
Fernanda Rodrigues Freitas,fernanda.rodrigues.freitas.9669@example.com,Sorocaba,Cozinheiro,50,59002105133
Daniela Alves Moreira,daniela.alves.moreira.9670@example.com,Joinville,Assistente administrativo,31,20469906808
Luana Rocha Moreira,luana.rocha.moreira.9671@example.com,Campinas,Chefe de almoxarifado,33,83055150611
Felipe Pereira Rodrigues,felipe.pereira.rodrigues.9672@example.com,Belém,Coordenador administrativo,34,15939346947
Gabriela Martins Rodrigues,gabriela.martins.rodrigues.9673@example.com,Rio de Janeiro,Comprador,52,47969622028
Henrique Mendes Barbosa,henrique.mendes.barbosa.9674@example.com,Salvador,Enfermeiro,44,68108314980
José Mendes Alves,jose.mendes.alves.9675@example.com,Goiânia,Nutricionista,23,92290846467
Diego Cardoso Souza,diego.cardoso.souza.9676@example.com,Caxias do Sul,Encarregado de produção,61,14173928857
Débora Silva Moreira,debora.silva.moreira.9677@example.com,Uberlândia,Corretor de imóveis,29,54214551340
Leonardo Cardoso Nascimento,leonardo.cardoso.nascimento.9678@example.com,Sorocaba,Enfermeiro,31,30837131164
Ana Castro Silva,ana.castro.silva.9679@example.com,Natal,Encarregado de produção,57,29598932229
Lucas Cardoso Cardoso,lucas.cardoso.cardoso.9680@example.com,Recife,Supervisor de atendimento,54,54928018833
Gabriel Costa Castro,gabriel.costa.castro.9681@example.com,Sorocaba,Professor,44,58690466080
Patrícia Araújo Santos,patricia.araujo.santos.9682@example.com,Belo Horizonte,Líder de equipe,68,14095103610
Vinícius Dias Silva,vinicius.dias.silva.9683@example.com,Recife,Analista financeiro,56,48162502442
Vinícius Ribeiro Teixeira,vinicius.ribeiro.teixeira.9684@example.com,Rondonópolis,Chefe de compras,24,88846004013
Igor Castro Souza,igor.castro.souza.9685@example.com,Vitória,Contador,19,58864729425
Henrique Freitas Rocha,henrique.freitas.rocha.9686@example.com,Recife,Supervisor de manutenção,51,40743525090
Sandra Costa Rocha,sandra.costa.rocha.9687@example.com,Uberlândia,Encarregado de produção,63,18219481862
Priscila Teixeira Barbosa,priscila.teixeira.barbosa.9688@example.com,Niterói,Mecânico,34,20067260289
Sandra Rodrigues Barros,sandra.rodrigues.barros.9689@example.com,Goiânia,Vendedor,26,67660888364
Camila Barbosa Carvalho,camila.barbosa.carvalho.9690@example.com,Caxias do Sul,Técnico de enfermagem,33,63294305230
Felipe Carvalho Santos,felipe.carvalho.santos.9691@example.com,Curitiba,Vendedor,39,40645785075
Renata Cardoso Fernandes,renata.cardoso.fernandes.9692@example.com,São Paulo,Pedreiro,51,40990025286
Lucas Teixeira Cardoso,lucas.teixeira.cardoso.9693@example.com,Salvador,Contador,57,46900285520
Leonardo Barros Pereira,leonardo.barros.pereira.9694@example.com,Maringá,Corretor de imóveis,28,52966289820
Camila Costa Moreira,camila.costa.moreira.9695@example.com,Florianópolis,Comprador,18,40503428058
Sérgio Almeida Freitas,sergio.almeida.freitas.9696@example.com,Belo Horizonte,Encarregado de produção,41,38714447772
Priscila Martins Martins,priscila.martins.martins.9697@example.com,Salvador,Cozinheiro,40,55775288423
Marcelo Barbosa Freitas,marcelo.barbosa.freitas.9698@example.com,Porto Alegre,Coordenador de produção,46,67422712554
Fernanda Moreira Mendes,fernanda.moreira.mendes.9699@example.com,Caxias do Sul,Chefe de departamento pessoal,34,30054978863
Amanda Araújo Moreira,amanda.araujo.moreira.9700@example.com,Recife,Estoquista,59,62876645547
Letícia Mendes Barros,leticia.mendes.barros.9701@example.com,Rondonópolis,Padeiro,41,83656100575
Lucas Mendes Almeida,lucas.mendes.almeida.9702@example.com,Natal,Chefe de compras,60,63217737204
Otávio Silva Dias,otavio.silva.dias.9703@example.com,Brasília,Jornalista,21,72931598463
Vitória Pereira Araújo,vitoria.pereira.araujo.9704@example.com,Natal,Chefe de compras,36,44860879437
Beatriz Cardoso Ribeiro,beatriz.cardoso.ribeiro.9705@example.com,São Paulo,Gerente de tecnologia,60,23531351205
José Pereira Costa,jose.pereira.costa.9706@example.com,Campinas,Arquiteto,39,90747000004
Ana Monteiro Barros,ana.monteiro.barros.9707@example.com,Brasília,Coordenador de logística,44,81536174599
Aline Alves Pereira,aline.alves.pereira.9708@example.com,Curitiba,Líder de equipe,31,43980265366
Ana Fernandes Martins,ana.fernandes.martins.9709@example.com,Salvador,Chefe de departamento pessoal,35,03173090328
Carlos Ribeiro Rocha,carlos.ribeiro.rocha.9710@example.com,Belo Horizonte,Analista de recursos humanos,29,32860989907
Sérgio Rocha Rocha,sergio.rocha.rocha.9711@example.com,Brasília,Fisioterapeuta,61,27239522597
Bruno Silva Barbosa,bruno.silva.barbosa.9712@example.com,Campinas,Chefe de almoxarifado,42,74256526751
Ana Gomes Alves,ana.gomes.alves.9713@example.com,Santos,Chefe de almoxarifado,21,91926852590
Amanda Santos Cardoso,amanda.santos.cardoso.9714@example.com,Joinville,Gerente de tecnologia,22,50792542712
Amanda Dias Carvalho,amanda.dias.carvalho.9715@example.com,Vitória,Operador de caixa,64,66473033469
Ana Lima Rodrigues,ana.lima.rodrigues.9716@example.com,Santos,Engenheiro civil,49,73917832357
Simone Gomes Barros,simone.gomes.barros.9717@example.com,Recife,Supervisor de atendimento,50,74823618574
Gustavo Monteiro Alves,gustavo.monteiro.alves.9718@example.com,Campinas,Supervisor de manutenção,32,37539697699
Diego Silva Moreira,diego.silva.moreira.9719@example.com,Campinas,Técnico de enfermagem,64,42252573946
Ricardo Castro Alves,ricardo.castro.alves.9720@example.com,Curitiba,Arquiteto,31,26640144550
Eduardo Freitas Barros,eduardo.freitas.barros.9721@example.com,Caxias do Sul,Farmacêutico,59,24544260203
Gustavo Nascimento Alves,gustavo.nascimento.alves.9722@example.com,Caxias do Sul,Gerente de operações,19,14959475604
João Dias Mendes,joao.dias.mendes.9723@example.com,Fortaleza,Farmacêutico,48,18240657649
Patrícia Araújo Cardoso,patricia.araujo.cardoso.9724@example.com,Cuiabá,Assistente administrativo,24,98852622479
Patrícia Barbosa Barbosa,patricia.barbosa.barbosa.9725@example.com,Vitória,Eletricista,49,38105332720
Carolina Oliveira Mendes,carolina.oliveira.mendes.9726@example.com,Maringá,Supervisor de vendas,39,67101628575
Thiago Monteiro Barbosa,thiago.monteiro.barbosa.9727@example.com,Belém,Assistente administrativo,48,43605565455
Carolina Barbosa Freitas,carolina.barbosa.freitas.9728@example.com,Campo Grande,Operador de caixa,62,56109383542
Igor Carvalho Alves,igor.carvalho.alves.9729@example.com,Campo Grande,Motorista,44,12070533722
Letícia Moreira Santos,leticia.moreira.santos.9730@example.com,São Paulo,Comprador,50,07736524977
Fernanda Mendes Lima,fernanda.mendes.lima.9731@example.com,São Paulo,Supervisor de vendas,70,37046298295
Tatiane Monteiro Monteiro,tatiane.monteiro.monteiro.9732@example.com,Rondonópolis,Atendente,67,11450724233
Priscila Pereira Cardoso,priscila.pereira.cardoso.9733@example.com,Santos,Atendente,56,52544363540
Rafael Almeida Gomes,rafael.almeida.gomes.9734@example.com,Manaus,Supervisor de vendas,53,37780929965
Beatriz Silva Alves,beatriz.silva.alves.9735@example.com,Rio de Janeiro,Pedreiro,64,62200396326
Gustavo Moreira Barros,gustavo.moreira.barros.9736@example.com,Sorocaba,Chefe de compras,31,67858073172
Rafael Araújo Cardoso,rafael.araujo.cardoso.9737@example.com,Rondonópolis,Técnico em informática,58,72566924214
Débora Martins Moreira,debora.martins.moreira.9738@example.com,Manaus,Analista de recursos humanos,60,83133057591
Fernanda Freitas Castro,fernanda.freitas.castro.9739@example.com,Porto Alegre,Engenheiro civil,41,63956459100
Patrícia Silva Rodrigues,patricia.silva.rodrigues.9740@example.com,Belém,Arquiteto,57,24696732652
Simone Dias Rocha,simone.dias.rocha.9741@example.com,Manaus,Comprador,32,56244815213
Ricardo Rodrigues Teixeira,ricardo.rodrigues.teixeira.9742@example.com,Joinville,Arquiteto,55,38651766986
Aline Barros Gomes,aline.barros.gomes.9743@example.com,Campinas,Nutricionista,49,36222697233
Eduardo Nascimento Pereira,eduardo.nascimento.pereira.9744@example.com,Londrina,Assistente comercial,31,75586197953
Ricardo Silva Rocha,ricardo.silva.rocha.9745@example.com,Recife,Operador de caixa,45,87470130580
Sandra Araújo Alves,sandra.araujo.alves.9746@example.com,Fortaleza,Mecânico,35,41798312506
Lucas Barbosa Ribeiro,lucas.barbosa.ribeiro.9747@example.com,Campo Grande,Gerente de tecnologia,44,36733199517
Letícia Mendes Dias,leticia.mendes.dias.9748@example.com,Dourados,Nutricionista,40,86531994694
Carlos Barbosa Souza,carlos.barbosa.souza.9749@example.com,Campinas,Supervisor de vendas,54,74927142763
Débora Fernandes Carvalho,debora.fernandes.carvalho.9750@example.com,Salvador,Coordenador de logística,48,79645952943
Beatriz Ribeiro Pereira,beatriz.ribeiro.pereira.9751@example.com,Sorocaba,Comprador,32,50323694079
Nicolas Mendes Ribeiro,nicolas.mendes.ribeiro.9752@example.com,Cuiabá,Coordenador de logística,69,02113966080
Tatiane Carvalho Monteiro,tatiane.carvalho.monteiro.9753@example.com,Brasília,Diretor de operações,60,40075361177
Ricardo Silva Monteiro,ricardo.silva.monteiro.9754@example.com,Cuiabá,Chefe de departamento pessoal,20,46245935943
Marcelo Cardoso Monteiro,marcelo.cardoso.monteiro.9755@example.com,Belo Horizonte,Técnico de enfermagem,18,58273876149
Amanda Alves Alves,amanda.alves.alves.9756@example.com,Florianópolis,Gerente de tecnologia,57,06180328926
Fernanda Nascimento Silva,fernanda.nascimento.silva.9757@example.com,Rondonópolis,Supervisor de vendas,25,15247599412
Gabriela Moreira Gomes,gabriela.moreira.gomes.9758@example.com,São Paulo,Supervisor de manutenção,44,26895158641
José Alves Mendes,jose.alves.mendes.9759@example.com,Recife,Gerente de recursos humanos,37,56837227781
Rafael Souza Dias,rafael.souza.dias.9760@example.com,Belo Horizonte,Estoquista,42,05519122312
Priscila Rodrigues Ribeiro,priscila.rodrigues.ribeiro.9761@example.com,Curitiba,Mecânico,37,86514614260
Juliana Santos Carvalho,juliana.santos.carvalho.9762@example.com,Santos,Supervisor de manutenção,38,37776592045
Patrícia Freitas Souza,patricia.freitas.souza.9763@example.com,Sorocaba,Mecânico,30,87399617190
Gustavo Santos Castro,gustavo.santos.castro.9764@example.com,Londrina,Analista de marketing,36,27419549961
João Carvalho Nascimento,joao.carvalho.nascimento.9765@example.com,São Paulo,Vendedor,67,49882531391
Daniela Rodrigues Araújo,daniela.rodrigues.araujo.9766@example.com,Joinville,Programador,45,82210163186
Gustavo Barros Silva,gustavo.barros.silva.9767@example.com,Sorocaba,Chefe de almoxarifado,49,22465115050
Gustavo Freitas Teixeira,gustavo.freitas.teixeira.9768@example.com,Salvador,Nutricionista,51,69390478359
Letícia Barbosa Costa,leticia.barbosa.costa.9769@example.com,Sorocaba,Programador,42,49259711131
Larissa Castro Almeida,larissa.castro.almeida.9770@example.com,Recife,Analista financeiro,41,14383088454
Igor Monteiro Silva,igor.monteiro.silva.9771@example.com,Caxias do Sul,Diretor de operações,31,62669069521
Beatriz Nascimento Teixeira,beatriz.nascimento.teixeira.9772@example.com,Sorocaba,Contador,44,06791269993
Letícia Nascimento Costa,leticia.nascimento.costa.9773@example.com,Salvador,Engenheiro civil,27,09333783750
João Carvalho Mendes,joao.carvalho.mendes.9774@example.com,Fortaleza,Pedreiro,58,46514814690
José Carvalho Carvalho,jose.carvalho.carvalho.9775@example.com,Maringá,Mecânico,33,64850521388
Simone Araújo Santos,simone.araujo.santos.9776@example.com,Brasília,Gerente financeiro,69,17998627703
Gabriela Lima Teixeira,gabriela.lima.teixeira.9777@example.com,Porto Alegre,Farmacêutico,24,95235750183
Vinícius Silva Carvalho,vinicius.silva.carvalho.9778@example.com,Curitiba,Assistente comercial,59,41039695533
Eduardo Dias Souza,eduardo.dias.souza.9779@example.com,Florianópolis,Pedreiro,41,14704112134
Luana Teixeira Monteiro,luana.teixeira.monteiro.9780@example.com,Curitiba,Supervisor de vendas,41,22228913454
Mariana Rodrigues Araújo,mariana.rodrigues.araujo.9781@example.com,Salvador,Advogado,54,62513887566
Beatriz Cardoso Costa,beatriz.cardoso.costa.9782@example.com,Natal,Analista de marketing,64,33899201939
Priscila Martins Dias,priscila.martins.dias.9783@example.com,São Paulo,Advogado,52,04616861867
João Silva Monteiro,joao.silva.monteiro.9784@example.com,Santos,Jornalista,55,53622611624
Ana Rocha Costa,ana.rocha.costa.9785@example.com,Dourados,Chefe de departamento pessoal,52,08950720253
Gabriela Oliveira Mendes,gabriela.oliveira.mendes.9786@example.com,Belém,Gerente de operações,39,15797452179
Sandra Souza Monteiro,sandra.souza.monteiro.9787@example.com,São Paulo,Fisioterapeuta,53,41986752013
Marcelo Castro Gomes,marcelo.castro.gomes.9788@example.com,Dourados,Cozinheiro,20,18236019632
Eduardo Ribeiro Costa,eduardo.ribeiro.costa.9789@example.com,Belo Horizonte,Eletricista,48,27099572692
Priscila Freitas Cardoso,priscila.freitas.cardoso.9790@example.com,Campinas,Diretor de operações,66,04733175822
Nicolas Cardoso Martins,nicolas.cardoso.martins.9791@example.com,Sorocaba,Analista de marketing,30,80107582434
Diego Fernandes Fernandes,diego.fernandes.fernandes.9792@example.com,Rio de Janeiro,Atendente,49,22185130927
Diego Monteiro Dias,diego.monteiro.dias.9793@example.com,Fortaleza,Estoquista,64,58253429646
Patrícia Ribeiro Carvalho,patricia.ribeiro.carvalho.9794@example.com,Niterói,Gerente financeiro,24,31205856726
Gabriel Castro Almeida,gabriel.castro.almeida.9795@example.com,Londrina,Engenheiro civil,46,53717425527
Bruno Gomes Rocha,bruno.gomes.rocha.9796@example.com,Salvador,Jornalista,64,18399256991
Renata Nascimento Silva,renata.nascimento.silva.9797@example.com,Salvador,Operador de caixa,21,61175097092
Larissa Cardoso Barros,larissa.cardoso.barros.9798@example.com,Rondonópolis,Coordenador de marketing,63,22777059219
Carolina Costa Mendes,carolina.costa.mendes.9799@example.com,Sorocaba,Gerente financeiro,28,39531704781
Lucas Moreira Costa,lucas.moreira.costa.9800@example.com,Joinville,Comprador,33,82490250752
Juliana Lima Moreira,juliana.lima.moreira.9801@example.com,Maringá,Técnico de segurança do trabalho,35,03231921068
Henrique Barros Rocha,henrique.barros.rocha.9802@example.com,São Paulo,Supervisor de atendimento,55,99520361526
Sandra Souza Costa,sandra.souza.costa.9803@example.com,Santos,Diretor comercial,33,95768252502
Luana Lima Teixeira,luana.lima.teixeira.9804@example.com,Dourados,Coordenador de produção,47,23879164686
João Dias Teixeira,joao.dias.teixeira.9805@example.com,Belém,Fisioterapeuta,62,98006404039
Fernanda Carvalho Fernandes,fernanda.carvalho.fernandes.9806@example.com,Porto Alegre,Supervisor de qualidade,66,38254894724
Aline Silva Pereira,aline.silva.pereira.9807@example.com,Caxias do Sul,Coordenador administrativo,37,88170455600
Vanessa Fernandes Castro,vanessa.fernandes.castro.9808@example.com,Uberlândia,Eletricista,38,47040409837
Débora Barbosa Martins,debora.barbosa.martins.9809@example.com,Caxias do Sul,Gerente de recursos humanos,65,87950423334
Vinícius Barbosa Souza,vinicius.barbosa.souza.9810@example.com,Maringá,Jornalista,32,84863777088
Otávio Carvalho Cardoso,otavio.carvalho.cardoso.9811@example.com,Fortaleza,Estoquista,39,60203841485
Amanda Ribeiro Nascimento,amanda.ribeiro.nascimento.9812@example.com,Curitiba,Atendente,36,97794973768
Gabriela Alves Nascimento,gabriela.alves.nascimento.9813@example.com,Belo Horizonte,Coordenador de produção,20,80663056405
Ana Barros Rocha,ana.barros.rocha.9814@example.com,Campinas,Gerente de tecnologia,52,23907635032
Carolina Martins Monteiro,carolina.martins.monteiro.9815@example.com,Londrina,Chefe de almoxarifado,36,53005072796
Tatiane Gomes Souza,tatiane.gomes.souza.9816@example.com,Vitória,Gerente financeiro,26,77305668299
Priscila Barros Carvalho,priscila.barros.carvalho.9817@example.com,Goiânia,Gerente de recursos humanos,53,91333817301
Bruno Rodrigues Rodrigues,bruno.rodrigues.rodrigues.9818@example.com,Salvador,Padeiro,42,79741282495
Diego Nascimento Rocha,diego.nascimento.rocha.9819@example.com,Caxias do Sul,Coordenador de logística,37,49157940769
Nicolas Rodrigues Cardoso,nicolas.rodrigues.cardoso.9820@example.com,Santos,Programador,37,45722920417
Igor Moreira Mendes,igor.moreira.mendes.9821@example.com,Rondonópolis,Técnico em informática,60,72799477306
Carlos Freitas Gomes,carlos.freitas.gomes.9822@example.com,Natal,Analista financeiro,54,59484932629
Pedro Barbosa Araújo,pedro.barbosa.araujo.9823@example.com,Maringá,Atendente,24,21071996948
João Cardoso Araújo,joao.cardoso.araujo.9824@example.com,Dourados,Comprador,47,66821531942
Vitória Nascimento Almeida,vitoria.nascimento.almeida.9825@example.com,Joinville,Supervisor de vendas,61,38736570825
Mariana Barros Monteiro,mariana.barros.monteiro.9826@example.com,Belém,Pedreiro,50,46937572760
Pedro Monteiro Dias,pedro.monteiro.dias.9827@example.com,Belém,Encarregado de produção,46,54913138072
Vanessa Nascimento Barbosa,vanessa.nascimento.barbosa.9828@example.com,Natal,Fisioterapeuta,56,00037085237
Patrícia Castro Freitas,patricia.castro.freitas.9829@example.com,Campo Grande,Recepcionista,33,99826308135
Vitória Carvalho Fernandes,vitoria.carvalho.fernandes.9830@example.com,Fortaleza,Diretor de operações,49,94602265660
Renata Dias Teixeira,renata.dias.teixeira.9831@example.com,Campo Grande,Estoquista,39,60939589957
Renata Castro Alves,renata.castro.alves.9832@example.com,Uberlândia,Mecânico,55,80866531020
Pedro Araújo Monteiro,pedro.araujo.monteiro.9833@example.com,Porto Alegre,Gerente de operações,44,44703623452
Nicolas Santos Monteiro,nicolas.santos.monteiro.9834@example.com,Maringá,Jornalista,40,01656947740
Renata Almeida Teixeira,renata.almeida.teixeira.9835@example.com,Londrina,Gerente de operações,25,70027173436
Leonardo Barros Oliveira,leonardo.barros.oliveira.9836@example.com,Sorocaba,Nutricionista,69,64027992599
Vanessa Alves Freitas,vanessa.alves.freitas.9837@example.com,Salvador,Coordenador de logística,33,80651604555
Bruno Cardoso Lima,bruno.cardoso.lima.9838@example.com,Vitória,Gerente de recursos humanos,57,50501613155
Ana Nascimento Almeida,ana.nascimento.almeida.9839@example.com,Joinville,Contador,38,63274721512
Patrícia Rocha Barros,patricia.rocha.barros.9840@example.com,Londrina,Supervisor de vendas,31,32613685848
Diego Rodrigues Santos,diego.rodrigues.santos.9841@example.com,Natal,Comprador,62,28270394792
Débora Souza Lima,debora.souza.lima.9842@example.com,Fortaleza,Chefe de compras,37,35169676214
Mariana Araújo Barbosa,mariana.araujo.barbosa.9843@example.com,Sorocaba,Analista financeiro,54,04985650891
Vanessa Souza Martins,vanessa.souza.martins.9844@example.com,Maringá,Coordenador de produção,43,72819135826
Camila Alves Nascimento,camila.alves.nascimento.9845@example.com,Manaus,Assistente comercial,65,58234197870
Vitória Nascimento Rodrigues,vitoria.nascimento.rodrigues.9846@example.com,Rondonópolis,Advogado,56,20553684022
Thiago Moreira Barbosa,thiago.moreira.barbosa.9847@example.com,Sorocaba,Coordenador de produção,62,96053782830
Letícia Lima Monteiro,leticia.lima.monteiro.9848@example.com,Porto Alegre,Nutricionista,24,76847797993
Débora Moreira Araújo,debora.moreira.araujo.9849@example.com,Florianópolis,Chefe de compras,18,69512940953
Renata Cardoso Araújo,renata.cardoso.araujo.9850@example.com,Belém,Nutricionista,22,35109291201
Bruno Monteiro Mendes,bruno.monteiro.mendes.9851@example.com,Campo Grande,Professor,52,01644032083
Diego Rodrigues Gomes,diego.rodrigues.gomes.9852@example.com,Cuiabá,Nutricionista,61,34915264810
Leonardo Monteiro Gomes,leonardo.monteiro.gomes.9853@example.com,Curitiba,Gerente de operações,56,05288131540
Mariana Fernandes Teixeira,mariana.fernandes.teixeira.9854@example.com,Cuiabá,Coordenador de marketing,63,12143787637
José Oliveira Barbosa,jose.oliveira.barbosa.9855@example.com,Santos,Pedreiro,19,14277536065
Amanda Castro Moreira,amanda.castro.moreira.9856@example.com,Santos,Coordenador de produção,20,72313457912
Leonardo Freitas Dias,leonardo.freitas.dias.9857@example.com,Vitória,Programador,47,00784049102
Bruno Teixeira Barbosa,bruno.teixeira.barbosa.9858@example.com,Belo Horizonte,Operador de caixa,59,31231546793
Larissa Nascimento Mendes,larissa.nascimento.mendes.9859@example.com,Caxias do Sul,Técnico de enfermagem,33,12235219417
Carolina Teixeira Carvalho,carolina.teixeira.carvalho.9860@example.com,Goiânia,Arquiteto,45,76194516385
Tatiane Dias Dias,tatiane.dias.dias.9861@example.com,Santos,Gerente financeiro,60,67534017339
Igor Silva Teixeira,igor.silva.teixeira.9862@example.com,Campinas,Pedreiro,69,44743578958
Otávio Barbosa Santos,otavio.barbosa.santos.9863@example.com,Uberlândia,Arquiteto,44,89724211136
Letícia Alves Mendes,leticia.alves.mendes.9864@example.com,Porto Alegre,Gerente de tecnologia,61,51823545321
Vinícius Silva Barbosa,vinicius.silva.barbosa.9865@example.com,Joinville,Diretor comercial,66,14329374751
Patrícia Barbosa Rodrigues,patricia.barbosa.rodrigues.9866@example.com,Maringá,Enfermeiro,62,28032187562
José Lima Lima,jose.lima.lima.9867@example.com,Sorocaba,Supervisor de manutenção,69,51314384107
Paulo Nascimento Pereira,paulo.nascimento.pereira.9868@example.com,Maringá,Programador,38,66705455433
Nicolas Costa Cardoso,nicolas.costa.cardoso.9869@example.com,Campinas,Motorista,29,37176619606
Gustavo Silva Silva,gustavo.silva.silva.9870@example.com,Goiânia,Recepcionista,70,08639926207
Ana Nascimento Ribeiro,ana.nascimento.ribeiro.9871@example.com,Caxias do Sul,Jornalista,29,89040852082
Fernanda Alves Alves,fernanda.alves.alves.9872@example.com,Sorocaba,Motorista,70,62697461821
Camila Fernandes Pereira,camila.fernandes.pereira.9873@example.com,Vitória,Auxiliar de produção,39,07118173120
Luana Alves Freitas,luana.alves.freitas.9874@example.com,Uberlândia,Pedreiro,52,41480463227
Letícia Teixeira Carvalho,leticia.teixeira.carvalho.9875@example.com,Campo Grande,Corretor de imóveis,55,71557736347
Amanda Ribeiro Araújo,amanda.ribeiro.araujo.9876@example.com,Recife,Comprador,56,45160115132
Renata Cardoso Ribeiro,renata.cardoso.ribeiro.9877@example.com,Goiânia,Jornalista,53,37276358989
Otávio Oliveira Barros,otavio.oliveira.barros.9878@example.com,Natal,Auxiliar de produção,57,33943321648
Simone Silva Cardoso,simone.silva.cardoso.9879@example.com,Salvador,Assistente administrativo,69,31905974726
Renata Dias Pereira,renata.dias.pereira.9880@example.com,Dourados,Comprador,50,62144245499
Bruno Mendes Fernandes,bruno.mendes.fernandes.9881@example.com,Londrina,Diretor comercial,23,88050145842
Henrique Oliveira Freitas,henrique.oliveira.freitas.9882@example.com,Rondonópolis,Analista de dados,57,11918098961
Gustavo Monteiro Barros,gustavo.monteiro.barros.9883@example.com,Dourados,Gerente de operações,33,00516382991
Patrícia Fernandes Ribeiro,patricia.fernandes.ribeiro.9884@example.com,Caxias do Sul,Analista de dados,28,88277625064
Sandra Oliveira Gomes,sandra.oliveira.gomes.9885@example.com,Salvador,Comprador,30,38893551383
Igor Pereira Nascimento,igor.pereira.nascimento.9886@example.com,Rio de Janeiro,Motorista,46,30228224395
Marcelo Costa Pereira,marcelo.costa.pereira.9887@example.com,Joinville,Atendente,45,24504358773
Paulo Alves Costa,paulo.alves.costa.9888@example.com,Salvador,Encarregado de produção,48,99827993031
Nicolas Oliveira Dias,nicolas.oliveira.dias.9889@example.com,São Paulo,Fisioterapeuta,22,34254702741
Vanessa Almeida Barbosa,vanessa.almeida.barbosa.9890@example.com,Dourados,Chefe de departamento pessoal,63,34863035227
Sandra Monteiro Freitas,sandra.monteiro.freitas.9891@example.com,Cuiabá,Coordenador administrativo,42,98813731947
Eduardo Nascimento Monteiro,eduardo.nascimento.monteiro.9892@example.com,Uberlândia,Analista de dados,40,38196599053
Mariana Carvalho Rodrigues,mariana.carvalho.rodrigues.9893@example.com,Rio de Janeiro,Supervisor de atendimento,20,95919794673
Camila Dias Alves,camila.dias.alves.9894@example.com,Belo Horizonte,Arquiteto,49,79479046300
Gabriela Dias Mendes,gabriela.dias.mendes.9895@example.com,Maringá,Gerente comercial,19,31867441666
Felipe Nascimento Alves,felipe.nascimento.alves.9896@example.com,Maringá,Coordenador de logística,33,11986237714
Aline Carvalho Cardoso,aline.carvalho.cardoso.9897@example.com,Recife,Coordenador de produção,54,49562331514
Luana Rodrigues Rodrigues,luana.rodrigues.rodrigues.9898@example.com,Manaus,Assistente comercial,48,07380464866
Fernanda Oliveira Cardoso,fernanda.oliveira.cardoso.9899@example.com,Rondonópolis,Analista financeiro,49,34025187804
Vitória Carvalho Mendes,vitoria.carvalho.mendes.9900@example.com,Rio de Janeiro,Chefe de almoxarifado,61,44220004417
Vitória Pereira Rodrigues,vitoria.pereira.rodrigues.9901@example.com,Dourados,Engenheiro civil,42,81124090364
Leonardo Costa Rocha,leonardo.costa.rocha.9902@example.com,Salvador,Enfermeiro,56,28296963717
Fernanda Castro Araújo,fernanda.castro.araujo.9903@example.com,Londrina,Assistente comercial,64,20130540243
Camila Mendes Monteiro,camila.mendes.monteiro.9904@example.com,Cuiabá,Coordenador de logística,64,54779002711
Débora Lima Lima,debora.lima.lima.9905@example.com,Brasília,Chefe de almoxarifado,37,24182937683
Gabriela Pereira Almeida,gabriela.pereira.almeida.9906@example.com,Maringá,Supervisor de atendimento,18,50972539698
Letícia Rocha Lima,leticia.rocha.lima.9907@example.com,Vitória,Fisioterapeuta,39,91088303445
Simone Silva Ribeiro,simone.silva.ribeiro.9908@example.com,Joinville,Técnico em informática,63,12389088709
Luana Oliveira Rocha,luana.oliveira.rocha.9909@example.com,Dourados,Motorista,64,42362745379
Larissa Alves Costa,larissa.alves.costa.9910@example.com,Salvador,Gerente de tecnologia,47,07796094841
Nicolas Almeida Teixeira,nicolas.almeida.teixeira.9911@example.com,Goiânia,Pedreiro,53,48219350514
Bruno Nascimento Teixeira,bruno.nascimento.teixeira.9912@example.com,Salvador,Chefe de departamento pessoal,44,19977555555
Rafael Gomes Souza,rafael.gomes.souza.9913@example.com,Maringá,Técnico de segurança do trabalho,26,13575147332
Luana Pereira Martins,luana.pereira.martins.9914@example.com,Vitória,Gerente comercial,59,99014230960
Aline Monteiro Dias,aline.monteiro.dias.9915@example.com,São Paulo,Técnico de segurança do trabalho,41,44174279263
Fernanda Costa Costa,fernanda.costa.costa.9916@example.com,Rio de Janeiro,Gerente de recursos humanos,19,94827123096
Paulo Martins Moreira,paulo.martins.moreira.9917@example.com,Cuiabá,Gerente de tecnologia,23,76498075683
Tatiane Rodrigues Martins,tatiane.rodrigues.martins.9918@example.com,Recife,Eletricista,45,86481264287
Letícia Alves Dias,leticia.alves.dias.9919@example.com,Belo Horizonte,Encarregado de produção,60,36714428969
Leonardo Castro Rodrigues,leonardo.castro.rodrigues.9920@example.com,Niterói,Analista de marketing,55,71446356589
Vinícius Silva Martins,vinicius.silva.martins.9921@example.com,Florianópolis,Analista de dados,53,30930632331
Ana Martins Ribeiro,ana.martins.ribeiro.9922@example.com,Sorocaba,Eletricista,66,75781873191
Nicolas Silva Mendes,nicolas.silva.mendes.9923@example.com,Goiânia,Diretor de operações,46,30297394516
Pedro Oliveira Alves,pedro.oliveira.alves.9924@example.com,Cuiabá,Assistente comercial,44,08448385719
Fernanda Monteiro Mendes,fernanda.monteiro.mendes.9925@example.com,Florianópolis,Estoquista,59,37244516715
Renata Moreira Freitas,renata.moreira.freitas.9926@example.com,Manaus,Pedreiro,19,43763394284
Sandra Souza Monteiro,sandra.souza.monteiro.9927@example.com,Uberlândia,Analista de recursos humanos,54,30238911983
Thiago Rodrigues Fernandes,thiago.rodrigues.fernandes.9928@example.com,Vitória,Supervisor de atendimento,64,14371270609
Ricardo Silva Teixeira,ricardo.silva.teixeira.9929@example.com,Sorocaba,Assistente comercial,53,60194785070
Bruno Silva Alves,bruno.silva.alves.9930@example.com,São Paulo,Líder de equipe,65,87759728542
Amanda Lima Nascimento,amanda.lima.nascimento.9931@example.com,Florianópolis,Supervisor de qualidade,69,46106652808
Débora Rocha Costa,debora.rocha.costa.9932@example.com,Uberlândia,Coordenador de produção,25,18746624184
João Costa Moreira,joao.costa.moreira.9933@example.com,Campinas,Técnico de enfermagem,19,98535955498
Juliana Moreira Souza,juliana.moreira.souza.9934@example.com,Caxias do Sul,Técnico de enfermagem,52,28550007108
Vanessa Santos Pereira,vanessa.santos.pereira.9935@example.com,Caxias do Sul,Técnico de segurança do trabalho,67,69916585261
Marcelo Monteiro Barros,marcelo.monteiro.barros.9936@example.com,São Paulo,Coordenador de marketing,41,21242848463
Fernanda Araújo Pereira,fernanda.araujo.pereira.9937@example.com,Belém,Assistente administrativo,52,24971276264
Nicolas Rodrigues Barbosa,nicolas.rodrigues.barbosa.9938@example.com,Londrina,Padeiro,31,94619851667
Rafael Teixeira Souza,rafael.teixeira.souza.9939@example.com,Brasília,Padeiro,21,70053503161
Diego Fernandes Monteiro,diego.fernandes.monteiro.9940@example.com,Campo Grande,Vendedor,36,31087039151
Paulo Oliveira Alves,paulo.oliveira.alves.9941@example.com,Maringá,Supervisor de manutenção,49,76882331300
Beatriz Fernandes Ribeiro,beatriz.fernandes.ribeiro.9942@example.com,Goiânia,Arquiteto,60,47724084128
Débora Martins Moreira,debora.martins.moreira.9943@example.com,Belém,Analista de marketing,70,53155402930
Felipe Barros Alves,felipe.barros.alves.9944@example.com,Rio de Janeiro,Chefe de departamento pessoal,25,69718990386
Vanessa Santos Souza,vanessa.santos.souza.9945@example.com,Curitiba,Advogado,56,47435488851
Débora Dias Castro,debora.dias.castro.9946@example.com,Rio de Janeiro,Gerente de recursos humanos,45,09347438981
Otávio Freitas Monteiro,otavio.freitas.monteiro.9947@example.com,Vitória,Supervisor de vendas,24,11101064508
Leonardo Pereira Teixeira,leonardo.pereira.teixeira.9948@example.com,Cuiabá,Chefe de almoxarifado,36,78299366945
Letícia Martins Dias,leticia.martins.dias.9949@example.com,Santos,Cozinheiro,61,66605245543
Nicolas Araújo Souza,nicolas.araujo.souza.9950@example.com,Sorocaba,Auxiliar de produção,29,84672786351
Marcelo Silva Alves,marcelo.silva.alves.9951@example.com,Dourados,Operador de caixa,52,29035925361
Juliana Souza Freitas,juliana.souza.freitas.9952@example.com,Belém,Coordenador de logística,32,93915922926
Thiago Alves Barbosa,thiago.alves.barbosa.9953@example.com,Niterói,Supervisor de manutenção,46,60260736076
Vanessa Alves Nascimento,vanessa.alves.nascimento.9954@example.com,Florianópolis,Comprador,20,70311699667
Patrícia Nascimento Teixeira,patricia.nascimento.teixeira.9955@example.com,Campo Grande,Corretor de imóveis,66,17235088188
Beatriz Dias Gomes,beatriz.dias.gomes.9956@example.com,Cuiabá,Padeiro,59,94908092212
Paulo Oliveira Castro,paulo.oliveira.castro.9957@example.com,Joinville,Nutricionista,61,98781637672
Carolina Carvalho Rodrigues,carolina.carvalho.rodrigues.9958@example.com,Belém,Jornalista,36,29599414176
Marcelo Teixeira Martins,marcelo.teixeira.martins.9959@example.com,Sorocaba,Recepcionista,56,62050346712
Amanda Mendes Nascimento,amanda.mendes.nascimento.9960@example.com,Belo Horizonte,Operador de caixa,29,51587758707
João Mendes Souza,joao.mendes.souza.9961@example.com,Florianópolis,Nutricionista,38,53407604285
Mariana Carvalho Dias,mariana.carvalho.dias.9962@example.com,Maringá,Recepcionista,44,27111893486
Mariana Alves Martins,mariana.alves.martins.9963@example.com,Dourados,Líder de equipe,51,29838821469
Beatriz Barros Nascimento,beatriz.barros.nascimento.9964@example.com,Vitória,Gerente de tecnologia,47,20299463674
João Pereira Cardoso,joao.pereira.cardoso.9965@example.com,Natal,Enfermeiro,24,85159307682
Leonardo Pereira Rodrigues,leonardo.pereira.rodrigues.9966@example.com,Natal,Enfermeiro,29,61534482756
Nicolas Monteiro Carvalho,nicolas.monteiro.carvalho.9967@example.com,Salvador,Encarregado de produção,68,06185048726
Renata Oliveira Rodrigues,renata.oliveira.rodrigues.9968@example.com,Belo Horizonte,Técnico de segurança do trabalho,28,10738483200
Vanessa Monteiro Oliveira,vanessa.monteiro.oliveira.9969@example.com,Goiânia,Analista de dados,22,59918342141
Larissa Barbosa Souza,larissa.barbosa.souza.9970@example.com,Brasília,Cozinheiro,29,34302417543
Aline Freitas Moreira,aline.freitas.moreira.9971@example.com,Joinville,Mecânico,61,85645082169
Ricardo Fernandes Rodrigues,ricardo.fernandes.rodrigues.9972@example.com,Salvador,Coordenador administrativo,58,41009840683
Pedro Gomes Pereira,pedro.gomes.pereira.9973@example.com,Joinville,Técnico de enfermagem,45,69788447278
Tatiane Almeida Carvalho,tatiane.almeida.carvalho.9974@example.com,Recife,Gerente comercial,25,80073003015
Amanda Silva Mendes,amanda.silva.mendes.9975@example.com,Fortaleza,Eletricista,45,75187474541
Otávio Mendes Alves,otavio.mendes.alves.9976@example.com,Manaus,Gerente de tecnologia,40,17006786233
Igor Nascimento Silva,igor.nascimento.silva.9977@example.com,Campinas,Comprador,18,36725873390
Tatiane Rocha Nascimento,tatiane.rocha.nascimento.9978@example.com,Sorocaba,Coordenador de marketing,25,72085954411
Vinícius Mendes Araújo,vinicius.mendes.araujo.9979@example.com,Niterói,Jornalista,57,23751266909
Amanda Moreira Mendes,amanda.moreira.mendes.9980@example.com,Rondonópolis,Supervisor de atendimento,61,56711625647
Renata Silva Santos,renata.silva.santos.9981@example.com,Campinas,Gerente comercial,28,73263998818
Renata Barbosa Teixeira,renata.barbosa.teixeira.9982@example.com,Manaus,Diretor comercial,33,03942159796
Vanessa Alves Freitas,vanessa.alves.freitas.9983@example.com,Recife,Técnico de segurança do trabalho,30,61118805899
Renata Martins Carvalho,renata.martins.carvalho.9984@example.com,Londrina,Coordenador de marketing,48,32245795090
Marcelo Gomes Teixeira,marcelo.gomes.teixeira.9985@example.com,Fortaleza,Coordenador administrativo,67,47462074739
Marcelo Cardoso Barbosa,marcelo.cardoso.barbosa.9986@example.com,Fortaleza,Técnico de segurança do trabalho,59,79919497915
Marcelo Teixeira Barros,marcelo.teixeira.barros.9987@example.com,Natal,Líder de equipe,59,94989738966
Daniela Moreira Carvalho,daniela.moreira.carvalho.9988@example.com,Niterói,Supervisor de atendimento,25,91246939786
Larissa Moreira Rodrigues,larissa.moreira.rodrigues.9989@example.com,Manaus,Vendedor,48,28243668405
Carlos Rocha Almeida,carlos.rocha.almeida.9990@example.com,Vitória,Chefe de departamento pessoal,67,37483187341
Carolina Moreira Alves,carolina.moreira.alves.9991@example.com,Campinas,Analista de recursos humanos,51,92979800690
Daniela Costa Oliveira,daniela.costa.oliveira.9992@example.com,Salvador,Diretor comercial,46,80823218309
Nicolas Pereira Alves,nicolas.pereira.alves.9993@example.com,Cuiabá,Supervisor de vendas,35,51973827638
Leonardo Rodrigues Costa,leonardo.rodrigues.costa.9994@example.com,Belém,Chefe de compras,21,30545460675
Mariana Teixeira Fernandes,mariana.teixeira.fernandes.9995@example.com,Recife,Contador,67,43710265881
Otávio Ribeiro Lima,otavio.ribeiro.lima.9996@example.com,Londrina,Analista de recursos humanos,27,11244822166
Amanda Ribeiro Teixeira,amanda.ribeiro.teixeira.9997@example.com,Caxias do Sul,Analista de recursos humanos,26,46765105014
Nicolas Moreira Costa,nicolas.moreira.costa.9998@example.com,Rio de Janeiro,Jornalista,70,77652692225
Vitória Cardoso Rocha,vitoria.cardoso.rocha.9999@example.com,Santos,Gerente de tecnologia,64,41440271273
Henrique Almeida Santos,henrique.almeida.santos.10000@example.com,Santos,Gerente de recursos humanos,22,47562302496
Thiago Oliveira Barros,thiago.oliveira.barros.10001@example.com,Fortaleza,Diretor comercial,59,40370497581
Camila Rodrigues Souza,camila.rodrigues.souza.10002@example.com,Dourados,Enfermeiro,40,64606401050
Eduardo Dias Costa,eduardo.dias.costa.10003@example.com,Recife,Advogado,25,31975094288
Carlos Gomes Barros,carlos.gomes.barros.10004@example.com,Belém,Diretor de operações,65,52573720377
Felipe Dias Cardoso,felipe.dias.cardoso.10005@example.com,Porto Alegre,Vendedor,23,82558266956
Paulo Pereira Santos,paulo.pereira.santos.10006@example.com,Rio de Janeiro,Gerente comercial,69,79608253250
Sandra Pereira Cardoso,sandra.pereira.cardoso.10007@example.com,Belém,Gerente comercial,33,77194397876
Amanda Araújo Monteiro,amanda.araujo.monteiro.10008@example.com,Maringá,Padeiro,49,53117004420
Henrique Rocha Monteiro,henrique.rocha.monteiro.10009@example.com,Brasília,Chefe de departamento pessoal,53,41241128529
Otávio Araújo Cardoso,otavio.araujo.cardoso.10010@example.com,Rio de Janeiro,Assistente comercial,20,50878502776
Felipe Nascimento Martins,felipe.nascimento.martins.10011@example.com,Brasília,Analista de marketing,58,46831978848
Eduardo Fernandes Martins,eduardo.fernandes.martins.10012@example.com,Rondonópolis,Supervisor de qualidade,61,40978648695
Nicolas Fernandes Souza,nicolas.fernandes.souza.10013@example.com,Londrina,Advogado,51,03218888372
Diego Araújo Rocha,diego.araujo.rocha.10014@example.com,Natal,Coordenador de produção,30,38449904500
Rafael Rodrigues Freitas,rafael.rodrigues.freitas.10015@example.com,Salvador,Engenheiro civil,66,70850001620
Camila Monteiro Santos,camila.monteiro.santos.10016@example.com,Londrina,Padeiro,53,35066258778
Paulo Barbosa Nascimento,paulo.barbosa.nascimento.10017@example.com,São Paulo,Cozinheiro,28,54546515432
Patrícia Martins Barros,patricia.martins.barros.10018@example.com,Manaus,Assistente administrativo,19,56413400399
Pedro Castro Silva,pedro.castro.silva.10019@example.com,Cuiabá,Pedreiro,65,52515914712
Henrique Cardoso Monteiro,henrique.cardoso.monteiro.10020@example.com,Fortaleza,Estoquista,68,37220969960
Diego Souza Souza,diego.souza.souza.10021@example.com,Recife,Nutricionista,48,17781057892
Camila Castro Pereira,camila.castro.pereira.10022@example.com,Florianópolis,Supervisor de manutenção,43,43036400405
Ana Pereira Monteiro,ana.pereira.monteiro.10023@example.com,Maringá,Contador,38,21397617359
Vanessa Gomes Oliveira,vanessa.gomes.oliveira.10024@example.com,Goiânia,Gerente de operações,45,96910728864
Vitória Teixeira Monteiro,vitoria.teixeira.monteiro.10025@example.com,Vitória,Gerente comercial,31,56367513896
Luana Teixeira Araújo,luana.teixeira.araujo.10026@example.com,Belém,Estoquista,33,56110181360
Otávio Araújo Costa,otavio.araujo.costa.10027@example.com,Uberlândia,Gerente financeiro,64,80270354524
Felipe Martins Fernandes,felipe.martins.fernandes.10028@example.com,Recife,Técnico em informática,19,41476646972
Patrícia Castro Carvalho,patricia.castro.carvalho.10029@example.com,Fortaleza,Gerente de tecnologia,58,53588667435
Sérgio Almeida Barbosa,sergio.almeida.barbosa.10030@example.com,Recife,Líder de equipe,59,90410955944
Mariana Oliveira Freitas,mariana.oliveira.freitas.10031@example.com,Vitória,Coordenador administrativo,60,29777200759
Vanessa Carvalho Carvalho,vanessa.carvalho.carvalho.10032@example.com,Dourados,Fisioterapeuta,20,24788595671
Henrique Ribeiro Moreira,henrique.ribeiro.moreira.10033@example.com,Dourados,Gerente de tecnologia,51,32754433359
Beatriz Ribeiro Alves,beatriz.ribeiro.alves.10034@example.com,Dourados,Pedreiro,67,42671453564
João Rodrigues Araújo,joao.rodrigues.araujo.10035@example.com,Dourados,Atendente,40,95762857118
Pedro Martins Santos,pedro.martins.santos.10036@example.com,Brasília,Supervisor de qualidade,56,12683413472
Priscila Fernandes Rocha,priscila.fernandes.rocha.10037@example.com,Recife,Técnico em informática,23,12282301440
Igor Rodrigues Gomes,igor.rodrigues.gomes.10038@example.com,Natal,Jornalista,61,42296606179
Sérgio Dias Santos,sergio.dias.santos.10039@example.com,Sorocaba,Analista financeiro,33,19528585332
Henrique Santos Pereira,henrique.santos.pereira.10040@example.com,Natal,Técnico em informática,30,55568238371
Ana Araújo Castro,ana.araujo.castro.10041@example.com,Rio de Janeiro,Líder de equipe,27,10844321469
Felipe Barros Nascimento,felipe.barros.nascimento.10042@example.com,Niterói,Estoquista,66,88278068118
Vitória Barbosa Costa,vitoria.barbosa.costa.10043@example.com,Rondonópolis,Chefe de departamento pessoal,57,49414629606
Camila Rodrigues Santos,camila.rodrigues.santos.10044@example.com,Santos,Supervisor de qualidade,69,91122386649
Thiago Martins Moreira,thiago.martins.moreira.10045@example.com,Goiânia,Nutricionista,65,32338780070
Fernanda Lima Teixeira,fernanda.lima.teixeira.10046@example.com,Maringá,Técnico de segurança do trabalho,20,44903437352
Felipe Barbosa Fernandes,felipe.barbosa.fernandes.10047@example.com,Fortaleza,Fisioterapeuta,69,00299284260
Nicolas Almeida Costa,nicolas.almeida.costa.10048@example.com,Brasília,Técnico de segurança do trabalho,54,00367527668
Gustavo Araújo Ribeiro,gustavo.araujo.ribeiro.10049@example.com,Niterói,Gerente financeiro,27,94426562089
Juliana Silva Dias,juliana.silva.dias.10050@example.com,Belo Horizonte,Motorista,30,23493354622
Aline Freitas Araújo,aline.freitas.araujo.10051@example.com,Maringá,Atendente,46,78082256767
Simone Gomes Nascimento,simone.gomes.nascimento.10052@example.com,Belo Horizonte,Operador de caixa,34,09133819640
Igor Souza Araújo,igor.souza.araujo.10053@example.com,Recife,Padeiro,47,17446870431
João Mendes Freitas,joao.mendes.freitas.10054@example.com,Florianópolis,Operador de caixa,30,58016832051
Juliana Carvalho Fernandes,juliana.carvalho.fernandes.10055@example.com,Rio de Janeiro,Advogado,50,92177122925
Igor Carvalho Almeida,igor.carvalho.almeida.10056@example.com,Salvador,Chefe de almoxarifado,38,71981852168
Simone Dias Dias,simone.dias.dias.10057@example.com,Campinas,Engenheiro civil,25,11118059513
Daniela Teixeira Costa,daniela.teixeira.costa.10058@example.com,Florianópolis,Contador,49,29148472719
Diego Dias Mendes,diego.dias.mendes.10059@example.com,Santos,Chefe de almoxarifado,26,22947144049
Patrícia Rocha Cardoso,patricia.rocha.cardoso.10060@example.com,Londrina,Programador,32,31511760773
Otávio Fernandes Barros,otavio.fernandes.barros.10061@example.com,Belém,Atendente,70,03370308934
Eduardo Carvalho Fernandes,eduardo.carvalho.fernandes.10062@example.com,Cuiabá,Vendedor,55,09710862078
Igor Dias Alves,igor.dias.alves.10063@example.com,Maringá,Gerente de tecnologia,38,61281124459
Sandra Castro Rocha,sandra.castro.rocha.10064@example.com,Rondonópolis,Recepcionista,61,59680477163
Diego Lima Carvalho,diego.lima.carvalho.10065@example.com,Recife,Recepcionista,23,68574421148
Sandra Fernandes Rodrigues,sandra.fernandes.rodrigues.10066@example.com,Dourados,Gerente de operações,56,99409954553
Camila Carvalho Dias,camila.carvalho.dias.10067@example.com,São Paulo,Engenheiro civil,27,21865399986
Henrique Freitas Alves,henrique.freitas.alves.10068@example.com,Belém,Motorista,18,15143174320
José Freitas Rodrigues,jose.freitas.rodrigues.10069@example.com,Uberlândia,Jornalista,51,17735779560
Lucas Rodrigues Barbosa,lucas.rodrigues.barbosa.10070@example.com,Salvador,Nutricionista,47,54399161661
Fernanda Oliveira Gomes,fernanda.oliveira.gomes.10071@example.com,Salvador,Coordenador administrativo,56,15729770228
Priscila Barros Lima,priscila.barros.lima.10072@example.com,Belo Horizonte,Operador de caixa,48,70768958868
Rafael Moreira Almeida,rafael.moreira.almeida.10073@example.com,Cuiabá,Supervisor de atendimento,47,00855679600
João Rocha Gomes,joao.rocha.gomes.10074@example.com,Brasília,Comprador,20,53946359302
Diego Monteiro Almeida,diego.monteiro.almeida.10075@example.com,Goiânia,Pedreiro,40,07095747845
Vitória Gomes Costa,vitoria.gomes.costa.10076@example.com,Manaus,Coordenador administrativo,64,86659370677
Daniela Carvalho Araújo,daniela.carvalho.araujo.10077@example.com,Porto Alegre,Técnico de enfermagem,18,24870348277
Camila Lima Moreira,camila.lima.moreira.10078@example.com,São Paulo,Gerente financeiro,59,55915745766
Priscila Pereira Silva,priscila.pereira.silva.10079@example.com,Curitiba,Comprador,58,84044367466
Daniela Gomes Carvalho,daniela.gomes.carvalho.10080@example.com,Caxias do Sul,Estoquista,47,23870303205
Mariana Costa Ribeiro,mariana.costa.ribeiro.10081@example.com,Maringá,Analista de marketing,19,71546347561
Priscila Gomes Rodrigues,priscila.gomes.rodrigues.10082@example.com,Curitiba,Atendente,60,82851279060
Rafael Monteiro Cardoso,rafael.monteiro.cardoso.10083@example.com,Campinas,Gerente de operações,48,70755219672
Simone Silva Monteiro,simone.silva.monteiro.10084@example.com,Sorocaba,Arquiteto,54,52262891900
Patrícia Rocha Gomes,patricia.rocha.gomes.10085@example.com,Goiânia,Técnico em informática,26,06508421705
Vanessa Martins Silva,vanessa.martins.silva.10086@example.com,Salvador,Analista financeiro,30,91678722201
Larissa Teixeira Almeida,larissa.teixeira.almeida.10087@example.com,Caxias do Sul,Engenheiro civil,66,80105279291
Débora Alves Alves,debora.alves.alves.10088@example.com,Campinas,Supervisor de manutenção,27,78887650955
Eduardo Barbosa Cardoso,eduardo.barbosa.cardoso.10089@example.com,Uberlândia,Analista de marketing,22,19186781375
José Dias Rodrigues,jose.dias.rodrigues.10090@example.com,Belém,Atendente,53,76162471591
Otávio Cardoso Castro,otavio.cardoso.castro.10091@example.com,Caxias do Sul,Professor,42,14164221625
Carolina Rocha Oliveira,carolina.rocha.oliveira.10092@example.com,Brasília,Diretor de operações,54,84271375553
Beatriz Lima Alves,beatriz.lima.alves.10093@example.com,Campo Grande,Advogado,28,14352601058
Gustavo Alves Nascimento,gustavo.alves.nascimento.10094@example.com,Salvador,Chefe de departamento pessoal,61,61209592617
Marcelo Teixeira Teixeira,marcelo.teixeira.teixeira.10095@example.com,Fortaleza,Gerente comercial,19,82828369680
Amanda Araújo Silva,amanda.araujo.silva.10096@example.com,São Paulo,Supervisor de vendas,66,83721425507
Vanessa Barbosa Santos,vanessa.barbosa.santos.10097@example.com,Caxias do Sul,Supervisor de atendimento,35,44878345337
Juliana Rocha Carvalho,juliana.rocha.carvalho.10098@example.com,Maringá,Atendente,66,08675956015
Rafael Gomes Gomes,rafael.gomes.gomes.10099@example.com,Belém,Supervisor de atendimento,59,02958271785
Sandra Cardoso Monteiro,sandra.cardoso.monteiro.10100@example.com,Porto Alegre,Encarregado de produção,19,77338488654
Henrique Barbosa Barbosa,henrique.barbosa.barbosa.10101@example.com,Rio de Janeiro,Motorista,47,34788637844
Gabriel Oliveira Santos,gabriel.oliveira.santos.10102@example.com,Belém,Auxiliar de produção,63,73156181734
Débora Dias Moreira,debora.dias.moreira.10103@example.com,Curitiba,Técnico de segurança do trabalho,56,85020096429
Vanessa Cardoso Fernandes,vanessa.cardoso.fernandes.10104@example.com,Natal,Mecânico,32,83822330634
Sandra Almeida Cardoso,sandra.almeida.cardoso.10105@example.com,Rondonópolis,Pedreiro,48,30366983402
Gabriel Santos Rocha,gabriel.santos.rocha.10106@example.com,Rio de Janeiro,Padeiro,30,82066529901
Bruno Nascimento Rodrigues,bruno.nascimento.rodrigues.10107@example.com,Belo Horizonte,Jornalista,57,70114427689
Bruno Fernandes Santos,bruno.fernandes.santos.10108@example.com,Santos,Professor,34,69526093281
Lucas Mendes Alves,lucas.mendes.alves.10109@example.com,Belo Horizonte,Cozinheiro,58,46035580794
Sandra Martins Monteiro,sandra.martins.monteiro.10110@example.com,Vitória,Técnico em informática,38,14474623413
Eduardo Pereira Pereira,eduardo.pereira.pereira.10111@example.com,Fortaleza,Operador de caixa,34,01390681475
Letícia Nascimento Teixeira,leticia.nascimento.teixeira.10112@example.com,Santos,Assistente administrativo,27,31971236400
Sérgio Dias Araújo,sergio.dias.araujo.10113@example.com,Niterói,Gerente financeiro,46,84940400562
Eduardo Araújo Martins,eduardo.araujo.martins.10114@example.com,Dourados,Fisioterapeuta,55,01296542579
João Nascimento Almeida,joao.nascimento.almeida.10115@example.com,Manaus,Mecânico,62,07479178820
Simone Gomes Barros,simone.gomes.barros.10116@example.com,Campo Grande,Jornalista,22,81437248289
Luana Freitas Freitas,luana.freitas.freitas.10117@example.com,Campinas,Supervisor de manutenção,50,42860411254
Gustavo Freitas Alves,gustavo.freitas.alves.10118@example.com,Goiânia,Jornalista,36,14098639775
Bruno Almeida Oliveira,bruno.almeida.oliveira.10119@example.com,Belém,Engenheiro civil,26,61281059587
Carolina Fernandes Teixeira,carolina.fernandes.teixeira.10120@example.com,Goiânia,Analista de dados,52,99423276823
Carolina Martins Dias,carolina.martins.dias.10121@example.com,Caxias do Sul,Assistente comercial,49,93781060000
Fernanda Teixeira Cardoso,fernanda.teixeira.cardoso.10122@example.com,Joinville,Nutricionista,54,16379972834
Igor Oliveira Barros,igor.oliveira.barros.10123@example.com,Goiânia,Analista de recursos humanos,59,13935731163
Camila Gomes Ribeiro,camila.gomes.ribeiro.10124@example.com,Vitória,Supervisor de qualidade,46,90231095607
João Ribeiro Souza,joao.ribeiro.souza.10125@example.com,Dourados,Coordenador de produção,52,40640233545
Juliana Costa Santos,juliana.costa.santos.10126@example.com,Cuiabá,Cozinheiro,56,51452472487
Luana Pereira Rodrigues,luana.pereira.rodrigues.10127@example.com,Manaus,Arquiteto,41,53673644339
Larissa Barbosa Freitas,larissa.barbosa.freitas.10128@example.com,Fortaleza,Assistente comercial,67,51396149841
Pedro Ribeiro Alves,pedro.ribeiro.alves.10129@example.com,Porto Alegre,Vendedor,31,00069934840
Carolina Silva Lima,carolina.silva.lima.10130@example.com,Natal,Chefe de almoxarifado,25,85860700718
Henrique Moreira Costa,henrique.moreira.costa.10131@example.com,Salvador,Arquiteto,23,74077470425
Paulo Cardoso Lima,paulo.cardoso.lima.10132@example.com,Brasília,Técnico em informática,60,81850361347
Leonardo Barbosa Barbosa,leonardo.barbosa.barbosa.10133@example.com,Caxias do Sul,Técnico de segurança do trabalho,49,87110654753
Aline Oliveira Rodrigues,aline.oliveira.rodrigues.10134@example.com,Recife,Advogado,58,27149003060
Carolina Silva Nascimento,carolina.silva.nascimento.10135@example.com,Niterói,Gerente de tecnologia,55,72920879341
Gustavo Barbosa Silva,gustavo.barbosa.silva.10136@example.com,Belém,Assistente administrativo,48,95305716358
Bruno Alves Cardoso,bruno.alves.cardoso.10137@example.com,Brasília,Chefe de departamento pessoal,52,83523542820
Simone Silva Fernandes,simone.silva.fernandes.10138@example.com,Florianópolis,Gerente financeiro,36,47595500510
Carlos Rocha Freitas,carlos.rocha.freitas.10139@example.com,Rondonópolis,Gerente de tecnologia,52,02300223159
Letícia Martins Monteiro,leticia.martins.monteiro.10140@example.com,Niterói,Advogado,57,93884967551
Bruno Martins Carvalho,bruno.martins.carvalho.10141@example.com,Goiânia,Enfermeiro,47,98085599266
Igor Monteiro Castro,igor.monteiro.castro.10142@example.com,Natal,Pedreiro,51,68168404131
Larissa Souza Nascimento,larissa.souza.nascimento.10143@example.com,Joinville,Padeiro,45,93653611810
Daniela Costa Barros,daniela.costa.barros.10144@example.com,Brasília,Analista de marketing,28,69268957691
Simone Nascimento Pereira,simone.nascimento.pereira.10145@example.com,Caxias do Sul,Comprador,48,44838633361
Simone Alves Moreira,simone.alves.moreira.10146@example.com,Manaus,Analista financeiro,29,35048805633
Thiago Martins Rodrigues,thiago.martins.rodrigues.10147@example.com,Maringá,Jornalista,62,02263037772
Felipe Rocha Cardoso,felipe.rocha.cardoso.10148@example.com,Natal,Encarregado de produção,47,14732018424
Luana Teixeira Freitas,luana.teixeira.freitas.10149@example.com,Belém,Designer gráfico,66,28792252018
Luana Dias Carvalho,luana.dias.carvalho.10150@example.com,Campo Grande,Auxiliar de produção,28,78008128253
Renata Dias Alves,renata.dias.alves.10151@example.com,Cuiabá,Cozinheiro,49,65215544717
Priscila Barbosa Barbosa,priscila.barbosa.barbosa.10152@example.com,Dourados,Mecânico,40,09075432389
Sandra Monteiro Barros,sandra.monteiro.barros.10153@example.com,Caxias do Sul,Padeiro,45,38508188913
Henrique Silva Freitas,henrique.silva.freitas.10154@example.com,Rondonópolis,Chefe de departamento pessoal,22,90292285215
Felipe Rodrigues Teixeira,felipe.rodrigues.teixeira.10155@example.com,Salvador,Enfermeiro,21,03729910128
Henrique Costa Rocha,henrique.costa.rocha.10156@example.com,Rondonópolis,Auxiliar de produção,55,71999410099
Nicolas Monteiro Costa,nicolas.monteiro.costa.10157@example.com,Belém,Programador,43,79684690458
Diego Gomes Rodrigues,diego.gomes.rodrigues.10158@example.com,Porto Alegre,Motorista,63,74266701856
Paulo Martins Almeida,paulo.martins.almeida.10159@example.com,Niterói,Cozinheiro,58,59304134268
Gabriel Barbosa Rocha,gabriel.barbosa.rocha.10160@example.com,Fortaleza,Supervisor de vendas,48,00041437137
Aline Silva Moreira,aline.silva.moreira.10161@example.com,Belo Horizonte,Chefe de almoxarifado,38,16953189545
Sérgio Barbosa Fernandes,sergio.barbosa.fernandes.10162@example.com,Curitiba,Programador,66,63724061275
Beatriz Martins Almeida,beatriz.martins.almeida.10163@example.com,Recife,Contador,61,22499925746
Daniela Lima Martins,daniela.lima.martins.10164@example.com,Rio de Janeiro,Nutricionista,22,71662136021
Mariana Teixeira Nascimento,mariana.teixeira.nascimento.10165@example.com,Manaus,Líder de equipe,61,52231116591
Amanda Barbosa Costa,amanda.barbosa.costa.10166@example.com,Campinas,Atendente,56,98907614355
Thiago Gomes Araújo,thiago.gomes.araujo.10167@example.com,Caxias do Sul,Gerente financeiro,23,79755461868
Gabriela Araújo Costa,gabriela.araujo.costa.10168@example.com,Belém,Chefe de compras,68,84889081668
Sandra Alves Nascimento,sandra.alves.nascimento.10169@example.com,São Paulo,Gerente de tecnologia,34,68029317589
Leonardo Lima Nascimento,leonardo.lima.nascimento.10170@example.com,Curitiba,Coordenador administrativo,60,40591388438
Camila Barros Almeida,camila.barros.almeida.10171@example.com,Fortaleza,Gerente financeiro,31,34758810603
Otávio Cardoso Almeida,otavio.cardoso.almeida.10172@example.com,Cuiabá,Estoquista,65,03352055913
Pedro Dias Barbosa,pedro.dias.barbosa.10173@example.com,Florianópolis,Técnico em informática,48,57879812746
Felipe Lima Fernandes,felipe.lima.fernandes.10174@example.com,Rondonópolis,Nutricionista,37,48674956073
Eduardo Oliveira Santos,eduardo.oliveira.santos.10175@example.com,Vitória,Encarregado de produção,32,89762586356
Ricardo Castro Dias,ricardo.castro.dias.10176@example.com,Santos,Coordenador administrativo,46,46338922403
Paulo Barros Castro,paulo.barros.castro.10177@example.com,Joinville,Programador,56,52976604498
Patrícia Souza Carvalho,patricia.souza.carvalho.10178@example.com,Natal,Assistente administrativo,37,14589609508
Eduardo Ribeiro Carvalho,eduardo.ribeiro.carvalho.10179@example.com,Dourados,Eletricista,48,39480068453
Vanessa Fernandes Costa,vanessa.fernandes.costa.10180@example.com,Cuiabá,Chefe de departamento pessoal,31,87508921851
Juliana Nascimento Gomes,juliana.nascimento.gomes.10181@example.com,São Paulo,Técnico em informática,22,21456480817
Tatiane Pereira Freitas,tatiane.pereira.freitas.10182@example.com,Joinville,Coordenador de produção,53,47950204786
Fernanda Freitas Moreira,fernanda.freitas.moreira.10183@example.com,São Paulo,Corretor de imóveis,19,94743137934
Henrique Freitas Nascimento,henrique.freitas.nascimento.10184@example.com,Brasília,Farmacêutico,37,44650159720
Vitória Costa Souza,vitoria.costa.souza.10185@example.com,Recife,Estoquista,35,10787691985
Paulo Carvalho Monteiro,paulo.carvalho.monteiro.10186@example.com,Manaus,Eletricista,31,56646399971
Nicolas Alves Fernandes,nicolas.alves.fernandes.10187@example.com,Maringá,Comprador,33,24114205897
Mariana Alves Carvalho,mariana.alves.carvalho.10188@example.com,Florianópolis,Gerente financeiro,30,02672267073
Sandra Moreira Silva,sandra.moreira.silva.10189@example.com,Maringá,Gerente comercial,55,95427411589
Ricardo Costa Castro,ricardo.costa.castro.10190@example.com,Dourados,Comprador,46,34858925466
José Rocha Souza,jose.rocha.souza.10191@example.com,Curitiba,Gerente financeiro,18,17261092065
Camila Moreira Santos,camila.moreira.santos.10192@example.com,Porto Alegre,Jornalista,39,39500456330
Vitória Rocha Pereira,vitoria.rocha.pereira.10193@example.com,Dourados,Diretor de operações,35,94660679200
Mariana Fernandes Cardoso,mariana.fernandes.cardoso.10194@example.com,Belém,Professor,53,56007365346
Carolina Lima Oliveira,carolina.lima.oliveira.10195@example.com,Joinville,Supervisor de qualidade,20,78202168017
Bruno Costa Costa,bruno.costa.costa.10196@example.com,Vitória,Corretor de imóveis,30,08498362725
Vanessa Alves Monteiro,vanessa.alves.monteiro.10197@example.com,Goiânia,Técnico em informática,46,30593127835
Ana Souza Gomes,ana.souza.gomes.10198@example.com,Campo Grande,Assistente administrativo,31,77667330263
João Souza Silva,joao.souza.silva.10199@example.com,São Paulo,Gerente comercial,64,13723031277
Fernanda Gomes Cardoso,fernanda.gomes.cardoso.10200@example.com,Recife,Farmacêutico,41,69431550272
Carlos Lima Costa,carlos.lima.costa.10201@example.com,Curitiba,Coordenador de produção,66,59625654160
Luana Costa Pereira,luana.costa.pereira.10202@example.com,Salvador,Analista financeiro,66,65481252990
Tatiane Castro Barros,tatiane.castro.barros.10203@example.com,Curitiba,Encarregado de produção,24,80605851645
Marcelo Silva Souza,marcelo.silva.souza.10204@example.com,São Paulo,Engenheiro civil,34,87588948110
Aline Teixeira Mendes,aline.teixeira.mendes.10205@example.com,Natal,Professor,63,87281709740
Carolina Costa Moreira,carolina.costa.moreira.10206@example.com,Dourados,Encarregado de produção,19,02624506244
Aline Dias Monteiro,aline.dias.monteiro.10207@example.com,Natal,Auxiliar de produção,29,84685832201
Tatiane Freitas Ribeiro,tatiane.freitas.ribeiro.10208@example.com,Uberlândia,Coordenador administrativo,52,74522791656
Otávio Freitas Souza,otavio.freitas.souza.10209@example.com,Uberlândia,Comprador,64,51571119185
Thiago Alves Lima,thiago.alves.lima.10210@example.com,Curitiba,Vendedor,46,47548479719
Gabriela Monteiro Mendes,gabriela.monteiro.mendes.10211@example.com,Londrina,Coordenador de marketing,66,92606568023
José Moreira Ribeiro,jose.moreira.ribeiro.10212@example.com,Rio de Janeiro,Farmacêutico,39,89928119675
Vinícius Teixeira Costa,vinicius.teixeira.costa.10213@example.com,Curitiba,Líder de equipe,24,48244283314
Beatriz Fernandes Nascimento,beatriz.fernandes.nascimento.10214@example.com,Rondonópolis,Programador,54,61975035162
Vinícius Dias Barbosa,vinicius.dias.barbosa.10215@example.com,Rio de Janeiro,Corretor de imóveis,22,92218754256
Ana Dias Almeida,ana.dias.almeida.10216@example.com,Uberlândia,Atendente,40,36099567907
Mariana Teixeira Teixeira,mariana.teixeira.teixeira.10217@example.com,Caxias do Sul,Supervisor de qualidade,43,23646718093
Ricardo Santos Pereira,ricardo.santos.pereira.10218@example.com,Joinville,Coordenador de logística,33,82988574962
Thiago Barros Dias,thiago.barros.dias.10219@example.com,Santos,Líder de equipe,46,21423254261
Patrícia Nascimento Gomes,patricia.nascimento.gomes.10220@example.com,Curitiba,Motorista,38,90762491176
João Mendes Souza,joao.mendes.souza.10221@example.com,Niterói,Analista de marketing,49,36090520687
Henrique Freitas Fernandes,henrique.freitas.fernandes.10222@example.com,Fortaleza,Coordenador de logística,49,35353304123
Rafael Castro Ribeiro,rafael.castro.ribeiro.10223@example.com,Cuiabá,Padeiro,22,15380748374
Eduardo Fernandes Martins,eduardo.fernandes.martins.10224@example.com,Florianópolis,Fisioterapeuta,19,08907697266
Juliana Castro Fernandes,juliana.castro.fernandes.10225@example.com,Campo Grande,Supervisor de atendimento,39,41517398347
Otávio Oliveira Rodrigues,otavio.oliveira.rodrigues.10226@example.com,Uberlândia,Advogado,35,90093911765
Eduardo Ribeiro Pereira,eduardo.ribeiro.pereira.10227@example.com,Maringá,Contador,28,89631439554
Rafael Barros Rodrigues,rafael.barros.rodrigues.10228@example.com,Belo Horizonte,Jornalista,37,12742233963
Rafael Fernandes Freitas,rafael.fernandes.freitas.10229@example.com,Dourados,Fisioterapeuta,51,85954061612
Sandra Teixeira Teixeira,sandra.teixeira.teixeira.10230@example.com,Cuiabá,Analista financeiro,47,94592263217
Patrícia Castro Araújo,patricia.castro.araujo.10231@example.com,Salvador,Contador,56,96547238038
Bruno Silva Araújo,bruno.silva.araujo.10232@example.com,Londrina,Enfermeiro,57,40354717184
Juliana Teixeira Castro,juliana.teixeira.castro.10233@example.com,Vitória,Engenheiro civil,41,62513317162
Camila Oliveira Martins,camila.oliveira.martins.10234@example.com,Uberlândia,Técnico de enfermagem,49,83297727602
Ana Rocha Rocha,ana.rocha.rocha.10235@example.com,Florianópolis,Engenheiro civil,64,82250453196
Daniela Castro Araújo,daniela.castro.araujo.10236@example.com,Campo Grande,Contador,64,28472742234
Lucas Silva Barros,lucas.silva.barros.10237@example.com,Sorocaba,Chefe de almoxarifado,60,99791180881
Larissa Carvalho Teixeira,larissa.carvalho.teixeira.10238@example.com,Brasília,Diretor de operações,56,50623785391
Thiago Pereira Barbosa,thiago.pereira.barbosa.10239@example.com,Florianópolis,Técnico de segurança do trabalho,34,69919290920
João Teixeira Pereira,joao.teixeira.pereira.10240@example.com,Campinas,Enfermeiro,66,15750553880
Juliana Rocha Moreira,juliana.rocha.moreira.10241@example.com,Florianópolis,Analista de marketing,60,57735951235
Daniela Oliveira Dias,daniela.oliveira.dias.10242@example.com,Goiânia,Enfermeiro,60,53342680268
Gabriel Silva Santos,gabriel.silva.santos.10243@example.com,Niterói,Fisioterapeuta,49,65011853436
Amanda Monteiro Martins,amanda.monteiro.martins.10244@example.com,Rio de Janeiro,Engenheiro civil,63,13597766721
Tatiane Alves Alves,tatiane.alves.alves.10245@example.com,Campinas,Analista financeiro,19,54997944060
José Lima Costa,jose.lima.costa.10246@example.com,Fortaleza,Gerente financeiro,56,56698535914
Paulo Moreira Monteiro,paulo.moreira.monteiro.10247@example.com,Rio de Janeiro,Programador,43,61408700364
Mariana Ribeiro Barbosa,mariana.ribeiro.barbosa.10248@example.com,Niterói,Jornalista,30,00499988259
Débora Costa Dias,debora.costa.dias.10249@example.com,Belo Horizonte,Chefe de departamento pessoal,60,37845822741
Leonardo Cardoso Nascimento,leonardo.cardoso.nascimento.10250@example.com,Rio de Janeiro,Eletricista,25,06764314172
Nicolas Monteiro Barbosa,nicolas.monteiro.barbosa.10251@example.com,Joinville,Estoquista,54,63597923433
Sérgio Santos Pereira,sergio.santos.pereira.10252@example.com,Manaus,Nutricionista,19,28296036123
Otávio Pereira Moreira,otavio.pereira.moreira.10253@example.com,São Paulo,Cozinheiro,70,12100458540
Nicolas Souza Santos,nicolas.souza.santos.10254@example.com,Joinville,Supervisor de manutenção,50,82529196622
Simone Freitas Ribeiro,simone.freitas.ribeiro.10255@example.com,Brasília,Coordenador de produção,23,61500298215
Larissa Cardoso Costa,larissa.cardoso.costa.10256@example.com,Florianópolis,Supervisor de manutenção,67,83140057573
Sérgio Fernandes Santos,sergio.fernandes.santos.10257@example.com,Salvador,Estoquista,43,70466842997
Carlos Oliveira Rodrigues,carlos.oliveira.rodrigues.10258@example.com,Curitiba,Mecânico,55,33360069529
Marcelo Gomes Fernandes,marcelo.gomes.fernandes.10259@example.com,Florianópolis,Analista financeiro,48,08845233224
José Nascimento Cardoso,jose.nascimento.cardoso.10260@example.com,Londrina,Designer gráfico,55,77900761233
Lucas Almeida Fernandes,lucas.almeida.fernandes.10261@example.com,Campinas,Técnico em informática,58,54207973914
Ana Castro Moreira,ana.castro.moreira.10262@example.com,Goiânia,Analista financeiro,29,25855136329
Beatriz Freitas Ribeiro,beatriz.freitas.ribeiro.10263@example.com,Brasília,Líder de equipe,50,93604060893
Débora Dias Teixeira,debora.dias.teixeira.10264@example.com,Belo Horizonte,Líder de equipe,45,64180192730
Igor Gomes Freitas,igor.gomes.freitas.10265@example.com,Cuiabá,Gerente de recursos humanos,30,45105165016
Bruno Rocha Almeida,bruno.rocha.almeida.10266@example.com,Campinas,Jornalista,69,65629202345
Juliana Cardoso Araújo,juliana.cardoso.araujo.10267@example.com,Manaus,Técnico de enfermagem,19,20180368645
Paulo Dias Freitas,paulo.dias.freitas.10268@example.com,Cuiabá,Diretor comercial,49,29811610486
Igor Martins Cardoso,igor.martins.cardoso.10269@example.com,Vitória,Designer gráfico,57,51962192122
Aline Moreira Nascimento,aline.moreira.nascimento.10270@example.com,Goiânia,Gerente de operações,57,90000401930
Lucas Barbosa Silva,lucas.barbosa.silva.10271@example.com,Porto Alegre,Operador de caixa,60,65779606087
Vanessa Dias Santos,vanessa.dias.santos.10272@example.com,Florianópolis,Líder de equipe,66,42675934468
Gustavo Lima Rocha,gustavo.lima.rocha.10273@example.com,Brasília,Engenheiro civil,60,00775223370
Felipe Castro Barbosa,felipe.castro.barbosa.10274@example.com,Fortaleza,Arquiteto,65,40009725648
Juliana Costa Rocha,juliana.costa.rocha.10275@example.com,Manaus,Coordenador de logística,50,83384668357
Patrícia Rodrigues Barros,patricia.rodrigues.barros.10276@example.com,Cuiabá,Líder de equipe,32,90175707249
Sandra Freitas Barros,sandra.freitas.barros.10277@example.com,Santos,Fisioterapeuta,38,14671193474
Mariana Barbosa Martins,mariana.barbosa.martins.10278@example.com,Maringá,Pedreiro,31,36143251815
Camila Carvalho Moreira,camila.carvalho.moreira.10279@example.com,Belém,Nutricionista,24,51352678008
Gustavo Almeida Cardoso,gustavo.almeida.cardoso.10280@example.com,Cuiabá,Assistente administrativo,23,73178056747
Larissa Gomes Costa,larissa.gomes.costa.10281@example.com,Belém,Arquiteto,49,89108486838
Débora Carvalho Pereira,debora.carvalho.pereira.10282@example.com,Florianópolis,Fisioterapeuta,18,88658681424
Letícia Ribeiro Rodrigues,leticia.ribeiro.rodrigues.10283@example.com,Rondonópolis,Analista de recursos humanos,30,18205792439
Ricardo Mendes Teixeira,ricardo.mendes.teixeira.10284@example.com,Vitória,Gerente financeiro,57,75394746677
Marcelo Moreira Fernandes,marcelo.moreira.fernandes.10285@example.com,Belém,Coordenador de marketing,58,87089061908
Fernanda Monteiro Fernandes,fernanda.monteiro.fernandes.10286@example.com,Joinville,Analista financeiro,55,91467884103
Daniela Almeida Rodrigues,daniela.almeida.rodrigues.10287@example.com,Brasília,Técnico de segurança do trabalho,44,91531766984
Marcelo Santos Cardoso,marcelo.santos.cardoso.10288@example.com,Uberlândia,Líder de equipe,51,87034151317
Tatiane Almeida Freitas,tatiane.almeida.freitas.10289@example.com,Campo Grande,Enfermeiro,42,20723359156
João Castro Gomes,joao.castro.gomes.10290@example.com,Goiânia,Mecânico,27,34469123058
Nicolas Lima Gomes,nicolas.lima.gomes.10291@example.com,Cuiabá,Coordenador de marketing,29,08380403465
Luana Castro Moreira,luana.castro.moreira.10292@example.com,Belo Horizonte,Coordenador administrativo,56,14058614323
Gabriel Araújo Castro,gabriel.araujo.castro.10293@example.com,Caxias do Sul,Coordenador de logística,43,84383786875
Felipe Souza Moreira,felipe.souza.moreira.10294@example.com,Rondonópolis,Assistente administrativo,39,06074202654
Vitória Souza Costa,vitoria.souza.costa.10295@example.com,Niterói,Gerente de recursos humanos,70,94885116053
Marcelo Castro Moreira,marcelo.castro.moreira.10296@example.com,Dourados,Atendente,35,99271200583
Renata Barros Freitas,renata.barros.freitas.10297@example.com,Rio de Janeiro,Mecânico,50,78678252519
Daniela Barbosa Silva,daniela.barbosa.silva.10298@example.com,Sorocaba,Coordenador de logística,41,93453577439
Diego Carvalho Araújo,diego.carvalho.araujo.10299@example.com,Goiânia,Diretor comercial,58,82698952195
Igor Moreira Araújo,igor.moreira.araujo.10300@example.com,Uberlândia,Supervisor de manutenção,50,62574383987
Igor Pereira Nascimento,igor.pereira.nascimento.10301@example.com,Santos,Analista financeiro,42,65030909306
Gustavo Costa Barros,gustavo.costa.barros.10302@example.com,São Paulo,Técnico de segurança do trabalho,57,82407815310
Tatiane Dias Freitas,tatiane.dias.freitas.10303@example.com,Goiânia,Nutricionista,34,45386614803
Carolina Nascimento Rocha,carolina.nascimento.rocha.10304@example.com,Uberlândia,Advogado,18,27195487938
Gabriel Mendes Costa,gabriel.mendes.costa.10305@example.com,Maringá,Coordenador de marketing,26,00003407438
Nicolas Moreira Castro,nicolas.moreira.castro.10306@example.com,Sorocaba,Supervisor de qualidade,28,22729820192
Amanda Castro Rocha,amanda.castro.rocha.10307@example.com,Cuiabá,Técnico de enfermagem,22,16524755070
Sandra Pereira Rocha,sandra.pereira.rocha.10308@example.com,Londrina,Analista financeiro,54,81412963128
Renata Moreira Lima,renata.moreira.lima.10309@example.com,Londrina,Diretor comercial,19,28584424029
Vinícius Pereira Costa,vinicius.pereira.costa.10310@example.com,Campinas,Auxiliar de produção,38,42045162727
Amanda Monteiro Silva,amanda.monteiro.silva.10311@example.com,Dourados,Analista de dados,67,09221594414
Vanessa Teixeira Oliveira,vanessa.teixeira.oliveira.10312@example.com,Campo Grande,Motorista,62,66074521831
Ricardo Pereira Silva,ricardo.pereira.silva.10313@example.com,Sorocaba,Gerente de operações,42,71214059695
Mariana Barbosa Martins,mariana.barbosa.martins.10314@example.com,Londrina,Atendente,61,41560215668
Nicolas Martins Barros,nicolas.martins.barros.10315@example.com,Campinas,Supervisor de manutenção,49,46697955892
Pedro Moreira Moreira,pedro.moreira.moreira.10316@example.com,Fortaleza,Diretor de operações,65,51337619431
Pedro Costa Cardoso,pedro.costa.cardoso.10317@example.com,Maringá,Analista de marketing,39,74702442663
Carlos Souza Mendes,carlos.souza.mendes.10318@example.com,Uberlândia,Chefe de almoxarifado,24,58606849764
Rafael Monteiro Barbosa,rafael.monteiro.barbosa.10319@example.com,Brasília,Técnico em informática,53,58224116480
Ricardo Carvalho Ribeiro,ricardo.carvalho.ribeiro.10320@example.com,Joinville,Designer gráfico,32,44730847388
Vitória Rodrigues Oliveira,vitoria.rodrigues.oliveira.10321@example.com,Sorocaba,Chefe de departamento pessoal,64,65054029467
Nicolas Barbosa Gomes,nicolas.barbosa.gomes.10322@example.com,Caxias do Sul,Fisioterapeuta,29,02800726138
Sérgio Carvalho Silva,sergio.carvalho.silva.10323@example.com,Manaus,Supervisor de manutenção,23,66464177682
Henrique Carvalho Almeida,henrique.carvalho.almeida.10324@example.com,Belo Horizonte,Farmacêutico,70,92863628584
Daniela Silva Cardoso,daniela.silva.cardoso.10325@example.com,Uberlândia,Enfermeiro,38,62872104062
Gabriel Martins Silva,gabriel.martins.silva.10326@example.com,Belém,Diretor de operações,52,98166086753
Luana Nascimento Freitas,luana.nascimento.freitas.10327@example.com,Sorocaba,Técnico de enfermagem,25,76798977590
Felipe Teixeira Gomes,felipe.teixeira.gomes.10328@example.com,Cuiabá,Corretor de imóveis,47,67680188986
Mariana Araújo Nascimento,mariana.araujo.nascimento.10329@example.com,Porto Alegre,Líder de equipe,34,26156669462
Daniela Nascimento Lima,daniela.nascimento.lima.10330@example.com,Brasília,Designer gráfico,61,06744523715
Leonardo Dias Dias,leonardo.dias.dias.10331@example.com,Sorocaba,Supervisor de atendimento,23,53205249115
Vitória Teixeira Silva,vitoria.teixeira.silva.10332@example.com,Brasília,Gerente de tecnologia,66,06606583325
Sérgio Moreira Barros,sergio.moreira.barros.10333@example.com,Fortaleza,Chefe de departamento pessoal,46,22932000576
Ana Rocha Cardoso,ana.rocha.cardoso.10334@example.com,Vitória,Eletricista,22,77908119499
Simone Souza Pereira,simone.souza.pereira.10335@example.com,Florianópolis,Auxiliar de produção,29,99623686526
Amanda Mendes Costa,amanda.mendes.costa.10336@example.com,Joinville,Gerente de tecnologia,40,99983084167
Fernanda Oliveira Alves,fernanda.oliveira.alves.10337@example.com,Fortaleza,Programador,55,40732564385
Bruno Oliveira Santos,bruno.oliveira.santos.10338@example.com,Fortaleza,Comprador,67,17322357618
Otávio Rocha Fernandes,otavio.rocha.fernandes.10339@example.com,Rondonópolis,Auxiliar de produção,47,24426800549
Marcelo Martins Oliveira,marcelo.martins.oliveira.10340@example.com,Maringá,Técnico de enfermagem,38,15902928426
Luana Cardoso Teixeira,luana.cardoso.teixeira.10341@example.com,Natal,Chefe de departamento pessoal,25,44302454570
Igor Castro Lima,igor.castro.lima.10342@example.com,Maringá,Técnico em informática,61,46922754696
Carlos Mendes Moreira,carlos.mendes.moreira.10343@example.com,Recife,Farmacêutico,41,09005221679
Gustavo Carvalho Barbosa,gustavo.carvalho.barbosa.10344@example.com,Belo Horizonte,Professor,67,81155923192
Felipe Nascimento Freitas,felipe.nascimento.freitas.10345@example.com,São Paulo,Gerente financeiro,22,49385883588
Gabriela Souza Carvalho,gabriela.souza.carvalho.10346@example.com,Natal,Supervisor de atendimento,37,16590846071
Gabriel Rodrigues Moreira,gabriel.rodrigues.moreira.10347@example.com,Rio de Janeiro,Gerente comercial,52,39386552226
Patrícia Costa Costa,patricia.costa.costa.10348@example.com,Caxias do Sul,Gerente financeiro,21,03121386610
Gabriel Teixeira Pereira,gabriel.teixeira.pereira.10349@example.com,Joinville,Atendente,33,87623268109
Renata Araújo Mendes,renata.araujo.mendes.10350@example.com,Goiânia,Analista de marketing,47,79815611633
Larissa Moreira Alves,larissa.moreira.alves.10351@example.com,Maringá,Técnico de enfermagem,24,73385224465
Priscila Castro Nascimento,priscila.castro.nascimento.10352@example.com,Campo Grande,Farmacêutico,25,74520064602
Felipe Silva Moreira,felipe.silva.moreira.10353@example.com,Florianópolis,Estoquista,36,92771091100
Juliana Souza Silva,juliana.souza.silva.10354@example.com,Dourados,Supervisor de vendas,37,77522093643
Sérgio Nascimento Cardoso,sergio.nascimento.cardoso.10355@example.com,Dourados,Supervisor de atendimento,59,55818237033
Juliana Moreira Alves,juliana.moreira.alves.10356@example.com,Goiânia,Chefe de departamento pessoal,28,52767475609
Patrícia Oliveira Carvalho,patricia.oliveira.carvalho.10357@example.com,Belém,Técnico em informática,18,48696538457
Diego Ribeiro Oliveira,diego.ribeiro.oliveira.10358@example.com,São Paulo,Engenheiro civil,66,48322169245
Larissa Cardoso Fernandes,larissa.cardoso.fernandes.10359@example.com,Rio de Janeiro,Vendedor,43,02820921316
Pedro Ribeiro Almeida,pedro.ribeiro.almeida.10360@example.com,Vitória,Chefe de compras,19,75743924543
Amanda Freitas Silva,amanda.freitas.silva.10361@example.com,Belém,Chefe de almoxarifado,46,77530213017
João Mendes Mendes,joao.mendes.mendes.10362@example.com,Caxias do Sul,Chefe de departamento pessoal,54,14388125663
Ricardo Oliveira Souza,ricardo.oliveira.souza.10363@example.com,Santos,Programador,54,50793280845
Eduardo Barros Carvalho,eduardo.barros.carvalho.10364@example.com,Florianópolis,Analista de recursos humanos,21,60575823459
Daniela Cardoso Rodrigues,daniela.cardoso.rodrigues.10365@example.com,Santos,Supervisor de atendimento,23,37008001550
Paulo Mendes Castro,paulo.mendes.castro.10366@example.com,Rio de Janeiro,Supervisor de qualidade,23,09524690225
Letícia Teixeira Santos,leticia.teixeira.santos.10367@example.com,Sorocaba,Supervisor de vendas,18,86956857565
Tatiane Barbosa Martins,tatiane.barbosa.martins.10368@example.com,Dourados,Técnico de enfermagem,47,62870723644
Larissa Ribeiro Martins,larissa.ribeiro.martins.10369@example.com,Belo Horizonte,Líder de equipe,28,58645476553
Felipe Silva Ribeiro,felipe.silva.ribeiro.10370@example.com,Curitiba,Líder de equipe,43,04629870824
Lucas Martins Araújo,lucas.martins.araujo.10371@example.com,Joinville,Chefe de almoxarifado,52,82112984407
Fernanda Oliveira Monteiro,fernanda.oliveira.monteiro.10372@example.com,Uberlândia,Gerente financeiro,23,00141973387
Eduardo Teixeira Moreira,eduardo.teixeira.moreira.10373@example.com,Vitória,Técnico de segurança do trabalho,48,62166646447
Vinícius Martins Moreira,vinicius.martins.moreira.10374@example.com,Manaus,Supervisor de atendimento,68,13240387369
Lucas Almeida Rocha,lucas.almeida.rocha.10375@example.com,Vitória,Coordenador de produção,19,08309360321
Gustavo Costa Lima,gustavo.costa.lima.10376@example.com,Fortaleza,Supervisor de qualidade,23,37887173879
Débora Teixeira Carvalho,debora.teixeira.carvalho.10377@example.com,Campinas,Chefe de compras,58,99883760899
Henrique Dias Ribeiro,henrique.dias.ribeiro.10378@example.com,Rio de Janeiro,Técnico em informática,50,20335918501
Luana Oliveira Barros,luana.oliveira.barros.10379@example.com,Rondonópolis,Mecânico,67,95069977590
Felipe Fernandes Barros,felipe.fernandes.barros.10380@example.com,Manaus,Cozinheiro,27,08759518884
Camila Lima Alves,camila.lima.alves.10381@example.com,Santos,Analista de recursos humanos,64,44407502058
Daniela Mendes Nascimento,daniela.mendes.nascimento.10382@example.com,Sorocaba,Nutricionista,64,97568085529
Marcelo Barbosa Teixeira,marcelo.barbosa.teixeira.10383@example.com,Dourados,Nutricionista,27,17354000795
Débora Alves Ribeiro,debora.alves.ribeiro.10384@example.com,Florianópolis,Contador,47,87540238998
Eduardo Silva Alves,eduardo.silva.alves.10385@example.com,Goiânia,Estoquista,44,18515220726
Simone Araújo Pereira,simone.araujo.pereira.10386@example.com,Natal,Técnico de enfermagem,62,81220189520
Felipe Araújo Barros,felipe.araujo.barros.10387@example.com,Niterói,Gerente de tecnologia,26,00865212882
Vitória Araújo Carvalho,vitoria.araujo.carvalho.10388@example.com,Dourados,Diretor comercial,31,88735504812
Nicolas Castro Castro,nicolas.castro.castro.10389@example.com,Fortaleza,Chefe de almoxarifado,27,24748833136
Lucas Nascimento Cardoso,lucas.nascimento.cardoso.10390@example.com,Maringá,Professor,31,95156072934
Vanessa Monteiro Silva,vanessa.monteiro.silva.10391@example.com,Rondonópolis,Arquiteto,32,25917772441
Diego Barros Rocha,diego.barros.rocha.10392@example.com,Niterói,Gerente financeiro,36,61135770388
Ana Almeida Oliveira,ana.almeida.oliveira.10393@example.com,Joinville,Padeiro,67,31370139811
José Freitas Castro,jose.freitas.castro.10394@example.com,Caxias do Sul,Designer gráfico,51,20892778741
Otávio Fernandes Ribeiro,otavio.fernandes.ribeiro.10395@example.com,Porto Alegre,Gerente comercial,50,83015374969
Diego Alves Pereira,diego.alves.pereira.10396@example.com,Joinville,Enfermeiro,46,05848764177
Rafael Alves Dias,rafael.alves.dias.10397@example.com,Florianópolis,Operador de caixa,57,70592143969
Carlos Silva Monteiro,carlos.silva.monteiro.10398@example.com,Brasília,Gerente de operações,45,06566276080
Beatriz Ribeiro Castro,beatriz.ribeiro.castro.10399@example.com,Natal,Assistente administrativo,34,59207221417
Lucas Gomes Cardoso,lucas.gomes.cardoso.10400@example.com,Salvador,Chefe de departamento pessoal,61,67421752149
Eduardo Silva Martins,eduardo.silva.martins.10401@example.com,Londrina,Eletricista,51,63366989784
Daniela Fernandes Barbosa,daniela.fernandes.barbosa.10402@example.com,Belo Horizonte,Estoquista,33,41315867829
Sandra Lima Costa,sandra.lima.costa.10403@example.com,Londrina,Vendedor,32,48996663412
Paulo Almeida Nascimento,paulo.almeida.nascimento.10404@example.com,São Paulo,Eletricista,55,92499832429
Carolina Freitas Rodrigues,carolina.freitas.rodrigues.10405@example.com,Londrina,Diretor de operações,58,29021441962
Rafael Monteiro Barros,rafael.monteiro.barros.10406@example.com,Santos,Operador de caixa,40,18064400460
Priscila Barros Gomes,priscila.barros.gomes.10407@example.com,Curitiba,Vendedor,55,18640682421
Priscila Lima Teixeira,priscila.lima.teixeira.10408@example.com,Uberlândia,Coordenador administrativo,30,20895621840
Letícia Cardoso Monteiro,leticia.cardoso.monteiro.10409@example.com,Natal,Professor,31,04684755111
Leonardo Castro Monteiro,leonardo.castro.monteiro.10410@example.com,Brasília,Pedreiro,34,97056769195
Gabriela Barbosa Carvalho,gabriela.barbosa.carvalho.10411@example.com,Maringá,Designer gráfico,46,97503660777
Débora Martins Ribeiro,debora.martins.ribeiro.10412@example.com,Belém,Advogado,34,57645949870
Gabriel Rodrigues Cardoso,gabriel.rodrigues.cardoso.10413@example.com,Joinville,Coordenador de produção,31,71712340643
Sandra Pereira Barbosa,sandra.pereira.barbosa.10414@example.com,Santos,Contador,27,26438784954
Gustavo Dias Moreira,gustavo.dias.moreira.10415@example.com,Recife,Jornalista,23,59080054340
Felipe Silva Souza,felipe.silva.souza.10416@example.com,Campo Grande,Programador,23,51569237527
Vitória Martins Dias,vitoria.martins.dias.10417@example.com,Salvador,Supervisor de vendas,69,23748200023
Mariana Barros Barbosa,mariana.barros.barbosa.10418@example.com,Brasília,Nutricionista,18,43392728107
Gustavo Santos Alves,gustavo.santos.alves.10419@example.com,Niterói,Operador de caixa,51,57805856977
Ricardo Silva Alves,ricardo.silva.alves.10420@example.com,Rio de Janeiro,Líder de equipe,50,27919210512
Otávio Teixeira Moreira,otavio.teixeira.moreira.10421@example.com,Goiânia,Técnico de enfermagem,35,90262218965
Fernanda Oliveira Cardoso,fernanda.oliveira.cardoso.10422@example.com,Porto Alegre,Gerente comercial,69,05636135275
Vanessa Rodrigues Barbosa,vanessa.rodrigues.barbosa.10423@example.com,Natal,Técnico em informática,31,40300933909
Leonardo Moreira Pereira,leonardo.moreira.pereira.10424@example.com,Caxias do Sul,Técnico em informática,58,52788156048
Rafael Nascimento Pereira,rafael.nascimento.pereira.10425@example.com,Florianópolis,Gerente financeiro,34,49937225975
Beatriz Carvalho Dias,beatriz.carvalho.dias.10426@example.com,Uberlândia,Motorista,53,36092860431
Rafael Teixeira Almeida,rafael.teixeira.almeida.10427@example.com,Belo Horizonte,Estoquista,45,78789898534
Beatriz Gomes Barbosa,beatriz.gomes.barbosa.10428@example.com,Caxias do Sul,Engenheiro civil,68,96168426520
Leonardo Oliveira Santos,leonardo.oliveira.santos.10429@example.com,Santos,Comprador,24,28938149814
Nicolas Santos Cardoso,nicolas.santos.cardoso.10430@example.com,Fortaleza,Coordenador de logística,70,74943027693
Nicolas Costa Fernandes,nicolas.costa.fernandes.10431@example.com,Londrina,Supervisor de manutenção,26,05897473314
Rafael Oliveira Alves,rafael.oliveira.alves.10432@example.com,Dourados,Gerente financeiro,63,38896372882
Sandra Castro Ribeiro,sandra.castro.ribeiro.10433@example.com,Campo Grande,Supervisor de qualidade,24,02930917471
Gabriel Alves Barbosa,gabriel.alves.barbosa.10434@example.com,Rondonópolis,Fisioterapeuta,46,08330156558
Gustavo Santos Rodrigues,gustavo.santos.rodrigues.10435@example.com,Manaus,Coordenador de produção,39,50731912364
José Freitas Freitas,jose.freitas.freitas.10436@example.com,Cuiabá,Arquiteto,43,07846081814
Pedro Freitas Nascimento,pedro.freitas.nascimento.10437@example.com,Sorocaba,Coordenador de produção,65,44130755416
Renata Almeida Teixeira,renata.almeida.teixeira.10438@example.com,Campinas,Diretor comercial,24,91102777805
Paulo Gomes Gomes,paulo.gomes.gomes.10439@example.com,Belém,Farmacêutico,27,82625617431
Ricardo Souza Ribeiro,ricardo.souza.ribeiro.10440@example.com,Rio de Janeiro,Farmacêutico,20,79508943239
Paulo Souza Dias,paulo.souza.dias.10441@example.com,Porto Alegre,Coordenador administrativo,47,01746845283
Beatriz Dias Almeida,beatriz.dias.almeida.10442@example.com,Rondonópolis,Contador,55,13697867592
Vinícius Barbosa Souza,vinicius.barbosa.souza.10443@example.com,Curitiba,Gerente de operações,24,70172797131
Amanda Monteiro Barbosa,amanda.monteiro.barbosa.10444@example.com,Vitória,Jornalista,67,54699082307
Igor Cardoso Carvalho,igor.cardoso.carvalho.10445@example.com,Santos,Gerente comercial,21,48121310870
Beatriz Carvalho Gomes,beatriz.carvalho.gomes.10446@example.com,Dourados,Operador de caixa,25,68303384017
Camila Martins Nascimento,camila.martins.nascimento.10447@example.com,Caxias do Sul,Designer gráfico,57,23649640557
Renata Mendes Alves,renata.mendes.alves.10448@example.com,Uberlândia,Diretor comercial,50,09845216006
Amanda Costa Nascimento,amanda.costa.nascimento.10449@example.com,Niterói,Analista de marketing,68,67783371948
Nicolas Martins Rocha,nicolas.martins.rocha.10450@example.com,Santos,Eletricista,24,96588606164
Henrique Martins Santos,henrique.martins.santos.10451@example.com,Cuiabá,Coordenador de marketing,69,25522066028
Beatriz Lima Nascimento,beatriz.lima.nascimento.10452@example.com,Santos,Supervisor de qualidade,54,87068580829
Diego Pereira Oliveira,diego.pereira.oliveira.10453@example.com,Dourados,Encarregado de produção,50,99288876791
Amanda Rodrigues Cardoso,amanda.rodrigues.cardoso.10454@example.com,Uberlândia,Designer gráfico,18,28504898622
Carlos Gomes Costa,carlos.gomes.costa.10455@example.com,Niterói,Corretor de imóveis,55,87861230068
Vanessa Pereira Ribeiro,vanessa.pereira.ribeiro.10456@example.com,Londrina,Mecânico,57,70947979520
Ana Martins Martins,ana.martins.martins.10457@example.com,Recife,Gerente de operações,57,09818801285
Beatriz Pereira Rocha,beatriz.pereira.rocha.10458@example.com,Recife,Supervisor de qualidade,48,47802260083
Eduardo Silva Silva,eduardo.silva.silva.10459@example.com,Rio de Janeiro,Chefe de departamento pessoal,29,44253356856
Bruno Almeida Carvalho,bruno.almeida.carvalho.10460@example.com,Dourados,Gerente comercial,63,17215790932
Tatiane Souza Souza,tatiane.souza.souza.10461@example.com,Santos,Nutricionista,24,36775236395
Sandra Souza Souza,sandra.souza.souza.10462@example.com,Rondonópolis,Analista financeiro,30,92452968224
Igor Ribeiro Oliveira,igor.ribeiro.oliveira.10463@example.com,Sorocaba,Contador,55,18625492094
Rafael Oliveira Oliveira,rafael.oliveira.oliveira.10464@example.com,Sorocaba,Enfermeiro,29,80132961549
Beatriz Costa Barbosa,beatriz.costa.barbosa.10465@example.com,Rondonópolis,Analista de recursos humanos,70,64406727872
Diego Oliveira Nascimento,diego.oliveira.nascimento.10466@example.com,Niterói,Eletricista,56,62675515626
Vitória Cardoso Pereira,vitoria.cardoso.pereira.10467@example.com,Rio de Janeiro,Eletricista,29,81871803938
Pedro Souza Monteiro,pedro.souza.monteiro.10468@example.com,Belo Horizonte,Analista financeiro,68,76178659866
Igor Moreira Carvalho,igor.moreira.carvalho.10469@example.com,Dourados,Operador de caixa,49,87807859231
Priscila Ribeiro Ribeiro,priscila.ribeiro.ribeiro.10470@example.com,Caxias do Sul,Motorista,51,51845999953
Otávio Martins Pereira,otavio.martins.pereira.10471@example.com,Niterói,Assistente administrativo,68,55731212711
Amanda Barros Dias,amanda.barros.dias.10472@example.com,Belo Horizonte,Jornalista,40,10759666893
Eduardo Teixeira Alves,eduardo.teixeira.alves.10473@example.com,Cuiabá,Analista de dados,34,61641598482
Débora Castro Dias,debora.castro.dias.10474@example.com,Belo Horizonte,Contador,57,90674316639
Mariana Freitas Pereira,mariana.freitas.pereira.10475@example.com,Rio de Janeiro,Coordenador de marketing,63,14488799101
Nicolas Ribeiro Rocha,nicolas.ribeiro.rocha.10476@example.com,Natal,Nutricionista,53,14327370067
Eduardo Lima Souza,eduardo.lima.souza.10477@example.com,Belo Horizonte,Auxiliar de produção,42,72601575355
Pedro Ribeiro Oliveira,pedro.ribeiro.oliveira.10478@example.com,Recife,Supervisor de vendas,26,87697558505
Juliana Teixeira Santos,juliana.teixeira.santos.10479@example.com,Campo Grande,Advogado,69,03491193635
Bruno Barros Barros,bruno.barros.barros.10480@example.com,Joinville,Padeiro,33,10816170212
Ana Martins Alves,ana.martins.alves.10481@example.com,Florianópolis,Líder de equipe,68,82298699595
Gabriel Martins Barros,gabriel.martins.barros.10482@example.com,Campinas,Pedreiro,53,07668255934
Otávio Barros Souza,otavio.barros.souza.10483@example.com,Sorocaba,Recepcionista,49,92950142863
Luana Rocha Barros,luana.rocha.barros.10484@example.com,Porto Alegre,Atendente,69,76553355042
Henrique Barbosa Mendes,henrique.barbosa.mendes.10485@example.com,Niterói,Coordenador de produção,59,95135431863
Simone Fernandes Carvalho,simone.fernandes.carvalho.10486@example.com,Londrina,Gerente financeiro,19,70308665984
Luana Nascimento Almeida,luana.nascimento.almeida.10487@example.com,Fortaleza,Eletricista,28,66099857217
Gabriel Souza Teixeira,gabriel.souza.teixeira.10488@example.com,Brasília,Analista de dados,20,30518369325
Vanessa Alves Souza,vanessa.alves.souza.10489@example.com,Salvador,Designer gráfico,19,74671569012
Sandra Costa Barbosa,sandra.costa.barbosa.10490@example.com,Manaus,Líder de equipe,26,22108535409
Luana Barbosa Castro,luana.barbosa.castro.10491@example.com,Brasília,Vendedor,30,74261450287
José Fernandes Silva,jose.fernandes.silva.10492@example.com,Niterói,Pedreiro,51,81231421964
Simone Souza Mendes,simone.souza.mendes.10493@example.com,Natal,Assistente comercial,39,87778990334
Mariana Almeida Monteiro,mariana.almeida.monteiro.10494@example.com,Brasília,Professor,45,11888341959
Letícia Barbosa Nascimento,leticia.barbosa.nascimento.10495@example.com,Dourados,Coordenador de logística,34,97252217934
Pedro Carvalho Carvalho,pedro.carvalho.carvalho.10496@example.com,Rondonópolis,Corretor de imóveis,53,67785665576
Carolina Barros Nascimento,carolina.barros.nascimento.10497@example.com,Brasília,Gerente de tecnologia,54,13054107907
Aline Carvalho Gomes,aline.carvalho.gomes.10498@example.com,Recife,Analista de dados,24,33398670520
Patrícia Monteiro Castro,patricia.monteiro.castro.10499@example.com,Maringá,Chefe de departamento pessoal,52,10613499821
Carlos Souza Oliveira,carlos.souza.oliveira.10500@example.com,Uberlândia,Programador,70,69567138585
Eduardo Rodrigues Silva,eduardo.rodrigues.silva.10501@example.com,Fortaleza,Jornalista,42,64699544060
Otávio Barros Silva,otavio.barros.silva.10502@example.com,Manaus,Gerente comercial,55,69293686720
Gabriela Rodrigues Oliveira,gabriela.rodrigues.oliveira.10503@example.com,Belo Horizonte,Técnico em informática,22,55303492062
Bruno Almeida Carvalho,bruno.almeida.carvalho.10504@example.com,Rondonópolis,Fisioterapeuta,22,30364616910
Daniela Gomes Freitas,daniela.gomes.freitas.10505@example.com,Belém,Motorista,37,79797000407
Débora Freitas Oliveira,debora.freitas.oliveira.10506@example.com,São Paulo,Vendedor,56,59783552907
Simone Ribeiro Monteiro,simone.ribeiro.monteiro.10507@example.com,Niterói,Coordenador administrativo,26,25995519992
Renata Dias Martins,renata.dias.martins.10508@example.com,Londrina,Padeiro,33,94619961609
Bruno Costa Carvalho,bruno.costa.carvalho.10509@example.com,Sorocaba,Supervisor de manutenção,57,68733677667
Juliana Fernandes Freitas,juliana.fernandes.freitas.10510@example.com,Sorocaba,Coordenador de produção,50,47370907429
Sandra Rodrigues Nascimento,sandra.rodrigues.nascimento.10511@example.com,Porto Alegre,Diretor comercial,44,72875457857
Paulo Silva Rodrigues,paulo.silva.rodrigues.10512@example.com,Campo Grande,Assistente administrativo,57,13844653497
Vanessa Barros Rocha,vanessa.barros.rocha.10513@example.com,Rio de Janeiro,Analista financeiro,26,65032621477
Thiago Teixeira Almeida,thiago.teixeira.almeida.10514@example.com,Uberlândia,Técnico de enfermagem,66,13300257064
Gustavo Castro Barros,gustavo.castro.barros.10515@example.com,Curitiba,Fisioterapeuta,27,03820663460
Paulo Nascimento Silva,paulo.nascimento.silva.10516@example.com,Uberlândia,Líder de equipe,58,99663942836
José Monteiro Almeida,jose.monteiro.almeida.10517@example.com,Dourados,Assistente administrativo,35,97730594614
Vitória Araújo Dias,vitoria.araujo.dias.10518@example.com,Rio de Janeiro,Advogado,37,11044568574
Débora Lima Araújo,debora.lima.araujo.10519@example.com,Belo Horizonte,Corretor de imóveis,61,30655034118
Priscila Teixeira Nascimento,priscila.teixeira.nascimento.10520@example.com,Curitiba,Assistente comercial,19,74303743248
Marcelo Oliveira Moreira,marcelo.oliveira.moreira.10521@example.com,Goiânia,Auxiliar de produção,21,73630209268
Tatiane Moreira Carvalho,tatiane.moreira.carvalho.10522@example.com,Cuiabá,Vendedor,27,09399890604
Rafael Nascimento Pereira,rafael.nascimento.pereira.10523@example.com,Belém,Eletricista,59,74700025628
Camila Castro Alves,camila.castro.alves.10524@example.com,Fortaleza,Chefe de compras,40,80882623642
Gustavo Almeida Costa,gustavo.almeida.costa.10525@example.com,Dourados,Eletricista,63,22294342352
Paulo Monteiro Barbosa,paulo.monteiro.barbosa.10526@example.com,Porto Alegre,Pedreiro,27,99312033787
Pedro Martins Alves,pedro.martins.alves.10527@example.com,Fortaleza,Líder de equipe,53,08666423155
Eduardo Barros Almeida,eduardo.barros.almeida.10528@example.com,Natal,Supervisor de atendimento,53,52707037755
Beatriz Cardoso Castro,beatriz.cardoso.castro.10529@example.com,Londrina,Padeiro,46,44676248977
Amanda Moreira Ribeiro,amanda.moreira.ribeiro.10530@example.com,Vitória,Supervisor de manutenção,40,80211178889
Larissa Martins Pereira,larissa.martins.pereira.10531@example.com,Cuiabá,Contador,56,14275678959
Paulo Alves Barros,paulo.alves.barros.10532@example.com,Maringá,Assistente comercial,51,37178190769
Nicolas Alves Fernandes,nicolas.alves.fernandes.10533@example.com,Campinas,Cozinheiro,29,81628955658
Igor Monteiro Freitas,igor.monteiro.freitas.10534@example.com,Rondonópolis,Encarregado de produção,48,47191397495
Paulo Gomes Gomes,paulo.gomes.gomes.10535@example.com,Goiânia,Coordenador de marketing,44,00972782388
Beatriz Almeida Carvalho,beatriz.almeida.carvalho.10536@example.com,Niterói,Analista de recursos humanos,63,10115113030
Sandra Silva Dias,sandra.silva.dias.10537@example.com,Curitiba,Líder de equipe,51,93538318201
Beatriz Cardoso Gomes,beatriz.cardoso.gomes.10538@example.com,Porto Alegre,Nutricionista,28,42848748893
Juliana Fernandes Martins,juliana.fernandes.martins.10539@example.com,Niterói,Analista de dados,56,28106059723
Sérgio Ribeiro Almeida,sergio.ribeiro.almeida.10540@example.com,Joinville,Mecânico,52,34307993479
Lucas Almeida Barros,lucas.almeida.barros.10541@example.com,Florianópolis,Analista de dados,40,34489071281
Gabriel Dias Cardoso,gabriel.dias.cardoso.10542@example.com,Rio de Janeiro,Programador,30,16475748216
Larissa Cardoso Oliveira,larissa.cardoso.oliveira.10543@example.com,Belo Horizonte,Gerente de tecnologia,49,30322256739
Ricardo Barbosa Carvalho,ricardo.barbosa.carvalho.10544@example.com,Florianópolis,Analista de recursos humanos,38,84044410526
Mariana Dias Nascimento,mariana.dias.nascimento.10545@example.com,Niterói,Estoquista,28,79469119651
Vitória Mendes Ribeiro,vitoria.mendes.ribeiro.10546@example.com,Campinas,Supervisor de qualidade,20,45190779681
João Freitas Gomes,joao.freitas.gomes.10547@example.com,Florianópolis,Nutricionista,44,68230378430
Carolina Almeida Martins,carolina.almeida.martins.10548@example.com,Uberlândia,Professor,35,92269561418
Thiago Costa Barbosa,thiago.costa.barbosa.10549@example.com,Recife,Coordenador de marketing,50,18236340960
Amanda Silva Alves,amanda.silva.alves.10550@example.com,Uberlândia,Designer gráfico,50,06725924432
Renata Gomes Ribeiro,renata.gomes.ribeiro.10551@example.com,Salvador,Analista financeiro,28,61923675546
Carolina Lima Costa,carolina.lima.costa.10552@example.com,Joinville,Farmacêutico,55,01477070556
Sandra Santos Freitas,sandra.santos.freitas.10553@example.com,Caxias do Sul,Gerente de operações,27,20810667290
Tatiane Araújo Oliveira,tatiane.araujo.oliveira.10554@example.com,Belém,Gerente de operações,56,41966563968
Fernanda Gomes Costa,fernanda.gomes.costa.10555@example.com,Joinville,Técnico de enfermagem,67,13733406167
Tatiane Rocha Carvalho,tatiane.rocha.carvalho.10556@example.com,Maringá,Analista de dados,44,01808458718
Pedro Ribeiro Dias,pedro.ribeiro.dias.10557@example.com,Dourados,Coordenador de marketing,57,69851003850
Sandra Gomes Souza,sandra.gomes.souza.10558@example.com,Belém,Diretor comercial,53,50545004904
Lucas Castro Barbosa,lucas.castro.barbosa.10559@example.com,Uberlândia,Programador,33,04589414150
Nicolas Oliveira Silva,nicolas.oliveira.silva.10560@example.com,Campo Grande,Jornalista,47,67261123475
Pedro Nascimento Teixeira,pedro.nascimento.teixeira.10561@example.com,Dourados,Coordenador de marketing,29,93959090325
Felipe Martins Fernandes,felipe.martins.fernandes.10562@example.com,Sorocaba,Padeiro,48,04537906001
Paulo Barros Fernandes,paulo.barros.fernandes.10563@example.com,Sorocaba,Analista financeiro,20,62124572016
João Silva Lima,joao.silva.lima.10564@example.com,Curitiba,Atendente,38,20135862980
Lucas Castro Souza,lucas.castro.souza.10565@example.com,Belém,Padeiro,66,98045117076
Thiago Silva Freitas,thiago.silva.freitas.10566@example.com,Porto Alegre,Cozinheiro,27,83416459176
José Lima Martins,jose.lima.martins.10567@example.com,Niterói,Analista de recursos humanos,64,71489009709
Carolina Oliveira Nascimento,carolina.oliveira.nascimento.10568@example.com,Vitória,Nutricionista,23,38252138400
Larissa Rodrigues Martins,larissa.rodrigues.martins.10569@example.com,Porto Alegre,Supervisor de manutenção,41,65947056361
Daniela Rodrigues Freitas,daniela.rodrigues.freitas.10570@example.com,Uberlândia,Comprador,51,24279298506
Vinícius Alves Dias,vinicius.alves.dias.10571@example.com,Belo Horizonte,Arquiteto,45,72644387026
Priscila Rodrigues Souza,priscila.rodrigues.souza.10572@example.com,São Paulo,Atendente,18,59995087617
Henrique Oliveira Silva,henrique.oliveira.silva.10573@example.com,Brasília,Gerente comercial,64,98223902444
Ricardo Barbosa Alves,ricardo.barbosa.alves.10574@example.com,Campo Grande,Coordenador de marketing,46,76056405797
Marcelo Monteiro Moreira,marcelo.monteiro.moreira.10575@example.com,Santos,Fisioterapeuta,31,64592879276
Ana Almeida Nascimento,ana.almeida.nascimento.10576@example.com,Cuiabá,Coordenador de marketing,67,43196452231
Larissa Cardoso Araújo,larissa.cardoso.araujo.10577@example.com,Salvador,Gerente de tecnologia,67,08343893321
Henrique Silva Santos,henrique.silva.santos.10578@example.com,Florianópolis,Corretor de imóveis,21,02182883289
Camila Gomes Barbosa,camila.gomes.barbosa.10579@example.com,Dourados,Técnico de segurança do trabalho,27,04437096270
Aline Pereira Nascimento,aline.pereira.nascimento.10580@example.com,Brasília,Padeiro,45,35601130019
Amanda Alves Araújo,amanda.alves.araujo.10581@example.com,Maringá,Atendente,68,90424010926
Vinícius Moreira Almeida,vinicius.moreira.almeida.10582@example.com,Rondonópolis,Eletricista,22,05096567922
Tatiane Oliveira Araújo,tatiane.oliveira.araujo.10583@example.com,Dourados,Contador,43,77402308570
Renata Barros Pereira,renata.barros.pereira.10584@example.com,Brasília,Analista de marketing,60,45192786103
Paulo Martins Moreira,paulo.martins.moreira.10585@example.com,Belém,Atendente,63,83652907433
Vinícius Gomes Oliveira,vinicius.gomes.oliveira.10586@example.com,Manaus,Programador,70,96542456359
Carlos Alves Freitas,carlos.alves.freitas.10587@example.com,Maringá,Operador de caixa,34,73285807111
Henrique Souza Rocha,henrique.souza.rocha.10588@example.com,Santos,Gerente de operações,57,89404306801
Tatiane Monteiro Souza,tatiane.monteiro.souza.10589@example.com,Santos,Chefe de departamento pessoal,26,02024025154
Carolina Oliveira Mendes,carolina.oliveira.mendes.10590@example.com,Rondonópolis,Coordenador administrativo,48,79390024898
Carlos Santos Fernandes,carlos.santos.fernandes.10591@example.com,Dourados,Professor,69,62691215190
Daniela Moreira Souza,daniela.moreira.souza.10592@example.com,Florianópolis,Chefe de departamento pessoal,46,28150843762
Thiago Souza Teixeira,thiago.souza.teixeira.10593@example.com,Sorocaba,Engenheiro civil,27,96715027986
Priscila Monteiro Dias,priscila.monteiro.dias.10594@example.com,Santos,Eletricista,54,98271408441
Marcelo Dias Nascimento,marcelo.dias.nascimento.10595@example.com,Recife,Analista de recursos humanos,43,13721745489
Paulo Castro Barbosa,paulo.castro.barbosa.10596@example.com,Cuiabá,Assistente comercial,53,19998989940
Amanda Barbosa Pereira,amanda.barbosa.pereira.10597@example.com,São Paulo,Pedreiro,26,96844426468
Diego Souza Almeida,diego.souza.almeida.10598@example.com,Londrina,Designer gráfico,50,29697233781
Carolina Teixeira Costa,carolina.teixeira.costa.10599@example.com,São Paulo,Analista de dados,32,71894015201
Paulo Oliveira Castro,paulo.oliveira.castro.10600@example.com,Florianópolis,Gerente financeiro,56,94678707118
Vanessa Alves Moreira,vanessa.alves.moreira.10601@example.com,Belém,Comprador,49,13373712690
Vanessa Freitas Martins,vanessa.freitas.martins.10602@example.com,Belém,Coordenador de logística,29,61891536157
Sérgio Rodrigues Freitas,sergio.rodrigues.freitas.10603@example.com,Campo Grande,Assistente comercial,57,66639358414
Luana Fernandes Fernandes,luana.fernandes.fernandes.10604@example.com,Natal,Técnico de segurança do trabalho,46,82066082129
Renata Gomes Martins,renata.gomes.martins.10605@example.com,Dourados,Engenheiro civil,36,85064421645
Letícia Almeida Castro,leticia.almeida.castro.10606@example.com,Natal,Jornalista,48,88904912341
José Nascimento Freitas,jose.nascimento.freitas.10607@example.com,Belém,Farmacêutico,35,34255689256
Luana Castro Pereira,luana.castro.pereira.10608@example.com,Natal,Chefe de compras,59,63343477751
Daniela Santos Costa,daniela.santos.costa.10609@example.com,Santos,Assistente administrativo,21,98217147530
Rafael Pereira Castro,rafael.pereira.castro.10610@example.com,Natal,Técnico em informática,22,33300814791
Felipe Moreira Alves,felipe.moreira.alves.10611@example.com,Salvador,Supervisor de vendas,43,57959388503
Felipe Teixeira Rocha,felipe.teixeira.rocha.10612@example.com,Rondonópolis,Assistente administrativo,40,52652690778
Simone Dias Martins,simone.dias.martins.10613@example.com,Belém,Nutricionista,53,57800291805
Ricardo Monteiro Rocha,ricardo.monteiro.rocha.10614@example.com,Campo Grande,Coordenador de logística,30,91857237616
Juliana Costa Castro,juliana.costa.castro.10615@example.com,Recife,Diretor comercial,22,43717014386
Larissa Nascimento Rocha,larissa.nascimento.rocha.10616@example.com,Belém,Engenheiro civil,24,29287186057
Ricardo Barros Mendes,ricardo.barros.mendes.10617@example.com,Brasília,Padeiro,66,46732693524
Simone Gomes Freitas,simone.gomes.freitas.10618@example.com,Belo Horizonte,Técnico de enfermagem,69,56578601076
Marcelo Pereira Mendes,marcelo.pereira.mendes.10619@example.com,Caxias do Sul,Gerente comercial,54,16215994351
José Barbosa Moreira,jose.barbosa.moreira.10620@example.com,Campo Grande,Professor,20,29545746144
Gustavo Cardoso Fernandes,gustavo.cardoso.fernandes.10621@example.com,Curitiba,Designer gráfico,43,63713998333
Felipe Ribeiro Fernandes,felipe.ribeiro.fernandes.10622@example.com,Rondonópolis,Comprador,31,59821083450
Juliana Barros Martins,juliana.barros.martins.10623@example.com,Florianópolis,Programador,28,99463559098
Débora Rocha Carvalho,debora.rocha.carvalho.10624@example.com,Cuiabá,Pedreiro,44,95819562850
Vinícius Rocha Pereira,vinicius.rocha.pereira.10625@example.com,Natal,Professor,41,96451635831
Amanda Moreira Monteiro,amanda.moreira.monteiro.10626@example.com,Campo Grande,Técnico de enfermagem,51,32713035156
Mariana Lima Barros,mariana.lima.barros.10627@example.com,Santos,Técnico de segurança do trabalho,39,47532225253
Gabriela Carvalho Carvalho,gabriela.carvalho.carvalho.10628@example.com,Joinville,Analista financeiro,46,99349796282
Lucas Silva Rocha,lucas.silva.rocha.10629@example.com,Brasília,Motorista,37,50454347300
Otávio Oliveira Araújo,otavio.oliveira.araujo.10630@example.com,Curitiba,Operador de caixa,61,28383172009
João Martins Barbosa,joao.martins.barbosa.10631@example.com,Joinville,Gerente comercial,34,08066436676
Ricardo Dias Rodrigues,ricardo.dias.rodrigues.10632@example.com,Caxias do Sul,Assistente comercial,22,87711152340
Beatriz Alves Castro,beatriz.alves.castro.10633@example.com,Manaus,Supervisor de atendimento,29,45716077418
Ricardo Nascimento Oliveira,ricardo.nascimento.oliveira.10634@example.com,São Paulo,Coordenador de marketing,39,68223410514
Nicolas Teixeira Araújo,nicolas.teixeira.araujo.10635@example.com,Porto Alegre,Coordenador administrativo,52,95714812971
Thiago Freitas Carvalho,thiago.freitas.carvalho.10636@example.com,Dourados,Chefe de almoxarifado,31,80762440840
José Nascimento Santos,jose.nascimento.santos.10637@example.com,Brasília,Contador,41,85860391215
Daniela Moreira Monteiro,daniela.moreira.monteiro.10638@example.com,Salvador,Analista financeiro,69,87776715421
Bruno Almeida Nascimento,bruno.almeida.nascimento.10639@example.com,Brasília,Atendente,21,09201653591
Thiago Teixeira Fernandes,thiago.teixeira.fernandes.10640@example.com,Vitória,Técnico em informática,63,83501028201
Aline Alves Oliveira,aline.alves.oliveira.10641@example.com,Santos,Engenheiro civil,33,20868265491
Pedro Pereira Cardoso,pedro.pereira.cardoso.10642@example.com,Florianópolis,Padeiro,69,62200585117
Gabriela Almeida Mendes,gabriela.almeida.mendes.10643@example.com,Cuiabá,Supervisor de atendimento,25,86937097026
Ricardo Teixeira Almeida,ricardo.teixeira.almeida.10644@example.com,Campo Grande,Padeiro,22,30379479397
Débora Martins Silva,debora.martins.silva.10645@example.com,Santos,Diretor comercial,65,53194950529
Paulo Ribeiro Fernandes,paulo.ribeiro.fernandes.10646@example.com,Recife,Enfermeiro,27,56269142858
Lucas Silva Monteiro,lucas.silva.monteiro.10647@example.com,Belém,Padeiro,34,76468051563
Daniela Souza Fernandes,daniela.souza.fernandes.10648@example.com,Cuiabá,Chefe de departamento pessoal,35,20509553596
Gabriel Ribeiro Araújo,gabriel.ribeiro.araujo.10649@example.com,Dourados,Analista de dados,33,37422825700
Aline Nascimento Souza,aline.nascimento.souza.10650@example.com,Natal,Gerente financeiro,60,56039405615
Sandra Oliveira Barbosa,sandra.oliveira.barbosa.10651@example.com,Curitiba,Professor,31,80275545113
José Teixeira Barbosa,jose.teixeira.barbosa.10652@example.com,Brasília,Jornalista,33,38675331777
Amanda Souza Silva,amanda.souza.silva.10653@example.com,Brasília,Analista de dados,54,93060886089
Beatriz Teixeira Monteiro,beatriz.teixeira.monteiro.10654@example.com,Rondonópolis,Pedreiro,64,43569194411
Ricardo Rodrigues Oliveira,ricardo.rodrigues.oliveira.10655@example.com,Joinville,Professor,24,45457475557
Mariana Rodrigues Lima,mariana.rodrigues.lima.10656@example.com,Goiânia,Coordenador de produção,65,67257383429
Carlos Ribeiro Ribeiro,carlos.ribeiro.ribeiro.10657@example.com,Curitiba,Atendente,23,48652155082
Gabriela Castro Freitas,gabriela.castro.freitas.10658@example.com,Goiânia,Corretor de imóveis,69,82996873750
Nicolas Alves Barbosa,nicolas.alves.barbosa.10659@example.com,Santos,Analista de marketing,53,00901517572
Beatriz Barbosa Rodrigues,beatriz.barbosa.rodrigues.10660@example.com,Cuiabá,Padeiro,61,05455027316
Felipe Silva Mendes,felipe.silva.mendes.10661@example.com,Porto Alegre,Nutricionista,46,16073129963
Fernanda Carvalho Monteiro,fernanda.carvalho.monteiro.10662@example.com,Santos,Auxiliar de produção,46,08645629721
Gabriel Alves Ribeiro,gabriel.alves.ribeiro.10663@example.com,Belo Horizonte,Gerente financeiro,48,60175866693
Aline Cardoso Barbosa,aline.cardoso.barbosa.10664@example.com,Brasília,Analista de marketing,37,15950543310
Simone Rocha Monteiro,simone.rocha.monteiro.10665@example.com,Goiânia,Corretor de imóveis,59,90934861172
Paulo Mendes Freitas,paulo.mendes.freitas.10666@example.com,Fortaleza,Gerente comercial,37,31435462716
Diego Alves Costa,diego.alves.costa.10667@example.com,Rio de Janeiro,Programador,32,73835358445
Otávio Lima Martins,otavio.lima.martins.10668@example.com,Caxias do Sul,Técnico de enfermagem,52,44371186247
Eduardo Pereira Martins,eduardo.pereira.martins.10669@example.com,Brasília,Enfermeiro,58,96629785586
Carolina Dias Moreira,carolina.dias.moreira.10670@example.com,Joinville,Eletricista,18,83392183481
Aline Alves Gomes,aline.alves.gomes.10671@example.com,Belém,Auxiliar de produção,60,19853017713
Felipe Monteiro Ribeiro,felipe.monteiro.ribeiro.10672@example.com,Goiânia,Gerente financeiro,30,56867763447
Sérgio Alves Teixeira,sergio.alves.teixeira.10673@example.com,Manaus,Gerente de operações,68,43554918122
Vitória Mendes Barbosa,vitoria.mendes.barbosa.10674@example.com,Maringá,Supervisor de manutenção,57,60208108683
José Costa Barros,jose.costa.barros.10675@example.com,Salvador,Corretor de imóveis,44,95073594351
Pedro Araújo Rocha,pedro.araujo.rocha.10676@example.com,Caxias do Sul,Gerente financeiro,55,62071542112
Sérgio Moreira Pereira,sergio.moreira.pereira.10677@example.com,Manaus,Professor,59,50928012342
Camila Castro Oliveira,camila.castro.oliveira.10678@example.com,Brasília,Padeiro,65,21626372854
Vitória Castro Monteiro,vitoria.castro.monteiro.10679@example.com,Porto Alegre,Gerente de tecnologia,26,64067578420
Eduardo Mendes Costa,eduardo.mendes.costa.10680@example.com,Vitória,Chefe de compras,50,14037431786
Débora Almeida Castro,debora.almeida.castro.10681@example.com,Campinas,Comprador,56,89853571823
Rafael Rocha Castro,rafael.rocha.castro.10682@example.com,Goiânia,Gerente de recursos humanos,55,03139613030
Mariana Rocha Ribeiro,mariana.rocha.ribeiro.10683@example.com,Caxias do Sul,Coordenador de logística,34,69101129110
Gustavo Santos Ribeiro,gustavo.santos.ribeiro.10684@example.com,Fortaleza,Programador,26,04619191042
Patrícia Mendes Cardoso,patricia.mendes.cardoso.10685@example.com,Natal,Professor,31,32439152451
Paulo Nascimento Carvalho,paulo.nascimento.carvalho.10686@example.com,Porto Alegre,Gerente de tecnologia,34,63564437755
Letícia Freitas Pereira,leticia.freitas.pereira.10687@example.com,Santos,Jornalista,29,41171320775
Beatriz Fernandes Barbosa,beatriz.fernandes.barbosa.10688@example.com,Brasília,Atendente,67,34459452069
Sandra Teixeira Mendes,sandra.teixeira.mendes.10689@example.com,Belém,Líder de equipe,24,83309493259
Rafael Pereira Barbosa,rafael.pereira.barbosa.10690@example.com,Florianópolis,Encarregado de produção,38,04154310957
Vinícius Castro Oliveira,vinicius.castro.oliveira.10691@example.com,Niterói,Advogado,41,90435443459
Carlos Silva Carvalho,carlos.silva.carvalho.10692@example.com,Dourados,Diretor de operações,30,04352611458
Letícia Cardoso Araújo,leticia.cardoso.araujo.10693@example.com,Fortaleza,Contador,54,91031657240
Leonardo Cardoso Carvalho,leonardo.cardoso.carvalho.10694@example.com,Rio de Janeiro,Gerente comercial,38,06296905567
Vinícius Araújo Araújo,vinicius.araujo.araujo.10695@example.com,Goiânia,Coordenador administrativo,46,11501061480
Gabriela Cardoso Souza,gabriela.cardoso.souza.10696@example.com,Maringá,Contador,56,94531043740
Fernanda Almeida Nascimento,fernanda.almeida.nascimento.10697@example.com,Porto Alegre,Supervisor de atendimento,52,34087434367
Amanda Pereira Costa,amanda.pereira.costa.10698@example.com,Dourados,Contador,51,62959659073
Gabriel Castro Lima,gabriel.castro.lima.10699@example.com,Cuiabá,Recepcionista,65,63817841090
Gabriel Ribeiro Mendes,gabriel.ribeiro.mendes.10700@example.com,Manaus,Programador,41,41248563489
Marcelo Costa Castro,marcelo.costa.castro.10701@example.com,Campinas,Técnico de enfermagem,53,36759059711
Marcelo Teixeira Rodrigues,marcelo.teixeira.rodrigues.10702@example.com,Florianópolis,Operador de caixa,51,34240972057
Daniela Oliveira Gomes,daniela.oliveira.gomes.10703@example.com,Recife,Líder de equipe,53,18058292685
Bruno Almeida Barros,bruno.almeida.barros.10704@example.com,Brasília,Eletricista,40,56796931723
Ana Rocha Moreira,ana.rocha.moreira.10705@example.com,Natal,Técnico em informática,50,26313048210
Simone Araújo Rocha,simone.araujo.rocha.10706@example.com,Niterói,Encarregado de produção,54,41793556447
Felipe Carvalho Nascimento,felipe.carvalho.nascimento.10707@example.com,Vitória,Arquiteto,39,78666929128
Lucas Rocha Cardoso,lucas.rocha.cardoso.10708@example.com,Brasília,Padeiro,61,19256625219
Nicolas Oliveira Gomes,nicolas.oliveira.gomes.10709@example.com,Cuiabá,Atendente,22,94952279028
Juliana Carvalho Ribeiro,juliana.carvalho.ribeiro.10710@example.com,Rio de Janeiro,Analista de marketing,48,92417060344
Pedro Monteiro Dias,pedro.monteiro.dias.10711@example.com,Londrina,Supervisor de atendimento,45,08133981077
Bruno Silva Cardoso,bruno.silva.cardoso.10712@example.com,Dourados,Padeiro,23,45812878711
Pedro Rocha Araújo,pedro.rocha.araujo.10713@example.com,Joinville,Padeiro,70,46313970722
Patrícia Araújo Almeida,patricia.araujo.almeida.10714@example.com,Manaus,Pedreiro,30,20606698887
Vanessa Gomes Rodrigues,vanessa.gomes.rodrigues.10715@example.com,Belo Horizonte,Nutricionista,62,43458063973
Gabriel Silva Mendes,gabriel.silva.mendes.10716@example.com,Salvador,Supervisor de manutenção,39,38150394044
Marcelo Carvalho Costa,marcelo.carvalho.costa.10717@example.com,São Paulo,Jornalista,25,42884364599
Aline Souza Silva,aline.souza.silva.10718@example.com,Uberlândia,Coordenador de marketing,37,37884197295
Henrique Silva Cardoso,henrique.silva.cardoso.10719@example.com,Belém,Diretor comercial,47,09151972733
Renata Alves Dias,renata.alves.dias.10720@example.com,Belo Horizonte,Recepcionista,59,63082784438
Priscila Rocha Costa,priscila.rocha.costa.10721@example.com,Joinville,Supervisor de manutenção,55,37923080243
Eduardo Barros Martins,eduardo.barros.martins.10722@example.com,Porto Alegre,Supervisor de manutenção,52,79580929157
Daniela Alves Nascimento,daniela.alves.nascimento.10723@example.com,Salvador,Diretor de operações,65,69216178218
Fernanda Almeida Silva,fernanda.almeida.silva.10724@example.com,Florianópolis,Corretor de imóveis,53,25778930677
Débora Teixeira Souza,debora.teixeira.souza.10725@example.com,Dourados,Farmacêutico,28,51347545281
José Cardoso Almeida,jose.cardoso.almeida.10726@example.com,Brasília,Professor,21,25124449497
Amanda Araújo Carvalho,amanda.araujo.carvalho.10727@example.com,Florianópolis,Coordenador administrativo,62,68352783854
Felipe Silva Monteiro,felipe.silva.monteiro.10728@example.com,Goiânia,Professor,43,21808907871
Lucas Rocha Gomes,lucas.rocha.gomes.10729@example.com,Manaus,Pedreiro,57,62967804363
Paulo Souza Carvalho,paulo.souza.carvalho.10730@example.com,Maringá,Supervisor de manutenção,30,73072195230
Diego Souza Mendes,diego.souza.mendes.10731@example.com,Dourados,Técnico em informática,70,10999475152
Gustavo Almeida Pereira,gustavo.almeida.pereira.10732@example.com,Uberlândia,Supervisor de manutenção,67,49045563193
Nicolas Silva Moreira,nicolas.silva.moreira.10733@example.com,Florianópolis,Contador,23,43727127474
Tatiane Rocha Moreira,tatiane.rocha.moreira.10734@example.com,Sorocaba,Enfermeiro,54,32893964235
Otávio Carvalho Castro,otavio.carvalho.castro.10735@example.com,Florianópolis,Gerente de tecnologia,59,82146735637
Otávio Araújo Alves,otavio.araujo.alves.10736@example.com,Fortaleza,Pedreiro,51,38690360620
Lucas Barros Lima,lucas.barros.lima.10737@example.com,Natal,Comprador,61,42004916955
Camila Monteiro Nascimento,camila.monteiro.nascimento.10738@example.com,Maringá,Gerente de tecnologia,45,55452374431
Patrícia Mendes Fernandes,patricia.mendes.fernandes.10739@example.com,Rio de Janeiro,Gerente comercial,41,06461674103
Vitória Silva Nascimento,vitoria.silva.nascimento.10740@example.com,Recife,Gerente de tecnologia,53,12628578170
Gabriela Mendes Silva,gabriela.mendes.silva.10741@example.com,Campo Grande,Programador,49,25555296249
Sérgio Souza Souza,sergio.souza.souza.10742@example.com,Florianópolis,Fisioterapeuta,67,61937178804
José Fernandes Teixeira,jose.fernandes.teixeira.10743@example.com,Dourados,Analista financeiro,48,05538832270
Rafael Cardoso Gomes,rafael.cardoso.gomes.10744@example.com,Campo Grande,Programador,24,71431982787
Carlos Silva Martins,carlos.silva.martins.10745@example.com,Londrina,Chefe de departamento pessoal,36,26572015117
Gustavo Almeida Fernandes,gustavo.almeida.fernandes.10746@example.com,Belém,Padeiro,65,94946255207
Gabriel Fernandes Santos,gabriel.fernandes.santos.10747@example.com,Campo Grande,Diretor de operações,63,70079636777
Daniela Cardoso Ribeiro,daniela.cardoso.ribeiro.10748@example.com,Natal,Analista financeiro,38,43787854492
Diego Souza Mendes,diego.souza.mendes.10749@example.com,Natal,Analista de marketing,34,61325304741
João Dias Barbosa,joao.dias.barbosa.10750@example.com,Belo Horizonte,Farmacêutico,28,85138897423
Carlos Gomes Costa,carlos.gomes.costa.10751@example.com,Belém,Assistente comercial,35,13820566347
Letícia Alves Rocha,leticia.alves.rocha.10752@example.com,Goiânia,Gerente comercial,59,19959622324
Vinícius Oliveira Martins,vinicius.oliveira.martins.10753@example.com,Cuiabá,Analista de dados,24,08654638677
Sandra Cardoso Santos,sandra.cardoso.santos.10754@example.com,Belém,Assistente comercial,20,53293254079
Débora Oliveira Silva,debora.oliveira.silva.10755@example.com,Porto Alegre,Cozinheiro,44,73784642889
Daniela Araújo Nascimento,daniela.araujo.nascimento.10756@example.com,Recife,Técnico em informática,67,71419961006
Leonardo Oliveira Souza,leonardo.oliveira.souza.10757@example.com,Fortaleza,Pedreiro,62,67926151041
Leonardo Araújo Alves,leonardo.araujo.alves.10758@example.com,Salvador,Corretor de imóveis,47,95456451821
Paulo Oliveira Alves,paulo.oliveira.alves.10759@example.com,Caxias do Sul,Analista de recursos humanos,24,49429552539
Juliana Dias Rocha,juliana.dias.rocha.10760@example.com,Belo Horizonte,Padeiro,28,06431390097
Igor Dias Freitas,igor.dias.freitas.10761@example.com,Campo Grande,Coordenador de marketing,41,68783286651
Felipe Santos Lima,felipe.santos.lima.10762@example.com,Belém,Encarregado de produção,70,52972292296
Luana Monteiro Araújo,luana.monteiro.araujo.10763@example.com,Dourados,Arquiteto,46,78903045748
Beatriz Oliveira Araújo,beatriz.oliveira.araujo.10764@example.com,Santos,Fisioterapeuta,19,43049829078
José Lima Mendes,jose.lima.mendes.10765@example.com,Manaus,Contador,20,97256166998
Leonardo Nascimento Monteiro,leonardo.nascimento.monteiro.10766@example.com,Vitória,Diretor comercial,62,45335429874
Camila Ribeiro Nascimento,camila.ribeiro.nascimento.10767@example.com,Natal,Comprador,27,57745957943
Gustavo Souza Dias,gustavo.souza.dias.10768@example.com,Recife,Analista financeiro,34,04226535140
Juliana Costa Carvalho,juliana.costa.carvalho.10769@example.com,Curitiba,Assistente administrativo,38,42079540386
Luana Castro Lima,luana.castro.lima.10770@example.com,Cuiabá,Designer gráfico,30,17462201912
Tatiane Rocha Carvalho,tatiane.rocha.carvalho.10771@example.com,Joinville,Supervisor de qualidade,48,52526527494
Gabriel Santos Martins,gabriel.santos.martins.10772@example.com,Joinville,Arquiteto,54,26938702037
Sandra Ribeiro Araújo,sandra.ribeiro.araujo.10773@example.com,Goiânia,Arquiteto,40,64082313001
Felipe Souza Santos,felipe.souza.santos.10774@example.com,Campo Grande,Padeiro,49,58949269939
Débora Teixeira Pereira,debora.teixeira.pereira.10775@example.com,Dourados,Eletricista,18,22374444412
Nicolas Almeida Fernandes,nicolas.almeida.fernandes.10776@example.com,Maringá,Analista de marketing,42,33374864844
Patrícia Araújo Dias,patricia.araujo.dias.10777@example.com,Caxias do Sul,Encarregado de produção,20,82364851502
Amanda Santos Almeida,amanda.santos.almeida.10778@example.com,Fortaleza,Estoquista,48,56901051712
Fernanda Alves Gomes,fernanda.alves.gomes.10779@example.com,Londrina,Chefe de almoxarifado,52,53746976530
Nicolas Monteiro Silva,nicolas.monteiro.silva.10780@example.com,Vitória,Chefe de departamento pessoal,67,54002410324
Priscila Alves Dias,priscila.alves.dias.10781@example.com,Fortaleza,Supervisor de atendimento,34,07734026305
Nicolas Barros Barros,nicolas.barros.barros.10782@example.com,Salvador,Estoquista,25,00190700010
Sérgio Oliveira Teixeira,sergio.oliveira.teixeira.10783@example.com,Porto Alegre,Cozinheiro,29,96766453944
Gabriel Alves Silva,gabriel.alves.silva.10784@example.com,Porto Alegre,Técnico de enfermagem,27,17418696199
Simone Mendes Lima,simone.mendes.lima.10785@example.com,Natal,Analista de dados,56,18253666623
Rafael Almeida Lima,rafael.almeida.lima.10786@example.com,Belo Horizonte,Nutricionista,47,14179651720
Nicolas Araújo Dias,nicolas.araujo.dias.10787@example.com,Uberlândia,Supervisor de qualidade,45,86035172671
Larissa Monteiro Martins,larissa.monteiro.martins.10788@example.com,Curitiba,Vendedor,45,01926748388
Débora Santos Ribeiro,debora.santos.ribeiro.10789@example.com,Salvador,Chefe de almoxarifado,53,69053942740
Diego Santos Barros,diego.santos.barros.10790@example.com,Santos,Técnico em informática,61,58113314732
Vitória Teixeira Costa,vitoria.teixeira.costa.10791@example.com,Rio de Janeiro,Mecânico,36,63360632391
Carlos Castro Moreira,carlos.castro.moreira.10792@example.com,Brasília,Técnico de enfermagem,22,26665523816
Gabriel Barbosa Rodrigues,gabriel.barbosa.rodrigues.10793@example.com,Rondonópolis,Engenheiro civil,35,89124386818
Vanessa Pereira Silva,vanessa.pereira.silva.10794@example.com,Salvador,Programador,20,96067279413
Bruno Lima Ribeiro,bruno.lima.ribeiro.10795@example.com,Vitória,Supervisor de atendimento,51,53328621167
Renata Lima Gomes,renata.lima.gomes.10796@example.com,Brasília,Gerente financeiro,27,69900864314
Thiago Monteiro Teixeira,thiago.monteiro.teixeira.10797@example.com,Brasília,Analista financeiro,62,96555334168
Gustavo Monteiro Souza,gustavo.monteiro.souza.10798@example.com,Caxias do Sul,Gerente de recursos humanos,47,10142909591
Larissa Barros Carvalho,larissa.barros.carvalho.10799@example.com,Joinville,Gerente de recursos humanos,70,90514586441
Lucas Gomes Nascimento,lucas.gomes.nascimento.10800@example.com,Florianópolis,Técnico de enfermagem,34,16412408437
Renata Almeida Gomes,renata.almeida.gomes.10801@example.com,Natal,Analista de marketing,31,48295676391
Beatriz Alves Barbosa,beatriz.alves.barbosa.10802@example.com,Belo Horizonte,Técnico de enfermagem,70,84054663670
Otávio Lima Mendes,otavio.lima.mendes.10803@example.com,Campinas,Gerente comercial,63,21648433284
Leonardo Almeida Lima,leonardo.almeida.lima.10804@example.com,São Paulo,Chefe de departamento pessoal,59,01880476454
Bruno Souza Gomes,bruno.souza.gomes.10805@example.com,Campo Grande,Atendente,67,15089571127
Otávio Moreira Martins,otavio.moreira.martins.10806@example.com,Salvador,Coordenador de produção,38,32471188918
Gabriela Nascimento Barros,gabriela.nascimento.barros.10807@example.com,Goiânia,Assistente administrativo,68,93939630654
Pedro Costa Gomes,pedro.costa.gomes.10808@example.com,Sorocaba,Coordenador de logística,25,12610377851
Gustavo Lima Gomes,gustavo.lima.gomes.10809@example.com,Campo Grande,Fisioterapeuta,35,25078086494
Leonardo Freitas Almeida,leonardo.freitas.almeida.10810@example.com,Fortaleza,Técnico de segurança do trabalho,20,94685190907
Ricardo Silva Monteiro,ricardo.silva.monteiro.10811@example.com,Salvador,Analista de dados,62,51490022139
Marcelo Silva Oliveira,marcelo.silva.oliveira.10812@example.com,Belém,Técnico de enfermagem,20,62304148561
Gustavo Souza Ribeiro,gustavo.souza.ribeiro.10813@example.com,Recife,Programador,47,02054222927
Larissa Oliveira Pereira,larissa.oliveira.pereira.10814@example.com,Joinville,Professor,44,29661245638
Pedro Pereira Teixeira,pedro.pereira.teixeira.10815@example.com,Maringá,Professor,36,35927823550
Luana Fernandes Monteiro,luana.fernandes.monteiro.10816@example.com,Dourados,Estoquista,47,69380752216
Diego Carvalho Nascimento,diego.carvalho.nascimento.10817@example.com,Campinas,Advogado,30,29673692513
Diego Silva Dias,diego.silva.dias.10818@example.com,Campo Grande,Vendedor,38,28116805525
Tatiane Pereira Rodrigues,tatiane.pereira.rodrigues.10819@example.com,São Paulo,Jornalista,30,07422198912
Beatriz Rodrigues Gomes,beatriz.rodrigues.gomes.10820@example.com,Joinville,Gerente de operações,19,51974529455
Aline Costa Fernandes,aline.costa.fernandes.10821@example.com,Campinas,Técnico em informática,45,99662597599
Fernanda Pereira Gomes,fernanda.pereira.gomes.10822@example.com,Santos,Fisioterapeuta,61,66057885739
Daniela Nascimento Oliveira,daniela.nascimento.oliveira.10823@example.com,Sorocaba,Supervisor de vendas,52,61761317611
José Fernandes Rodrigues,jose.fernandes.rodrigues.10824@example.com,Joinville,Fisioterapeuta,41,59876006752
Larissa Gomes Mendes,larissa.gomes.mendes.10825@example.com,Campinas,Supervisor de vendas,30,92786985753
Priscila Dias Mendes,priscila.dias.mendes.10826@example.com,Campo Grande,Supervisor de manutenção,56,13137333738
Eduardo Dias Barbosa,eduardo.dias.barbosa.10827@example.com,Fortaleza,Estoquista,43,44311224511
Pedro Ribeiro Oliveira,pedro.ribeiro.oliveira.10828@example.com,Rio de Janeiro,Engenheiro civil,63,60337975807
Lucas Mendes Rodrigues,lucas.mendes.rodrigues.10829@example.com,Caxias do Sul,Operador de caixa,20,87583313609
Marcelo Santos Cardoso,marcelo.santos.cardoso.10830@example.com,São Paulo,Estoquista,61,76378289966
Luana Costa Rocha,luana.costa.rocha.10831@example.com,Londrina,Atendente,62,18864672967
Otávio Gomes Castro,otavio.gomes.castro.10832@example.com,Manaus,Engenheiro civil,59,95104361142
Vanessa Freitas Carvalho,vanessa.freitas.carvalho.10833@example.com,Recife,Operador de caixa,65,41288759433
Paulo Ribeiro Cardoso,paulo.ribeiro.cardoso.10834@example.com,Caxias do Sul,Auxiliar de produção,26,33228650191
Amanda Araújo Rocha,amanda.araujo.rocha.10835@example.com,Brasília,Chefe de compras,25,17962120911
Larissa Silva Gomes,larissa.silva.gomes.10836@example.com,Curitiba,Gerente comercial,31,49700871466
Patrícia Santos Almeida,patricia.santos.almeida.10837@example.com,Florianópolis,Gerente financeiro,47,68996244842
Simone Moreira Fernandes,simone.moreira.fernandes.10838@example.com,Vitória,Enfermeiro,47,18545797768
Daniela Martins Dias,daniela.martins.dias.10839@example.com,Maringá,Advogado,54,41844642930
Otávio Almeida Lima,otavio.almeida.lima.10840@example.com,Fortaleza,Assistente comercial,54,01024929025
Leonardo Barbosa Rodrigues,leonardo.barbosa.rodrigues.10841@example.com,Curitiba,Líder de equipe,51,03817572731
Eduardo Rocha Ribeiro,eduardo.rocha.ribeiro.10842@example.com,Campinas,Advogado,43,53866972596
Henrique Lima Pereira,henrique.lima.pereira.10843@example.com,Fortaleza,Designer gráfico,47,07348956844
Fernanda Monteiro Barbosa,fernanda.monteiro.barbosa.10844@example.com,Brasília,Atendente,61,03334523952
Letícia Ribeiro Araújo,leticia.ribeiro.araujo.10845@example.com,Santos,Professor,31,00775188291
João Gomes Santos,joao.gomes.santos.10846@example.com,Niterói,Técnico em informática,54,57896685668
Sérgio Rocha Teixeira,sergio.rocha.teixeira.10847@example.com,Joinville,Jornalista,31,83564739238
Daniela Fernandes Almeida,daniela.fernandes.almeida.10848@example.com,Recife,Auxiliar de produção,68,55620627151
Luana Nascimento Souza,luana.nascimento.souza.10849@example.com,Brasília,Padeiro,33,11545010447
Tatiane Santos Lima,tatiane.santos.lima.10850@example.com,Manaus,Atendente,51,46679197931
Carlos Castro Carvalho,carlos.castro.carvalho.10851@example.com,Vitória,Cozinheiro,56,69416013213
Patrícia Pereira Costa,patricia.pereira.costa.10852@example.com,Maringá,Professor,42,86303587995
Tatiane Cardoso Ribeiro,tatiane.cardoso.ribeiro.10853@example.com,Curitiba,Coordenador administrativo,47,42095365979
Thiago Santos Mendes,thiago.santos.mendes.10854@example.com,Cuiabá,Vendedor,31,81115144453
Pedro Martins Santos,pedro.martins.santos.10855@example.com,São Paulo,Técnico de enfermagem,59,30477787261
Ricardo Cardoso Freitas,ricardo.cardoso.freitas.10856@example.com,Manaus,Enfermeiro,43,81729802391
Lucas Dias Oliveira,lucas.dias.oliveira.10857@example.com,Santos,Eletricista,36,72819510002
Amanda Nascimento Barros,amanda.nascimento.barros.10858@example.com,Caxias do Sul,Pedreiro,20,64109736955
Camila Monteiro Gomes,camila.monteiro.gomes.10859@example.com,Maringá,Vendedor,46,73008227810
Fernanda Costa Santos,fernanda.costa.santos.10860@example.com,Campinas,Vendedor,54,79786795748
Pedro Fernandes Cardoso,pedro.fernandes.cardoso.10861@example.com,Porto Alegre,Coordenador de produção,23,55104652288
Débora Castro Cardoso,debora.castro.cardoso.10862@example.com,Vitória,Encarregado de produção,60,41601811434
Patrícia Alves Nascimento,patricia.alves.nascimento.10863@example.com,Campo Grande,Coordenador administrativo,61,41832255229
Nicolas Monteiro Teixeira,nicolas.monteiro.teixeira.10864@example.com,Londrina,Designer gráfico,57,83813869284
Simone Araújo Alves,simone.araujo.alves.10865@example.com,Natal,Chefe de almoxarifado,22,57268432833
Igor Costa Mendes,igor.costa.mendes.10866@example.com,Natal,Gerente financeiro,48,93135238856
Gabriel Pereira Martins,gabriel.pereira.martins.10867@example.com,Uberlândia,Engenheiro civil,35,30182571882
João Alves Rocha,joao.alves.rocha.10868@example.com,Salvador,Designer gráfico,67,49059708644
Letícia Rodrigues Rodrigues,leticia.rodrigues.rodrigues.10869@example.com,Goiânia,Chefe de almoxarifado,57,41943337743
Beatriz Pereira Monteiro,beatriz.pereira.monteiro.10870@example.com,Salvador,Enfermeiro,39,19729574315
Carolina Fernandes Santos,carolina.fernandes.santos.10871@example.com,Campinas,Farmacêutico,58,67059485644
Débora Almeida Cardoso,debora.almeida.cardoso.10872@example.com,Maringá,Mecânico,54,61611854743
Felipe Lima Dias,felipe.lima.dias.10873@example.com,Curitiba,Chefe de compras,30,40403739503
Ricardo Almeida Carvalho,ricardo.almeida.carvalho.10874@example.com,Sorocaba,Atendente,44,30131372201
Letícia Carvalho Pereira,leticia.carvalho.pereira.10875@example.com,Caxias do Sul,Gerente de tecnologia,42,87493170241
Marcelo Araújo Dias,marcelo.araujo.dias.10876@example.com,Belo Horizonte,Técnico de segurança do trabalho,53,61412666599
José Carvalho Alves,jose.carvalho.alves.10877@example.com,Campinas,Supervisor de atendimento,46,71696084585
Gabriel Freitas Martins,gabriel.freitas.martins.10878@example.com,Campo Grande,Padeiro,31,32695514892
Vinícius Silva Fernandes,vinicius.silva.fernandes.10879@example.com,Goiânia,Coordenador de marketing,69,03238549275
Bruno Dias Barbosa,bruno.dias.barbosa.10880@example.com,Dourados,Supervisor de manutenção,31,16944657586
Otávio Cardoso Lima,otavio.cardoso.lima.10881@example.com,Joinville,Professor,23,84729618059
Juliana Cardoso Cardoso,juliana.cardoso.cardoso.10882@example.com,Rondonópolis,Técnico de enfermagem,49,02758947838
Diego Monteiro Araújo,diego.monteiro.araujo.10883@example.com,Recife,Auxiliar de produção,52,65547386960
Sandra Teixeira Santos,sandra.teixeira.santos.10884@example.com,Cuiabá,Farmacêutico,58,55144537217
Eduardo Freitas Rocha,eduardo.freitas.rocha.10885@example.com,Manaus,Coordenador de marketing,66,97711802530
Camila Silva Teixeira,camila.silva.teixeira.10886@example.com,Fortaleza,Analista financeiro,46,56772543873
Felipe Araújo Fernandes,felipe.araujo.fernandes.10887@example.com,São Paulo,Técnico de segurança do trabalho,24,44687171221
Paulo Dias Mendes,paulo.dias.mendes.10888@example.com,Natal,Chefe de compras,42,98431481370
Tatiane Teixeira Barros,tatiane.teixeira.barros.10889@example.com,Recife,Analista de recursos humanos,49,94102253876
Aline Souza Santos,aline.souza.santos.10890@example.com,Niterói,Diretor de operações,43,25357398963
Otávio Lima Silva,otavio.lima.silva.10891@example.com,Natal,Auxiliar de produção,43,07640331073
Daniela Martins Moreira,daniela.martins.moreira.10892@example.com,São Paulo,Gerente de operações,25,50733419105
Gabriela Moreira Silva,gabriela.moreira.silva.10893@example.com,Goiânia,Supervisor de vendas,37,61041224185
Vitória Moreira Santos,vitoria.moreira.santos.10894@example.com,Belém,Programador,64,09627500414
Pedro Silva Barros,pedro.silva.barros.10895@example.com,Brasília,Chefe de departamento pessoal,57,42727173587
Camila Barbosa Barbosa,camila.barbosa.barbosa.10896@example.com,Manaus,Eletricista,35,51560180960
Juliana Carvalho Rodrigues,juliana.carvalho.rodrigues.10897@example.com,Rio de Janeiro,Diretor comercial,61,29371690745
Ana Araújo Ribeiro,ana.araujo.ribeiro.10898@example.com,Salvador,Analista de recursos humanos,68,30617429340
Marcelo Alves Gomes,marcelo.alves.gomes.10899@example.com,Natal,Gerente de operações,20,08749885548
Leonardo Gomes Moreira,leonardo.gomes.moreira.10900@example.com,Fortaleza,Supervisor de manutenção,59,16078451498
Eduardo Freitas Castro,eduardo.freitas.castro.10901@example.com,Maringá,Nutricionista,52,02257832566
Vitória Rocha Teixeira,vitoria.rocha.teixeira.10902@example.com,Salvador,Enfermeiro,62,58336637827
Camila Oliveira Araújo,camila.oliveira.araujo.10903@example.com,Maringá,Técnico em informática,64,14185283500
Gabriela Santos Silva,gabriela.santos.silva.10904@example.com,Campo Grande,Auxiliar de produção,18,85129555921
Aline Dias Araújo,aline.dias.araujo.10905@example.com,Niterói,Farmacêutico,25,99779543264
Renata Almeida Ribeiro,renata.almeida.ribeiro.10906@example.com,Belo Horizonte,Analista de recursos humanos,24,09311046413
Luana Araújo Costa,luana.araujo.costa.10907@example.com,Dourados,Gerente comercial,68,19735937669
Patrícia Costa Araújo,patricia.costa.araujo.10908@example.com,Cuiabá,Supervisor de manutenção,52,49183725428
Sérgio Barbosa Barros,sergio.barbosa.barros.10909@example.com,Sorocaba,Assistente administrativo,40,65227137690
Lucas Nascimento Souza,lucas.nascimento.souza.10910@example.com,Belo Horizonte,Analista financeiro,24,23676173996
Gabriel Teixeira Teixeira,gabriel.teixeira.teixeira.10911@example.com,Uberlândia,Designer gráfico,61,19263930690
Vanessa Barros Silva,vanessa.barros.silva.10912@example.com,Brasília,Recepcionista,40,70708073186
Bruno Lima Costa,bruno.lima.costa.10913@example.com,Campo Grande,Estoquista,23,81805283300
Simone Moreira Mendes,simone.moreira.mendes.10914@example.com,Fortaleza,Enfermeiro,40,10764096584
Bruno Lima Castro,bruno.lima.castro.10915@example.com,Joinville,Auxiliar de produção,34,08156647122
Lucas Nascimento Moreira,lucas.nascimento.moreira.10916@example.com,Recife,Diretor comercial,25,28828194403
Sandra Dias Silva,sandra.dias.silva.10917@example.com,Campinas,Cozinheiro,39,76096207811
Rafael Gomes Freitas,rafael.gomes.freitas.10918@example.com,Brasília,Comprador,62,31786116192
Paulo Martins Ribeiro,paulo.martins.ribeiro.10919@example.com,Campo Grande,Líder de equipe,19,44743346813
Juliana Cardoso Fernandes,juliana.cardoso.fernandes.10920@example.com,Dourados,Gerente comercial,30,82874322194
Eduardo Almeida Carvalho,eduardo.almeida.carvalho.10921@example.com,Joinville,Enfermeiro,57,51233931244
Bruno Teixeira Souza,bruno.teixeira.souza.10922@example.com,Natal,Técnico em informática,35,50623363783
Renata Mendes Martins,renata.mendes.martins.10923@example.com,Cuiabá,Contador,55,54961619710
Felipe Barbosa Ribeiro,felipe.barbosa.ribeiro.10924@example.com,Belo Horizonte,Advogado,36,64040956785
Patrícia Souza Rocha,patricia.souza.rocha.10925@example.com,Natal,Técnico de segurança do trabalho,20,31675335764
Vitória Pereira Nascimento,vitoria.pereira.nascimento.10926@example.com,Sorocaba,Atendente,56,79713983978
Gabriel Santos Teixeira,gabriel.santos.teixeira.10927@example.com,Rio de Janeiro,Técnico de enfermagem,52,10613844159
Mariana Carvalho Dias,mariana.carvalho.dias.10928@example.com,Rio de Janeiro,Advogado,45,47603473459
José Rodrigues Barbosa,jose.rodrigues.barbosa.10929@example.com,Recife,Técnico de enfermagem,42,57043554039
Carlos Pereira Dias,carlos.pereira.dias.10930@example.com,Belém,Supervisor de qualidade,24,04596313938
Carolina Rocha Oliveira,carolina.rocha.oliveira.10931@example.com,Goiânia,Operador de caixa,47,18779275458
Beatriz Rodrigues Barros,beatriz.rodrigues.barros.10932@example.com,Recife,Farmacêutico,50,03056760129
Gabriela Dias Costa,gabriela.dias.costa.10933@example.com,Natal,Coordenador de logística,62,94660295757
Leonardo Moreira Mendes,leonardo.moreira.mendes.10934@example.com,Florianópolis,Supervisor de vendas,42,60449907703
Vanessa Monteiro Mendes,vanessa.monteiro.mendes.10935@example.com,Florianópolis,Encarregado de produção,45,04910688802
Carolina Martins Martins,carolina.martins.martins.10936@example.com,Dourados,Coordenador de produção,33,79077942577
Marcelo Barros Teixeira,marcelo.barros.teixeira.10937@example.com,São Paulo,Encarregado de produção,23,23609245356
Felipe Gomes Araújo,felipe.gomes.araujo.10938@example.com,Florianópolis,Analista de marketing,66,76518696513
Priscila Ribeiro Pereira,priscila.ribeiro.pereira.10939@example.com,Porto Alegre,Assistente comercial,21,31785181458
Leonardo Cardoso Gomes,leonardo.cardoso.gomes.10940@example.com,Campo Grande,Eletricista,21,32821936163
Carolina Castro Martins,carolina.castro.martins.10941@example.com,Caxias do Sul,Gerente financeiro,55,67430717598
Simone Freitas Barros,simone.freitas.barros.10942@example.com,Florianópolis,Atendente,43,10962951298
Vinícius Fernandes Almeida,vinicius.fernandes.almeida.10943@example.com,Belém,Farmacêutico,21,76083698744
Diego Silva Oliveira,diego.silva.oliveira.10944@example.com,Fortaleza,Comprador,52,40930671264
Juliana Costa Ribeiro,juliana.costa.ribeiro.10945@example.com,Belém,Programador,55,38362234435
Amanda Costa Almeida,amanda.costa.almeida.10946@example.com,Caxias do Sul,Diretor de operações,27,61717547625
Priscila Araújo Lima,priscila.araujo.lima.10947@example.com,Dourados,Coordenador de produção,43,43491662352
Gabriela Santos Alves,gabriela.santos.alves.10948@example.com,Natal,Supervisor de manutenção,69,73679356801
Fernanda Rodrigues Gomes,fernanda.rodrigues.gomes.10949@example.com,Campinas,Gerente financeiro,67,07002365585
Letícia Lima Carvalho,leticia.lima.carvalho.10950@example.com,Dourados,Eletricista,18,68607181644
Juliana Silva Nascimento,juliana.silva.nascimento.10951@example.com,Campo Grande,Gerente de recursos humanos,40,43065369783
Juliana Castro Barros,juliana.castro.barros.10952@example.com,Rio de Janeiro,Analista financeiro,31,49122124160
Diego Nascimento Mendes,diego.nascimento.mendes.10953@example.com,Rio de Janeiro,Técnico em informática,64,17194172552
Paulo Santos Mendes,paulo.santos.mendes.10954@example.com,Uberlândia,Programador,42,81939231888
Gabriel Nascimento Freitas,gabriel.nascimento.freitas.10955@example.com,Dourados,Gerente de operações,65,71571916029
Diego Mendes Oliveira,diego.mendes.oliveira.10956@example.com,Joinville,Jornalista,53,95831375646
Fernanda Souza Oliveira,fernanda.souza.oliveira.10957@example.com,Florianópolis,Recepcionista,35,69656306458
Gustavo Lima Dias,gustavo.lima.dias.10958@example.com,Goiânia,Assistente administrativo,31,49948755586
Aline Cardoso Nascimento,aline.cardoso.nascimento.10959@example.com,Dourados,Supervisor de qualidade,68,72024357975
Ricardo Nascimento Souza,ricardo.nascimento.souza.10960@example.com,Curitiba,Diretor de operações,35,66466863004
Marcelo Rodrigues Rodrigues,marcelo.rodrigues.rodrigues.10961@example.com,Dourados,Engenheiro civil,30,59069294040
Renata Pereira Moreira,renata.pereira.moreira.10962@example.com,Curitiba,Analista de dados,25,85788463877
Camila Souza Castro,camila.souza.castro.10963@example.com,Florianópolis,Mecânico,42,59486313774
Gabriel Cardoso Teixeira,gabriel.cardoso.teixeira.10964@example.com,Sorocaba,Atendente,51,42148367496
Daniela Lima Rocha,daniela.lima.rocha.10965@example.com,Londrina,Supervisor de vendas,62,26043061699
Sandra Monteiro Rocha,sandra.monteiro.rocha.10966@example.com,Uberlândia,Pedreiro,66,62550085186
Vitória Silva Moreira,vitoria.silva.moreira.10967@example.com,Niterói,Programador,63,73195058905
Patrícia Lima Oliveira,patricia.lima.oliveira.10968@example.com,Belo Horizonte,Coordenador de logística,34,64096281064
Camila Barbosa Dias,camila.barbosa.dias.10969@example.com,Florianópolis,Diretor de operações,54,68458234597
Aline Moreira Moreira,aline.moreira.moreira.10970@example.com,Porto Alegre,Gerente de operações,41,41439633336
José Gomes Souza,jose.gomes.souza.10971@example.com,Santos,Gerente de tecnologia,18,93730008353
Amanda Moreira Castro,amanda.moreira.castro.10972@example.com,Vitória,Gerente financeiro,33,23862205465
Priscila Fernandes Souza,priscila.fernandes.souza.10973@example.com,Manaus,Engenheiro civil,54,22759602706
Marcelo Araújo Barbosa,marcelo.araujo.barbosa.10974@example.com,Goiânia,Corretor de imóveis,55,86602794940
Vinícius Oliveira Ribeiro,vinicius.oliveira.ribeiro.10975@example.com,Goiânia,Comprador,18,50331281034
Débora Silva Oliveira,debora.silva.oliveira.10976@example.com,Dourados,Pedreiro,20,20110959054
Gabriel Dias Cardoso,gabriel.dias.cardoso.10977@example.com,Campinas,Recepcionista,27,40912847502
Amanda Teixeira Ribeiro,amanda.teixeira.ribeiro.10978@example.com,Curitiba,Supervisor de atendimento,21,69012554675
Simone Gomes Rocha,simone.gomes.rocha.10979@example.com,Salvador,Comprador,46,99750531938
Henrique Ribeiro Rodrigues,henrique.ribeiro.rodrigues.10980@example.com,Natal,Atendente,40,37052127393
Ana Nascimento Moreira,ana.nascimento.moreira.10981@example.com,Florianópolis,Engenheiro civil,39,21447407546
Vanessa Lima Barbosa,vanessa.lima.barbosa.10982@example.com,Campo Grande,Engenheiro civil,53,85844409051
Carolina Freitas Martins,carolina.freitas.martins.10983@example.com,Manaus,Supervisor de atendimento,44,22506280480
Henrique Fernandes Oliveira,henrique.fernandes.oliveira.10984@example.com,Campo Grande,Líder de equipe,65,67501356773
Diego Araújo Lima,diego.araujo.lima.10985@example.com,Rondonópolis,Técnico de segurança do trabalho,20,90962243511
Sérgio Santos Silva,sergio.santos.silva.10986@example.com,Florianópolis,Programador,47,89546753547
Leonardo Gomes Silva,leonardo.gomes.silva.10987@example.com,Niterói,Líder de equipe,19,70846332156
Renata Moreira Barbosa,renata.moreira.barbosa.10988@example.com,Brasília,Encarregado de produção,70,89227432019
João Ribeiro Teixeira,joao.ribeiro.teixeira.10989@example.com,Caxias do Sul,Chefe de compras,38,97655400851
Mariana Carvalho Mendes,mariana.carvalho.mendes.10990@example.com,Uberlândia,Supervisor de manutenção,19,36229821850
Amanda Silva Teixeira,amanda.silva.teixeira.10991@example.com,Joinville,Engenheiro civil,28,61026323445
Letícia Silva Araújo,leticia.silva.araujo.10992@example.com,Caxias do Sul,Técnico de segurança do trabalho,23,56285860769
Carolina Barros Teixeira,carolina.barros.teixeira.10993@example.com,Porto Alegre,Enfermeiro,30,30700306700
Simone Monteiro Barros,simone.monteiro.barros.10994@example.com,Goiânia,Assistente administrativo,33,49217332752
Bruno Ribeiro Freitas,bruno.ribeiro.freitas.10995@example.com,Belo Horizonte,Arquiteto,41,80424683736
Gustavo Dias Nascimento,gustavo.dias.nascimento.10996@example.com,Cuiabá,Eletricista,22,81913541977
Ricardo Alves Castro,ricardo.alves.castro.10997@example.com,Maringá,Recepcionista,37,58045293661
Otávio Pereira Costa,otavio.pereira.costa.10998@example.com,Dourados,Jornalista,51,13409902608
Gustavo Carvalho Souza,gustavo.carvalho.souza.10999@example.com,Curitiba,Técnico em informática,22,99218282679
Sandra Santos Souza,sandra.santos.souza.11000@example.com,São Paulo,Arquiteto,31,20703624462
Felipe Dias Gomes,felipe.dias.gomes.11001@example.com,Curitiba,Supervisor de atendimento,31,16972870927
Simone Souza Fernandes,simone.souza.fernandes.11002@example.com,Uberlândia,Assistente administrativo,23,68897045393
Marcelo Alves Ribeiro,marcelo.alves.ribeiro.11003@example.com,Belém,Engenheiro civil,22,40738074995
Eduardo Mendes Alves,eduardo.mendes.alves.11004@example.com,Brasília,Gerente de tecnologia,68,14771770888
Daniela Dias Carvalho,daniela.dias.carvalho.11005@example.com,Belém,Analista de marketing,39,91452277553
Pedro Nascimento Ribeiro,pedro.nascimento.ribeiro.11006@example.com,Sorocaba,Gerente comercial,60,38694399137
Daniela Ribeiro Nascimento,daniela.ribeiro.nascimento.11007@example.com,Belo Horizonte,Gerente comercial,53,01547689709
Lucas Santos Lima,lucas.santos.lima.11008@example.com,Recife,Eletricista,33,38341738823
Débora Dias Teixeira,debora.dias.teixeira.11009@example.com,Recife,Vendedor,66,88987975759
Rafael Costa Barbosa,rafael.costa.barbosa.11010@example.com,Rondonópolis,Contador,56,98201062127
Daniela Alves Ribeiro,daniela.alves.ribeiro.11011@example.com,Salvador,Chefe de departamento pessoal,69,05259796456
Diego Oliveira Alves,diego.oliveira.alves.11012@example.com,Caxias do Sul,Coordenador de produção,48,65026077497
Patrícia Martins Mendes,patricia.martins.mendes.11013@example.com,Vitória,Supervisor de qualidade,18,56678092362
Letícia Almeida Moreira,leticia.almeida.moreira.11014@example.com,Goiânia,Diretor de operações,32,31870237485
Otávio Teixeira Mendes,otavio.teixeira.mendes.11015@example.com,Uberlândia,Gerente de operações,25,65824234413
Amanda Barros Barbosa,amanda.barros.barbosa.11016@example.com,Dourados,Operador de caixa,70,55508568353
Henrique Castro Freitas,henrique.castro.freitas.11017@example.com,Recife,Recepcionista,54,40302814583
Letícia Cardoso Souza,leticia.cardoso.souza.11018@example.com,Joinville,Estoquista,49,20038089908
Sérgio Costa Martins,sergio.costa.martins.11019@example.com,Vitória,Técnico de segurança do trabalho,48,51119219560
Ana Fernandes Gomes,ana.fernandes.gomes.11020@example.com,São Paulo,Coordenador de produção,40,60401754138
Simone Souza Pereira,simone.souza.pereira.11021@example.com,Santos,Enfermeiro,19,78811666641
Rafael Fernandes Dias,rafael.fernandes.dias.11022@example.com,Belém,Assistente comercial,64,86115763629
Sérgio Araújo Costa,sergio.araujo.costa.11023@example.com,Porto Alegre,Operador de caixa,41,47047681232
Vitória Mendes Pereira,vitoria.mendes.pereira.11024@example.com,Caxias do Sul,Líder de equipe,50,19831481057
João Oliveira Lima,joao.oliveira.lima.11025@example.com,Londrina,Cozinheiro,60,35163885535
Patrícia Cardoso Barros,patricia.cardoso.barros.11026@example.com,Rondonópolis,Gerente comercial,35,77428237441
Vitória Ribeiro Araújo,vitoria.ribeiro.araujo.11027@example.com,Goiânia,Analista financeiro,21,43140367932
Juliana Oliveira Alves,juliana.oliveira.alves.11028@example.com,Santos,Arquiteto,28,66267658977
Bruno Ribeiro Dias,bruno.ribeiro.dias.11029@example.com,Curitiba,Técnico em informática,34,34264367946
Carolina Rodrigues Ribeiro,carolina.rodrigues.ribeiro.11030@example.com,Maringá,Corretor de imóveis,24,50958578459
Lucas Martins Cardoso,lucas.martins.cardoso.11031@example.com,Dourados,Designer gráfico,36,73092894994
Juliana Oliveira Teixeira,juliana.oliveira.teixeira.11032@example.com,Niterói,Coordenador de logística,38,52133736028
Letícia Oliveira Carvalho,leticia.oliveira.carvalho.11033@example.com,Uberlândia,Padeiro,69,32240625854
João Silva Barbosa,joao.silva.barbosa.11034@example.com,Curitiba,Estoquista,40,71124223705
Aline Carvalho Dias,aline.carvalho.dias.11035@example.com,Manaus,Gerente de operações,23,24693450006
Sandra Silva Dias,sandra.silva.dias.11036@example.com,Goiânia,Líder de equipe,67,66212143923
Rafael Carvalho Gomes,rafael.carvalho.gomes.11037@example.com,Manaus,Recepcionista,26,95553498661
Gabriela Fernandes Lima,gabriela.fernandes.lima.11038@example.com,Belém,Líder de equipe,32,58045266790
Vinícius Costa Pereira,vinicius.costa.pereira.11039@example.com,Florianópolis,Advogado,18,07925953480
Carlos Cardoso Moreira,carlos.cardoso.moreira.11040@example.com,Joinville,Arquiteto,32,98049427682
Amanda Silva Moreira,amanda.silva.moreira.11041@example.com,Niterói,Auxiliar de produção,33,17600645989
Fernanda Mendes Rocha,fernanda.mendes.rocha.11042@example.com,Manaus,Analista de dados,41,95373963988
Mariana Barbosa Rocha,mariana.barbosa.rocha.11043@example.com,Niterói,Supervisor de manutenção,26,64453997705
Sandra Pereira Costa,sandra.pereira.costa.11044@example.com,Uberlândia,Arquiteto,60,53343676082
Thiago Santos Cardoso,thiago.santos.cardoso.11045@example.com,Florianópolis,Técnico de segurança do trabalho,53,54746829693
Vitória Lima Nascimento,vitoria.lima.nascimento.11046@example.com,Curitiba,Mecânico,51,83311996985
Felipe Martins Ribeiro,felipe.martins.ribeiro.11047@example.com,Niterói,Diretor comercial,57,82301061614
Marcelo Carvalho Pereira,marcelo.carvalho.pereira.11048@example.com,Uberlândia,Analista de dados,23,78074504180
João Monteiro Ribeiro,joao.monteiro.ribeiro.11049@example.com,Belo Horizonte,Farmacêutico,37,82214100799
Henrique Oliveira Almeida,henrique.oliveira.almeida.11050@example.com,Uberlândia,Enfermeiro,42,39998598665
Henrique Cardoso Costa,henrique.cardoso.costa.11051@example.com,Campinas,Estoquista,56,23496617894
Carolina Alves Santos,carolina.alves.santos.11052@example.com,Campo Grande,Gerente comercial,53,55560896402
Pedro Martins Fernandes,pedro.martins.fernandes.11053@example.com,Rio de Janeiro,Gerente comercial,27,52699094402
Sérgio Lima Mendes,sergio.lima.mendes.11054@example.com,Niterói,Analista financeiro,62,58748323534
Igor Santos Costa,igor.santos.costa.11055@example.com,Belo Horizonte,Jornalista,58,88559667959
Diego Martins Ribeiro,diego.martins.ribeiro.11056@example.com,Santos,Assistente comercial,45,48640279610
Vitória Santos Barros,vitoria.santos.barros.11057@example.com,Porto Alegre,Pedreiro,18,82470682098
Daniela Mendes Oliveira,daniela.mendes.oliveira.11058@example.com,Belo Horizonte,Técnico de enfermagem,51,92723159795
Mariana Moreira Carvalho,mariana.moreira.carvalho.11059@example.com,Fortaleza,Coordenador administrativo,50,34227992917
Bruno Mendes Rocha,bruno.mendes.rocha.11060@example.com,Belo Horizonte,Supervisor de qualidade,44,03451652474
Vanessa Nascimento Carvalho,vanessa.nascimento.carvalho.11061@example.com,Curitiba,Recepcionista,70,48936898435
Pedro Araújo Cardoso,pedro.araujo.cardoso.11062@example.com,Salvador,Assistente administrativo,68,31788528555
Simone Rocha Freitas,simone.rocha.freitas.11063@example.com,Joinville,Assistente administrativo,42,60477834194
Amanda Oliveira Dias,amanda.oliveira.dias.11064@example.com,Sorocaba,Analista de recursos humanos,45,96860087922
Sandra Costa Pereira,sandra.costa.pereira.11065@example.com,Natal,Encarregado de produção,52,30559555548
Priscila Alves Fernandes,priscila.alves.fernandes.11066@example.com,Sorocaba,Recepcionista,48,40913612578
Ricardo Rocha Rocha,ricardo.rocha.rocha.11067@example.com,Manaus,Analista de recursos humanos,34,02620545744
Renata Silva Castro,renata.silva.castro.11068@example.com,Santos,Professor,56,14134465646
Beatriz Nascimento Pereira,beatriz.nascimento.pereira.11069@example.com,Maringá,Assistente administrativo,56,65059412343
Débora Araújo Costa,debora.araujo.costa.11070@example.com,Porto Alegre,Gerente financeiro,30,91851353365
Henrique Nascimento Dias,henrique.nascimento.dias.11071@example.com,Joinville,Analista de recursos humanos,39,58503250764
Vinícius Pereira Martins,vinicius.pereira.martins.11072@example.com,Londrina,Coordenador de marketing,65,28377794754
Paulo Carvalho Rocha,paulo.carvalho.rocha.11073@example.com,Sorocaba,Coordenador de produção,65,57056348611
Tatiane Pereira Moreira,tatiane.pereira.moreira.11074@example.com,Natal,Coordenador administrativo,22,44079361659
Luana Teixeira Castro,luana.teixeira.castro.11075@example.com,Natal,Operador de caixa,29,64573212834
Larissa Lima Fernandes,larissa.lima.fernandes.11076@example.com,Vitória,Professor,49,77071749898
Paulo Freitas Santos,paulo.freitas.santos.11077@example.com,Manaus,Programador,27,78908989948
Otávio Martins Castro,otavio.martins.castro.11078@example.com,Campinas,Encarregado de produção,33,13534483115
Vinícius Barbosa Carvalho,vinicius.barbosa.carvalho.11079@example.com,Cuiabá,Designer gráfico,40,01407067931
Henrique Fernandes Souza,henrique.fernandes.souza.11080@example.com,Maringá,Diretor comercial,58,06249380906
Luana Rocha Cardoso,luana.rocha.cardoso.11081@example.com,Maringá,Padeiro,20,25235069694
Sérgio Freitas Teixeira,sergio.freitas.teixeira.11082@example.com,Fortaleza,Recepcionista,37,46594225763
Letícia Dias Barbosa,leticia.dias.barbosa.11083@example.com,Goiânia,Gerente de operações,63,32478448891
Vanessa Pereira Rodrigues,vanessa.pereira.rodrigues.11084@example.com,Sorocaba,Estoquista,31,08949048505
Ricardo Teixeira Teixeira,ricardo.teixeira.teixeira.11085@example.com,Campinas,Coordenador de logística,28,41513890962
Carlos Mendes Monteiro,carlos.mendes.monteiro.11086@example.com,Manaus,Cozinheiro,46,63846337545
Marcelo Ribeiro Carvalho,marcelo.ribeiro.carvalho.11087@example.com,Belo Horizonte,Líder de equipe,24,57730845289
Letícia Castro Nascimento,leticia.castro.nascimento.11088@example.com,Porto Alegre,Cozinheiro,43,59449839002
Renata Carvalho Mendes,renata.carvalho.mendes.11089@example.com,Dourados,Coordenador de logística,51,37404556586
Carolina Barros Monteiro,carolina.barros.monteiro.11090@example.com,Fortaleza,Contador,58,76122314736
Eduardo Souza Ribeiro,eduardo.souza.ribeiro.11091@example.com,Belém,Analista de marketing,49,00652153464
Carlos Oliveira Rodrigues,carlos.oliveira.rodrigues.11092@example.com,Fortaleza,Pedreiro,37,45962644448
Mariana Cardoso Freitas,mariana.cardoso.freitas.11093@example.com,São Paulo,Analista de dados,42,47774038640
Camila Cardoso Moreira,camila.cardoso.moreira.11094@example.com,Niterói,Jornalista,52,72016765614
Thiago Dias Rodrigues,thiago.dias.rodrigues.11095@example.com,Belo Horizonte,Técnico de enfermagem,65,86677166473
Marcelo Martins Almeida,marcelo.martins.almeida.11096@example.com,Maringá,Líder de equipe,32,81844619176
Tatiane Ribeiro Cardoso,tatiane.ribeiro.cardoso.11097@example.com,Rondonópolis,Atendente,29,84587291129
Paulo Souza Freitas,paulo.souza.freitas.11098@example.com,São Paulo,Nutricionista,70,64312647138
João Fernandes Gomes,joao.fernandes.gomes.11099@example.com,Uberlândia,Analista de marketing,69,12445069402
Juliana Oliveira Almeida,juliana.oliveira.almeida.11100@example.com,Natal,Supervisor de atendimento,63,43961939109
Sandra Freitas Barbosa,sandra.freitas.barbosa.11101@example.com,Porto Alegre,Técnico de enfermagem,19,65696985389
Gustavo Castro Barbosa,gustavo.castro.barbosa.11102@example.com,Campo Grande,Atendente,42,74544628078
Larissa Almeida Cardoso,larissa.almeida.cardoso.11103@example.com,Dourados,Auxiliar de produção,53,86825992651
Eduardo Silva Nascimento,eduardo.silva.nascimento.11104@example.com,Florianópolis,Fisioterapeuta,49,31650603647
Sandra Monteiro Gomes,sandra.monteiro.gomes.11105@example.com,Dourados,Eletricista,45,47801099760
Tatiane Araújo Almeida,tatiane.araujo.almeida.11106@example.com,Niterói,Analista de recursos humanos,19,51479259546
João Monteiro Freitas,joao.monteiro.freitas.11107@example.com,Londrina,Gerente de tecnologia,51,50332607629
Diego Freitas Nascimento,diego.freitas.nascimento.11108@example.com,Cuiabá,Designer gráfico,50,53213108332
Carolina Oliveira Teixeira,carolina.oliveira.teixeira.11109@example.com,Cuiabá,Mecânico,38,07664122051
Luana Costa Fernandes,luana.costa.fernandes.11110@example.com,Cuiabá,Analista de recursos humanos,37,84311948044
Vanessa Castro Barbosa,vanessa.castro.barbosa.11111@example.com,Porto Alegre,Padeiro,21,45463519642
Renata Mendes Santos,renata.mendes.santos.11112@example.com,Uberlândia,Fisioterapeuta,63,06460847425
Otávio Carvalho Moreira,otavio.carvalho.moreira.11113@example.com,Campo Grande,Recepcionista,44,09656379367
Priscila Lima Araújo,priscila.lima.araujo.11114@example.com,Sorocaba,Chefe de departamento pessoal,19,54245191788
Gabriel Gomes Araújo,gabriel.gomes.araujo.11115@example.com,Manaus,Jornalista,60,30276287063
Simone Monteiro Oliveira,simone.monteiro.oliveira.11116@example.com,Brasília,Supervisor de atendimento,45,56915843317
Priscila Ribeiro Lima,priscila.ribeiro.lima.11117@example.com,Rondonópolis,Operador de caixa,31,68049882843
Sérgio Souza Pereira,sergio.souza.pereira.11118@example.com,Belo Horizonte,Analista de marketing,31,34174976049
Carolina Rocha Silva,carolina.rocha.silva.11119@example.com,Dourados,Contador,27,66094362736
Igor Rodrigues Gomes,igor.rodrigues.gomes.11120@example.com,Dourados,Recepcionista,26,63552424818
Rafael Freitas Mendes,rafael.freitas.mendes.11121@example.com,Recife,Comprador,61,94425641821
Débora Martins Martins,debora.martins.martins.11122@example.com,Salvador,Corretor de imóveis,45,16802241544
Daniela Rodrigues Freitas,daniela.rodrigues.freitas.11123@example.com,Caxias do Sul,Estoquista,67,44341468637
Igor Fernandes Santos,igor.fernandes.santos.11124@example.com,Fortaleza,Coordenador de logística,65,14686597902
Paulo Rodrigues Carvalho,paulo.rodrigues.carvalho.11125@example.com,Recife,Atendente,56,42338337339
Simone Almeida Martins,simone.almeida.martins.11126@example.com,Natal,Gerente de recursos humanos,29,33837797160
Camila Costa Barbosa,camila.costa.barbosa.11127@example.com,Londrina,Estoquista,68,45452716237
Pedro Silva Gomes,pedro.silva.gomes.11128@example.com,Belém,Engenheiro civil,62,84051448929
Camila Rocha Pereira,camila.rocha.pereira.11129@example.com,São Paulo,Diretor de operações,58,53559455519
Leonardo Souza Cardoso,leonardo.souza.cardoso.11130@example.com,Rondonópolis,Gerente financeiro,29,93504276160
Simone Martins Almeida,simone.martins.almeida.11131@example.com,Porto Alegre,Supervisor de atendimento,50,77133726419
Otávio Rodrigues Silva,otavio.rodrigues.silva.11132@example.com,Belo Horizonte,Encarregado de produção,37,67761002397
Ricardo Silva Alves,ricardo.silva.alves.11133@example.com,Joinville,Chefe de almoxarifado,50,39233876675
Tatiane Costa Cardoso,tatiane.costa.cardoso.11134@example.com,Goiânia,Supervisor de qualidade,31,15457678695
Renata Lima Freitas,renata.lima.freitas.11135@example.com,Maringá,Supervisor de manutenção,69,68975789811
Mariana Moreira Freitas,mariana.moreira.freitas.11136@example.com,Rio de Janeiro,Técnico em informática,27,38820275144
José Gomes Teixeira,jose.gomes.teixeira.11137@example.com,Brasília,Professor,53,33387044392
Pedro Araújo Teixeira,pedro.araujo.teixeira.11138@example.com,Niterói,Jornalista,22,46015745557
Priscila Santos Martins,priscila.santos.martins.11139@example.com,Porto Alegre,Líder de equipe,57,08411800942
Gabriel Cardoso Santos,gabriel.cardoso.santos.11140@example.com,Dourados,Chefe de departamento pessoal,37,95160784036
Priscila Moreira Barros,priscila.moreira.barros.11141@example.com,Campinas,Recepcionista,53,41464107965
Thiago Lima Teixeira,thiago.lima.teixeira.11142@example.com,Rio de Janeiro,Supervisor de manutenção,33,11907050949
Bruno Barbosa Alves,bruno.barbosa.alves.11143@example.com,Manaus,Pedreiro,27,44934239695
Thiago Barbosa Alves,thiago.barbosa.alves.11144@example.com,Salvador,Engenheiro civil,40,31023916919
Otávio Alves Teixeira,otavio.alves.teixeira.11145@example.com,Joinville,Supervisor de manutenção,24,96809265547
Sandra Dias Pereira,sandra.dias.pereira.11146@example.com,Porto Alegre,Comprador,36,42645081269
Simone Carvalho Almeida,simone.carvalho.almeida.11147@example.com,Salvador,Gerente de tecnologia,58,24999311517
Carolina Barros Araújo,carolina.barros.araujo.11148@example.com,Londrina,Analista financeiro,32,43002699988
Otávio Monteiro Mendes,otavio.monteiro.mendes.11149@example.com,Recife,Mecânico,18,41993146636
Larissa Mendes Dias,larissa.mendes.dias.11150@example.com,Vitória,Analista financeiro,22,71379039165
Carolina Rodrigues Mendes,carolina.rodrigues.mendes.11151@example.com,Fortaleza,Assistente comercial,53,10353574707
Vitória Carvalho Castro,vitoria.carvalho.castro.11152@example.com,Florianópolis,Coordenador administrativo,68,12006731501
Aline Ribeiro Dias,aline.ribeiro.dias.11153@example.com,Vitória,Gerente comercial,57,96859414132
Renata Gomes Martins,renata.gomes.martins.11154@example.com,Porto Alegre,Operador de caixa,32,22178401564
Fernanda Costa Barbosa,fernanda.costa.barbosa.11155@example.com,Brasília,Engenheiro civil,43,12764594116
Renata Mendes Ribeiro,renata.mendes.ribeiro.11156@example.com,Maringá,Analista de marketing,52,24420722513
Renata Teixeira Almeida,renata.teixeira.almeida.11157@example.com,Goiânia,Jornalista,68,61942880311
Ana Castro Ribeiro,ana.castro.ribeiro.11158@example.com,Fortaleza,Arquiteto,54,55563489778
Camila Moreira Pereira,camila.moreira.pereira.11159@example.com,Belém,Comprador,40,12692066230
Renata Araújo Araújo,renata.araujo.araujo.11160@example.com,Natal,Diretor comercial,62,55997502138
Sandra Rodrigues Rodrigues,sandra.rodrigues.rodrigues.11161@example.com,Goiânia,Atendente,64,63737792580
Larissa Castro Barbosa,larissa.castro.barbosa.11162@example.com,Uberlândia,Fisioterapeuta,65,74705796016
Gustavo Araújo Monteiro,gustavo.araujo.monteiro.11163@example.com,Rio de Janeiro,Assistente administrativo,42,44671123372
José Freitas Barros,jose.freitas.barros.11164@example.com,Manaus,Fisioterapeuta,18,90817775430
Felipe Alves Teixeira,felipe.alves.teixeira.11165@example.com,Dourados,Designer gráfico,41,85476091216
Daniela Barbosa Barbosa,daniela.barbosa.barbosa.11166@example.com,Salvador,Mecânico,33,90808667614
Diego Lima Gomes,diego.lima.gomes.11167@example.com,Florianópolis,Farmacêutico,53,51623767123
João Pereira Rodrigues,joao.pereira.rodrigues.11168@example.com,Niterói,Chefe de departamento pessoal,34,44451356119
Larissa Moreira Dias,larissa.moreira.dias.11169@example.com,Caxias do Sul,Gerente de operações,20,38906139188
Fernanda Martins Ribeiro,fernanda.martins.ribeiro.11170@example.com,Curitiba,Coordenador de produção,46,56623246895
Ricardo Dias Castro,ricardo.dias.castro.11171@example.com,Campinas,Engenheiro civil,26,60773601003
Patrícia Silva Fernandes,patricia.silva.fernandes.11172@example.com,Belo Horizonte,Técnico de segurança do trabalho,68,14408428810
Nicolas Lima Nascimento,nicolas.lima.nascimento.11173@example.com,Belém,Técnico em informática,68,74010185197
Pedro Ribeiro Fernandes,pedro.ribeiro.fernandes.11174@example.com,Vitória,Coordenador administrativo,47,81969825922
Nicolas Araújo Almeida,nicolas.araujo.almeida.11175@example.com,Campinas,Vendedor,42,11038038268
Felipe Silva Cardoso,felipe.silva.cardoso.11176@example.com,Uberlândia,Coordenador de produção,47,75687167938
Otávio Cardoso Oliveira,otavio.cardoso.oliveira.11177@example.com,São Paulo,Analista de dados,57,68201862537
Igor Souza Monteiro,igor.souza.monteiro.11178@example.com,Campo Grande,Designer gráfico,47,70144002615
Lucas Araújo Santos,lucas.araujo.santos.11179@example.com,São Paulo,Cozinheiro,43,38143081984
Ricardo Santos Mendes,ricardo.santos.mendes.11180@example.com,Joinville,Atendente,22,67951560288
Vanessa Nascimento Araújo,vanessa.nascimento.araujo.11181@example.com,Campinas,Supervisor de manutenção,39,40939492258
Ana Fernandes Cardoso,ana.fernandes.cardoso.11182@example.com,Recife,Contador,34,28013558384
Patrícia Barros Alves,patricia.barros.alves.11183@example.com,Fortaleza,Coordenador de produção,18,98538029120
Henrique Souza Mendes,henrique.souza.mendes.11184@example.com,Joinville,Cozinheiro,66,66052987354
Amanda Rodrigues Mendes,amanda.rodrigues.mendes.11185@example.com,Salvador,Assistente administrativo,33,81963200849
Camila Carvalho Mendes,camila.carvalho.mendes.11186@example.com,Maringá,Vendedor,47,42781065251
Gabriel Freitas Costa,gabriel.freitas.costa.11187@example.com,Niterói,Gerente de tecnologia,27,03409078698
João Carvalho Nascimento,joao.carvalho.nascimento.11188@example.com,Sorocaba,Motorista,22,30797482130
Vinícius Barros Cardoso,vinicius.barros.cardoso.11189@example.com,Cuiabá,Engenheiro civil,50,08882879777
Amanda Fernandes Pereira,amanda.fernandes.pereira.11190@example.com,Dourados,Jornalista,20,07395737313
Juliana Araújo Freitas,juliana.araujo.freitas.11191@example.com,Joinville,Técnico em informática,25,15813615834
José Castro Ribeiro,jose.castro.ribeiro.11192@example.com,Vitória,Assistente comercial,45,24857900289
Camila Silva Monteiro,camila.silva.monteiro.11193@example.com,Londrina,Vendedor,23,63192659838
Patrícia Alves Lima,patricia.alves.lima.11194@example.com,Dourados,Cozinheiro,49,20171097627
Ricardo Fernandes Araújo,ricardo.fernandes.araujo.11195@example.com,Caxias do Sul,Analista de marketing,52,90955966761
Thiago Cardoso Alves,thiago.cardoso.alves.11196@example.com,Cuiabá,Assistente administrativo,57,15946495659
Carlos Carvalho Pereira,carlos.carvalho.pereira.11197@example.com,Santos,Recepcionista,55,21803233729
Pedro Silva Gomes,pedro.silva.gomes.11198@example.com,Campinas,Coordenador de logística,44,38707744352
Gabriela Rodrigues Alves,gabriela.rodrigues.alves.11199@example.com,Manaus,Analista de recursos humanos,34,78429716905
Camila Barros Souza,camila.barros.souza.11200@example.com,Niterói,Atendente,40,89667410714
Patrícia Costa Costa,patricia.costa.costa.11201@example.com,Belém,Cozinheiro,25,50162462977
Paulo Almeida Nascimento,paulo.almeida.nascimento.11202@example.com,Belém,Analista de dados,42,66294379752
Mariana Barros Silva,mariana.barros.silva.11203@example.com,Niterói,Analista financeiro,54,62649850047
Larissa Nascimento Fernandes,larissa.nascimento.fernandes.11204@example.com,Dourados,Designer gráfico,46,20146938211
Amanda Nascimento Barbosa,amanda.nascimento.barbosa.11205@example.com,Curitiba,Corretor de imóveis,61,47064830212
Paulo Barbosa Castro,paulo.barbosa.castro.11206@example.com,Vitória,Gerente de operações,66,78845295484
Priscila Pereira Nascimento,priscila.pereira.nascimento.11207@example.com,Caxias do Sul,Coordenador administrativo,31,79577483337
Felipe Almeida Moreira,felipe.almeida.moreira.11208@example.com,Caxias do Sul,Comprador,53,46120198024
Vanessa Lima Rodrigues,vanessa.lima.rodrigues.11209@example.com,Dourados,Coordenador de logística,48,14662425263
Gabriela Teixeira Souza,gabriela.teixeira.souza.11210@example.com,Porto Alegre,Atendente,35,53170156352
Amanda Moreira Lima,amanda.moreira.lima.11211@example.com,Vitória,Professor,43,30026958791
Diego Barbosa Freitas,diego.barbosa.freitas.11212@example.com,Brasília,Analista financeiro,65,89395615245
Rafael Oliveira Monteiro,rafael.oliveira.monteiro.11213@example.com,Natal,Vendedor,65,97001505028
Vinícius Dias Souza,vinicius.dias.souza.11214@example.com,Caxias do Sul,Operador de caixa,67,59617754394
Simone Cardoso Freitas,simone.cardoso.freitas.11215@example.com,Curitiba,Enfermeiro,26,70789710396
Daniela Santos Castro,daniela.santos.castro.11216@example.com,Uberlândia,Advogado,37,05761197555
Eduardo Martins Barbosa,eduardo.martins.barbosa.11217@example.com,Santos,Auxiliar de produção,42,82486687224
Larissa Costa Alves,larissa.costa.alves.11218@example.com,Campo Grande,Técnico em informática,47,79569195396
Fernanda Araújo Mendes,fernanda.araujo.mendes.11219@example.com,Manaus,Recepcionista,50,39899738572
José Cardoso Mendes,jose.cardoso.mendes.11220@example.com,Belém,Chefe de compras,64,15130207036
Sérgio Almeida Costa,sergio.almeida.costa.11221@example.com,Vitória,Diretor de operações,55,01492445712
Marcelo Ribeiro Teixeira,marcelo.ribeiro.teixeira.11222@example.com,Belém,Técnico em informática,27,61784833774
Paulo Barbosa Costa,paulo.barbosa.costa.11223@example.com,Campo Grande,Diretor comercial,28,44642222075
Carolina Carvalho Araújo,carolina.carvalho.araujo.11224@example.com,Manaus,Supervisor de qualidade,54,55167053291
Luana Martins Mendes,luana.martins.mendes.11225@example.com,Belo Horizonte,Pedreiro,24,15881862607
Vinícius Costa Barros,vinicius.costa.barros.11226@example.com,Niterói,Analista financeiro,67,97987477183
Ana Carvalho Costa,ana.carvalho.costa.11227@example.com,Manaus,Estoquista,23,02291588790
José Pereira Lima,jose.pereira.lima.11228@example.com,Florianópolis,Analista de dados,24,96054942940
Otávio Castro Barros,otavio.castro.barros.11229@example.com,Fortaleza,Estoquista,52,38480361425
Ana Alves Almeida,ana.alves.almeida.11230@example.com,Rondonópolis,Advogado,51,07578017583
Luana Alves Nascimento,luana.alves.nascimento.11231@example.com,Cuiabá,Enfermeiro,53,96071374115
Vitória Almeida Fernandes,vitoria.almeida.fernandes.11232@example.com,Niterói,Chefe de almoxarifado,64,60423560552
Vinícius Cardoso Mendes,vinicius.cardoso.mendes.11233@example.com,Dourados,Analista de dados,44,16851421929
Daniela Moreira Araújo,daniela.moreira.araujo.11234@example.com,Rondonópolis,Diretor de operações,44,28077986749
Nicolas Alves Souza,nicolas.alves.souza.11235@example.com,Natal,Arquiteto,63,13450951594
Simone Fernandes Rocha,simone.fernandes.rocha.11236@example.com,Goiânia,Nutricionista,52,10390310733
Rafael Gomes Costa,rafael.gomes.costa.11237@example.com,Maringá,Analista de recursos humanos,48,93998332362
Henrique Santos Silva,henrique.santos.silva.11238@example.com,Cuiabá,Auxiliar de produção,24,87126776701
Eduardo Lima Gomes,eduardo.lima.gomes.11239@example.com,Maringá,Farmacêutico,40,75623634346
Fernanda Araújo Gomes,fernanda.araujo.gomes.11240@example.com,Salvador,Vendedor,63,72222535453
Mariana Monteiro Monteiro,mariana.monteiro.monteiro.11241@example.com,São Paulo,Chefe de departamento pessoal,67,53710920930
Renata Lima Rocha,renata.lima.rocha.11242@example.com,Manaus,Fisioterapeuta,21,18779478300
Sandra Ribeiro Freitas,sandra.ribeiro.freitas.11243@example.com,Salvador,Analista de dados,68,73141286253
Eduardo Gomes Freitas,eduardo.gomes.freitas.11244@example.com,Maringá,Coordenador administrativo,69,12421397387
Renata Mendes Rocha,renata.mendes.rocha.11245@example.com,Goiânia,Analista de dados,50,66159747095
Beatriz Monteiro Ribeiro,beatriz.monteiro.ribeiro.11246@example.com,Rondonópolis,Coordenador administrativo,62,95297611383
Aline Barbosa Souza,aline.barbosa.souza.11247@example.com,Salvador,Supervisor de atendimento,66,50042920691
Lucas Teixeira Barros,lucas.teixeira.barros.11248@example.com,Curitiba,Diretor comercial,57,12953474532
Amanda Martins Oliveira,amanda.martins.oliveira.11249@example.com,Joinville,Pedreiro,47,03512609239
Ana Rocha Fernandes,ana.rocha.fernandes.11250@example.com,Campinas,Assistente administrativo,26,20040015493
Gustavo Almeida Rocha,gustavo.almeida.rocha.11251@example.com,Dourados,Advogado,61,53941901312
Patrícia Souza Dias,patricia.souza.dias.11252@example.com,Goiânia,Estoquista,47,07157594350
Patrícia Rocha Fernandes,patricia.rocha.fernandes.11253@example.com,Cuiabá,Coordenador de marketing,23,22777937373
Thiago Rodrigues Rocha,thiago.rodrigues.rocha.11254@example.com,Dourados,Operador de caixa,57,96942312719
Sérgio Gomes Cardoso,sergio.gomes.cardoso.11255@example.com,Joinville,Designer gráfico,22,13157081479
João Araújo Alves,joao.araujo.alves.11256@example.com,Uberlândia,Diretor comercial,66,62264821562
Paulo Castro Cardoso,paulo.castro.cardoso.11257@example.com,Belo Horizonte,Motorista,22,24251012939
Débora Fernandes Rocha,debora.fernandes.rocha.11258@example.com,Rio de Janeiro,Chefe de compras,27,57743655464
Nicolas Moreira Barros,nicolas.moreira.barros.11259@example.com,Manaus,Técnico de segurança do trabalho,48,40296437990
Marcelo Dias Monteiro,marcelo.dias.monteiro.11260@example.com,Curitiba,Analista de dados,24,39871955945
Paulo Souza Rodrigues,paulo.souza.rodrigues.11261@example.com,Porto Alegre,Gerente de tecnologia,69,20013154797
Gabriela Freitas Rocha,gabriela.freitas.rocha.11262@example.com,Campinas,Arquiteto,34,86471513627
Ana Freitas Fernandes,ana.freitas.fernandes.11263@example.com,Porto Alegre,Cozinheiro,61,03316441295
Sandra Almeida Mendes,sandra.almeida.mendes.11264@example.com,Niterói,Pedreiro,54,26633871158
Aline Alves Silva,aline.alves.silva.11265@example.com,Salvador,Professor,56,47506850691
Daniela Carvalho Moreira,daniela.carvalho.moreira.11266@example.com,Fortaleza,Auxiliar de produção,41,59344960797
Letícia Castro Gomes,leticia.castro.gomes.11267@example.com,Niterói,Engenheiro civil,28,38490190939
Mariana Carvalho Gomes,mariana.carvalho.gomes.11268@example.com,Natal,Jornalista,22,58796164189
Simone Costa Martins,simone.costa.martins.11269@example.com,Goiânia,Técnico em informática,70,66891205491
Henrique Gomes Nascimento,henrique.gomes.nascimento.11270@example.com,São Paulo,Engenheiro civil,19,51025756733
Ricardo Fernandes Fernandes,ricardo.fernandes.fernandes.11271@example.com,Caxias do Sul,Estoquista,38,92944669481
Débora Rodrigues Alves,debora.rodrigues.alves.11272@example.com,Florianópolis,Coordenador de produção,55,13205067586
Pedro Alves Oliveira,pedro.alves.oliveira.11273@example.com,Campinas,Eletricista,22,41691932812
Luana Carvalho Souza,luana.carvalho.souza.11274@example.com,Natal,Recepcionista,44,15524426794
Pedro Oliveira Freitas,pedro.oliveira.freitas.11275@example.com,Goiânia,Diretor de operações,56,08212803468
Patrícia Souza Silva,patricia.souza.silva.11276@example.com,Dourados,Chefe de almoxarifado,41,29660109339
Mariana Fernandes Teixeira,mariana.fernandes.teixeira.11277@example.com,Rio de Janeiro,Recepcionista,59,46966135413
Eduardo Lima Rodrigues,eduardo.lima.rodrigues.11278@example.com,Goiânia,Cozinheiro,54,75862431735
Thiago Moreira Oliveira,thiago.moreira.oliveira.11279@example.com,Londrina,Gerente de tecnologia,24,67967164018
Felipe Costa Monteiro,felipe.costa.monteiro.11280@example.com,Brasília,Analista de marketing,58,05481907670
Henrique Silva Ribeiro,henrique.silva.ribeiro.11281@example.com,Maringá,Mecânico,35,46470123161
Juliana Cardoso Teixeira,juliana.cardoso.teixeira.11282@example.com,Campo Grande,Técnico em informática,69,05766436997
Gabriel Pereira Araújo,gabriel.pereira.araujo.11283@example.com,Maringá,Atendente,62,72779476518
Letícia Ribeiro Cardoso,leticia.ribeiro.cardoso.11284@example.com,Vitória,Chefe de compras,50,63933837677
José Fernandes Fernandes,jose.fernandes.fernandes.11285@example.com,Vitória,Jornalista,22,48040249870
Pedro Barros Araújo,pedro.barros.araujo.11286@example.com,Rio de Janeiro,Diretor de operações,62,27151683026
Vinícius Nascimento Lima,vinicius.nascimento.lima.11287@example.com,Belém,Diretor comercial,48,50411090136
Priscila Castro Barbosa,priscila.castro.barbosa.11288@example.com,Salvador,Cozinheiro,25,96175853080
João Barros Alves,joao.barros.alves.11289@example.com,Santos,Coordenador administrativo,69,60449581667
Juliana Lima Castro,juliana.lima.castro.11290@example.com,Londrina,Gerente de operações,37,10395189960
Renata Lima Mendes,renata.lima.mendes.11291@example.com,Belo Horizonte,Engenheiro civil,60,50702039808
Felipe Rocha Costa,felipe.rocha.costa.11292@example.com,Rio de Janeiro,Encarregado de produção,29,76483903088
Carolina Rocha Fernandes,carolina.rocha.fernandes.11293@example.com,Cuiabá,Operador de caixa,48,13035347329
Débora Fernandes Alves,debora.fernandes.alves.11294@example.com,São Paulo,Corretor de imóveis,19,52294909025
Juliana Santos Alves,juliana.santos.alves.11295@example.com,Recife,Gerente de tecnologia,50,31782067992
Felipe Freitas Mendes,felipe.freitas.mendes.11296@example.com,Manaus,Gerente de recursos humanos,70,70989600056
Marcelo Dias Ribeiro,marcelo.dias.ribeiro.11297@example.com,Maringá,Líder de equipe,59,37629743136
Aline Almeida Pereira,aline.almeida.pereira.11298@example.com,Salvador,Motorista,67,86518336476
Paulo Cardoso Araújo,paulo.cardoso.araujo.11299@example.com,Maringá,Atendente,56,90132792939
Diego Almeida Gomes,diego.almeida.gomes.11300@example.com,Florianópolis,Operador de caixa,20,09753408265
Marcelo Almeida Oliveira,marcelo.almeida.oliveira.11301@example.com,Vitória,Assistente administrativo,32,78056591223
Priscila Moreira Lima,priscila.moreira.lima.11302@example.com,Natal,Nutricionista,28,61108235608
Simone Gomes Castro,simone.gomes.castro.11303@example.com,Salvador,Professor,38,88868776730
Otávio Barros Barbosa,otavio.barros.barbosa.11304@example.com,Curitiba,Assistente comercial,34,22206025815
Tatiane Costa Pereira,tatiane.costa.pereira.11305@example.com,Rondonópolis,Gerente de recursos humanos,66,00527510993
Nicolas Martins Alves,nicolas.martins.alves.11306@example.com,Belo Horizonte,Programador,56,57076443400
Leonardo Araújo Barbosa,leonardo.araujo.barbosa.11307@example.com,Curitiba,Jornalista,45,78196462734
Beatriz Gomes Freitas,beatriz.gomes.freitas.11308@example.com,Salvador,Gerente de recursos humanos,68,85400866568
Otávio Souza Moreira,otavio.souza.moreira.11309@example.com,Recife,Enfermeiro,51,12981830767
Priscila Lima Souza,priscila.lima.souza.11310@example.com,Campinas,Atendente,47,84774213282
Ana Martins Silva,ana.martins.silva.11311@example.com,Belém,Advogado,46,36840382181
Gabriel Pereira Nascimento,gabriel.pereira.nascimento.11312@example.com,Rondonópolis,Professor,27,80864040254
Sérgio Dias Monteiro,sergio.dias.monteiro.11313@example.com,Belém,Analista de marketing,61,42164982558
Vitória Silva Dias,vitoria.silva.dias.11314@example.com,Londrina,Analista de dados,38,24554646479
João Dias Carvalho,joao.dias.carvalho.11315@example.com,Caxias do Sul,Diretor de operações,50,94753007197
Vanessa Gomes Pereira,vanessa.gomes.pereira.11316@example.com,Cuiabá,Comprador,53,86851394980
Marcelo Moreira Fernandes,marcelo.moreira.fernandes.11317@example.com,Belém,Analista de recursos humanos,21,72660978180
Leonardo Cardoso Araújo,leonardo.cardoso.araujo.11318@example.com,Cuiabá,Coordenador de logística,34,57979075312
Carlos Gomes Santos,carlos.gomes.santos.11319@example.com,Brasília,Técnico de enfermagem,27,18380119161
Camila Ribeiro Alves,camila.ribeiro.alves.11320@example.com,Maringá,Cozinheiro,32,66234463155
Gustavo Pereira Castro,gustavo.pereira.castro.11321@example.com,São Paulo,Cozinheiro,49,00236539216
Tatiane Silva Monteiro,tatiane.silva.monteiro.11322@example.com,Cuiabá,Analista de recursos humanos,54,06812347763
Gabriel Silva Rodrigues,gabriel.silva.rodrigues.11323@example.com,Santos,Técnico de segurança do trabalho,50,97902262726
Eduardo Araújo Teixeira,eduardo.araujo.teixeira.11324@example.com,Belo Horizonte,Atendente,54,20862949393
Pedro Martins Mendes,pedro.martins.mendes.11325@example.com,Uberlândia,Gerente de tecnologia,30,24072779110
Igor Fernandes Barbosa,igor.fernandes.barbosa.11326@example.com,Uberlândia,Gerente de recursos humanos,41,37281197356
Carolina Souza Mendes,carolina.souza.mendes.11327@example.com,Rio de Janeiro,Gerente de tecnologia,46,44223218239
Lucas Ribeiro Carvalho,lucas.ribeiro.carvalho.11328@example.com,Londrina,Supervisor de vendas,25,89094501103
Igor Castro Ribeiro,igor.castro.ribeiro.11329@example.com,Londrina,Coordenador de produção,59,42606514217
Diego Ribeiro Freitas,diego.ribeiro.freitas.11330@example.com,Florianópolis,Farmacêutico,25,20135105383
Eduardo Barbosa Fernandes,eduardo.barbosa.fernandes.11331@example.com,Recife,Advogado,56,72618142127
Carlos Costa Mendes,carlos.costa.mendes.11332@example.com,Uberlândia,Coordenador de produção,63,25387433289
Camila Teixeira Oliveira,camila.teixeira.oliveira.11333@example.com,Recife,Jornalista,46,96079425013
Mariana Carvalho Santos,mariana.carvalho.santos.11334@example.com,Fortaleza,Supervisor de vendas,34,39520155060
Henrique Teixeira Gomes,henrique.teixeira.gomes.11335@example.com,Joinville,Designer gráfico,30,02078445955
José Araújo Barbosa,jose.araujo.barbosa.11336@example.com,Niterói,Analista de dados,32,73108660487
Beatriz Gomes Gomes,beatriz.gomes.gomes.11337@example.com,Santos,Eletricista,47,82764964608
Otávio Costa Cardoso,otavio.costa.cardoso.11338@example.com,Curitiba,Atendente,19,14635626410
Vinícius Pereira Costa,vinicius.pereira.costa.11339@example.com,Porto Alegre,Chefe de departamento pessoal,56,85615633070
Vanessa Cardoso Nascimento,vanessa.cardoso.nascimento.11340@example.com,Salvador,Supervisor de atendimento,19,22076481991
Vitória Oliveira Rocha,vitoria.oliveira.rocha.11341@example.com,Campo Grande,Operador de caixa,49,78269275963
Sérgio Carvalho Freitas,sergio.carvalho.freitas.11342@example.com,Santos,Gerente financeiro,34,29392575659
Marcelo Costa Gomes,marcelo.costa.gomes.11343@example.com,Dourados,Engenheiro civil,34,41398814566
Bruno Nascimento Lima,bruno.nascimento.lima.11344@example.com,Florianópolis,Técnico em informática,38,09554877113
Beatriz Dias Dias,beatriz.dias.dias.11345@example.com,Belém,Advogado,23,29652980701
Vitória Cardoso Teixeira,vitoria.cardoso.teixeira.11346@example.com,Joinville,Coordenador de produção,66,87874003533
Larissa Lima Rocha,larissa.lima.rocha.11347@example.com,Recife,Professor,39,36108650283
Priscila Rodrigues Martins,priscila.rodrigues.martins.11348@example.com,Cuiabá,Padeiro,70,51599580798
Patrícia Fernandes Cardoso,patricia.fernandes.cardoso.11349@example.com,Londrina,Analista de dados,30,03922764724
Vitória Nascimento Rodrigues,vitoria.nascimento.rodrigues.11350@example.com,Curitiba,Programador,19,68202030108
Gabriela Freitas Pereira,gabriela.freitas.pereira.11351@example.com,Rio de Janeiro,Atendente,57,05482387791
Lucas Costa Costa,lucas.costa.costa.11352@example.com,Campinas,Fisioterapeuta,49,15086876148
Daniela Cardoso Monteiro,daniela.cardoso.monteiro.11353@example.com,Brasília,Vendedor,56,89241584958
Sandra Silva Santos,sandra.silva.santos.11354@example.com,Porto Alegre,Diretor comercial,60,31741742983
Paulo Fernandes Oliveira,paulo.fernandes.oliveira.11355@example.com,Campo Grande,Chefe de departamento pessoal,41,29101880358
Mariana Mendes Almeida,mariana.mendes.almeida.11356@example.com,Maringá,Gerente de tecnologia,46,44060433314
Vinícius Nascimento Nascimento,vinicius.nascimento.nascimento.11357@example.com,Rondonópolis,Coordenador de logística,34,08905062344
João Moreira Alves,joao.moreira.alves.11358@example.com,Maringá,Líder de equipe,51,97559474403
Débora Costa Mendes,debora.costa.mendes.11359@example.com,Campinas,Estoquista,32,02987333146
Gustavo Freitas Dias,gustavo.freitas.dias.11360@example.com,Natal,Técnico em informática,42,98391338887
Leonardo Araújo Barbosa,leonardo.araujo.barbosa.11361@example.com,Niterói,Padeiro,50,01244316588
Tatiane Lima Gomes,tatiane.lima.gomes.11362@example.com,Santos,Padeiro,44,67161479150
Larissa Barros Silva,larissa.barros.silva.11363@example.com,Curitiba,Designer gráfico,35,73272360535
Tatiane Rocha Gomes,tatiane.rocha.gomes.11364@example.com,Dourados,Coordenador administrativo,28,19067437801
Beatriz Araújo Almeida,beatriz.araujo.almeida.11365@example.com,Niterói,Enfermeiro,18,68217227782
Patrícia Carvalho Rodrigues,patricia.carvalho.rodrigues.11366@example.com,Rondonópolis,Programador,51,50127910611
Ana Costa Castro,ana.costa.castro.11367@example.com,Brasília,Supervisor de vendas,64,99024798090
Gabriel Nascimento Rodrigues,gabriel.nascimento.rodrigues.11368@example.com,Manaus,Contador,27,22422831862
Sérgio Castro Teixeira,sergio.castro.teixeira.11369@example.com,Dourados,Pedreiro,20,43488458114
Mariana Fernandes Martins,mariana.fernandes.martins.11370@example.com,São Paulo,Chefe de almoxarifado,35,39347299615
Sandra Silva Costa,sandra.silva.costa.11371@example.com,Londrina,Gerente de recursos humanos,36,44999367701
Simone Nascimento Freitas,simone.nascimento.freitas.11372@example.com,Uberlândia,Técnico em informática,32,36961756854
Débora Ribeiro Silva,debora.ribeiro.silva.11373@example.com,São Paulo,Gerente de tecnologia,48,11258822458
Marcelo Castro Cardoso,marcelo.castro.cardoso.11374@example.com,Recife,Atendente,68,28776514440
Leonardo Ribeiro Pereira,leonardo.ribeiro.pereira.11375@example.com,Porto Alegre,Operador de caixa,59,78873264869
José Barbosa Silva,jose.barbosa.silva.11376@example.com,Sorocaba,Corretor de imóveis,50,90584473488
Amanda Pereira Teixeira,amanda.pereira.teixeira.11377@example.com,Salvador,Arquiteto,52,19410378245
Lucas Gomes Alves,lucas.gomes.alves.11378@example.com,Rondonópolis,Supervisor de qualidade,37,86688382613
Mariana Ribeiro Oliveira,mariana.ribeiro.oliveira.11379@example.com,Londrina,Comprador,69,83958637946
Sérgio Ribeiro Barros,sergio.ribeiro.barros.11380@example.com,Belém,Enfermeiro,50,64933431322
Pedro Silva Mendes,pedro.silva.mendes.11381@example.com,Campo Grande,Mecânico,35,46551284721
Eduardo Lima Almeida,eduardo.lima.almeida.11382@example.com,Uberlândia,Designer gráfico,58,43383241617
Lucas Castro Santos,lucas.castro.santos.11383@example.com,Porto Alegre,Arquiteto,54,59091048166
Igor Castro Moreira,igor.castro.moreira.11384@example.com,Porto Alegre,Gerente de tecnologia,24,78127259655
Vitória Moreira Alves,vitoria.moreira.alves.11385@example.com,Brasília,Chefe de almoxarifado,25,16613728864
Amanda Santos Rodrigues,amanda.santos.rodrigues.11386@example.com,Uberlândia,Farmacêutico,27,00806070029
Beatriz Araújo Almeida,beatriz.araujo.almeida.11387@example.com,Rio de Janeiro,Programador,27,04774569123
Bruno Silva Barros,bruno.silva.barros.11388@example.com,Fortaleza,Assistente administrativo,50,36810418312
Mariana Martins Costa,mariana.martins.costa.11389@example.com,Rio de Janeiro,Enfermeiro,54,28062976323
Priscila Barros Almeida,priscila.barros.almeida.11390@example.com,Manaus,Mecânico,31,63181336503
Ana Fernandes Lima,ana.fernandes.lima.11391@example.com,Maringá,Gerente de operações,70,60153156763
Fernanda Martins Costa,fernanda.martins.costa.11392@example.com,Brasília,Professor,66,56067789784
Paulo Pereira Rodrigues,paulo.pereira.rodrigues.11393@example.com,Rio de Janeiro,Gerente comercial,44,84898135246
Bruno Teixeira Gomes,bruno.teixeira.gomes.11394@example.com,Recife,Arquiteto,39,03571081007
Renata Costa Nascimento,renata.costa.nascimento.11395@example.com,Uberlândia,Assistente administrativo,33,19315046091
Camila Fernandes Oliveira,camila.fernandes.oliveira.11396@example.com,Manaus,Comprador,68,20323465105
Priscila Ribeiro Costa,priscila.ribeiro.costa.11397@example.com,Vitória,Farmacêutico,66,42234943521
Gabriela Freitas Nascimento,gabriela.freitas.nascimento.11398@example.com,Rio de Janeiro,Analista financeiro,41,86982586416
Amanda Teixeira Castro,amanda.teixeira.castro.11399@example.com,Cuiabá,Comprador,24,29485624553
Patrícia Fernandes Martins,patricia.fernandes.martins.11400@example.com,Maringá,Supervisor de qualidade,46,79919915356
Juliana Monteiro Ribeiro,juliana.monteiro.ribeiro.11401@example.com,Goiânia,Técnico em informática,44,15206713772
Vinícius Monteiro Pereira,vinicius.monteiro.pereira.11402@example.com,Joinville,Analista de recursos humanos,44,91866955440
Mariana Gomes Santos,mariana.gomes.santos.11403@example.com,Dourados,Coordenador administrativo,19,94645079253
Paulo Teixeira Almeida,paulo.teixeira.almeida.11404@example.com,Santos,Comprador,63,75567540590
Lucas Oliveira Castro,lucas.oliveira.castro.11405@example.com,Londrina,Operador de caixa,50,74770763688
Otávio Silva Silva,otavio.silva.silva.11406@example.com,Caxias do Sul,Coordenador de logística,67,18722694530
Renata Freitas Nascimento,renata.freitas.nascimento.11407@example.com,São Paulo,Jornalista,56,84768532845
Igor Mendes Almeida,igor.mendes.almeida.11408@example.com,Recife,Corretor de imóveis,42,79488413949
Gabriela Teixeira Almeida,gabriela.teixeira.almeida.11409@example.com,Curitiba,Gerente de recursos humanos,23,22698852467
Lucas Costa Ribeiro,lucas.costa.ribeiro.11410@example.com,Belém,Eletricista,35,70259117545
Fernanda Monteiro Alves,fernanda.monteiro.alves.11411@example.com,Rio de Janeiro,Estoquista,57,52635555758
Amanda Alves Costa,amanda.alves.costa.11412@example.com,Rio de Janeiro,Assistente comercial,19,96518317195
Rafael Silva Oliveira,rafael.silva.oliveira.11413@example.com,Maringá,Mecânico,24,40277018838
Diego Dias Pereira,diego.dias.pereira.11414@example.com,Goiânia,Diretor de operações,18,73744480225
Vanessa Carvalho Almeida,vanessa.carvalho.almeida.11415@example.com,Porto Alegre,Comprador,67,43753928862
Daniela Martins Mendes,daniela.martins.mendes.11416@example.com,Joinville,Cozinheiro,48,76502337308
Bruno Santos Gomes,bruno.santos.gomes.11417@example.com,Niterói,Engenheiro civil,65,53883982029
Juliana Santos Teixeira,juliana.santos.teixeira.11418@example.com,Rondonópolis,Coordenador de marketing,21,82004127027
Mariana Barbosa Cardoso,mariana.barbosa.cardoso.11419@example.com,Florianópolis,Cozinheiro,40,32156367715
João Costa Dias,joao.costa.dias.11420@example.com,Maringá,Programador,56,31767906350
Igor Cardoso Almeida,igor.cardoso.almeida.11421@example.com,Uberlândia,Recepcionista,58,39102358199
Gustavo Monteiro Lima,gustavo.monteiro.lima.11422@example.com,Maringá,Diretor comercial,43,26661018966
Pedro Ribeiro Freitas,pedro.ribeiro.freitas.11423@example.com,Dourados,Técnico de enfermagem,54,52677268550
Otávio Gomes Rocha,otavio.gomes.rocha.11424@example.com,Rondonópolis,Padeiro,45,43757300394
Larissa Fernandes Castro,larissa.fernandes.castro.11425@example.com,Salvador,Coordenador de logística,45,71493299995
Sandra Alves Monteiro,sandra.alves.monteiro.11426@example.com,Santos,Analista financeiro,54,81315743576
Thiago Costa Almeida,thiago.costa.almeida.11427@example.com,São Paulo,Chefe de almoxarifado,43,18560574841
Vanessa Araújo Freitas,vanessa.araujo.freitas.11428@example.com,Maringá,Comprador,29,38866520585
Juliana Almeida Castro,juliana.almeida.castro.11429@example.com,Dourados,Farmacêutico,24,54838686396
Luana Castro Almeida,luana.castro.almeida.11430@example.com,Niterói,Gerente comercial,62,62210040438
Amanda Barbosa Almeida,amanda.barbosa.almeida.11431@example.com,Recife,Diretor comercial,36,30627827631
Rafael Araújo Ribeiro,rafael.araujo.ribeiro.11432@example.com,Joinville,Supervisor de qualidade,54,19671674261
Luana Martins Barbosa,luana.martins.barbosa.11433@example.com,Caxias do Sul,Designer gráfico,24,02621153573
Felipe Dias Martins,felipe.dias.martins.11434@example.com,Rondonópolis,Supervisor de vendas,32,09007619392
Letícia Mendes Araújo,leticia.mendes.araujo.11435@example.com,Campinas,Analista de recursos humanos,47,50514874285
José Pereira Monteiro,jose.pereira.monteiro.11436@example.com,Santos,Pedreiro,66,76686986631
Gustavo Carvalho Teixeira,gustavo.carvalho.teixeira.11437@example.com,Joinville,Diretor de operações,65,31770186356
Amanda Cardoso Mendes,amanda.cardoso.mendes.11438@example.com,Uberlândia,Estoquista,61,09593692944
Igor Dias Lima,igor.dias.lima.11439@example.com,Joinville,Gerente de operações,59,14274454783
Pedro Cardoso Gomes,pedro.cardoso.gomes.11440@example.com,Campinas,Analista financeiro,61,74779120349
Gustavo Martins Castro,gustavo.martins.castro.11441@example.com,Brasília,Comprador,19,48019390443
Simone Moreira Barros,simone.moreira.barros.11442@example.com,Belém,Assistente comercial,35,66570067099
Paulo Dias Barbosa,paulo.dias.barbosa.11443@example.com,Sorocaba,Estoquista,55,24599847617
Pedro Teixeira Martins,pedro.teixeira.martins.11444@example.com,Recife,Assistente comercial,31,30126999114
Gabriela Freitas Monteiro,gabriela.freitas.monteiro.11445@example.com,Niterói,Assistente administrativo,34,78686116066
Beatriz Castro Oliveira,beatriz.castro.oliveira.11446@example.com,Goiânia,Coordenador de produção,20,07682355014
Vinícius Carvalho Oliveira,vinicius.carvalho.oliveira.11447@example.com,Campinas,Supervisor de qualidade,24,37216543982
Gabriela Alves Rodrigues,gabriela.alves.rodrigues.11448@example.com,Niterói,Analista de dados,51,69125823370
Débora Ribeiro Fernandes,debora.ribeiro.fernandes.11449@example.com,Vitória,Diretor de operações,26,34759109787
Letícia Martins Teixeira,leticia.martins.teixeira.11450@example.com,Porto Alegre,Líder de equipe,34,70658254496
Larissa Araújo Silva,larissa.araujo.silva.11451@example.com,Cuiabá,Chefe de departamento pessoal,45,60657688151
Paulo Gomes Fernandes,paulo.gomes.fernandes.11452@example.com,Belo Horizonte,Nutricionista,67,28432335806
Simone Costa Castro,simone.costa.castro.11453@example.com,Belém,Motorista,54,82452457394
Sérgio Dias Alves,sergio.dias.alves.11454@example.com,Cuiabá,Motorista,36,62022172762
Nicolas Monteiro Cardoso,nicolas.monteiro.cardoso.11455@example.com,Goiânia,Técnico de segurança do trabalho,48,17226880072
Paulo Carvalho Ribeiro,paulo.carvalho.ribeiro.11456@example.com,Brasília,Advogado,20,71862054563
Beatriz Nascimento Nascimento,beatriz.nascimento.nascimento.11457@example.com,Curitiba,Chefe de almoxarifado,48,90008010923
Thiago Silva Rodrigues,thiago.silva.rodrigues.11458@example.com,Campinas,Supervisor de vendas,52,26525108878
Igor Teixeira Alves,igor.teixeira.alves.11459@example.com,Recife,Enfermeiro,53,45108916709
Priscila Mendes Barros,priscila.mendes.barros.11460@example.com,Campo Grande,Supervisor de qualidade,64,82621420760
Gustavo Barbosa Rodrigues,gustavo.barbosa.rodrigues.11461@example.com,Salvador,Encarregado de produção,67,48566287065
José Barbosa Moreira,jose.barbosa.moreira.11462@example.com,Recife,Operador de caixa,26,65245201184
José Moreira Rocha,jose.moreira.rocha.11463@example.com,Brasília,Gerente de operações,56,50602556122
Amanda Araújo Freitas,amanda.araujo.freitas.11464@example.com,Belém,Farmacêutico,43,94790935113
Diego Barros Moreira,diego.barros.moreira.11465@example.com,Joinville,Engenheiro civil,26,80911207008
Thiago Ribeiro Mendes,thiago.ribeiro.mendes.11466@example.com,Vitória,Supervisor de vendas,60,72481388660
Henrique Nascimento Cardoso,henrique.nascimento.cardoso.11467@example.com,Natal,Diretor de operações,35,21112618108
Eduardo Pereira Araújo,eduardo.pereira.araujo.11468@example.com,São Paulo,Eletricista,60,23998663289
Juliana Fernandes Dias,juliana.fernandes.dias.11469@example.com,Campo Grande,Analista de marketing,37,69701028147
Paulo Teixeira Lima,paulo.teixeira.lima.11470@example.com,Uberlândia,Assistente administrativo,24,15685690974
Camila Silva Ribeiro,camila.silva.ribeiro.11471@example.com,Maringá,Corretor de imóveis,44,13693912049
Sérgio Costa Freitas,sergio.costa.freitas.11472@example.com,Manaus,Atendente,40,59080624539
Gustavo Cardoso Fernandes,gustavo.cardoso.fernandes.11473@example.com,Curitiba,Líder de equipe,43,87924354176
Vitória Moreira Alves,vitoria.moreira.alves.11474@example.com,Campinas,Analista de dados,56,21360913700
Nicolas Fernandes Almeida,nicolas.fernandes.almeida.11475@example.com,Caxias do Sul,Advogado,43,41106864281
Juliana Ribeiro Lima,juliana.ribeiro.lima.11476@example.com,Rio de Janeiro,Chefe de departamento pessoal,28,08895589632
Thiago Souza Ribeiro,thiago.souza.ribeiro.11477@example.com,Santos,Coordenador administrativo,25,86037015980
Tatiane Freitas Costa,tatiane.freitas.costa.11478@example.com,Vitória,Mecânico,32,41341998703
Gustavo Oliveira Barbosa,gustavo.oliveira.barbosa.11479@example.com,Curitiba,Estoquista,52,71075823612
Mariana Martins Araújo,mariana.martins.araujo.11480@example.com,Sorocaba,Operador de caixa,33,28957709420
Diego Moreira Santos,diego.moreira.santos.11481@example.com,Porto Alegre,Enfermeiro,41,46997456422
Bruno Nascimento Souza,bruno.nascimento.souza.11482@example.com,Fortaleza,Nutricionista,69,17013954883
Eduardo Cardoso Castro,eduardo.cardoso.castro.11483@example.com,Rondonópolis,Nutricionista,24,71215596561
Beatriz Barros Dias,beatriz.barros.dias.11484@example.com,Dourados,Pedreiro,62,18957767029
Larissa Pereira Souza,larissa.pereira.souza.11485@example.com,Brasília,Assistente comercial,52,44235896432
Igor Lima Ribeiro,igor.lima.ribeiro.11486@example.com,Natal,Chefe de almoxarifado,33,55898527281
Thiago Rodrigues Souza,thiago.rodrigues.souza.11487@example.com,Manaus,Assistente administrativo,57,77260940033
Gustavo Araújo Oliveira,gustavo.araujo.oliveira.11488@example.com,Sorocaba,Chefe de almoxarifado,22,36222418758
Carlos Barros Almeida,carlos.barros.almeida.11489@example.com,Caxias do Sul,Chefe de almoxarifado,64,99581624380
Aline Souza Barbosa,aline.souza.barbosa.11490@example.com,Brasília,Técnico em informática,24,67104090921
Aline Fernandes Costa,aline.fernandes.costa.11491@example.com,Sorocaba,Farmacêutico,26,30795168715
Sandra Freitas Ribeiro,sandra.freitas.ribeiro.11492@example.com,Belém,Pedreiro,63,96817792847
Aline Santos Castro,aline.santos.castro.11493@example.com,Londrina,Jornalista,46,66920587058
Luana Gomes Castro,luana.gomes.castro.11494@example.com,Campinas,Professor,68,89527529185
Henrique Ribeiro Gomes,henrique.ribeiro.gomes.11495@example.com,Caxias do Sul,Técnico de segurança do trabalho,30,25100175472
Carolina Gomes Carvalho,carolina.gomes.carvalho.11496@example.com,Uberlândia,Supervisor de qualidade,48,46664286576
Henrique Pereira Rocha,henrique.pereira.rocha.11497@example.com,Porto Alegre,Gerente comercial,55,45256526831
Vanessa Gomes Moreira,vanessa.gomes.moreira.11498@example.com,Belém,Técnico em informática,63,86914320396
Bruno Pereira Costa,bruno.pereira.costa.11499@example.com,Recife,Operador de caixa,39,28446766886
Ana Barros Lima,ana.barros.lima.11500@example.com,Manaus,Auxiliar de produção,55,30894811446
Luana Cardoso Silva,luana.cardoso.silva.11501@example.com,Caxias do Sul,Analista financeiro,38,46289561538
Felipe Fernandes Carvalho,felipe.fernandes.carvalho.11502@example.com,Goiânia,Chefe de compras,35,88705000930
Ana Costa Monteiro,ana.costa.monteiro.11503@example.com,Manaus,Supervisor de vendas,32,55845510612
Patrícia Nascimento Mendes,patricia.nascimento.mendes.11504@example.com,Campinas,Atendente,39,47188812439
Mariana Dias Ribeiro,mariana.dias.ribeiro.11505@example.com,Dourados,Assistente administrativo,41,43772013387
Gabriel Barros Moreira,gabriel.barros.moreira.11506@example.com,São Paulo,Jornalista,19,22128011482
Lucas Almeida Fernandes,lucas.almeida.fernandes.11507@example.com,Caxias do Sul,Gerente comercial,28,52251835343
Marcelo Fernandes Mendes,marcelo.fernandes.mendes.11508@example.com,Caxias do Sul,Corretor de imóveis,55,90226782871
Ricardo Rodrigues Pereira,ricardo.rodrigues.pereira.11509@example.com,Goiânia,Líder de equipe,69,98575651293
Mariana Mendes Barros,mariana.mendes.barros.11510@example.com,Uberlândia,Supervisor de vendas,35,86577659031
Felipe Alves Almeida,felipe.alves.almeida.11511@example.com,Brasília,Técnico de enfermagem,36,53476043931
Amanda Santos Castro,amanda.santos.castro.11512@example.com,Fortaleza,Chefe de compras,46,64465300826
Lucas Alves Pereira,lucas.alves.pereira.11513@example.com,Uberlândia,Gerente financeiro,22,81979940865
Tatiane Souza Martins,tatiane.souza.martins.11514@example.com,Cuiabá,Assistente administrativo,36,17041519929
Gustavo Nascimento Mendes,gustavo.nascimento.mendes.11515@example.com,São Paulo,Atendente,25,75078002147
Amanda Nascimento Rocha,amanda.nascimento.rocha.11516@example.com,Recife,Atendente,27,85599203802
Carolina Martins Nascimento,carolina.martins.nascimento.11517@example.com,Salvador,Designer gráfico,31,44178713859
Bruno Gomes Oliveira,bruno.gomes.oliveira.11518@example.com,Manaus,Corretor de imóveis,50,47705741664
Ana Rocha Oliveira,ana.rocha.oliveira.11519@example.com,Curitiba,Diretor comercial,64,57752573609
Aline Dias Costa,aline.dias.costa.11520@example.com,Fortaleza,Supervisor de vendas,40,89749451728
Tatiane Cardoso Rodrigues,tatiane.cardoso.rodrigues.11521@example.com,Niterói,Gerente de recursos humanos,34,18780866760
Sérgio Rocha Carvalho,sergio.rocha.carvalho.11522@example.com,Porto Alegre,Encarregado de produção,42,83408981230
Simone Almeida Pereira,simone.almeida.pereira.11523@example.com,Goiânia,Gerente de recursos humanos,32,41657925242
Letícia Silva Nascimento,leticia.silva.nascimento.11524@example.com,Londrina,Encarregado de produção,50,82586475491
Vitória Monteiro Nascimento,vitoria.monteiro.nascimento.11525@example.com,Rondonópolis,Chefe de compras,59,27498482328
Renata Castro Cardoso,renata.castro.cardoso.11526@example.com,Brasília,Analista de recursos humanos,65,41007852730
João Ribeiro Araújo,joao.ribeiro.araujo.11527@example.com,Salvador,Supervisor de manutenção,25,97377425082
Marcelo Castro Barbosa,marcelo.castro.barbosa.11528@example.com,Rondonópolis,Enfermeiro,27,91117787251
Thiago Freitas Pereira,thiago.freitas.pereira.11529@example.com,Maringá,Técnico em informática,64,31261235702
Leonardo Barbosa Barros,leonardo.barbosa.barros.11530@example.com,Florianópolis,Designer gráfico,63,39548656806
Sérgio Teixeira Dias,sergio.teixeira.dias.11531@example.com,Curitiba,Padeiro,32,08716784353
Beatriz Martins Freitas,beatriz.martins.freitas.11532@example.com,Caxias do Sul,Pedreiro,27,93526152036
Luana Barros Martins,luana.barros.martins.11533@example.com,Rondonópolis,Supervisor de qualidade,68,90172579468
Sandra Gomes Moreira,sandra.gomes.moreira.11534@example.com,Uberlândia,Cozinheiro,41,08466263890
Lucas Cardoso Freitas,lucas.cardoso.freitas.11535@example.com,Santos,Pedreiro,66,43556767400
Eduardo Gomes Nascimento,eduardo.gomes.nascimento.11536@example.com,Vitória,Auxiliar de produção,65,33730834961
Ana Santos Barros,ana.santos.barros.11537@example.com,Caxias do Sul,Analista de dados,21,81157977495
Tatiane Mendes Carvalho,tatiane.mendes.carvalho.11538@example.com,Rio de Janeiro,Engenheiro civil,31,42745436172
Ricardo Barros Almeida,ricardo.barros.almeida.11539@example.com,Campinas,Comprador,27,59249618239
Débora Silva Lima,debora.silva.lima.11540@example.com,Maringá,Encarregado de produção,57,37325397974
Nicolas Carvalho Monteiro,nicolas.carvalho.monteiro.11541@example.com,Caxias do Sul,Gerente de operações,33,97582052475
Thiago Castro Gomes,thiago.castro.gomes.11542@example.com,Rondonópolis,Nutricionista,64,42828284321
Renata Alves Rodrigues,renata.alves.rodrigues.11543@example.com,Rio de Janeiro,Chefe de departamento pessoal,35,92550727526
Luana Fernandes Mendes,luana.fernandes.mendes.11544@example.com,Maringá,Engenheiro civil,49,21732684936
Bruno Castro Dias,bruno.castro.dias.11545@example.com,Niterói,Coordenador de produção,39,21226611767
Bruno Teixeira Souza,bruno.teixeira.souza.11546@example.com,Florianópolis,Analista financeiro,41,50340231763
Felipe Pereira Oliveira,felipe.pereira.oliveira.11547@example.com,Porto Alegre,Analista financeiro,54,57825214189
Letícia Alves Alves,leticia.alves.alves.11548@example.com,Fortaleza,Contador,41,91487931152
Larissa Dias Fernandes,larissa.dias.fernandes.11549@example.com,Salvador,Vendedor,46,42566463292
Sandra Costa Rocha,sandra.costa.rocha.11550@example.com,Natal,Gerente de recursos humanos,53,74755854208
Fernanda Alves Castro,fernanda.alves.castro.11551@example.com,Londrina,Mecânico,67,13571921260
Marcelo Gomes Dias,marcelo.gomes.dias.11552@example.com,Campo Grande,Técnico em informática,62,81288688093
Bruno Freitas Rocha,bruno.freitas.rocha.11553@example.com,Manaus,Analista de marketing,57,11438024521
Diego Costa Mendes,diego.costa.mendes.11554@example.com,Recife,Chefe de compras,36,24879850477
Simone Rocha Araújo,simone.rocha.araujo.11555@example.com,Cuiabá,Estoquista,46,99466341618
Nicolas Souza Castro,nicolas.souza.castro.11556@example.com,Curitiba,Supervisor de atendimento,20,79173811537
Beatriz Castro Barbosa,beatriz.castro.barbosa.11557@example.com,Recife,Padeiro,43,69411463204
Nicolas Rocha Martins,nicolas.rocha.martins.11558@example.com,Dourados,Diretor de operações,54,16861004030
Nicolas Oliveira Silva,nicolas.oliveira.silva.11559@example.com,Porto Alegre,Assistente administrativo,67,24609852568
Ana Rodrigues Gomes,ana.rodrigues.gomes.11560@example.com,Santos,Chefe de departamento pessoal,46,63368539957
Simone Silva Teixeira,simone.silva.teixeira.11561@example.com,Natal,Chefe de almoxarifado,20,40086066098
Eduardo Silva Cardoso,eduardo.silva.cardoso.11562@example.com,Joinville,Analista de dados,37,22718448266
Simone Rocha Martins,simone.rocha.martins.11563@example.com,Niterói,Atendente,62,34468913146
Henrique Barbosa Alves,henrique.barbosa.alves.11564@example.com,Manaus,Professor,21,43072910919
Pedro Mendes Freitas,pedro.mendes.freitas.11565@example.com,Florianópolis,Atendente,59,91597048039
Leonardo Monteiro Barros,leonardo.monteiro.barros.11566@example.com,Caxias do Sul,Fisioterapeuta,20,29423644952
Lucas Nascimento Ribeiro,lucas.nascimento.ribeiro.11567@example.com,Cuiabá,Engenheiro civil,24,24581484714
Eduardo Cardoso Moreira,eduardo.cardoso.moreira.11568@example.com,Joinville,Coordenador administrativo,63,67486618353
Henrique Moreira Castro,henrique.moreira.castro.11569@example.com,Goiânia,Eletricista,67,22897364425
Sandra Teixeira Freitas,sandra.teixeira.freitas.11570@example.com,Vitória,Supervisor de atendimento,48,40097774792
Eduardo Lima Rodrigues,eduardo.lima.rodrigues.11571@example.com,Belém,Diretor de operações,24,29965268519
Vinícius Carvalho Martins,vinicius.carvalho.martins.11572@example.com,Belo Horizonte,Supervisor de manutenção,19,37660366198
Gustavo Ribeiro Souza,gustavo.ribeiro.souza.11573@example.com,Fortaleza,Supervisor de manutenção,40,31816437963
Simone Freitas Ribeiro,simone.freitas.ribeiro.11574@example.com,Campo Grande,Supervisor de manutenção,20,71198730466
Marcelo Rocha Moreira,marcelo.rocha.moreira.11575@example.com,Santos,Supervisor de manutenção,40,29662183707
Sandra Almeida Carvalho,sandra.almeida.carvalho.11576@example.com,Cuiabá,Nutricionista,46,59158259182
Vitória Silva Nascimento,vitoria.silva.nascimento.11577@example.com,Niterói,Farmacêutico,50,67237048526
Luana Lima Carvalho,luana.lima.carvalho.11578@example.com,Porto Alegre,Contador,67,81801031746
Daniela Araújo Mendes,daniela.araujo.mendes.11579@example.com,Recife,Vendedor,22,12187923480
Diego Ribeiro Castro,diego.ribeiro.castro.11580@example.com,Campinas,Nutricionista,29,30840610024
Tatiane Mendes Barros,tatiane.mendes.barros.11581@example.com,Belo Horizonte,Operador de caixa,24,12413962817
Igor Araújo Monteiro,igor.araujo.monteiro.11582@example.com,Sorocaba,Nutricionista,40,09301744465
Larissa Monteiro Santos,larissa.monteiro.santos.11583@example.com,Manaus,Vendedor,26,39897347387
Vanessa Oliveira Cardoso,vanessa.oliveira.cardoso.11584@example.com,Rondonópolis,Chefe de compras,68,31524413417
Vitória Barbosa Pereira,vitoria.barbosa.pereira.11585@example.com,Porto Alegre,Fisioterapeuta,62,49113426432
Camila Carvalho Silva,camila.carvalho.silva.11586@example.com,Sorocaba,Coordenador de produção,44,64611419918
Sérgio Rodrigues Santos,sergio.rodrigues.santos.11587@example.com,Maringá,Designer gráfico,40,62539840716
Marcelo Santos Silva,marcelo.santos.silva.11588@example.com,Manaus,Engenheiro civil,18,35204991990
Mariana Araújo Pereira,mariana.araujo.pereira.11589@example.com,Salvador,Técnico de segurança do trabalho,24,48308245483
Luana Barbosa Ribeiro,luana.barbosa.ribeiro.11590@example.com,Campo Grande,Supervisor de vendas,65,91622227617
Fernanda Barros Oliveira,fernanda.barros.oliveira.11591@example.com,Santos,Assistente administrativo,63,25967749597
Camila Ribeiro Nascimento,camila.ribeiro.nascimento.11592@example.com,Brasília,Recepcionista,43,17448254022
Fernanda Silva Alves,fernanda.silva.alves.11593@example.com,Joinville,Técnico de segurança do trabalho,51,85777284023
Aline Rocha Barbosa,aline.rocha.barbosa.11594@example.com,Goiânia,Chefe de compras,33,04085351078
Nicolas Oliveira Barros,nicolas.oliveira.barros.11595@example.com,Uberlândia,Arquiteto,58,88976730653
Fernanda Dias Nascimento,fernanda.dias.nascimento.11596@example.com,Niterói,Nutricionista,39,43510231531
Patrícia Rocha Barros,patricia.rocha.barros.11597@example.com,Santos,Professor,34,44436765790
Ana Gomes Moreira,ana.gomes.moreira.11598@example.com,Uberlândia,Farmacêutico,55,54968339873
Vanessa Araújo Fernandes,vanessa.araujo.fernandes.11599@example.com,Londrina,Supervisor de vendas,46,95022679794
Luana Monteiro Santos,luana.monteiro.santos.11600@example.com,Dourados,Técnico de segurança do trabalho,68,31956628643
Gustavo Ribeiro Santos,gustavo.ribeiro.santos.11601@example.com,Belém,Engenheiro civil,41,70798777964
José Nascimento Oliveira,jose.nascimento.oliveira.11602@example.com,Belém,Arquiteto,31,33779409725
Gabriel Carvalho Dias,gabriel.carvalho.dias.11603@example.com,Maringá,Coordenador de marketing,24,77132657821
Marcelo Rodrigues Alves,marcelo.rodrigues.alves.11604@example.com,Campo Grande,Gerente comercial,59,09577561075
Paulo Castro Rodrigues,paulo.castro.rodrigues.11605@example.com,Niterói,Chefe de almoxarifado,68,41171677907
Felipe Barros Gomes,felipe.barros.gomes.11606@example.com,Sorocaba,Analista de recursos humanos,28,93943793078
Simone Almeida Barbosa,simone.almeida.barbosa.11607@example.com,Niterói,Chefe de departamento pessoal,55,99852699948
Aline Mendes Santos,aline.mendes.santos.11608@example.com,Rondonópolis,Programador,31,73064927568
Débora Costa Moreira,debora.costa.moreira.11609@example.com,Londrina,Engenheiro civil,42,45449882874
Patrícia Castro Nascimento,patricia.castro.nascimento.11610@example.com,Campinas,Analista de marketing,65,01302542875
Débora Moreira Araújo,debora.moreira.araujo.11611@example.com,Joinville,Nutricionista,49,36826593126
Amanda Pereira Martins,amanda.pereira.martins.11612@example.com,Rondonópolis,Supervisor de manutenção,46,20196430978
Priscila Nascimento Barros,priscila.nascimento.barros.11613@example.com,Dourados,Engenheiro civil,61,65056764079
Nicolas Alves Oliveira,nicolas.alves.oliveira.11614@example.com,Belo Horizonte,Motorista,44,49172613152
Juliana Silva Moreira,juliana.silva.moreira.11615@example.com,Rio de Janeiro,Eletricista,66,77367613762
Sérgio Almeida Santos,sergio.almeida.santos.11616@example.com,Uberlândia,Analista de marketing,21,85273513685
Débora Oliveira Souza,debora.oliveira.souza.11617@example.com,Londrina,Gerente de tecnologia,38,59085401127
Camila Pereira Nascimento,camila.pereira.nascimento.11618@example.com,Caxias do Sul,Gerente financeiro,59,83645401402
Eduardo Rocha Dias,eduardo.rocha.dias.11619@example.com,Campinas,Nutricionista,25,44321123944
Débora Gomes Cardoso,debora.gomes.cardoso.11620@example.com,Salvador,Analista de recursos humanos,70,13175702085
Ana Barros Alves,ana.barros.alves.11621@example.com,São Paulo,Analista financeiro,56,65806979395
Ana Castro Almeida,ana.castro.almeida.11622@example.com,Fortaleza,Analista de marketing,56,47549417108
Carlos Dias Rodrigues,carlos.dias.rodrigues.11623@example.com,Curitiba,Pedreiro,64,05495083946
Lucas Costa Oliveira,lucas.costa.oliveira.11624@example.com,Maringá,Chefe de almoxarifado,64,98766653346
Felipe Dias Teixeira,felipe.dias.teixeira.11625@example.com,Natal,Técnico de segurança do trabalho,45,65991577772
Priscila Oliveira Costa,priscila.oliveira.costa.11626@example.com,Campo Grande,Gerente de recursos humanos,41,88308758577
Amanda Souza Rodrigues,amanda.souza.rodrigues.11627@example.com,Londrina,Farmacêutico,18,95170851741
Camila Moreira Souza,camila.moreira.souza.11628@example.com,Goiânia,Gerente de recursos humanos,69,76389232640
Aline Oliveira Souza,aline.oliveira.souza.11629@example.com,Rio de Janeiro,Nutricionista,39,98290813504
Simone Oliveira Gomes,simone.oliveira.gomes.11630@example.com,Belo Horizonte,Nutricionista,23,42477024027
Vanessa Barbosa Castro,vanessa.barbosa.castro.11631@example.com,Belo Horizonte,Atendente,65,35736883373
Letícia Martins Monteiro,leticia.martins.monteiro.11632@example.com,São Paulo,Auxiliar de produção,35,42015362730
Amanda Barros Lima,amanda.barros.lima.11633@example.com,Campo Grande,Chefe de almoxarifado,21,56357799100
Bruno Martins Nascimento,bruno.martins.nascimento.11634@example.com,Campinas,Fisioterapeuta,66,03214376489
Tatiane Almeida Almeida,tatiane.almeida.almeida.11635@example.com,Londrina,Advogado,55,22710390082
José Alves Santos,jose.alves.santos.11636@example.com,Campo Grande,Nutricionista,33,49129787930
Tatiane Castro Santos,tatiane.castro.santos.11637@example.com,Londrina,Vendedor,29,30098000695
Bruno Barbosa Santos,bruno.barbosa.santos.11638@example.com,Dourados,Chefe de departamento pessoal,52,69476354653
Letícia Cardoso Souza,leticia.cardoso.souza.11639@example.com,Maringá,Supervisor de qualidade,39,89964593931
Amanda Carvalho Mendes,amanda.carvalho.mendes.11640@example.com,Caxias do Sul,Nutricionista,41,91897933676
Thiago Barbosa Araújo,thiago.barbosa.araujo.11641@example.com,Brasília,Contador,56,07185455335
Simone Oliveira Freitas,simone.oliveira.freitas.11642@example.com,Santos,Analista financeiro,54,85566660374
Bruno Pereira Monteiro,bruno.pereira.monteiro.11643@example.com,São Paulo,Atendente,51,46523443451
Beatriz Almeida Barbosa,beatriz.almeida.barbosa.11644@example.com,Natal,Assistente administrativo,60,53104945751
Thiago Barros Souza,thiago.barros.souza.11645@example.com,Rondonópolis,Técnico de segurança do trabalho,22,09007820451
Gustavo Oliveira Martins,gustavo.oliveira.martins.11646@example.com,Vitória,Auxiliar de produção,18,26155047660
Priscila Oliveira Mendes,priscila.oliveira.mendes.11647@example.com,Vitória,Programador,19,22341524134
Rafael Castro Alves,rafael.castro.alves.11648@example.com,Vitória,Recepcionista,18,35187667721
Luana Gomes Teixeira,luana.gomes.teixeira.11649@example.com,Londrina,Arquiteto,32,42645741297
Paulo Carvalho Costa,paulo.carvalho.costa.11650@example.com,Curitiba,Coordenador de produção,65,87742048539
Sérgio Barros Rodrigues,sergio.barros.rodrigues.11651@example.com,Maringá,Arquiteto,64,84705213799
Gabriela Mendes Rocha,gabriela.mendes.rocha.11652@example.com,Salvador,Contador,51,44750228441
José Rocha Santos,jose.rocha.santos.11653@example.com,Florianópolis,Comprador,36,76924831531
Amanda Rodrigues Barbosa,amanda.rodrigues.barbosa.11654@example.com,Uberlândia,Cozinheiro,46,07087046465
Luana Barros Barbosa,luana.barros.barbosa.11655@example.com,Sorocaba,Coordenador de produção,57,04642760840
Daniela Dias Nascimento,daniela.dias.nascimento.11656@example.com,Dourados,Supervisor de qualidade,40,03296661226
Rafael Nascimento Alves,rafael.nascimento.alves.11657@example.com,Recife,Coordenador de marketing,25,87704583142
Carolina Barbosa Costa,carolina.barbosa.costa.11658@example.com,Uberlândia,Assistente comercial,23,19282260800
Carlos Ribeiro Barros,carlos.ribeiro.barros.11659@example.com,São Paulo,Analista financeiro,34,36556139892
Lucas Rocha Dias,lucas.rocha.dias.11660@example.com,Fortaleza,Corretor de imóveis,61,89587962570
Gustavo Castro Teixeira,gustavo.castro.teixeira.11661@example.com,Fortaleza,Assistente administrativo,64,34738281721
Daniela Souza Lima,daniela.souza.lima.11662@example.com,Rondonópolis,Chefe de departamento pessoal,58,56091371234
Eduardo Oliveira Mendes,eduardo.oliveira.mendes.11663@example.com,Vitória,Designer gráfico,59,41177197047
Paulo Oliveira Monteiro,paulo.oliveira.monteiro.11664@example.com,Cuiabá,Operador de caixa,70,60653726927
Mariana Araújo Martins,mariana.araujo.martins.11665@example.com,Caxias do Sul,Arquiteto,43,64915144987
Camila Dias Mendes,camila.dias.mendes.11666@example.com,Porto Alegre,Jornalista,37,82660814101
Ana Carvalho Moreira,ana.carvalho.moreira.11667@example.com,Santos,Arquiteto,23,66784356807
Gustavo Rodrigues Oliveira,gustavo.rodrigues.oliveira.11668@example.com,Londrina,Estoquista,37,80793222164
Priscila Costa Fernandes,priscila.costa.fernandes.11669@example.com,Vitória,Gerente comercial,38,85003964725
Carlos Araújo Barros,carlos.araujo.barros.11670@example.com,Caxias do Sul,Técnico de enfermagem,32,99476007853
Luana Nascimento Santos,luana.nascimento.santos.11671@example.com,Campo Grande,Comprador,63,20252189517
Tatiane Martins Dias,tatiane.martins.dias.11672@example.com,Florianópolis,Designer gráfico,65,88585005080
Thiago Rodrigues Barbosa,thiago.rodrigues.barbosa.11673@example.com,Natal,Analista de dados,40,50120958189
Vitória Moreira Dias,vitoria.moreira.dias.11674@example.com,Rio de Janeiro,Coordenador de logística,62,48087362229
Patrícia Monteiro Pereira,patricia.monteiro.pereira.11675@example.com,Porto Alegre,Recepcionista,29,04408676356
Letícia Nascimento Alves,leticia.nascimento.alves.11676@example.com,Goiânia,Supervisor de qualidade,37,66584278474
Henrique Barros Rocha,henrique.barros.rocha.11677@example.com,Rondonópolis,Professor,26,81755918683
Letícia Nascimento Fernandes,leticia.nascimento.fernandes.11678@example.com,Goiânia,Analista de dados,36,60208215030
Priscila Cardoso Teixeira,priscila.cardoso.teixeira.11679@example.com,Goiânia,Encarregado de produção,28,30099812259
Priscila Ribeiro Ribeiro,priscila.ribeiro.ribeiro.11680@example.com,Natal,Técnico de enfermagem,18,77150381956
Daniela Nascimento Souza,daniela.nascimento.souza.11681@example.com,Santos,Técnico de enfermagem,25,53261414299
Daniela Dias Souza,daniela.dias.souza.11682@example.com,Natal,Analista financeiro,20,74580517260
Mariana Martins Lima,mariana.martins.lima.11683@example.com,Campinas,Analista de dados,59,21956393127
Igor Alves Silva,igor.alves.silva.11684@example.com,Belo Horizonte,Assistente comercial,20,45404356779
Thiago Rocha Monteiro,thiago.rocha.monteiro.11685@example.com,Manaus,Fisioterapeuta,66,27598277385
Renata Dias Alves,renata.dias.alves.11686@example.com,Vitória,Corretor de imóveis,35,65109894756
Eduardo Gomes Moreira,eduardo.gomes.moreira.11687@example.com,São Paulo,Coordenador de produção,62,79154082759
Ricardo Freitas Alves,ricardo.freitas.alves.11688@example.com,Cuiabá,Programador,24,41923736037
Carlos Pereira Almeida,carlos.pereira.almeida.11689@example.com,Florianópolis,Chefe de departamento pessoal,61,06846644757
Ana Moreira Martins,ana.moreira.martins.11690@example.com,Campinas,Analista de dados,42,03245609190
Paulo Oliveira Fernandes,paulo.oliveira.fernandes.11691@example.com,Natal,Auxiliar de produção,59,75892598504
Ricardo Souza Silva,ricardo.souza.silva.11692@example.com,Maringá,Analista financeiro,59,96878474273
Vinícius Oliveira Monteiro,vinicius.oliveira.monteiro.11693@example.com,Curitiba,Advogado,39,05563171144
Luana Carvalho Lima,luana.carvalho.lima.11694@example.com,Florianópolis,Gerente financeiro,52,50575689439
Amanda Silva Cardoso,amanda.silva.cardoso.11695@example.com,São Paulo,Nutricionista,46,33512887338
Henrique Rocha Carvalho,henrique.rocha.carvalho.11696@example.com,Dourados,Líder de equipe,26,63390797427
Mariana Cardoso Rocha,mariana.cardoso.rocha.11697@example.com,Niterói,Operador de caixa,44,21823152615
Luana Mendes Moreira,luana.mendes.moreira.11698@example.com,Manaus,Diretor comercial,25,25154216341
Rafael Rocha Barbosa,rafael.rocha.barbosa.11699@example.com,Salvador,Chefe de departamento pessoal,70,11001608482
Larissa Cardoso Almeida,larissa.cardoso.almeida.11700@example.com,Vitória,Coordenador de marketing,29,54909986658
Daniela Freitas Barros,daniela.freitas.barros.11701@example.com,Sorocaba,Nutricionista,35,37926215045
Camila Castro Castro,camila.castro.castro.11702@example.com,Dourados,Eletricista,69,62003889864
João Freitas Nascimento,joao.freitas.nascimento.11703@example.com,Vitória,Comprador,37,22328246025
Felipe Moreira Nascimento,felipe.moreira.nascimento.11704@example.com,Fortaleza,Pedreiro,49,66188752245
Igor Barros Santos,igor.barros.santos.11705@example.com,Belo Horizonte,Supervisor de qualidade,56,54488134631
Aline Martins Silva,aline.martins.silva.11706@example.com,Niterói,Auxiliar de produção,51,99393700029
Vinícius Oliveira Mendes,vinicius.oliveira.mendes.11707@example.com,Belém,Gerente de recursos humanos,21,14000951626
Igor Araújo Fernandes,igor.araujo.fernandes.11708@example.com,Dourados,Chefe de compras,43,60662675478
Vitória Pereira Dias,vitoria.pereira.dias.11709@example.com,Campo Grande,Analista de dados,27,07673190018
Thiago Fernandes Moreira,thiago.fernandes.moreira.11710@example.com,Joinville,Gerente de tecnologia,65,69367344505
Diego Mendes Dias,diego.mendes.dias.11711@example.com,Salvador,Supervisor de atendimento,66,66243972406
Fernanda Castro Ribeiro,fernanda.castro.ribeiro.11712@example.com,Niterói,Supervisor de atendimento,67,87904325808
Juliana Santos Barros,juliana.santos.barros.11713@example.com,Cuiabá,Nutricionista,23,07695913826
Letícia Dias Barbosa,leticia.dias.barbosa.11714@example.com,Curitiba,Designer gráfico,37,12554132094
Carlos Cardoso Santos,carlos.cardoso.santos.11715@example.com,Fortaleza,Gerente financeiro,58,32004001685
Priscila Nascimento Castro,priscila.nascimento.castro.11716@example.com,Natal,Coordenador administrativo,58,44763721824
Gustavo Rodrigues Castro,gustavo.rodrigues.castro.11717@example.com,Campo Grande,Programador,33,64951185258
Carlos Nascimento Nascimento,carlos.nascimento.nascimento.11718@example.com,Natal,Chefe de almoxarifado,55,63599966585
Priscila Souza Moreira,priscila.souza.moreira.11719@example.com,Florianópolis,Professor,68,18473300960
Bruno Araújo Lima,bruno.araujo.lima.11720@example.com,Curitiba,Programador,64,14765913330
Luana Barros Santos,luana.barros.santos.11721@example.com,Florianópolis,Coordenador de produção,25,50823713541
Felipe Fernandes Rodrigues,felipe.fernandes.rodrigues.11722@example.com,Maringá,Supervisor de atendimento,39,99925415933
Renata Nascimento Martins,renata.nascimento.martins.11723@example.com,Dourados,Técnico de enfermagem,46,51796815406
Juliana Martins Barros,juliana.martins.barros.11724@example.com,Campo Grande,Analista de dados,31,55666659467
Renata Alves Araújo,renata.alves.araujo.11725@example.com,Curitiba,Atendente,25,33385862925
Diego Rodrigues Monteiro,diego.rodrigues.monteiro.11726@example.com,Sorocaba,Técnico de segurança do trabalho,70,81639223804
Lucas Rocha Martins,lucas.rocha.martins.11727@example.com,Cuiabá,Motorista,22,68954817992
Patrícia Silva Cardoso,patricia.silva.cardoso.11728@example.com,Florianópolis,Arquiteto,42,15663520073
Luana Silva Fernandes,luana.silva.fernandes.11729@example.com,Rondonópolis,Chefe de departamento pessoal,36,07906274723
Renata Araújo Fernandes,renata.araujo.fernandes.11730@example.com,São Paulo,Supervisor de qualidade,45,88848410463
Vanessa Souza Almeida,vanessa.souza.almeida.11731@example.com,Manaus,Diretor comercial,33,48034670042
Luana Dias Araújo,luana.dias.araujo.11732@example.com,Santos,Gerente financeiro,27,48206461445
Bruno Rocha Silva,bruno.rocha.silva.11733@example.com,Curitiba,Gerente de tecnologia,18,27293449018
Amanda Lima Pereira,amanda.lima.pereira.11734@example.com,Niterói,Comprador,50,46334120245
Ricardo Moreira Nascimento,ricardo.moreira.nascimento.11735@example.com,Manaus,Chefe de compras,52,96602441518
Otávio Ribeiro Barbosa,otavio.ribeiro.barbosa.11736@example.com,Santos,Advogado,62,54783622508
Henrique Ribeiro Rodrigues,henrique.ribeiro.rodrigues.11737@example.com,Rondonópolis,Vendedor,64,17751649371
Bruno Silva Oliveira,bruno.silva.oliveira.11738@example.com,Manaus,Auxiliar de produção,41,11072237246
Ana Mendes Rocha,ana.mendes.rocha.11739@example.com,Vitória,Arquiteto,66,60413632680
Patrícia Fernandes Fernandes,patricia.fernandes.fernandes.11740@example.com,Campo Grande,Atendente,52,72637690354
Vanessa Teixeira Silva,vanessa.teixeira.silva.11741@example.com,Cuiabá,Diretor comercial,49,43236682231
Fernanda Rodrigues Alves,fernanda.rodrigues.alves.11742@example.com,Fortaleza,Gerente financeiro,23,94920639902
Débora Moreira Pereira,debora.moreira.pereira.11743@example.com,São Paulo,Mecânico,38,01820689972
Ricardo Oliveira Lima,ricardo.oliveira.lima.11744@example.com,Campo Grande,Coordenador de logística,18,08980911863
Letícia Almeida Carvalho,leticia.almeida.carvalho.11745@example.com,Goiânia,Técnico de segurança do trabalho,27,30949262834
Gustavo Gomes Souza,gustavo.gomes.souza.11746@example.com,Florianópolis,Coordenador de marketing,20,21554494763
Patrícia Barbosa Monteiro,patricia.barbosa.monteiro.11747@example.com,Belo Horizonte,Analista de dados,66,12099039421
Gustavo Costa Carvalho,gustavo.costa.carvalho.11748@example.com,Vitória,Analista de marketing,21,80155499668
Amanda Oliveira Castro,amanda.oliveira.castro.11749@example.com,Uberlândia,Coordenador de logística,24,42322216126
Nicolas Oliveira Lima,nicolas.oliveira.lima.11750@example.com,Campo Grande,Designer gráfico,69,83897256740
Carolina Dias Silva,carolina.dias.silva.11751@example.com,Manaus,Gerente de tecnologia,27,77879447656
Paulo Nascimento Monteiro,paulo.nascimento.monteiro.11752@example.com,Joinville,Programador,54,43770483542
Vitória Almeida Moreira,vitoria.almeida.moreira.11753@example.com,Niterói,Encarregado de produção,18,52735875501
Luana Barros Costa,luana.barros.costa.11754@example.com,Dourados,Cozinheiro,50,62903957017
Thiago Cardoso Gomes,thiago.cardoso.gomes.11755@example.com,Uberlândia,Contador,24,81932017585
Vinícius Gomes Pereira,vinicius.gomes.pereira.11756@example.com,Porto Alegre,Gerente de recursos humanos,51,45561377859
Mariana Costa Carvalho,mariana.costa.carvalho.11757@example.com,Uberlândia,Líder de equipe,36,41352617737
Otávio Almeida Fernandes,otavio.almeida.fernandes.11758@example.com,Santos,Técnico de enfermagem,43,30748838093
Vitória Ribeiro Teixeira,vitoria.ribeiro.teixeira.11759@example.com,São Paulo,Coordenador de logística,37,10784445376
Igor Moreira Mendes,igor.moreira.mendes.11760@example.com,Niterói,Analista de dados,30,17199733802
Luana Souza Carvalho,luana.souza.carvalho.11761@example.com,Dourados,Comprador,69,68591536613
Letícia Martins Santos,leticia.martins.santos.11762@example.com,Belém,Chefe de compras,68,29525739708
Leonardo Oliveira Moreira,leonardo.oliveira.moreira.11763@example.com,Campinas,Atendente,42,74359420045
Vinícius Barbosa Martins,vinicius.barbosa.martins.11764@example.com,Niterói,Analista de recursos humanos,43,04444094070
Thiago Oliveira Ribeiro,thiago.oliveira.ribeiro.11765@example.com,Maringá,Supervisor de vendas,55,70929629784
Gabriel Teixeira Fernandes,gabriel.teixeira.fernandes.11766@example.com,Natal,Motorista,30,65672283299
Beatriz Rodrigues Costa,beatriz.rodrigues.costa.11767@example.com,Maringá,Analista financeiro,60,40013850422
Nicolas Castro Moreira,nicolas.castro.moreira.11768@example.com,Caxias do Sul,Chefe de compras,65,44111731411
Renata Rodrigues Cardoso,renata.rodrigues.cardoso.11769@example.com,Belo Horizonte,Advogado,53,30314857559
Simone Costa Freitas,simone.costa.freitas.11770@example.com,Rio de Janeiro,Vendedor,65,61907304812
Thiago Lima Dias,thiago.lima.dias.11771@example.com,Belo Horizonte,Contador,51,55302779999
Letícia Barros Rocha,leticia.barros.rocha.11772@example.com,Manaus,Nutricionista,61,06123406662
Aline Rodrigues Almeida,aline.rodrigues.almeida.11773@example.com,Vitória,Farmacêutico,34,39438139230
Ana Carvalho Gomes,ana.carvalho.gomes.11774@example.com,Salvador,Jornalista,25,12020574863
Beatriz Rocha Lima,beatriz.rocha.lima.11775@example.com,Belém,Mecânico,49,96313061658
Carlos Silva Nascimento,carlos.silva.nascimento.11776@example.com,Natal,Gerente financeiro,30,47221783217
Patrícia Mendes Monteiro,patricia.mendes.monteiro.11777@example.com,Recife,Designer gráfico,21,11236226804
Luana Nascimento Rocha,luana.nascimento.rocha.11778@example.com,Joinville,Designer gráfico,43,41058280661
Letícia Mendes Silva,leticia.mendes.silva.11779@example.com,Porto Alegre,Estoquista,35,02424169718
Felipe Martins Barros,felipe.martins.barros.11780@example.com,Rio de Janeiro,Nutricionista,35,10161798384
Beatriz Fernandes Santos,beatriz.fernandes.santos.11781@example.com,Dourados,Analista de recursos humanos,48,10275777516
Henrique Mendes Santos,henrique.mendes.santos.11782@example.com,Brasília,Técnico de segurança do trabalho,53,74743939579
Carolina Gomes Monteiro,carolina.gomes.monteiro.11783@example.com,Campinas,Programador,27,11360269894
Gustavo Nascimento Silva,gustavo.nascimento.silva.11784@example.com,São Paulo,Chefe de almoxarifado,33,39234484933
Felipe Silva Freitas,felipe.silva.freitas.11785@example.com,Manaus,Coordenador de marketing,50,67859219147
Larissa Almeida Costa,larissa.almeida.costa.11786@example.com,Campo Grande,Pedreiro,43,69920124899
Vinícius Moreira Monteiro,vinicius.moreira.monteiro.11787@example.com,Porto Alegre,Assistente comercial,60,86433761186
Beatriz Rocha Gomes,beatriz.rocha.gomes.11788@example.com,Campo Grande,Técnico de segurança do trabalho,70,35092879798
Rafael Almeida Silva,rafael.almeida.silva.11789@example.com,Manaus,Gerente de tecnologia,60,95614788100
Marcelo Monteiro Alves,marcelo.monteiro.alves.11790@example.com,Fortaleza,Gerente de tecnologia,40,75461435319
Gabriel Rodrigues Nascimento,gabriel.rodrigues.nascimento.11791@example.com,Salvador,Coordenador de marketing,20,98533981812
Sandra Oliveira Castro,sandra.oliveira.castro.11792@example.com,Dourados,Fisioterapeuta,58,42600396957
Beatriz Oliveira Monteiro,beatriz.oliveira.monteiro.11793@example.com,Salvador,Jornalista,63,79898404426
Fernanda Alves Barbosa,fernanda.alves.barbosa.11794@example.com,Vitória,Chefe de compras,48,40793979859
João Moreira Cardoso,joao.moreira.cardoso.11795@example.com,Maringá,Supervisor de atendimento,19,93355642553
Bruno Oliveira Barbosa,bruno.oliveira.barbosa.11796@example.com,Campinas,Analista de marketing,38,60474458913
Letícia Alves Oliveira,leticia.alves.oliveira.11797@example.com,Caxias do Sul,Coordenador de logística,18,02240642898
Eduardo Almeida Carvalho,eduardo.almeida.carvalho.11798@example.com,São Paulo,Programador,44,85261717943
Igor Carvalho Lima,igor.carvalho.lima.11799@example.com,Dourados,Cozinheiro,50,87060206262
Camila Cardoso Lima,camila.cardoso.lima.11800@example.com,Caxias do Sul,Recepcionista,45,34505371537
Paulo Silva Fernandes,paulo.silva.fernandes.11801@example.com,Vitória,Diretor de operações,43,85612633429
Daniela Costa Moreira,daniela.costa.moreira.11802@example.com,Florianópolis,Técnico de enfermagem,38,93210218309
Gabriela Martins Freitas,gabriela.martins.freitas.11803@example.com,Campo Grande,Diretor comercial,51,94682731989
Ana Pereira Alves,ana.pereira.alves.11804@example.com,Brasília,Líder de equipe,49,59095439786
João Rocha Mendes,joao.rocha.mendes.11805@example.com,Vitória,Nutricionista,25,17599696605
Lucas Costa Rodrigues,lucas.costa.rodrigues.11806@example.com,Rondonópolis,Designer gráfico,26,62000002420
Vitória Barbosa Almeida,vitoria.barbosa.almeida.11807@example.com,Belo Horizonte,Arquiteto,70,13021086960
Felipe Martins Barros,felipe.martins.barros.11808@example.com,Uberlândia,Assistente comercial,55,27640307871
Vitória Barbosa Castro,vitoria.barbosa.castro.11809@example.com,Dourados,Designer gráfico,65,03711405031
Beatriz Barros Alves,beatriz.barros.alves.11810@example.com,Caxias do Sul,Operador de caixa,62,31717040759
Pedro Teixeira Freitas,pedro.teixeira.freitas.11811@example.com,Rio de Janeiro,Nutricionista,18,38650901287
Rafael Barbosa Gomes,rafael.barbosa.gomes.11812@example.com,Natal,Líder de equipe,21,64342392284
Otávio Almeida Fernandes,otavio.almeida.fernandes.11813@example.com,Caxias do Sul,Padeiro,58,99907772121
Igor Santos Alves,igor.santos.alves.11814@example.com,Fortaleza,Eletricista,46,69685292041
Vinícius Oliveira Barros,vinicius.oliveira.barros.11815@example.com,Santos,Professor,35,46773683152
Vanessa Nascimento Barros,vanessa.nascimento.barros.11816@example.com,Santos,Supervisor de atendimento,66,77520613678
Lucas Fernandes Ribeiro,lucas.fernandes.ribeiro.11817@example.com,Brasília,Encarregado de produção,33,99596209001
Felipe Dias Rocha,felipe.dias.rocha.11818@example.com,Rio de Janeiro,Padeiro,48,92082054817
Renata Gomes Costa,renata.gomes.costa.11819@example.com,Brasília,Analista de marketing,62,74706165371
Sérgio Ribeiro Barbosa,sergio.ribeiro.barbosa.11820@example.com,Maringá,Corretor de imóveis,47,66155018406
Beatriz Alves Rocha,beatriz.alves.rocha.11821@example.com,Caxias do Sul,Mecânico,58,84845572006
Fernanda Nascimento Alves,fernanda.nascimento.alves.11822@example.com,Fortaleza,Gerente comercial,67,30063522033
Luana Costa Alves,luana.costa.alves.11823@example.com,São Paulo,Pedreiro,24,99390337470
Eduardo Ribeiro Barbosa,eduardo.ribeiro.barbosa.11824@example.com,Fortaleza,Auxiliar de produção,24,34331326026
Simone Freitas Gomes,simone.freitas.gomes.11825@example.com,Campinas,Coordenador de marketing,37,30360711816
Henrique Castro Costa,henrique.castro.costa.11826@example.com,Manaus,Técnico em informática,69,35123722235
Leonardo Araújo Ribeiro,leonardo.araujo.ribeiro.11827@example.com,Belém,Estoquista,59,50445962593
Letícia Lima Lima,leticia.lima.lima.11828@example.com,Maringá,Comprador,55,20538700653
Otávio Santos Rocha,otavio.santos.rocha.11829@example.com,Rio de Janeiro,Gerente financeiro,50,82390543244
Beatriz Martins Mendes,beatriz.martins.mendes.11830@example.com,Uberlândia,Motorista,69,89226614808
Aline Pereira Mendes,aline.pereira.mendes.11831@example.com,Uberlândia,Programador,63,51901648960
Letícia Rodrigues Castro,leticia.rodrigues.castro.11832@example.com,Rio de Janeiro,Técnico de enfermagem,62,32741557257
Letícia Carvalho Silva,leticia.carvalho.silva.11833@example.com,Goiânia,Auxiliar de produção,32,98038585677
Fernanda Oliveira Almeida,fernanda.oliveira.almeida.11834@example.com,Goiânia,Engenheiro civil,22,72417447209
Daniela Barbosa Pereira,daniela.barbosa.pereira.11835@example.com,Sorocaba,Supervisor de qualidade,24,78904910976
Leonardo Barbosa Fernandes,leonardo.barbosa.fernandes.11836@example.com,Campinas,Enfermeiro,30,92186508169
Beatriz Alves Nascimento,beatriz.alves.nascimento.11837@example.com,Salvador,Técnico em informática,23,73519823901
Ricardo Cardoso Araújo,ricardo.cardoso.araujo.11838@example.com,Sorocaba,Analista de recursos humanos,29,13514033171
Marcelo Souza Ribeiro,marcelo.souza.ribeiro.11839@example.com,Sorocaba,Recepcionista,61,53946315086
Pedro Mendes Ribeiro,pedro.mendes.ribeiro.11840@example.com,Cuiabá,Coordenador administrativo,43,40217245833
Eduardo Dias Martins,eduardo.dias.martins.11841@example.com,Campinas,Enfermeiro,50,14839158327
Gabriela Rodrigues Lima,gabriela.rodrigues.lima.11842@example.com,Belo Horizonte,Líder de equipe,21,93536937622
José Araújo Pereira,jose.araujo.pereira.11843@example.com,Manaus,Encarregado de produção,35,71752276009
Daniela Fernandes Oliveira,daniela.fernandes.oliveira.11844@example.com,Salvador,Chefe de almoxarifado,24,72338373313
Diego Gomes Monteiro,diego.gomes.monteiro.11845@example.com,Goiânia,Assistente administrativo,29,69754288304
Vanessa Carvalho Costa,vanessa.carvalho.costa.11846@example.com,Cuiabá,Líder de equipe,68,05401030626
Larissa Lima Araújo,larissa.lima.araujo.11847@example.com,Caxias do Sul,Gerente de tecnologia,60,14616881712
Fernanda Teixeira Araújo,fernanda.teixeira.araujo.11848@example.com,Vitória,Programador,43,86915854179
Vanessa Barros Martins,vanessa.barros.martins.11849@example.com,Londrina,Encarregado de produção,37,33805352905
Leonardo Martins Mendes,leonardo.martins.mendes.11850@example.com,Belém,Padeiro,70,46975627037
Bruno Oliveira Costa,bruno.oliveira.costa.11851@example.com,Joinville,Encarregado de produção,34,25594317574
Carolina Lima Pereira,carolina.lima.pereira.11852@example.com,Natal,Corretor de imóveis,53,51818698717
Tatiane Dias Lima,tatiane.dias.lima.11853@example.com,Caxias do Sul,Programador,51,39188701052
Simone Castro Costa,simone.castro.costa.11854@example.com,Manaus,Gerente de recursos humanos,40,72473827845
Sandra Dias Alves,sandra.dias.alves.11855@example.com,Curitiba,Programador,40,37371716171
João Santos Cardoso,joao.santos.cardoso.11856@example.com,Joinville,Designer gráfico,35,00160374221
Bruno Araújo Pereira,bruno.araujo.pereira.11857@example.com,Dourados,Eletricista,39,24565352488
Vitória Nascimento Lima,vitoria.nascimento.lima.11858@example.com,Cuiabá,Padeiro,55,02827478755
Aline Lima Teixeira,aline.lima.teixeira.11859@example.com,Belo Horizonte,Programador,69,24968025884
Amanda Ribeiro Monteiro,amanda.ribeiro.monteiro.11860@example.com,Rondonópolis,Assistente comercial,31,77332904824
Carolina Nascimento Barbosa,carolina.nascimento.barbosa.11861@example.com,Rondonópolis,Mecânico,41,70171160355
Diego Cardoso Ribeiro,diego.cardoso.ribeiro.11862@example.com,Maringá,Assistente comercial,36,56874449873
Vitória Lima Barros,vitoria.lima.barros.11863@example.com,Campinas,Supervisor de manutenção,32,96199893390
Ricardo Rocha Lima,ricardo.rocha.lima.11864@example.com,Rio de Janeiro,Comprador,27,14074676181
Carlos Souza Mendes,carlos.souza.mendes.11865@example.com,Salvador,Coordenador de marketing,58,91124670043
Tatiane Pereira Santos,tatiane.pereira.santos.11866@example.com,Joinville,Motorista,32,01608572467
Débora Teixeira Barros,debora.teixeira.barros.11867@example.com,Caxias do Sul,Coordenador de produção,61,28197185712
Otávio Castro Mendes,otavio.castro.mendes.11868@example.com,Belém,Assistente administrativo,28,55225116754
Daniela Fernandes Silva,daniela.fernandes.silva.11869@example.com,Sorocaba,Professor,43,80971334847
Aline Carvalho Dias,aline.carvalho.dias.11870@example.com,Fortaleza,Vendedor,51,93327219326
Ana Costa Souza,ana.costa.souza.11871@example.com,Brasília,Chefe de almoxarifado,45,02623746214
Bruno Freitas Fernandes,bruno.freitas.fernandes.11872@example.com,Manaus,Supervisor de manutenção,49,37392073217
Vanessa Pereira Carvalho,vanessa.pereira.carvalho.11873@example.com,Belo Horizonte,Supervisor de manutenção,23,35196577430
Pedro Cardoso Castro,pedro.cardoso.castro.11874@example.com,Campo Grande,Atendente,65,79546947443
Patrícia Alves Fernandes,patricia.alves.fernandes.11875@example.com,São Paulo,Operador de caixa,40,87462787502
João Alves Rocha,joao.alves.rocha.11876@example.com,Belém,Mecânico,30,21772527646
Daniela Mendes Barros,daniela.mendes.barros.11877@example.com,Brasília,Gerente de recursos humanos,42,28698096791
Rafael Ribeiro Rodrigues,rafael.ribeiro.rodrigues.11878@example.com,Joinville,Padeiro,63,25143743790
Simone Alves Moreira,simone.alves.moreira.11879@example.com,Brasília,Estoquista,52,16476100067
Patrícia Dias Nascimento,patricia.dias.nascimento.11880@example.com,Campinas,Coordenador de produção,67,10965941656
Vanessa Barros Santos,vanessa.barros.santos.11881@example.com,Salvador,Advogado,66,88636441652
Sérgio Costa Nascimento,sergio.costa.nascimento.11882@example.com,Santos,Assistente administrativo,29,49058645784
Lucas Castro Almeida,lucas.castro.almeida.11883@example.com,Curitiba,Programador,27,86171283974
Igor Nascimento Souza,igor.nascimento.souza.11884@example.com,Dourados,Analista de recursos humanos,61,28828163731
Eduardo Oliveira Santos,eduardo.oliveira.santos.11885@example.com,Natal,Líder de equipe,30,42379847356
Bruno Costa Fernandes,bruno.costa.fernandes.11886@example.com,Maringá,Gerente de recursos humanos,20,73861432276
Mariana Castro Monteiro,mariana.castro.monteiro.11887@example.com,Fortaleza,Pedreiro,43,01889046030
Ana Barbosa Silva,ana.barbosa.silva.11888@example.com,Salvador,Coordenador de marketing,52,75645191663
Fernanda Silva Ribeiro,fernanda.silva.ribeiro.11889@example.com,Londrina,Técnico em informática,37,40431013890
Juliana Rocha Dias,juliana.rocha.dias.11890@example.com,Manaus,Diretor comercial,26,30344686581
Luana Gomes Alves,luana.gomes.alves.11891@example.com,Vitória,Analista de marketing,29,97896108082
Igor Cardoso Carvalho,igor.cardoso.carvalho.11892@example.com,Belém,Assistente administrativo,45,44080253898
Thiago Freitas Martins,thiago.freitas.martins.11893@example.com,Campinas,Coordenador de logística,40,31907222278
Paulo Teixeira Silva,paulo.teixeira.silva.11894@example.com,Joinville,Supervisor de atendimento,59,16986784969
Pedro Araújo Pereira,pedro.araujo.pereira.11895@example.com,Belo Horizonte,Coordenador administrativo,30,45822670145
Rafael Freitas Teixeira,rafael.freitas.teixeira.11896@example.com,Niterói,Analista de marketing,69,89150342530
Lucas Rocha Freitas,lucas.rocha.freitas.11897@example.com,Natal,Diretor de operações,28,63649781988
Carolina Nascimento Castro,carolina.nascimento.castro.11898@example.com,Belém,Líder de equipe,53,48883009281
Simone Nascimento Nascimento,simone.nascimento.nascimento.11899@example.com,Campo Grande,Jornalista,49,47594035911
Camila Rodrigues Monteiro,camila.rodrigues.monteiro.11900@example.com,Campinas,Designer gráfico,32,92037171116
Fernanda Dias Rodrigues,fernanda.dias.rodrigues.11901@example.com,Curitiba,Gerente financeiro,38,17523008062
Camila Cardoso Monteiro,camila.cardoso.monteiro.11902@example.com,Caxias do Sul,Professor,70,20775560583
Patrícia Lima Rodrigues,patricia.lima.rodrigues.11903@example.com,Natal,Farmacêutico,61,58904505687
Diego Rodrigues Dias,diego.rodrigues.dias.11904@example.com,Salvador,Mecânico,38,87669933561
Amanda Rocha Martins,amanda.rocha.martins.11905@example.com,Joinville,Arquiteto,33,83190727428
Vanessa Rocha Lima,vanessa.rocha.lima.11906@example.com,Santos,Coordenador de produção,65,95661026151
Camila Freitas Araújo,camila.freitas.araujo.11907@example.com,Belo Horizonte,Professor,65,22316673487
Amanda Dias Teixeira,amanda.dias.teixeira.11908@example.com,Joinville,Diretor comercial,69,45829188520
Beatriz Lima Souza,beatriz.lima.souza.11909@example.com,Campo Grande,Assistente comercial,60,27012931727
Gabriela Pereira Cardoso,gabriela.pereira.cardoso.11910@example.com,Fortaleza,Chefe de compras,66,84252026604
Larissa Mendes Alves,larissa.mendes.alves.11911@example.com,Campo Grande,Programador,21,10201490671
Diego Rodrigues Costa,diego.rodrigues.costa.11912@example.com,Sorocaba,Coordenador de marketing,27,88817431789
Juliana Moreira Ribeiro,juliana.moreira.ribeiro.11913@example.com,Manaus,Atendente,50,19896338842
Patrícia Costa Souza,patricia.costa.souza.11914@example.com,Manaus,Coordenador de marketing,20,70346737460
Sérgio Ribeiro Alves,sergio.ribeiro.alves.11915@example.com,Florianópolis,Engenheiro civil,56,45557487807
Renata Souza Castro,renata.souza.castro.11916@example.com,Salvador,Recepcionista,32,37918675916
Camila Freitas Nascimento,camila.freitas.nascimento.11917@example.com,Fortaleza,Nutricionista,40,84126111257
Letícia Martins Almeida,leticia.martins.almeida.11918@example.com,Curitiba,Diretor comercial,53,68526177136
Gabriel Costa Martins,gabriel.costa.martins.11919@example.com,Porto Alegre,Gerente de operações,61,98949625414
Daniela Martins Rodrigues,daniela.martins.rodrigues.11920@example.com,Maringá,Vendedor,47,52089121046
Gustavo Pereira Rodrigues,gustavo.pereira.rodrigues.11921@example.com,Belém,Coordenador de marketing,30,12243281375
Sérgio Teixeira Martins,sergio.teixeira.martins.11922@example.com,Fortaleza,Chefe de departamento pessoal,54,76383080428
Tatiane Martins Oliveira,tatiane.martins.oliveira.11923@example.com,Recife,Professor,33,08207809732
Camila Almeida Lima,camila.almeida.lima.11924@example.com,Caxias do Sul,Programador,62,54596521294
Ricardo Fernandes Martins,ricardo.fernandes.martins.11925@example.com,Dourados,Analista de dados,21,51303876833
Camila Costa Nascimento,camila.costa.nascimento.11926@example.com,Campinas,Recepcionista,43,15286871576
Leonardo Costa Gomes,leonardo.costa.gomes.11927@example.com,Campo Grande,Advogado,18,95778636222
Débora Nascimento Silva,debora.nascimento.silva.11928@example.com,Uberlândia,Recepcionista,21,38871064320
Ana Almeida Mendes,ana.almeida.mendes.11929@example.com,Recife,Analista de recursos humanos,41,12850756278
Felipe Cardoso Souza,felipe.cardoso.souza.11930@example.com,Fortaleza,Assistente administrativo,44,33574212970
Priscila Barros Martins,priscila.barros.martins.11931@example.com,Santos,Fisioterapeuta,20,91253531184
Mariana Rodrigues Almeida,mariana.rodrigues.almeida.11932@example.com,Dourados,Arquiteto,44,36762975604
Simone Ribeiro Alves,simone.ribeiro.alves.11933@example.com,Rio de Janeiro,Arquiteto,38,08029654389
Aline Monteiro Monteiro,aline.monteiro.monteiro.11934@example.com,Maringá,Jornalista,27,55163741521
Tatiane Moreira Moreira,tatiane.moreira.moreira.11935@example.com,Vitória,Estoquista,47,12287957153
Ana Alves Lima,ana.alves.lima.11936@example.com,Joinville,Técnico de enfermagem,38,90754980986
Gabriel Alves Lima,gabriel.alves.lima.11937@example.com,Belém,Operador de caixa,55,35130847127
Vanessa Ribeiro Fernandes,vanessa.ribeiro.fernandes.11938@example.com,Fortaleza,Auxiliar de produção,36,92362274399
Larissa Silva Castro,larissa.silva.castro.11939@example.com,Porto Alegre,Farmacêutico,62,40386230267
Vitória Martins Fernandes,vitoria.martins.fernandes.11940@example.com,Belém,Padeiro,20,19547168071
Ricardo Silva Teixeira,ricardo.silva.teixeira.11941@example.com,Londrina,Coordenador de marketing,38,74126763063
Aline Rocha Rocha,aline.rocha.rocha.11942@example.com,Dourados,Supervisor de manutenção,32,75410508704
Letícia Nascimento Lima,leticia.nascimento.lima.11943@example.com,Manaus,Padeiro,61,46507219232
Henrique Pereira Carvalho,henrique.pereira.carvalho.11944@example.com,Belo Horizonte,Encarregado de produção,37,64318760030
Débora Almeida Moreira,debora.almeida.moreira.11945@example.com,Vitória,Coordenador administrativo,22,23095662477
Ricardo Martins Nascimento,ricardo.martins.nascimento.11946@example.com,Niterói,Engenheiro civil,45,11105676919
Lucas Barbosa Ribeiro,lucas.barbosa.ribeiro.11947@example.com,Florianópolis,Chefe de almoxarifado,30,14871939776
Gabriela Monteiro Monteiro,gabriela.monteiro.monteiro.11948@example.com,Campo Grande,Supervisor de qualidade,55,84333957150
Otávio Barros Barros,otavio.barros.barros.11949@example.com,Belém,Coordenador de marketing,41,42469115042
Felipe Dias Cardoso,felipe.dias.cardoso.11950@example.com,Uberlândia,Assistente administrativo,27,54700970705
Letícia Pereira Almeida,leticia.pereira.almeida.11951@example.com,São Paulo,Jornalista,59,19405496548
Amanda Santos Lima,amanda.santos.lima.11952@example.com,São Paulo,Analista financeiro,67,96209028968
Daniela Monteiro Costa,daniela.monteiro.costa.11953@example.com,Goiânia,Analista financeiro,60,84048829149
Igor Araújo Mendes,igor.araujo.mendes.11954@example.com,Santos,Assistente comercial,52,66912971682
Felipe Lima Castro,felipe.lima.castro.11955@example.com,Belém,Engenheiro civil,49,96889672132
Paulo Barbosa Pereira,paulo.barbosa.pereira.11956@example.com,Niterói,Engenheiro civil,38,74803671781
Amanda Souza Barbosa,amanda.souza.barbosa.11957@example.com,Salvador,Jornalista,49,74175190900
Paulo Martins Carvalho,paulo.martins.carvalho.11958@example.com,Salvador,Coordenador administrativo,29,91192113576
Otávio Costa Ribeiro,otavio.costa.ribeiro.11959@example.com,Manaus,Técnico em informática,38,71100110048
Felipe Lima Almeida,felipe.lima.almeida.11960@example.com,Londrina,Gerente de recursos humanos,65,94658925709
Vitória Castro Cardoso,vitoria.castro.cardoso.11961@example.com,Natal,Arquiteto,60,29352984780
Priscila Cardoso Almeida,priscila.cardoso.almeida.11962@example.com,Dourados,Analista de dados,22,24181938343
Bruno Fernandes Costa,bruno.fernandes.costa.11963@example.com,Goiânia,Vendedor,56,66517594976
Carlos Oliveira Fernandes,carlos.oliveira.fernandes.11964@example.com,Joinville,Gerente de operações,36,25802229939
Gabriel Rocha Barros,gabriel.rocha.barros.11965@example.com,Uberlândia,Enfermeiro,47,37685226248
Letícia Alves Carvalho,leticia.alves.carvalho.11966@example.com,Campinas,Contador,30,14259412656
Simone Costa Lima,simone.costa.lima.11967@example.com,Dourados,Farmacêutico,61,94672699087
Sandra Dias Dias,sandra.dias.dias.11968@example.com,Campinas,Encarregado de produção,19,96128035999
Leonardo Rocha Castro,leonardo.rocha.castro.11969@example.com,Florianópolis,Técnico em informática,49,48516656079
Leonardo Ribeiro Costa,leonardo.ribeiro.costa.11970@example.com,Manaus,Engenheiro civil,46,63001027499
Eduardo Lima Barbosa,eduardo.lima.barbosa.11971@example.com,Campinas,Gerente de tecnologia,32,12726721136
Gabriela Fernandes Silva,gabriela.fernandes.silva.11972@example.com,Brasília,Nutricionista,18,66049342901
Débora Mendes Freitas,debora.mendes.freitas.11973@example.com,Cuiabá,Professor,65,67469453899
Carolina Freitas Carvalho,carolina.freitas.carvalho.11974@example.com,Recife,Vendedor,19,81901615280
Larissa Gomes Nascimento,larissa.gomes.nascimento.11975@example.com,Cuiabá,Programador,47,21067254461
Gabriel Lima Silva,gabriel.lima.silva.11976@example.com,Niterói,Gerente de operações,53,45144614910
Igor Moreira Carvalho,igor.moreira.carvalho.11977@example.com,Londrina,Auxiliar de produção,59,84716476263
Larissa Gomes Ribeiro,larissa.gomes.ribeiro.11978@example.com,Maringá,Gerente financeiro,60,98632545043
Juliana Castro Costa,juliana.castro.costa.11979@example.com,Florianópolis,Supervisor de qualidade,31,73345267566
Renata Pereira Fernandes,renata.pereira.fernandes.11980@example.com,Fortaleza,Coordenador de produção,38,12643081059
Ana Freitas Souza,ana.freitas.souza.11981@example.com,Curitiba,Atendente,67,15983001987
Luana Martins Monteiro,luana.martins.monteiro.11982@example.com,Salvador,Programador,47,72797893809
Sandra Souza Rocha,sandra.souza.rocha.11983@example.com,Florianópolis,Chefe de compras,27,49888355369
Pedro Fernandes Castro,pedro.fernandes.castro.11984@example.com,Recife,Comprador,46,46406870823
Thiago Martins Castro,thiago.martins.castro.11985@example.com,Fortaleza,Motorista,68,85415392482
João Monteiro Carvalho,joao.monteiro.carvalho.11986@example.com,Goiânia,Coordenador de marketing,48,65675047311
Carolina Castro Dias,carolina.castro.dias.11987@example.com,Salvador,Nutricionista,47,77105660125
Vanessa Cardoso Souza,vanessa.cardoso.souza.11988@example.com,Recife,Designer gráfico,30,22678306982
Vitória Mendes Costa,vitoria.mendes.costa.11989@example.com,Cuiabá,Técnico em informática,67,28299732515
Felipe Freitas Costa,felipe.freitas.costa.11990@example.com,Joinville,Chefe de compras,53,02904329810
Ana Pereira Alves,ana.pereira.alves.11991@example.com,Campinas,Vendedor,39,57846571639
Vinícius Ribeiro Freitas,vinicius.ribeiro.freitas.11992@example.com,Porto Alegre,Líder de equipe,66,40019851262
Marcelo Rodrigues Dias,marcelo.rodrigues.dias.11993@example.com,Caxias do Sul,Chefe de compras,52,57984804871
Simone Barbosa Barbosa,simone.barbosa.barbosa.11994@example.com,Natal,Líder de equipe,35,93763661741
Igor Dias Cardoso,igor.dias.cardoso.11995@example.com,Porto Alegre,Gerente financeiro,29,05589609002
Otávio Moreira Pereira,otavio.moreira.pereira.11996@example.com,Belém,Vendedor,39,92805608852
Vanessa Castro Ribeiro,vanessa.castro.ribeiro.11997@example.com,São Paulo,Coordenador de produção,65,25761116023
Tatiane Teixeira Mendes,tatiane.teixeira.mendes.11998@example.com,Campinas,Padeiro,40,23578501745
Felipe Costa Souza,felipe.costa.souza.11999@example.com,Caxias do Sul,Analista financeiro,39,41104939026
Leonardo Castro Souza,leonardo.castro.souza.12000@example.com,Belo Horizonte,Farmacêutico,26,16555512299
