nome,email,cidade,profissao,idade,cpf
Rafael Ribeiro Barros,rafael.ribeiro.barros.24001@example.com,Fortaleza,Advogado,25,59633826494
Pedro Moreira Martins,pedro.moreira.martins.24002@example.com,Santos,Encarregado de produção,65,78674057220
Otávio Ribeiro Alves,otavio.ribeiro.alves.24003@example.com,Curitiba,Líder de equipe,60,12284084938
Amanda Castro Pereira,amanda.castro.pereira.24004@example.com,Caxias do Sul,Gerente de tecnologia,48,39190424111
Juliana Monteiro Fernandes,juliana.monteiro.fernandes.24005@example.com,Campo Grande,Padeiro,20,58347669646
Marcelo Moreira Pereira,marcelo.moreira.pereira.24006@example.com,São Paulo,Recepcionista,48,10112180327
Letícia Rocha Oliveira,leticia.rocha.oliveira.24007@example.com,Sorocaba,Recepcionista,23,91526493498
Luana Carvalho Santos,luana.carvalho.santos.24008@example.com,Rondonópolis,Advogado,64,06604689230
Luana Mendes Martins,luana.mendes.martins.24009@example.com,Caxias do Sul,Gerente financeiro,39,48917119022
Paulo Costa Pereira,paulo.costa.pereira.24010@example.com,Dourados,Líder de equipe,46,19550727304
Aline Mendes Alves,aline.mendes.alves.24011@example.com,Londrina,Encarregado de produção,24,02608402547
Leonardo Oliveira Moreira,leonardo.oliveira.moreira.24012@example.com,Londrina,Pedreiro,67,67770297735
Rafael Santos Alves,rafael.santos.alves.24013@example.com,Rondonópolis,Gerente de operações,49,84243902937
Marcelo Almeida Gomes,marcelo.almeida.gomes.24014@example.com,Florianópolis,Chefe de compras,39,76736917953
Sérgio Mendes Almeida,sergio.mendes.almeida.24015@example.com,São Paulo,Estoquista,42,23109172806
Sérgio Cardoso Oliveira,sergio.cardoso.oliveira.24016@example.com,Rio de Janeiro,Arquiteto,30,26664760093
Sérgio Barros Alves,sergio.barros.alves.24017@example.com,Campinas,Coordenador de logística,24,61426376062
Carlos Araújo Santos,carlos.araujo.santos.24018@example.com,Vitória,Programador,43,97169485877
Aline Carvalho Castro,aline.carvalho.castro.24019@example.com,Uberlândia,Padeiro,25,76447748971
Gustavo Pereira Pereira,gustavo.pereira.pereira.24020@example.com,Brasília,Pedreiro,35,97818816403
Eduardo Ribeiro Alves,eduardo.ribeiro.alves.24021@example.com,Salvador,Auxiliar de produção,36,50359651336
Juliana Barbosa Costa,juliana.barbosa.costa.24022@example.com,Vitória,Pedreiro,57,66269770749
Vinícius Moreira Teixeira,vinicius.moreira.teixeira.24023@example.com,Brasília,Eletricista,23,23989156748
Carlos Mendes Silva,carlos.mendes.silva.24024@example.com,Vitória,Analista de dados,67,03403236047
Aline Oliveira Barbosa,aline.oliveira.barbosa.24025@example.com,Cuiabá,Vendedor,40,27033598009
Diego Cardoso Fernandes,diego.cardoso.fernandes.24026@example.com,Londrina,Auxiliar de produção,24,08077866136
Gabriel Almeida Cardoso,gabriel.almeida.cardoso.24027@example.com,Rondonópolis,Gerente financeiro,18,91366494569
Diego Nascimento Rocha,diego.nascimento.rocha.24028@example.com,Maringá,Auxiliar de produção,19,91223532872
Marcelo Ribeiro Barbosa,marcelo.ribeiro.barbosa.24029@example.com,Campinas,Comprador,58,55040178629
Débora Cardoso Oliveira,debora.cardoso.oliveira.24030@example.com,Campo Grande,Coordenador de produção,50,89826251991
Rafael Fernandes Araújo,rafael.fernandes.araujo.24031@example.com,Manaus,Advogado,20,91664261642
Luana Barbosa Rodrigues,luana.barbosa.rodrigues.24032@example.com,Porto Alegre,Motorista,38,74503152379
Juliana Costa Carvalho,juliana.costa.carvalho.24033@example.com,Florianópolis,Enfermeiro,24,96813527304
Luana Rocha Moreira,luana.rocha.moreira.24034@example.com,Goiânia,Eletricista,63,82297231934
Amanda Alves Araújo,amanda.alves.araujo.24035@example.com,Caxias do Sul,Motorista,50,01667588064
Eduardo Alves Gomes,eduardo.alves.gomes.24036@example.com,Sorocaba,Atendente,69,57040419224
Mariana Alves Alves,mariana.alves.alves.24037@example.com,Campinas,Farmacêutico,25,81627297946
Gustavo Fernandes Moreira,gustavo.fernandes.moreira.24038@example.com,Cuiabá,Nutricionista,56,95836686908
Luana Fernandes Barros,luana.fernandes.barros.24039@example.com,Curitiba,Mecânico,45,37011927994
Nicolas Lima Nascimento,nicolas.lima.nascimento.24040@example.com,Natal,Advogado,34,09867154396
Rafael Gomes Silva,rafael.gomes.silva.24041@example.com,Santos,Analista de recursos humanos,30,14688592906
Juliana Monteiro Almeida,juliana.monteiro.almeida.24042@example.com,Campinas,Analista financeiro,35,72820599951
Juliana Alves Moreira,juliana.alves.moreira.24043@example.com,Campinas,Chefe de compras,70,42204501593
Bruno Gomes Oliveira,bruno.gomes.oliveira.24044@example.com,Recife,Encarregado de produção,65,37101330535
Mariana Martins Fernandes,mariana.martins.fernandes.24045@example.com,Rio de Janeiro,Operador de caixa,43,57319382204
Daniela Santos Mendes,daniela.santos.mendes.24046@example.com,Recife,Coordenador administrativo,65,21351028763
Marcelo Costa Carvalho,marcelo.costa.carvalho.24047@example.com,Natal,Professor,67,93700696547
Gabriela Lima Pereira,gabriela.lima.pereira.24048@example.com,Porto Alegre,Supervisor de manutenção,20,69607692654
Fernanda Mendes Pereira,fernanda.mendes.pereira.24049@example.com,Recife,Gerente de tecnologia,48,01226845961
Lucas Ribeiro Moreira,lucas.ribeiro.moreira.24050@example.com,Belo Horizonte,Arquiteto,42,44392925835
Renata Nascimento Almeida,renata.nascimento.almeida.24051@example.com,Belo Horizonte,Técnico de enfermagem,21,55536297641
Débora Almeida Ribeiro,debora.almeida.ribeiro.24052@example.com,Fortaleza,Gerente de tecnologia,31,29263483968
Vitória Cardoso Oliveira,vitoria.cardoso.oliveira.24053@example.com,Florianópolis,Diretor comercial,65,60366023177
Patrícia Souza Barros,patricia.souza.barros.24054@example.com,Rio de Janeiro,Líder de equipe,32,62981812401
Thiago Alves Cardoso,thiago.alves.cardoso.24055@example.com,Joinville,Contador,37,77887392577
Felipe Almeida Moreira,felipe.almeida.moreira.24056@example.com,Curitiba,Enfermeiro,57,63393046517
Nicolas Cardoso Carvalho,nicolas.cardoso.carvalho.24057@example.com,Cuiabá,Fisioterapeuta,58,24904371929
Pedro Martins Monteiro,pedro.martins.monteiro.24058@example.com,Vitória,Corretor de imóveis,60,18220693485
Aline Martins Oliveira,aline.martins.oliveira.24059@example.com,Santos,Corretor de imóveis,65,76742669203
João Carvalho Souza,joao.carvalho.souza.24060@example.com,Belo Horizonte,Gerente de operações,22,66313832280
Patrícia Barbosa Carvalho,patricia.barbosa.carvalho.24061@example.com,Manaus,Gerente de tecnologia,50,60808917816
Diego Martins Castro,diego.martins.castro.24062@example.com,Campo Grande,Recepcionista,67,75017332707
Renata Cardoso Mendes,renata.cardoso.mendes.24063@example.com,Sorocaba,Coordenador de marketing,38,80042884497
Sérgio Mendes Alves,sergio.mendes.alves.24064@example.com,Rondonópolis,Coordenador de produção,54,21214208783
Leonardo Ribeiro Araújo,leonardo.ribeiro.araujo.24065@example.com,Londrina,Coordenador de marketing,53,95242293265
Patrícia Ribeiro Mendes,patricia.ribeiro.mendes.24066@example.com,Manaus,Supervisor de qualidade,31,92403019682
Fernanda Dias Alves,fernanda.dias.alves.24067@example.com,Rondonópolis,Gerente de tecnologia,19,80396258369
Débora Carvalho Monteiro,debora.carvalho.monteiro.24068@example.com,Caxias do Sul,Coordenador de logística,51,56164139686
Débora Gomes Barros,debora.gomes.barros.24069@example.com,Salvador,Coordenador administrativo,44,55271720620
Gabriela Freitas Gomes,gabriela.freitas.gomes.24070@example.com,Joinville,Supervisor de vendas,64,84864770347
Igor Nascimento Oliveira,igor.nascimento.oliveira.24071@example.com,Niterói,Supervisor de atendimento,49,64540586138
Fernanda Rocha Gomes,fernanda.rocha.gomes.24072@example.com,Londrina,Técnico de enfermagem,62,95274386021
Vanessa Oliveira Moreira,vanessa.oliveira.moreira.24073@example.com,Recife,Corretor de imóveis,32,54507874919
João Souza Costa,joao.souza.costa.24074@example.com,Goiânia,Chefe de departamento pessoal,36,26941771927
Vinícius Freitas Cardoso,vinicius.freitas.cardoso.24075@example.com,Londrina,Fisioterapeuta,38,03427992535
Gabriel Pereira Martins,gabriel.pereira.martins.24076@example.com,Belém,Pedreiro,48,39593090027
Gabriel Mendes Lima,gabriel.mendes.lima.24077@example.com,Uberlândia,Motorista,40,03871204020
Sandra Costa Souza,sandra.costa.souza.24078@example.com,Recife,Gerente de operações,43,73235036463
Fernanda Santos Freitas,fernanda.santos.freitas.24079@example.com,Rondonópolis,Fisioterapeuta,60,16826464384
Patrícia Fernandes Oliveira,patricia.fernandes.oliveira.24080@example.com,Belém,Chefe de almoxarifado,21,81910661229
Rafael Teixeira Dias,rafael.teixeira.dias.24081@example.com,Recife,Enfermeiro,47,40921581211
Diego Castro Martins,diego.castro.martins.24082@example.com,Joinville,Padeiro,49,25743258899
Fernanda Santos Rocha,fernanda.santos.rocha.24083@example.com,Sorocaba,Técnico em informática,62,97050887241
Ricardo Mendes Castro,ricardo.mendes.castro.24084@example.com,Cuiabá,Motorista,26,70776522733
Ricardo Nascimento Pereira,ricardo.nascimento.pereira.24085@example.com,Londrina,Mecânico,59,83450858077
Carolina Barros Cardoso,carolina.barros.cardoso.24086@example.com,Belém,Analista de marketing,36,75339071903
Otávio Mendes Monteiro,otavio.mendes.monteiro.24087@example.com,Porto Alegre,Diretor de operações,29,68438219557
Larissa Lima Costa,larissa.lima.costa.24088@example.com,Belém,Analista financeiro,23,81464152679
João Costa Lima,joao.costa.lima.24089@example.com,Goiânia,Supervisor de vendas,21,04359906907
Gabriela Souza Oliveira,gabriela.souza.oliveira.24090@example.com,Goiânia,Técnico em informática,31,12370900961
José Barbosa Dias,jose.barbosa.dias.24091@example.com,Joinville,Chefe de almoxarifado,53,75158055282
Nicolas Costa Rodrigues,nicolas.costa.rodrigues.24092@example.com,Belo Horizonte,Advogado,48,36308030886
Ricardo Rodrigues Teixeira,ricardo.rodrigues.teixeira.24093@example.com,Cuiabá,Programador,56,68845292408
Marcelo Mendes Gomes,marcelo.mendes.gomes.24094@example.com,Goiânia,Programador,55,34014283463
Nicolas Monteiro Martins,nicolas.monteiro.martins.24095@example.com,Sorocaba,Corretor de imóveis,29,98901245375
Pedro Araújo Castro,pedro.araujo.castro.24096@example.com,Sorocaba,Mecânico,69,66303638579
Henrique Fernandes Gomes,henrique.fernandes.gomes.24097@example.com,Brasília,Programador,57,10451505688
Marcelo Martins Souza,marcelo.martins.souza.24098@example.com,Curitiba,Coordenador de logística,51,70689232389
Larissa Santos Alves,larissa.santos.alves.24099@example.com,Curitiba,Comprador,46,48797829677
José Castro Souza,jose.castro.souza.24100@example.com,Niterói,Recepcionista,39,41931767348
Pedro Costa Dias,pedro.costa.dias.24101@example.com,Santos,Analista de recursos humanos,26,03192423684
Beatriz Moreira Gomes,beatriz.moreira.gomes.24102@example.com,Londrina,Recepcionista,53,26738481206
Gustavo Martins Lima,gustavo.martins.lima.24103@example.com,Londrina,Vendedor,40,65783982697
Ana Martins Nascimento,ana.martins.nascimento.24104@example.com,Maringá,Padeiro,51,35389535545
Diego Lima Gomes,diego.lima.gomes.24105@example.com,Salvador,Coordenador de produção,39,19628294211
Renata Alves Barbosa,renata.alves.barbosa.24106@example.com,Cuiabá,Designer gráfico,47,73271674818
Amanda Monteiro Rocha,amanda.monteiro.rocha.24107@example.com,Natal,Auxiliar de produção,55,91758686578
Vanessa Teixeira Cardoso,vanessa.teixeira.cardoso.24108@example.com,Belém,Gerente financeiro,26,89623258289
Priscila Cardoso Dias,priscila.cardoso.dias.24109@example.com,Brasília,Comprador,64,04183135971
Carolina Santos Barbosa,carolina.santos.barbosa.24110@example.com,Brasília,Jornalista,36,41080380834
Simone Mendes Fernandes,simone.mendes.fernandes.24111@example.com,Florianópolis,Designer gráfico,53,81115913017
Luana Santos Cardoso,luana.santos.cardoso.24112@example.com,Dourados,Auxiliar de produção,29,55443489282
Daniela Castro Alves,daniela.castro.alves.24113@example.com,Maringá,Vendedor,25,09615903388
Camila Rocha Moreira,camila.rocha.moreira.24114@example.com,Florianópolis,Contador,33,90734808952
Bruno Pereira Araújo,bruno.pereira.araujo.24115@example.com,São Paulo,Fisioterapeuta,42,88808115715
Simone Nascimento Silva,simone.nascimento.silva.24116@example.com,São Paulo,Enfermeiro,53,15670798107
Felipe Ribeiro Mendes,felipe.ribeiro.mendes.24117@example.com,Belém,Coordenador de produção,21,41007698959
Simone Mendes Barbosa,simone.mendes.barbosa.24118@example.com,Belo Horizonte,Gerente de operações,39,66555481030
Fernanda Santos Lima,fernanda.santos.lima.24119@example.com,Londrina,Supervisor de atendimento,20,24599608189
Gustavo Lima Alves,gustavo.lima.alves.24120@example.com,Curitiba,Coordenador de marketing,64,33298012770
Otávio Dias Gomes,otavio.dias.gomes.24121@example.com,Rio de Janeiro,Coordenador de logística,66,30055120213
Gabriel Barbosa Pereira,gabriel.barbosa.pereira.24122@example.com,Natal,Pedreiro,22,46330957886
Mariana Monteiro Freitas,mariana.monteiro.freitas.24123@example.com,Sorocaba,Enfermeiro,69,92134320827
Rafael Araújo Castro,rafael.araujo.castro.24124@example.com,Sorocaba,Diretor de operações,33,62028630918
Carlos Barros Cardoso,carlos.barros.cardoso.24125@example.com,Cuiabá,Cozinheiro,33,85163337968
Sandra Oliveira Carvalho,sandra.oliveira.carvalho.24126@example.com,Campo Grande,Auxiliar de produção,67,91832131152
Gabriela Almeida Ribeiro,gabriela.almeida.ribeiro.24127@example.com,Recife,Eletricista,57,94281343817
Eduardo Cardoso Costa,eduardo.cardoso.costa.24128@example.com,Salvador,Padeiro,34,96274429788
Lucas Teixeira Lima,lucas.teixeira.lima.24129@example.com,Campo Grande,Analista de recursos humanos,58,43180490325
Juliana Santos Teixeira,juliana.santos.teixeira.24130@example.com,Vitória,Diretor de operações,30,00489782783
Camila Souza Freitas,camila.souza.freitas.24131@example.com,Brasília,Comprador,27,40338965549
Vinícius Araújo Nascimento,vinicius.araujo.nascimento.24132@example.com,Londrina,Técnico de enfermagem,50,85949006972
Sandra Gomes Santos,sandra.gomes.santos.24133@example.com,Campo Grande,Estoquista,31,35231987374
Simone Rocha Barros,simone.rocha.barros.24134@example.com,Niterói,Estoquista,30,52874267717
Marcelo Almeida Araújo,marcelo.almeida.araujo.24135@example.com,Rio de Janeiro,Fisioterapeuta,33,48150267834
Amanda Ribeiro Costa,amanda.ribeiro.costa.24136@example.com,Salvador,Nutricionista,58,95498003099
Luana Souza Pereira,luana.souza.pereira.24137@example.com,Curitiba,Enfermeiro,32,84083345165
Tatiane Almeida Silva,tatiane.almeida.silva.24138@example.com,Joinville,Eletricista,27,26425354396
Gabriel Almeida Costa,gabriel.almeida.costa.24139@example.com,Natal,Nutricionista,50,67603482611
Juliana Oliveira Freitas,juliana.oliveira.freitas.24140@example.com,Florianópolis,Padeiro,18,34694868267
Juliana Silva Fernandes,juliana.silva.fernandes.24141@example.com,Dourados,Técnico em informática,30,35407340840
Vinícius Carvalho Costa,vinicius.carvalho.costa.24142@example.com,Londrina,Pedreiro,30,53993293397
Diego Carvalho Nascimento,diego.carvalho.nascimento.24143@example.com,São Paulo,Assistente comercial,21,34461363466
Henrique Martins Alves,henrique.martins.alves.24144@example.com,São Paulo,Professor,55,11850173005
Larissa Fernandes Rodrigues,larissa.fernandes.rodrigues.24145@example.com,Recife,Supervisor de vendas,27,62654916712
Luana Araújo Cardoso,luana.araujo.cardoso.24146@example.com,Brasília,Gerente comercial,69,49955407398
Aline Moreira Almeida,aline.moreira.almeida.24147@example.com,Joinville,Analista de marketing,32,98334160023
Ana Barbosa Almeida,ana.barbosa.almeida.24148@example.com,Recife,Supervisor de manutenção,54,82505070680
Ana Rodrigues Souza,ana.rodrigues.souza.24149@example.com,Fortaleza,Recepcionista,28,06717266072
Débora Lima Araújo,debora.lima.araujo.24150@example.com,Uberlândia,Advogado,31,39878690725
Sandra Gomes Souza,sandra.gomes.souza.24151@example.com,Cuiabá,Contador,55,62921662686
Marcelo Cardoso Costa,marcelo.cardoso.costa.24152@example.com,Natal,Diretor comercial,46,80833075826
Letícia Silva Teixeira,leticia.silva.teixeira.24153@example.com,Campo Grande,Gerente de recursos humanos,44,33202444101
Amanda Lima Martins,amanda.lima.martins.24154@example.com,Uberlândia,Analista de marketing,47,43041555307
Leonardo Almeida Costa,leonardo.almeida.costa.24155@example.com,Campo Grande,Enfermeiro,45,00286111986
Simone Lima Teixeira,simone.lima.teixeira.24156@example.com,Manaus,Contador,26,13009891309
Luana Mendes Costa,luana.mendes.costa.24157@example.com,Campinas,Chefe de almoxarifado,35,83796577908
Carlos Freitas Martins,carlos.freitas.martins.24158@example.com,Rondonópolis,Comprador,46,03285416184
Ana Cardoso Teixeira,ana.cardoso.teixeira.24159@example.com,Vitória,Estoquista,20,26728189664
Tatiane Oliveira Castro,tatiane.oliveira.castro.24160@example.com,Rondonópolis,Analista de dados,24,87905143076
Aline Lima Monteiro,aline.lima.monteiro.24161@example.com,Maringá,Supervisor de vendas,33,68173199163
Simone Barbosa Teixeira,simone.barbosa.teixeira.24162@example.com,Rio de Janeiro,Padeiro,49,54917173376
Letícia Fernandes Carvalho,leticia.fernandes.carvalho.24163@example.com,Goiânia,Professor,57,89045470179
Vitória Santos Alves,vitoria.santos.alves.24164@example.com,Recife,Técnico em informática,38,25789069418
Camila Araújo Fernandes,camila.araujo.fernandes.24165@example.com,Porto Alegre,Diretor comercial,18,66110405695
Beatriz Cardoso Pereira,beatriz.cardoso.pereira.24166@example.com,São Paulo,Arquiteto,67,97738054786
Débora Silva Silva,debora.silva.silva.24167@example.com,Niterói,Analista de recursos humanos,20,50908790655
Juliana Cardoso Mendes,juliana.cardoso.mendes.24168@example.com,Niterói,Professor,26,12739486000
Gabriel Ribeiro Freitas,gabriel.ribeiro.freitas.24169@example.com,Salvador,Advogado,40,78588254041
Lucas Carvalho Moreira,lucas.carvalho.moreira.24170@example.com,Campo Grande,Engenheiro civil,47,89619131301
Rafael Lima Fernandes,rafael.lima.fernandes.24171@example.com,Campinas,Eletricista,28,92910427759
Priscila Ribeiro Oliveira,priscila.ribeiro.oliveira.24172@example.com,Brasília,Gerente comercial,29,38276127765
Camila Moreira Gomes,camila.moreira.gomes.24173@example.com,São Paulo,Supervisor de atendimento,48,62333981187
Camila Gomes Oliveira,camila.gomes.oliveira.24174@example.com,Curitiba,Programador,22,37981714133
Daniela Teixeira Mendes,daniela.teixeira.mendes.24175@example.com,Goiânia,Chefe de compras,23,40676268212
Nicolas Costa Ribeiro,nicolas.costa.ribeiro.24176@example.com,Goiânia,Nutricionista,31,97033746925
Marcelo Pereira Rocha,marcelo.pereira.rocha.24177@example.com,Rio de Janeiro,Técnico em informática,29,56303080567
Sérgio Martins Souza,sergio.martins.souza.24178@example.com,Campinas,Nutricionista,21,41828032452
Sandra Rocha Moreira,sandra.rocha.moreira.24179@example.com,Maringá,Jornalista,46,40456538004
Renata Araújo Gomes,renata.araujo.gomes.24180@example.com,Niterói,Diretor de operações,44,03437574124
Larissa Moreira Teixeira,larissa.moreira.teixeira.24181@example.com,Santos,Chefe de compras,34,11494652420
Lucas Cardoso Souza,lucas.cardoso.souza.24182@example.com,Porto Alegre,Coordenador de marketing,47,16168633973
João Souza Araújo,joao.souza.araujo.24183@example.com,Goiânia,Fisioterapeuta,58,13705905203
Gustavo Gomes Pereira,gustavo.gomes.pereira.24184@example.com,Natal,Nutricionista,38,60612312579
Eduardo Fernandes Moreira,eduardo.fernandes.moreira.24185@example.com,São Paulo,Assistente comercial,18,68396727461
Daniela Nascimento Rodrigues,daniela.nascimento.rodrigues.24186@example.com,Sorocaba,Chefe de compras,34,77942111327
Carolina Ribeiro Oliveira,carolina.ribeiro.oliveira.24187@example.com,Belo Horizonte,Chefe de departamento pessoal,20,80550991124
Renata Rocha Barros,renata.rocha.barros.24188@example.com,Rondonópolis,Vendedor,62,05277404657
Pedro Nascimento Martins,pedro.nascimento.martins.24189@example.com,Vitória,Coordenador de marketing,21,48797404087
Eduardo Freitas Mendes,eduardo.freitas.mendes.24190@example.com,Curitiba,Designer gráfico,35,88764279698
Priscila Martins Barros,priscila.martins.barros.24191@example.com,Joinville,Farmacêutico,32,65225114270
Igor Ribeiro Barbosa,igor.ribeiro.barbosa.24192@example.com,Londrina,Supervisor de manutenção,27,36824588394
Rafael Dias Araújo,rafael.dias.araujo.24193@example.com,Londrina,Coordenador administrativo,41,39377285602
Marcelo Ribeiro Barbosa,marcelo.ribeiro.barbosa.24194@example.com,São Paulo,Gerente comercial,63,41921999516
Carlos Barros Ribeiro,carlos.barros.ribeiro.24195@example.com,Santos,Gerente de tecnologia,36,76127978900
Otávio Rodrigues Lima,otavio.rodrigues.lima.24196@example.com,Londrina,Nutricionista,22,40198572793
José Alves Lima,jose.alves.lima.24197@example.com,Rio de Janeiro,Assistente comercial,44,09854037601
Simone Barbosa Silva,simone.barbosa.silva.24198@example.com,Brasília,Professor,49,59523020089
Paulo Silva Rocha,paulo.silva.rocha.24199@example.com,Sorocaba,Estoquista,39,36837905655
Vanessa Barbosa Araújo,vanessa.barbosa.araujo.24200@example.com,Sorocaba,Assistente administrativo,61,82008070611
Marcelo Rocha Mendes,marcelo.rocha.mendes.24201@example.com,Belo Horizonte,Fisioterapeuta,67,41317502109
Renata Mendes Costa,renata.mendes.costa.24202@example.com,Campo Grande,Diretor comercial,26,54650721506
José Monteiro Gomes,jose.monteiro.gomes.24203@example.com,Goiânia,Diretor de operações,30,82225810653
Eduardo Barros Teixeira,eduardo.barros.teixeira.24204@example.com,Brasília,Mecânico,36,93716646968
Ana Cardoso Mendes,ana.cardoso.mendes.24205@example.com,Niterói,Jornalista,40,34809289232
Daniela Rocha Moreira,daniela.rocha.moreira.24206@example.com,Campinas,Contador,69,46637194527
Leonardo Martins Nascimento,leonardo.martins.nascimento.24207@example.com,Londrina,Padeiro,48,28783538848
Pedro Moreira Teixeira,pedro.moreira.teixeira.24208@example.com,Florianópolis,Coordenador administrativo,35,04408385489
Patrícia Oliveira Santos,patricia.oliveira.santos.24209@example.com,Sorocaba,Supervisor de atendimento,50,28273782389
Eduardo Fernandes Mendes,eduardo.fernandes.mendes.24210@example.com,Santos,Cozinheiro,61,51053883532
Paulo Rodrigues Teixeira,paulo.rodrigues.teixeira.24211@example.com,Maringá,Analista de marketing,21,30705233168
Vinícius Monteiro Cardoso,vinicius.monteiro.cardoso.24212@example.com,Caxias do Sul,Analista de recursos humanos,22,51803191642
Sérgio Dias Costa,sergio.dias.costa.24213@example.com,Florianópolis,Atendente,49,17157547807
Carlos Ribeiro Dias,carlos.ribeiro.dias.24214@example.com,Joinville,Técnico em informática,49,91249061555
Aline Moreira Rodrigues,aline.moreira.rodrigues.24215@example.com,Natal,Motorista,62,45600019526
Rafael Gomes Mendes,rafael.gomes.mendes.24216@example.com,Campinas,Técnico de segurança do trabalho,45,96550801813
Diego Rodrigues Mendes,diego.rodrigues.mendes.24217@example.com,Salvador,Comprador,34,97249420444
Lucas Moreira Araújo,lucas.moreira.araujo.24218@example.com,Florianópolis,Coordenador de produção,32,30439996584
Sérgio Moreira Almeida,sergio.moreira.almeida.24219@example.com,Dourados,Coordenador de produção,54,55443877111
Otávio Lima Moreira,otavio.lima.moreira.24220@example.com,São Paulo,Operador de caixa,45,56300970969
Daniela Cardoso Monteiro,daniela.cardoso.monteiro.24221@example.com,Manaus,Técnico de enfermagem,22,87260717901
Camila Nascimento Araújo,camila.nascimento.araujo.24222@example.com,Dourados,Chefe de compras,41,12782182745
Igor Rocha Nascimento,igor.rocha.nascimento.24223@example.com,Maringá,Programador,46,98806299518
Tatiane Barbosa Ribeiro,tatiane.barbosa.ribeiro.24224@example.com,Belém,Diretor comercial,22,92030073237
Vitória Costa Costa,vitoria.costa.costa.24225@example.com,Sorocaba,Farmacêutico,47,32267761184
Vanessa Ribeiro Silva,vanessa.ribeiro.silva.24226@example.com,Londrina,Professor,28,47670322228
Eduardo Martins Pereira,eduardo.martins.pereira.24227@example.com,Curitiba,Jornalista,47,48648218874
Camila Ribeiro Castro,camila.ribeiro.castro.24228@example.com,Fortaleza,Advogado,52,06333263694
Pedro Cardoso Costa,pedro.cardoso.costa.24229@example.com,Belo Horizonte,Corretor de imóveis,36,80413026158
Débora Castro Rodrigues,debora.castro.rodrigues.24230@example.com,Manaus,Coordenador administrativo,46,44569770913
Leonardo Gomes Almeida,leonardo.gomes.almeida.24231@example.com,Salvador,Vendedor,64,66644828882
Larissa Fernandes Freitas,larissa.fernandes.freitas.24232@example.com,Vitória,Técnico em informática,44,05062516494
Renata Araújo Nascimento,renata.araujo.nascimento.24233@example.com,Niterói,Encarregado de produção,62,87874965276
Carolina Castro Monteiro,carolina.castro.monteiro.24234@example.com,Belém,Padeiro,48,95730504548
Bruno Mendes Martins,bruno.mendes.martins.24235@example.com,Londrina,Mecânico,65,82853961121
Mariana Carvalho Costa,mariana.carvalho.costa.24236@example.com,Maringá,Jornalista,45,62293956743
Diego Cardoso Rodrigues,diego.cardoso.rodrigues.24237@example.com,Niterói,Operador de caixa,40,52473697769
Vitória Fernandes Barbosa,vitoria.fernandes.barbosa.24238@example.com,Santos,Técnico de enfermagem,40,91737747464
Camila Barros Silva,camila.barros.silva.24239@example.com,Santos,Mecânico,61,75935862147
Eduardo Moreira Costa,eduardo.moreira.costa.24240@example.com,Maringá,Líder de equipe,47,05171300780
Luana Martins Mendes,luana.martins.mendes.24241@example.com,Caxias do Sul,Assistente comercial,59,80689339668
Daniela Pereira Silva,daniela.pereira.silva.24242@example.com,Florianópolis,Estoquista,37,84428457525
Lucas Cardoso Martins,lucas.cardoso.martins.24243@example.com,Cuiabá,Supervisor de manutenção,70,37280598143
Sérgio Rodrigues Alves,sergio.rodrigues.alves.24244@example.com,Londrina,Eletricista,31,59910570994
Otávio Silva Santos,otavio.silva.santos.24245@example.com,Rio de Janeiro,Diretor de operações,50,70536868587
João Oliveira Teixeira,joao.oliveira.teixeira.24246@example.com,Campinas,Designer gráfico,18,14946370650
Camila Martins Ribeiro,camila.martins.ribeiro.24247@example.com,Curitiba,Vendedor,61,24346008932
Aline Costa Silva,aline.costa.silva.24248@example.com,Sorocaba,Vendedor,63,63961580154
Priscila Lima Moreira,priscila.lima.moreira.24249@example.com,Santos,Programador,68,76948581399
Débora Rodrigues Carvalho,debora.rodrigues.carvalho.24250@example.com,Curitiba,Diretor de operações,20,82979498261
Simone Almeida Costa,simone.almeida.costa.24251@example.com,Goiânia,Analista de dados,33,57047606838
João Cardoso Cardoso,joao.cardoso.cardoso.24252@example.com,Londrina,Diretor de operações,65,46002128520
Igor Barros Cardoso,igor.barros.cardoso.24253@example.com,Curitiba,Gerente de operações,43,86187865086
Vanessa Barros Rodrigues,vanessa.barros.rodrigues.24254@example.com,Florianópolis,Diretor comercial,51,72713670910
Ana Araújo Martins,ana.araujo.martins.24255@example.com,Londrina,Gerente de operações,30,23761109778
Camila Moreira Martins,camila.moreira.martins.24256@example.com,Dourados,Estoquista,46,58707244200
Tatiane Cardoso Freitas,tatiane.cardoso.freitas.24257@example.com,Manaus,Analista de dados,23,29653450569
Pedro Freitas Rodrigues,pedro.freitas.rodrigues.24258@example.com,Santos,Encarregado de produção,51,03185148556
Ricardo Barbosa Dias,ricardo.barbosa.dias.24259@example.com,Recife,Analista de dados,65,47722894977
Daniela Barros Pereira,daniela.barros.pereira.24260@example.com,São Paulo,Jornalista,23,35701248499
Larissa Rocha Carvalho,larissa.rocha.carvalho.24261@example.com,Brasília,Estoquista,46,54681204200
Renata Barbosa Martins,renata.barbosa.martins.24262@example.com,Niterói,Diretor de operações,65,48944996291
Bruno Castro Oliveira,bruno.castro.oliveira.24263@example.com,Salvador,Arquiteto,52,36201532175
Aline Nascimento Rocha,aline.nascimento.rocha.24264@example.com,Porto Alegre,Professor,54,73965045085
Henrique Rodrigues Silva,henrique.rodrigues.silva.24265@example.com,Sorocaba,Farmacêutico,28,60321291695
Aline Barbosa Monteiro,aline.barbosa.monteiro.24266@example.com,Goiânia,Coordenador administrativo,64,55635569000
José Costa Oliveira,jose.costa.oliveira.24267@example.com,Londrina,Designer gráfico,22,48038163490
Felipe Souza Nascimento,felipe.souza.nascimento.24268@example.com,Campinas,Técnico de segurança do trabalho,57,15259540978
Fernanda Pereira Costa,fernanda.pereira.costa.24269@example.com,Campinas,Atendente,28,29184346503
Vanessa Souza Almeida,vanessa.souza.almeida.24270@example.com,Maringá,Coordenador administrativo,50,35354720689
Luana Barbosa Lima,luana.barbosa.lima.24271@example.com,Dourados,Diretor de operações,69,21916125799
Gabriela Santos Mendes,gabriela.santos.mendes.24272@example.com,Caxias do Sul,Engenheiro civil,40,96646172426
Camila Barbosa Almeida,camila.barbosa.almeida.24273@example.com,São Paulo,Atendente,56,21882970031
João Freitas Gomes,joao.freitas.gomes.24274@example.com,Campo Grande,Cozinheiro,63,48500478829
Aline Monteiro Ribeiro,aline.monteiro.ribeiro.24275@example.com,Manaus,Técnico em informática,38,85399001577
Daniela Barros Martins,daniela.barros.martins.24276@example.com,Porto Alegre,Fisioterapeuta,23,10730921139
Diego Carvalho Teixeira,diego.carvalho.teixeira.24277@example.com,Manaus,Assistente comercial,30,08184300450
Eduardo Rocha Lima,eduardo.rocha.lima.24278@example.com,Campo Grande,Coordenador de marketing,58,91445879524
José Moreira Costa,jose.moreira.costa.24279@example.com,Londrina,Chefe de compras,53,97919062249
Beatriz Mendes Rocha,beatriz.mendes.rocha.24280@example.com,Niterói,Fisioterapeuta,30,62035653859
Ricardo Freitas Dias,ricardo.freitas.dias.24281@example.com,Campinas,Supervisor de atendimento,22,77023473263
Mariana Freitas Monteiro,mariana.freitas.monteiro.24282@example.com,Caxias do Sul,Contador,31,16137566308
Felipe Ribeiro Cardoso,felipe.ribeiro.cardoso.24283@example.com,Florianópolis,Supervisor de atendimento,41,14636946520
Renata Freitas Gomes,renata.freitas.gomes.24284@example.com,Campinas,Supervisor de manutenção,62,02628334432
Juliana Araújo Barros,juliana.araujo.barros.24285@example.com,Salvador,Chefe de departamento pessoal,68,82307429318
Gustavo Rocha Oliveira,gustavo.rocha.oliveira.24286@example.com,Santos,Jornalista,67,23681766461
Simone Carvalho Carvalho,simone.carvalho.carvalho.24287@example.com,Londrina,Jornalista,49,75669946559
Priscila Castro Oliveira,priscila.castro.oliveira.24288@example.com,Niterói,Atendente,45,89393376812
Aline Dias Araújo,aline.dias.araujo.24289@example.com,Natal,Diretor de operações,42,64444432633
João Souza Moreira,joao.souza.moreira.24290@example.com,Rondonópolis,Padeiro,59,41117171457
Beatriz Moreira Pereira,beatriz.moreira.pereira.24291@example.com,Salvador,Contador,36,04888371473
Bruno Teixeira Lima,bruno.teixeira.lima.24292@example.com,Recife,Corretor de imóveis,58,37554734767
Carolina Freitas Ribeiro,carolina.freitas.ribeiro.24293@example.com,Manaus,Contador,65,54542928913
Carolina Rodrigues Moreira,carolina.rodrigues.moreira.24294@example.com,São Paulo,Gerente de tecnologia,65,34573870798
Larissa Souza Souza,larissa.souza.souza.24295@example.com,Natal,Contador,40,46184016439
Otávio Santos Costa,otavio.santos.costa.24296@example.com,Niterói,Vendedor,67,44868890728
Gustavo Dias Castro,gustavo.dias.castro.24297@example.com,Curitiba,Engenheiro civil,27,04281336823
Tatiane Silva Rocha,tatiane.silva.rocha.24298@example.com,Caxias do Sul,Assistente administrativo,43,19607592027
Gustavo Costa Pereira,gustavo.costa.pereira.24299@example.com,Florianópolis,Enfermeiro,66,73710051174
Vanessa Santos Alves,vanessa.santos.alves.24300@example.com,Belém,Coordenador de marketing,37,40922812245
Vitória Silva Martins,vitoria.silva.martins.24301@example.com,Belo Horizonte,Encarregado de produção,18,15483984298
Bruno Pereira Gomes,bruno.pereira.gomes.24302@example.com,Belo Horizonte,Técnico de enfermagem,22,72913102315
Henrique Dias Moreira,henrique.dias.moreira.24303@example.com,Curitiba,Operador de caixa,23,68176031169
João Barros Ribeiro,joao.barros.ribeiro.24304@example.com,Caxias do Sul,Técnico de segurança do trabalho,40,23904714046
Patrícia Ribeiro Almeida,patricia.ribeiro.almeida.24305@example.com,Maringá,Supervisor de manutenção,57,70497832891
José Almeida Fernandes,jose.almeida.fernandes.24306@example.com,Caxias do Sul,Vendedor,54,07250722912
Débora Freitas Monteiro,debora.freitas.monteiro.24307@example.com,Manaus,Gerente de tecnologia,51,85814767661
Aline Ribeiro Almeida,aline.ribeiro.almeida.24308@example.com,Belo Horizonte,Vendedor,23,91469459105
Tatiane Oliveira Silva,tatiane.oliveira.silva.24309@example.com,Goiânia,Gerente financeiro,23,97219140759
Priscila Mendes Carvalho,priscila.mendes.carvalho.24310@example.com,Belo Horizonte,Analista financeiro,22,73995287783
Simone Teixeira Barros,simone.teixeira.barros.24311@example.com,Vitória,Coordenador de logística,43,96867132060
Juliana Fernandes Silva,juliana.fernandes.silva.24312@example.com,Dourados,Diretor de operações,47,80341050321
Marcelo Almeida Moreira,marcelo.almeida.moreira.24313@example.com,Campo Grande,Pedreiro,57,43248149131
Beatriz Silva Costa,beatriz.silva.costa.24314@example.com,Belém,Supervisor de manutenção,25,78243040738
Leonardo Almeida Carvalho,leonardo.almeida.carvalho.24315@example.com,Vitória,Jornalista,50,52608502353
Amanda Carvalho Mendes,amanda.carvalho.mendes.24316@example.com,Rio de Janeiro,Programador,38,14525331034
Juliana Monteiro Moreira,juliana.monteiro.moreira.24317@example.com,Recife,Analista de recursos humanos,35,80959213793
Priscila Araújo Martins,priscila.araujo.martins.24318@example.com,Goiânia,Operador de caixa,29,01308365891
Tatiane Silva Almeida,tatiane.silva.almeida.24319@example.com,Campinas,Contador,24,69616355602
Daniela Moreira Freitas,daniela.moreira.freitas.24320@example.com,Caxias do Sul,Fisioterapeuta,19,88594791822
Larissa Barbosa Souza,larissa.barbosa.souza.24321@example.com,Niterói,Supervisor de manutenção,57,21388159118
Vanessa Santos Gomes,vanessa.santos.gomes.24322@example.com,Belém,Programador,65,58949825738
Débora Silva Silva,debora.silva.silva.24323@example.com,Cuiabá,Técnico de enfermagem,41,07442911618
Camila Monteiro Barbosa,camila.monteiro.barbosa.24324@example.com,Curitiba,Técnico de segurança do trabalho,60,62602689733
Otávio Santos Lima,otavio.santos.lima.24325@example.com,Sorocaba,Vendedor,26,07311280084
José Barros Carvalho,jose.barros.carvalho.24326@example.com,Dourados,Auxiliar de produção,63,35891364789
Vitória Santos Lima,vitoria.santos.lima.24327@example.com,Rio de Janeiro,Recepcionista,65,53718959527
Gabriel Moreira Pereira,gabriel.moreira.pereira.24328@example.com,Rondonópolis,Eletricista,59,04310300484
Letícia Santos Barbosa,leticia.santos.barbosa.24329@example.com,Goiânia,Assistente administrativo,59,49422014417
Henrique Nascimento Barbosa,henrique.nascimento.barbosa.24330@example.com,Campinas,Programador,24,89651588816
Gustavo Costa Almeida,gustavo.costa.almeida.24331@example.com,Campo Grande,Vendedor,69,76385416626
Carlos Nascimento Oliveira,carlos.nascimento.oliveira.24332@example.com,Londrina,Gerente de operações,39,21168267520
Lucas Carvalho Costa,lucas.carvalho.costa.24333@example.com,Londrina,Coordenador de logística,52,69673251579
Juliana Nascimento Barbosa,juliana.nascimento.barbosa.24334@example.com,São Paulo,Coordenador de produção,45,81454770521
Lucas Barros Rocha,lucas.barros.rocha.24335@example.com,Vitória,Diretor de operações,36,59511296688
Aline Monteiro Lima,aline.monteiro.lima.24336@example.com,Manaus,Gerente comercial,52,18308624474
Ana Barros Alves,ana.barros.alves.24337@example.com,Natal,Coordenador de produção,41,23310926028
Carlos Silva Santos,carlos.silva.santos.24338@example.com,Florianópolis,Coordenador de logística,25,35039675694
Carolina Lima Fernandes,carolina.lima.fernandes.24339@example.com,Manaus,Padeiro,61,80895814540
Aline Nascimento Martins,aline.nascimento.martins.24340@example.com,Caxias do Sul,Analista de dados,43,83561891657
José Santos Castro,jose.santos.castro.24341@example.com,Goiânia,Líder de equipe,58,13072379101
Lucas Rocha Barbosa,lucas.rocha.barbosa.24342@example.com,Maringá,Coordenador de logística,36,03807960785
Leonardo Carvalho Lima,leonardo.carvalho.lima.24343@example.com,Santos,Analista financeiro,49,03083711046
Ricardo Carvalho Moreira,ricardo.carvalho.moreira.24344@example.com,Manaus,Supervisor de manutenção,64,08319326811
Diego Silva Souza,diego.silva.souza.24345@example.com,Belém,Analista de dados,36,91582341128
Vinícius Carvalho Rodrigues,vinicius.carvalho.rodrigues.24346@example.com,Londrina,Coordenador administrativo,46,23595345038
Nicolas Moreira Moreira,nicolas.moreira.moreira.24347@example.com,Vitória,Supervisor de vendas,20,89038189074
Aline Oliveira Alves,aline.oliveira.alves.24348@example.com,Maringá,Designer gráfico,39,54406733666
Aline Gomes Gomes,aline.gomes.gomes.24349@example.com,Uberlândia,Coordenador administrativo,45,22652751096
Sérgio Pereira Rodrigues,sergio.pereira.rodrigues.24350@example.com,Sorocaba,Coordenador de marketing,21,52168359534
Rafael Barbosa Teixeira,rafael.barbosa.teixeira.24351@example.com,Santos,Analista de marketing,57,00045628566
Renata Oliveira Martins,renata.oliveira.martins.24352@example.com,Manaus,Chefe de almoxarifado,21,14484124292
Marcelo Souza Monteiro,marcelo.souza.monteiro.24353@example.com,Campo Grande,Cozinheiro,64,54273698819
Pedro Moreira Ribeiro,pedro.moreira.ribeiro.24354@example.com,Dourados,Assistente comercial,31,16766128902
Eduardo Barbosa Castro,eduardo.barbosa.castro.24355@example.com,Cuiabá,Padeiro,22,50578022270
Patrícia Fernandes Carvalho,patricia.fernandes.carvalho.24356@example.com,Rondonópolis,Engenheiro civil,42,35436192856
Vanessa Barros Cardoso,vanessa.barros.cardoso.24357@example.com,Sorocaba,Gerente de recursos humanos,31,92458436763
Débora Fernandes Araújo,debora.fernandes.araujo.24358@example.com,Sorocaba,Técnico de enfermagem,60,81737271078
Pedro Gomes Dias,pedro.gomes.dias.24359@example.com,Brasília,Mecânico,22,48709611454
Patrícia Mendes Rocha,patricia.mendes.rocha.24360@example.com,Salvador,Auxiliar de produção,27,50193838759
Tatiane Barbosa Barbosa,tatiane.barbosa.barbosa.24361@example.com,Campinas,Farmacêutico,32,78759290684
Mariana Barbosa Castro,mariana.barbosa.castro.24362@example.com,Goiânia,Farmacêutico,36,78758744035
João Barbosa Moreira,joao.barbosa.moreira.24363@example.com,Recife,Chefe de departamento pessoal,49,94650385695
Vitória Castro Alves,vitoria.castro.alves.24364@example.com,Uberlândia,Chefe de departamento pessoal,37,13437674184
Pedro Lima Oliveira,pedro.lima.oliveira.24365@example.com,Fortaleza,Corretor de imóveis,19,95272305579
Felipe Rodrigues Oliveira,felipe.rodrigues.oliveira.24366@example.com,Fortaleza,Corretor de imóveis,35,12372995870
Sérgio Lima Souza,sergio.lima.souza.24367@example.com,Campo Grande,Gerente de recursos humanos,38,64163106815
Henrique Fernandes Pereira,henrique.fernandes.pereira.24368@example.com,Sorocaba,Coordenador de produção,45,64093799067
Vinícius Santos Barbosa,vinicius.santos.barbosa.24369@example.com,Rondonópolis,Estoquista,54,93144995534
Bruno Costa Nascimento,bruno.costa.nascimento.24370@example.com,Campinas,Chefe de compras,22,12258623633
Letícia Freitas Araújo,leticia.freitas.araujo.24371@example.com,Rio de Janeiro,Padeiro,62,06134049515
Tatiane Monteiro Martins,tatiane.monteiro.martins.24372@example.com,Belém,Gerente de recursos humanos,43,30667020107
Patrícia Fernandes Ribeiro,patricia.fernandes.ribeiro.24373@example.com,Maringá,Coordenador de marketing,57,75972888618
Bruno Costa Oliveira,bruno.costa.oliveira.24374@example.com,Belo Horizonte,Assistente comercial,67,65764901573
Beatriz Gomes Nascimento,beatriz.gomes.nascimento.24375@example.com,São Paulo,Gerente de operações,40,39615127396
Letícia Freitas Freitas,leticia.freitas.freitas.24376@example.com,Rio de Janeiro,Corretor de imóveis,39,68160991637
Juliana Gomes Silva,juliana.gomes.silva.24377@example.com,São Paulo,Coordenador de produção,45,19001949256
Ana Oliveira Moreira,ana.oliveira.moreira.24378@example.com,Natal,Padeiro,70,12551968034
Bruno Araújo Souza,bruno.araujo.souza.24379@example.com,São Paulo,Motorista,46,45601981315
Gabriel Pereira Araújo,gabriel.pereira.araujo.24380@example.com,Caxias do Sul,Analista financeiro,24,32712476276
Vinícius Rodrigues Araújo,vinicius.rodrigues.araujo.24381@example.com,Natal,Supervisor de atendimento,65,29265967405
Paulo Barros Dias,paulo.barros.dias.24382@example.com,Campinas,Supervisor de vendas,26,56643437055
Vitória Ribeiro Santos,vitoria.ribeiro.santos.24383@example.com,Dourados,Assistente comercial,40,28781297352
Ricardo Costa Freitas,ricardo.costa.freitas.24384@example.com,Curitiba,Contador,36,89737815609
Patrícia Dias Costa,patricia.dias.costa.24385@example.com,Cuiabá,Contador,41,45658429572
Sandra Carvalho Castro,sandra.carvalho.castro.24386@example.com,Porto Alegre,Analista de marketing,51,64304254237
Juliana Barros Nascimento,juliana.barros.nascimento.24387@example.com,Caxias do Sul,Assistente comercial,68,59034197869
Gustavo Fernandes Barros,gustavo.fernandes.barros.24388@example.com,Uberlândia,Mecânico,42,29874566079
Amanda Barros Souza,amanda.barros.souza.24389@example.com,Goiânia,Farmacêutico,45,20222882961
Carlos Carvalho Alves,carlos.carvalho.alves.24390@example.com,Santos,Analista de recursos humanos,53,46751058170
Gustavo Fernandes Monteiro,gustavo.fernandes.monteiro.24391@example.com,Fortaleza,Fisioterapeuta,35,60786565238
Otávio Monteiro Oliveira,otavio.monteiro.oliveira.24392@example.com,Curitiba,Fisioterapeuta,24,54151653266
Patrícia Gomes Ribeiro,patricia.gomes.ribeiro.24393@example.com,São Paulo,Chefe de departamento pessoal,23,23534215226
Renata Rocha Barbosa,renata.rocha.barbosa.24394@example.com,Cuiabá,Enfermeiro,43,66309150965
Sandra Lima Silva,sandra.lima.silva.24395@example.com,Florianópolis,Analista de marketing,37,21977903370
José Lima Silva,jose.lima.silva.24396@example.com,Santos,Vendedor,60,78915834384
Carolina Santos Rocha,carolina.santos.rocha.24397@example.com,Curitiba,Nutricionista,29,88263594995
Fernanda Teixeira Pereira,fernanda.teixeira.pereira.24398@example.com,Sorocaba,Gerente de recursos humanos,45,12445198772
Daniela Souza Monteiro,daniela.souza.monteiro.24399@example.com,Joinville,Motorista,41,24515645805
Renata Costa Araújo,renata.costa.araujo.24400@example.com,Brasília,Eletricista,24,79660210307
Vinícius Carvalho Lima,vinicius.carvalho.lima.24401@example.com,Sorocaba,Assistente administrativo,61,76783811790
Leonardo Santos Araújo,leonardo.santos.araujo.24402@example.com,Belo Horizonte,Chefe de compras,31,61038919961
Vanessa Costa Martins,vanessa.costa.martins.24403@example.com,Florianópolis,Fisioterapeuta,48,63775820837
Gustavo Rocha Teixeira,gustavo.rocha.teixeira.24404@example.com,Niterói,Programador,32,69781873204
Mariana Carvalho Castro,mariana.carvalho.castro.24405@example.com,Fortaleza,Advogado,67,58186077607
Simone Almeida Silva,simone.almeida.silva.24406@example.com,Campo Grande,Diretor de operações,22,39575417659
Letícia Ribeiro Almeida,leticia.ribeiro.almeida.24407@example.com,Londrina,Corretor de imóveis,68,57073885232
Patrícia Ribeiro Mendes,patricia.ribeiro.mendes.24408@example.com,Rio de Janeiro,Padeiro,56,62379201940
Otávio Barbosa Pereira,otavio.barbosa.pereira.24409@example.com,Rondonópolis,Eletricista,48,71971814683
Ana Ribeiro Martins,ana.ribeiro.martins.24410@example.com,Uberlândia,Cozinheiro,57,91505803919
Carlos Costa Nascimento,carlos.costa.nascimento.24411@example.com,Belém,Contador,58,46843613802
Tatiane Fernandes Santos,tatiane.fernandes.santos.24412@example.com,Caxias do Sul,Arquiteto,43,31905120609
Sandra Mendes Cardoso,sandra.mendes.cardoso.24413@example.com,Londrina,Fisioterapeuta,67,20791209473
Carlos Moreira Almeida,carlos.moreira.almeida.24414@example.com,Rio de Janeiro,Atendente,69,28085841578
Diego Oliveira Moreira,diego.oliveira.moreira.24415@example.com,Cuiabá,Contador,40,02264881360
Daniela Almeida Barros,daniela.almeida.barros.24416@example.com,Rondonópolis,Arquiteto,62,66844027554
Pedro Teixeira Barbosa,pedro.teixeira.barbosa.24417@example.com,Fortaleza,Técnico de segurança do trabalho,44,49129745011
Diego Freitas Barros,diego.freitas.barros.24418@example.com,Florianópolis,Líder de equipe,61,88075966232
João Silva Rocha,joao.silva.rocha.24419@example.com,Porto Alegre,Cozinheiro,22,95179249317
José Nascimento Santos,jose.nascimento.santos.24420@example.com,Joinville,Supervisor de qualidade,63,09703334300
Débora Souza Souza,debora.souza.souza.24421@example.com,Rondonópolis,Estoquista,49,98370519638
Marcelo Lima Rodrigues,marcelo.lima.rodrigues.24422@example.com,Goiânia,Professor,37,05341543934
Vinícius Mendes Nascimento,vinicius.mendes.nascimento.24423@example.com,Fortaleza,Analista de dados,46,46651094453
João Monteiro Monteiro,joao.monteiro.monteiro.24424@example.com,Londrina,Gerente de recursos humanos,53,71166729885
Otávio Moreira Alves,otavio.moreira.alves.24425@example.com,Niterói,Eletricista,67,67015447836
Larissa Mendes Silva,larissa.mendes.silva.24426@example.com,Campo Grande,Professor,42,04711184685
José Barbosa Freitas,jose.barbosa.freitas.24427@example.com,Londrina,Líder de equipe,51,39467406143
Leonardo Castro Rodrigues,leonardo.castro.rodrigues.24428@example.com,Caxias do Sul,Professor,20,26067190014
Gabriela Monteiro Gomes,gabriela.monteiro.gomes.24429@example.com,Brasília,Advogado,21,19130584384
Beatriz Nascimento Dias,beatriz.nascimento.dias.24430@example.com,Joinville,Técnico de segurança do trabalho,62,11518840086
Henrique Rodrigues Mendes,henrique.rodrigues.mendes.24431@example.com,Uberlândia,Técnico de enfermagem,23,52168253912
Gustavo Barbosa Martins,gustavo.barbosa.martins.24432@example.com,Goiânia,Vendedor,22,82595838625
Mariana Monteiro Mendes,mariana.monteiro.mendes.24433@example.com,Campinas,Analista de dados,56,65769339514
Carolina Monteiro Nascimento,carolina.monteiro.nascimento.24434@example.com,Brasília,Eletricista,60,44636107487
Paulo Moreira Dias,paulo.moreira.dias.24435@example.com,Vitória,Padeiro,53,31521379885
Priscila Rocha Silva,priscila.rocha.silva.24436@example.com,Santos,Líder de equipe,19,42573442576
Paulo Santos Martins,paulo.santos.martins.24437@example.com,Porto Alegre,Diretor comercial,44,19886515534
Amanda Santos Alves,amanda.santos.alves.24438@example.com,Caxias do Sul,Técnico em informática,51,01935423105
Gustavo Monteiro Castro,gustavo.monteiro.castro.24439@example.com,Dourados,Cozinheiro,45,79208213677
Simone Fernandes Freitas,simone.fernandes.freitas.24440@example.com,Maringá,Chefe de compras,31,35800412632
Ana Barbosa Dias,ana.barbosa.dias.24441@example.com,Maringá,Corretor de imóveis,29,44268051038
Gustavo Freitas Santos,gustavo.freitas.santos.24442@example.com,Belo Horizonte,Gerente comercial,63,61760600409
Otávio Araújo Silva,otavio.araujo.silva.24443@example.com,Manaus,Assistente administrativo,37,09105784919
Vanessa Lima Mendes,vanessa.lima.mendes.24444@example.com,Sorocaba,Gerente comercial,27,87650875333
Patrícia Cardoso Moreira,patricia.cardoso.moreira.24445@example.com,Joinville,Professor,36,73895873610
José Barros Teixeira,jose.barros.teixeira.24446@example.com,Joinville,Motorista,30,50582883490
Igor Carvalho Barbosa,igor.carvalho.barbosa.24447@example.com,Joinville,Analista financeiro,69,91508014475
Vitória Araújo Silva,vitoria.araujo.silva.24448@example.com,Florianópolis,Fisioterapeuta,46,28511662154
Bruno Lima Costa,bruno.lima.costa.24449@example.com,Belém,Jornalista,38,80401118414
Amanda Carvalho Moreira,amanda.carvalho.moreira.24450@example.com,Campo Grande,Técnico de segurança do trabalho,22,37911104063
Juliana Mendes Pereira,juliana.mendes.pereira.24451@example.com,Vitória,Motorista,32,84057652822
Diego Dias Castro,diego.dias.castro.24452@example.com,Sorocaba,Programador,41,34169107641
Vanessa Freitas Teixeira,vanessa.freitas.teixeira.24453@example.com,Manaus,Programador,57,02775770030
Patrícia Barros Cardoso,patricia.barros.cardoso.24454@example.com,Londrina,Enfermeiro,55,84197528194
Luana Almeida Dias,luana.almeida.dias.24455@example.com,Campinas,Técnico em informática,32,87331808018
Ricardo Silva Rocha,ricardo.silva.rocha.24456@example.com,Vitória,Gerente de recursos humanos,69,76088917989
Gustavo Rodrigues Freitas,gustavo.rodrigues.freitas.24457@example.com,Belém,Jornalista,52,36181621222
Diego Rocha Nascimento,diego.rocha.nascimento.24458@example.com,São Paulo,Analista de dados,54,91466263425
Nicolas Freitas Castro,nicolas.freitas.castro.24459@example.com,Maringá,Estoquista,53,36652473371
Mariana Araújo Nascimento,mariana.araujo.nascimento.24460@example.com,Porto Alegre,Diretor comercial,30,53670685654
Paulo Teixeira Gomes,paulo.teixeira.gomes.24461@example.com,Curitiba,Padeiro,32,57919583353
Thiago Silva Moreira,thiago.silva.moreira.24462@example.com,Cuiabá,Corretor de imóveis,33,50835002888
Juliana Souza Castro,juliana.souza.castro.24463@example.com,Salvador,Gerente comercial,57,23580644496
Sandra Souza Barros,sandra.souza.barros.24464@example.com,Recife,Chefe de almoxarifado,69,58044925148
Rafael Fernandes Monteiro,rafael.fernandes.monteiro.24465@example.com,Rio de Janeiro,Arquiteto,62,45399525247
Vitória Santos Santos,vitoria.santos.santos.24466@example.com,Dourados,Gerente comercial,18,39187217575
Otávio Almeida Rocha,otavio.almeida.rocha.24467@example.com,Florianópolis,Contador,38,52879430827
Débora Nascimento Fernandes,debora.nascimento.fernandes.24468@example.com,Rondonópolis,Assistente administrativo,46,21185523830
José Teixeira Rodrigues,jose.teixeira.rodrigues.24469@example.com,Goiânia,Programador,52,36971535533
Mariana Alves Lima,mariana.alves.lima.24470@example.com,Joinville,Estoquista,21,76695318925
Henrique Ribeiro Rodrigues,henrique.ribeiro.rodrigues.24471@example.com,Belo Horizonte,Mecânico,46,04841541875
Larissa Gomes Pereira,larissa.gomes.pereira.24472@example.com,Santos,Coordenador de logística,34,40916204566
Nicolas Ribeiro Rocha,nicolas.ribeiro.rocha.24473@example.com,São Paulo,Coordenador de logística,59,88629127850
Camila Lima Costa,camila.lima.costa.24474@example.com,Natal,Coordenador administrativo,52,43152762090
Ricardo Oliveira Pereira,ricardo.oliveira.pereira.24475@example.com,Brasília,Vendedor,41,11161446561
Juliana Costa Araújo,juliana.costa.araujo.24476@example.com,Rondonópolis,Fisioterapeuta,41,18210149016
Sandra Oliveira Alves,sandra.oliveira.alves.24477@example.com,Caxias do Sul,Técnico de enfermagem,52,66919616023
Eduardo Silva Gomes,eduardo.silva.gomes.24478@example.com,Curitiba,Auxiliar de produção,70,60734285714
Ana Castro Pereira,ana.castro.pereira.24479@example.com,Cuiabá,Coordenador de produção,63,13207447687
Daniela Rodrigues Rocha,daniela.rodrigues.rocha.24480@example.com,Santos,Recepcionista,53,45277635749
Gabriel Castro Freitas,gabriel.castro.freitas.24481@example.com,Recife,Assistente comercial,48,67760992142
Eduardo Dias Fernandes,eduardo.dias.fernandes.24482@example.com,Belém,Encarregado de produção,49,34149757161
Vinícius Rocha Silva,vinicius.rocha.silva.24483@example.com,Florianópolis,Gerente comercial,43,08597904891
Mariana Moreira Mendes,mariana.moreira.mendes.24484@example.com,Campo Grande,Fisioterapeuta,25,42020363390
Gabriel Fernandes Santos,gabriel.fernandes.santos.24485@example.com,Londrina,Analista de recursos humanos,58,73806166095
Vanessa Carvalho Monteiro,vanessa.carvalho.monteiro.24486@example.com,Curitiba,Farmacêutico,69,11986293313
Diego Moreira Martins,diego.moreira.martins.24487@example.com,Sorocaba,Analista de marketing,64,32676111132
Priscila Santos Martins,priscila.santos.martins.24488@example.com,Joinville,Diretor comercial,51,49684573511
Luana Dias Costa,luana.dias.costa.24489@example.com,Caxias do Sul,Gerente de operações,63,65643449179
Daniela Castro Nascimento,daniela.castro.nascimento.24490@example.com,Recife,Analista de recursos humanos,26,46401176603
Ana Pereira Cardoso,ana.pereira.cardoso.24491@example.com,Manaus,Enfermeiro,45,30195615374
Rafael Souza Silva,rafael.souza.silva.24492@example.com,Londrina,Assistente administrativo,28,76017599593
Ricardo Gomes Gomes,ricardo.gomes.gomes.24493@example.com,Sorocaba,Gerente comercial,60,94639190421
Gabriela Silva Dias,gabriela.silva.dias.24494@example.com,Uberlândia,Encarregado de produção,19,62034325471
Mariana Mendes Carvalho,mariana.mendes.carvalho.24495@example.com,Cuiabá,Diretor comercial,44,40098818846
João Mendes Teixeira,joao.mendes.teixeira.24496@example.com,Campo Grande,Contador,50,14152302436
Tatiane Oliveira Barbosa,tatiane.oliveira.barbosa.24497@example.com,Rio de Janeiro,Estoquista,42,14961457531
Letícia Carvalho Lima,leticia.carvalho.lima.24498@example.com,Belém,Operador de caixa,63,99980375535
Ana Carvalho Cardoso,ana.carvalho.cardoso.24499@example.com,Florianópolis,Designer gráfico,63,52394661157
Eduardo Rodrigues Lima,eduardo.rodrigues.lima.24500@example.com,Goiânia,Chefe de departamento pessoal,32,39333116090
Igor Barbosa Santos,igor.barbosa.santos.24501@example.com,Porto Alegre,Supervisor de vendas,30,08079384937
Nicolas Oliveira Lima,nicolas.oliveira.lima.24502@example.com,Rondonópolis,Líder de equipe,18,58573708676
Gabriel Martins Rocha,gabriel.martins.rocha.24503@example.com,Vitória,Supervisor de vendas,24,39129241768
Gabriel Dias Lima,gabriel.dias.lima.24504@example.com,Florianópolis,Diretor de operações,32,85299705916
Igor Carvalho Barbosa,igor.carvalho.barbosa.24505@example.com,Santos,Supervisor de manutenção,25,43941863866
Diego Ribeiro Silva,diego.ribeiro.silva.24506@example.com,Londrina,Mecânico,57,42179188642
Mariana Rocha Fernandes,mariana.rocha.fernandes.24507@example.com,Dourados,Contador,46,11392132571
Vanessa Rocha Oliveira,vanessa.rocha.oliveira.24508@example.com,Rio de Janeiro,Advogado,44,18175242249
Simone Castro Costa,simone.castro.costa.24509@example.com,Belo Horizonte,Eletricista,50,92929845808
Daniela Monteiro Almeida,daniela.monteiro.almeida.24510@example.com,São Paulo,Supervisor de manutenção,29,36707928720
Débora Costa Almeida,debora.costa.almeida.24511@example.com,Campo Grande,Contador,50,50212535693
Daniela Mendes Rocha,daniela.mendes.rocha.24512@example.com,Uberlândia,Vendedor,54,82670921744
Aline Pereira Oliveira,aline.pereira.oliveira.24513@example.com,Goiânia,Operador de caixa,60,22583130826
Gustavo Carvalho Carvalho,gustavo.carvalho.carvalho.24514@example.com,Campo Grande,Diretor de operações,70,43465784520
Felipe Carvalho Lima,felipe.carvalho.lima.24515@example.com,Belém,Pedreiro,50,37141239377
Vitória Costa Oliveira,vitoria.costa.oliveira.24516@example.com,Natal,Farmacêutico,55,85997549924
Leonardo Monteiro Silva,leonardo.monteiro.silva.24517@example.com,Londrina,Gerente de recursos humanos,50,55970178896
Daniela Moreira Souza,daniela.moreira.souza.24518@example.com,Londrina,Auxiliar de produção,70,42268675890
Sandra Gomes Lima,sandra.gomes.lima.24519@example.com,Vitória,Encarregado de produção,20,62227800759
Letícia Araújo Freitas,leticia.araujo.freitas.24520@example.com,Natal,Supervisor de manutenção,38,09021814390
Mariana Moreira Nascimento,mariana.moreira.nascimento.24521@example.com,Rondonópolis,Supervisor de atendimento,28,22440046665
Felipe Dias Silva,felipe.dias.silva.24522@example.com,Natal,Enfermeiro,25,02820588098
Beatriz Fernandes Moreira,beatriz.fernandes.moreira.24523@example.com,Natal,Gerente financeiro,65,92656658652
Nicolas Moreira Castro,nicolas.moreira.castro.24524@example.com,Brasília,Mecânico,51,73215782335
Simone Nascimento Pereira,simone.nascimento.pereira.24525@example.com,Londrina,Chefe de departamento pessoal,57,91762574640
Paulo Barbosa Mendes,paulo.barbosa.mendes.24526@example.com,Belo Horizonte,Nutricionista,43,05799154707
Lucas Gomes Carvalho,lucas.gomes.carvalho.24527@example.com,Campinas,Estoquista,26,95036275935
Ana Rocha Nascimento,ana.rocha.nascimento.24528@example.com,Niterói,Mecânico,24,32510617598
Carlos Nascimento Martins,carlos.nascimento.martins.24529@example.com,Cuiabá,Cozinheiro,56,57637831811
Letícia Rocha Pereira,leticia.rocha.pereira.24530@example.com,Campo Grande,Nutricionista,66,42479935590
Amanda Lima Souza,amanda.lima.souza.24531@example.com,Recife,Atendente,70,62398632683
Otávio Oliveira Martins,otavio.oliveira.martins.24532@example.com,Recife,Assistente comercial,36,28091823232
Patrícia Santos Silva,patricia.santos.silva.24533@example.com,São Paulo,Nutricionista,57,30304982349
Vitória Alves Moreira,vitoria.alves.moreira.24534@example.com,Dourados,Técnico de segurança do trabalho,26,09566903537
Bruno Alves Araújo,bruno.alves.araujo.24535@example.com,Belém,Estoquista,63,26197824406
Gabriel Moreira Araújo,gabriel.moreira.araujo.24536@example.com,Caxias do Sul,Analista de recursos humanos,66,24041878434
Ana Mendes Barros,ana.mendes.barros.24537@example.com,Porto Alegre,Nutricionista,69,04212153226
Rafael Fernandes Carvalho,rafael.fernandes.carvalho.24538@example.com,Campo Grande,Advogado,36,03980933523
Gustavo Silva Gomes,gustavo.silva.gomes.24539@example.com,Salvador,Nutricionista,31,40695530210
José Barros Fernandes,jose.barros.fernandes.24540@example.com,Sorocaba,Líder de equipe,27,44017257785
Gustavo Barros Dias,gustavo.barros.dias.24541@example.com,São Paulo,Encarregado de produção,25,91918951666
Amanda Cardoso Barros,amanda.cardoso.barros.24542@example.com,Natal,Eletricista,46,08000073378
Vinícius Gomes Dias,vinicius.gomes.dias.24543@example.com,Curitiba,Designer gráfico,68,78920520303
Beatriz Mendes Barbosa,beatriz.mendes.barbosa.24544@example.com,Vitória,Designer gráfico,63,67660631463
Leonardo Pereira Monteiro,leonardo.pereira.monteiro.24545@example.com,Manaus,Vendedor,36,49346688590
Luana Alves Moreira,luana.alves.moreira.24546@example.com,Belém,Supervisor de atendimento,54,73815410757
Mariana Gomes Carvalho,mariana.gomes.carvalho.24547@example.com,Campinas,Supervisor de manutenção,38,75506538830
Thiago Castro Lima,thiago.castro.lima.24548@example.com,Uberlândia,Auxiliar de produção,48,80939138158
Pedro Moreira Araújo,pedro.moreira.araujo.24549@example.com,Uberlândia,Contador,49,99729800844
Marcelo Freitas Souza,marcelo.freitas.souza.24550@example.com,São Paulo,Analista de marketing,29,10224630352
Nicolas Freitas Nascimento,nicolas.freitas.nascimento.24551@example.com,Manaus,Técnico de segurança do trabalho,38,57447633667
Gabriel Castro Monteiro,gabriel.castro.monteiro.24552@example.com,Joinville,Contador,18,19365865924
Marcelo Moreira Araújo,marcelo.moreira.araujo.24553@example.com,Rio de Janeiro,Supervisor de qualidade,44,38097647088
Larissa Mendes Barbosa,larissa.mendes.barbosa.24554@example.com,Londrina,Estoquista,35,66797816127
Vinícius Dias Lima,vinicius.dias.lima.24555@example.com,Santos,Vendedor,33,73956424212
Thiago Carvalho Castro,thiago.carvalho.castro.24556@example.com,Recife,Corretor de imóveis,28,73332763962
Thiago Cardoso Pereira,thiago.cardoso.pereira.24557@example.com,Florianópolis,Professor,22,55634521454
Gabriela Rocha Castro,gabriela.rocha.castro.24558@example.com,Florianópolis,Supervisor de qualidade,57,35392451567
Lucas Costa Pereira,lucas.costa.pereira.24559@example.com,Belo Horizonte,Recepcionista,70,80994168785
Carlos Fernandes Monteiro,carlos.fernandes.monteiro.24560@example.com,Campinas,Analista de dados,61,99820496506
Bruno Rodrigues Pereira,bruno.rodrigues.pereira.24561@example.com,Rio de Janeiro,Estoquista,35,39846694078
Gabriela Alves Monteiro,gabriela.alves.monteiro.24562@example.com,Rio de Janeiro,Contador,18,95061963992
Aline Fernandes Mendes,aline.fernandes.mendes.24563@example.com,Florianópolis,Supervisor de atendimento,28,94060784489
Thiago Barbosa Oliveira,thiago.barbosa.oliveira.24564@example.com,Uberlândia,Analista financeiro,25,57048743934
Paulo Pereira Martins,paulo.pereira.martins.24565@example.com,Joinville,Professor,47,83887748450
Gustavo Fernandes Almeida,gustavo.fernandes.almeida.24566@example.com,Campinas,Coordenador de produção,49,34849969320
Gustavo Castro Carvalho,gustavo.castro.carvalho.24567@example.com,Campinas,Comprador,55,49960639369
Aline Alves Freitas,aline.alves.freitas.24568@example.com,Rio de Janeiro,Gerente de tecnologia,64,61952281380
Eduardo Barbosa Barros,eduardo.barbosa.barros.24569@example.com,Campo Grande,Atendente,39,30014371062
João Carvalho Monteiro,joao.carvalho.monteiro.24570@example.com,Caxias do Sul,Gerente financeiro,57,71392648129
Henrique Carvalho Mendes,henrique.carvalho.mendes.24571@example.com,Fortaleza,Chefe de departamento pessoal,59,94565353325
Bruno Mendes Castro,bruno.mendes.castro.24572@example.com,Campo Grande,Operador de caixa,46,98180364834
Leonardo Dias Souza,leonardo.dias.souza.24573@example.com,Goiânia,Gerente de operações,63,39164569758
Leonardo Moreira Fernandes,leonardo.moreira.fernandes.24574@example.com,Rio de Janeiro,Chefe de departamento pessoal,27,69073226592
Sérgio Carvalho Rocha,sergio.carvalho.rocha.24575@example.com,Natal,Vendedor,69,96605853273
Priscila Rodrigues Araújo,priscila.rodrigues.araujo.24576@example.com,Fortaleza,Encarregado de produção,39,57114925836
Marcelo Teixeira Teixeira,marcelo.teixeira.teixeira.24577@example.com,Niterói,Coordenador de produção,40,33726027443
Vinícius Freitas Costa,vinicius.freitas.costa.24578@example.com,Natal,Enfermeiro,56,97299453713
Daniela Cardoso Araújo,daniela.cardoso.araujo.24579@example.com,Goiânia,Auxiliar de produção,44,74833523467
Mariana Silva Gomes,mariana.silva.gomes.24580@example.com,Caxias do Sul,Contador,59,98464190427
José Cardoso Gomes,jose.cardoso.gomes.24581@example.com,Belo Horizonte,Atendente,66,74294679974
Camila Santos Moreira,camila.santos.moreira.24582@example.com,Natal,Arquiteto,61,44122488884
Leonardo Freitas Fernandes,leonardo.freitas.fernandes.24583@example.com,Goiânia,Professor,53,22833395018
Lucas Martins Alves,lucas.martins.alves.24584@example.com,Niterói,Encarregado de produção,67,10938004971
Gabriela Lima Pereira,gabriela.lima.pereira.24585@example.com,Caxias do Sul,Chefe de almoxarifado,45,28191186898
Tatiane Barbosa Alves,tatiane.barbosa.alves.24586@example.com,Sorocaba,Designer gráfico,39,98742718411
Nicolas Cardoso Almeida,nicolas.cardoso.almeida.24587@example.com,Campo Grande,Analista de marketing,68,63019450385
Gustavo Freitas Nascimento,gustavo.freitas.nascimento.24588@example.com,Belém,Eletricista,38,93481674516
Diego Santos Lima,diego.santos.lima.24589@example.com,Brasília,Corretor de imóveis,44,81575857457
Beatriz Martins Barbosa,beatriz.martins.barbosa.24590@example.com,Rio de Janeiro,Arquiteto,24,85036767149
Letícia Santos Santos,leticia.santos.santos.24591@example.com,Londrina,Chefe de almoxarifado,53,34036605017
Patrícia Ribeiro Martins,patricia.ribeiro.martins.24592@example.com,Campo Grande,Designer gráfico,39,36216025144
Felipe Gomes Costa,felipe.gomes.costa.24593@example.com,Natal,Assistente comercial,19,03581433385
Larissa Santos Dias,larissa.santos.dias.24594@example.com,Rondonópolis,Encarregado de produção,36,96953097392
Pedro Almeida Silva,pedro.almeida.silva.24595@example.com,Campinas,Gerente de operações,37,06452360078
Aline Fernandes Costa,aline.fernandes.costa.24596@example.com,Belo Horizonte,Fisioterapeuta,64,81384660104
Felipe Castro Almeida,felipe.castro.almeida.24597@example.com,Niterói,Farmacêutico,52,90636095356
Rafael Dias Oliveira,rafael.dias.oliveira.24598@example.com,Caxias do Sul,Comprador,44,89594409422
Sérgio Souza Rocha,sergio.souza.rocha.24599@example.com,Cuiabá,Motorista,21,97730374550
Fernanda Lima Gomes,fernanda.lima.gomes.24600@example.com,Florianópolis,Gerente financeiro,50,41056730269
Gabriela Ribeiro Dias,gabriela.ribeiro.dias.24601@example.com,Recife,Designer gráfico,40,50477532208
Letícia Freitas Barbosa,leticia.freitas.barbosa.24602@example.com,Florianópolis,Fisioterapeuta,67,00905574460
Gustavo Costa Fernandes,gustavo.costa.fernandes.24603@example.com,Manaus,Professor,27,20296059343
Letícia Dias Alves,leticia.dias.alves.24604@example.com,Salvador,Técnico em informática,30,29792184415
Ricardo Barros Rocha,ricardo.barros.rocha.24605@example.com,Niterói,Analista de recursos humanos,40,25079136956
Gabriel Moreira Oliveira,gabriel.moreira.oliveira.24606@example.com,Campinas,Farmacêutico,30,11023525700
Amanda Rocha Rocha,amanda.rocha.rocha.24607@example.com,Curitiba,Encarregado de produção,48,01299453535
Sandra Santos Dias,sandra.santos.dias.24608@example.com,Goiânia,Engenheiro civil,52,82154781948
Igor Pereira Nascimento,igor.pereira.nascimento.24609@example.com,Brasília,Assistente comercial,37,92122277118
João Freitas Rodrigues,joao.freitas.rodrigues.24610@example.com,Maringá,Chefe de almoxarifado,29,35306866687
Aline Fernandes Almeida,aline.fernandes.almeida.24611@example.com,Caxias do Sul,Fisioterapeuta,35,86959726294
Gustavo Oliveira Teixeira,gustavo.oliveira.teixeira.24612@example.com,Rondonópolis,Nutricionista,44,91740126812
Vinícius Oliveira Dias,vinicius.oliveira.dias.24613@example.com,Santos,Contador,37,04036144565
José Fernandes Dias,jose.fernandes.dias.24614@example.com,Porto Alegre,Supervisor de vendas,49,29503049574
Aline Lima Moreira,aline.lima.moreira.24615@example.com,Curitiba,Supervisor de atendimento,70,46062863954
Nicolas Lima Rocha,nicolas.lima.rocha.24616@example.com,Caxias do Sul,Chefe de departamento pessoal,59,27605567061
Aline Martins Silva,aline.martins.silva.24617@example.com,Caxias do Sul,Técnico de segurança do trabalho,60,28246507909
Vanessa Nascimento Cardoso,vanessa.nascimento.cardoso.24618@example.com,Fortaleza,Jornalista,46,71091244139
Amanda Nascimento Castro,amanda.nascimento.castro.24619@example.com,Recife,Coordenador de produção,34,46302856861
Sérgio Barros Castro,sergio.barros.castro.24620@example.com,Manaus,Técnico de segurança do trabalho,21,93033229055
João Monteiro Nascimento,joao.monteiro.nascimento.24621@example.com,Florianópolis,Auxiliar de produção,43,69915803861
Larissa Teixeira Barbosa,larissa.teixeira.barbosa.24622@example.com,Curitiba,Estoquista,62,25497701321
Aline Oliveira Almeida,aline.oliveira.almeida.24623@example.com,Campo Grande,Advogado,51,32019090936
Renata Nascimento Costa,renata.nascimento.costa.24624@example.com,Santos,Enfermeiro,45,32369417832
Larissa Rodrigues Alves,larissa.rodrigues.alves.24625@example.com,Sorocaba,Recepcionista,49,42491634415
Pedro Lima Monteiro,pedro.lima.monteiro.24626@example.com,Belém,Técnico de enfermagem,28,29440904310
Thiago Monteiro Moreira,thiago.monteiro.moreira.24627@example.com,Rio de Janeiro,Técnico em informática,46,29206531480
Renata Almeida Barros,renata.almeida.barros.24628@example.com,Uberlândia,Encarregado de produção,58,54207207313
Carlos Oliveira Souza,carlos.oliveira.souza.24629@example.com,Vitória,Chefe de departamento pessoal,66,38022594269
Thiago Gomes Carvalho,thiago.gomes.carvalho.24630@example.com,Cuiabá,Coordenador de logística,70,53502156228
Sérgio Barros Cardoso,sergio.barros.cardoso.24631@example.com,Manaus,Comprador,55,80085601406
João Carvalho Oliveira,joao.carvalho.oliveira.24632@example.com,Santos,Coordenador administrativo,69,80525722019
Pedro Souza Alves,pedro.souza.alves.24633@example.com,Salvador,Analista de dados,30,95770358687
Lucas Almeida Alves,lucas.almeida.alves.24634@example.com,Campinas,Vendedor,19,49321315980
Juliana Mendes Martins,juliana.mendes.martins.24635@example.com,Florianópolis,Eletricista,59,03418579485
Beatriz Carvalho Costa,beatriz.carvalho.costa.24636@example.com,Recife,Estoquista,52,47061617476
Vitória Souza Moreira,vitoria.souza.moreira.24637@example.com,Joinville,Fisioterapeuta,18,97210641261
Renata Martins Castro,renata.martins.castro.24638@example.com,Dourados,Pedreiro,57,08964419700
Juliana Rodrigues Barbosa,juliana.rodrigues.barbosa.24639@example.com,Florianópolis,Gerente de operações,38,02006453650
Larissa Fernandes Carvalho,larissa.fernandes.carvalho.24640@example.com,Rondonópolis,Corretor de imóveis,42,19546680797
Rafael Oliveira Martins,rafael.oliveira.martins.24641@example.com,Fortaleza,Gerente financeiro,32,64412028398
Lucas Gomes Moreira,lucas.gomes.moreira.24642@example.com,São Paulo,Gerente comercial,70,49153042429
Vitória Silva Pereira,vitoria.silva.pereira.24643@example.com,Belo Horizonte,Supervisor de atendimento,51,32073169227
Lucas Costa Rodrigues,lucas.costa.rodrigues.24644@example.com,São Paulo,Pedreiro,34,89954367007
Juliana Martins Martins,juliana.martins.martins.24645@example.com,Campo Grande,Fisioterapeuta,18,91746123642
Mariana Carvalho Barros,mariana.carvalho.barros.24646@example.com,Campinas,Advogado,70,19888689523
Luana Monteiro Fernandes,luana.monteiro.fernandes.24647@example.com,Dourados,Atendente,49,62059606670
Juliana Almeida Moreira,juliana.almeida.moreira.24648@example.com,Dourados,Padeiro,69,21325016647
Thiago Martins Costa,thiago.martins.costa.24649@example.com,Rio de Janeiro,Chefe de departamento pessoal,69,50458183012
Daniela Almeida Monteiro,daniela.almeida.monteiro.24650@example.com,Dourados,Enfermeiro,63,22570896023
Otávio Gomes Castro,otavio.gomes.castro.24651@example.com,Rondonópolis,Engenheiro civil,43,82591206183
Thiago Cardoso Fernandes,thiago.cardoso.fernandes.24652@example.com,Natal,Arquiteto,56,25604086488
Marcelo Costa Gomes,marcelo.costa.gomes.24653@example.com,Belo Horizonte,Recepcionista,46,60869266215
Juliana Silva Fernandes,juliana.silva.fernandes.24654@example.com,Santos,Técnico de segurança do trabalho,47,37780212835
Simone Carvalho Araújo,simone.carvalho.araujo.24655@example.com,São Paulo,Vendedor,18,55649222835
Marcelo Teixeira Mendes,marcelo.teixeira.mendes.24656@example.com,Maringá,Operador de caixa,69,27914307909
Tatiane Costa Nascimento,tatiane.costa.nascimento.24657@example.com,Cuiabá,Farmacêutico,26,54057674147
Nicolas Fernandes Almeida,nicolas.fernandes.almeida.24658@example.com,Rio de Janeiro,Vendedor,22,90685080392
Daniela Teixeira Oliveira,daniela.teixeira.oliveira.24659@example.com,Rio de Janeiro,Gerente comercial,31,87935833929
Aline Santos Souza,aline.santos.souza.24660@example.com,Fortaleza,Analista financeiro,26,49771056178
Leonardo Fernandes Alves,leonardo.fernandes.alves.24661@example.com,Rondonópolis,Coordenador de logística,67,76379914504
Henrique Cardoso Costa,henrique.cardoso.costa.24662@example.com,Caxias do Sul,Gerente de operações,54,29584439501
José Costa Nascimento,jose.costa.nascimento.24663@example.com,Uberlândia,Coordenador administrativo,39,91042199368
Rafael Lima Santos,rafael.lima.santos.24664@example.com,Belo Horizonte,Contador,42,21796166076
Simone Monteiro Silva,simone.monteiro.silva.24665@example.com,Vitória,Supervisor de qualidade,21,57340675436
Letícia Castro Carvalho,leticia.castro.carvalho.24666@example.com,São Paulo,Técnico de segurança do trabalho,35,08442778386
Letícia Mendes Santos,leticia.mendes.santos.24667@example.com,Belo Horizonte,Fisioterapeuta,47,48248551856
Thiago Souza Rocha,thiago.souza.rocha.24668@example.com,Maringá,Mecânico,39,07224559021
Carlos Rodrigues Gomes,carlos.rodrigues.gomes.24669@example.com,Cuiabá,Contador,25,66615646791
Leonardo Barbosa Gomes,leonardo.barbosa.gomes.24670@example.com,Belém,Analista financeiro,20,39676921575
Tatiane Rodrigues Barbosa,tatiane.rodrigues.barbosa.24671@example.com,Fortaleza,Engenheiro civil,63,89915976401
Igor Rodrigues Gomes,igor.rodrigues.gomes.24672@example.com,Brasília,Gerente de tecnologia,30,09430903666
Daniela Fernandes Alves,daniela.fernandes.alves.24673@example.com,Recife,Técnico de segurança do trabalho,58,03927663874
Beatriz Fernandes Alves,beatriz.fernandes.alves.24674@example.com,Santos,Analista de marketing,33,10968154652
Tatiane Barros Dias,tatiane.barros.dias.24675@example.com,Campo Grande,Arquiteto,57,88904031650
Carlos Barros Rocha,carlos.barros.rocha.24676@example.com,Goiânia,Coordenador de marketing,49,05419470948
Diego Alves Silva,diego.alves.silva.24677@example.com,Caxias do Sul,Atendente,58,65640630262
Marcelo Martins Santos,marcelo.martins.santos.24678@example.com,Fortaleza,Analista de dados,24,89682332487
Gabriel Almeida Araújo,gabriel.almeida.araujo.24679@example.com,Belém,Coordenador de logística,60,95037441945
Leonardo Cardoso Mendes,leonardo.cardoso.mendes.24680@example.com,Uberlândia,Gerente de recursos humanos,46,38799461152
Carlos Martins Moreira,carlos.martins.moreira.24681@example.com,Curitiba,Líder de equipe,38,92535883873
Paulo Almeida Barbosa,paulo.almeida.barbosa.24682@example.com,Salvador,Cozinheiro,60,64561622010
Rafael Teixeira Rodrigues,rafael.teixeira.rodrigues.24683@example.com,Natal,Cozinheiro,23,72431192115
Débora Gomes Barbosa,debora.gomes.barbosa.24684@example.com,Cuiabá,Eletricista,34,90014090551
Diego Ribeiro Freitas,diego.ribeiro.freitas.24685@example.com,Fortaleza,Diretor comercial,27,49356115053
Pedro Freitas Teixeira,pedro.freitas.teixeira.24686@example.com,Rio de Janeiro,Cozinheiro,31,86134248167
Lucas Pereira Dias,lucas.pereira.dias.24687@example.com,Campinas,Coordenador de marketing,57,67132758723
Nicolas Silva Cardoso,nicolas.silva.cardoso.24688@example.com,Campinas,Supervisor de vendas,47,97116478506
Gabriel Pereira Nascimento,gabriel.pereira.nascimento.24689@example.com,Rio de Janeiro,Recepcionista,67,90599602824
Priscila Ribeiro Barbosa,priscila.ribeiro.barbosa.24690@example.com,Rio de Janeiro,Encarregado de produção,49,80265181066
Aline Barros Teixeira,aline.barros.teixeira.24691@example.com,Florianópolis,Cozinheiro,46,26126671259
Priscila Costa Castro,priscila.costa.castro.24692@example.com,Vitória,Supervisor de manutenção,67,56723828415
Diego Lima Carvalho,diego.lima.carvalho.24693@example.com,Rio de Janeiro,Gerente de recursos humanos,18,88243891890
Marcelo Carvalho Fernandes,marcelo.carvalho.fernandes.24694@example.com,Fortaleza,Eletricista,39,70729715325
Amanda Moreira Dias,amanda.moreira.dias.24695@example.com,Cuiabá,Corretor de imóveis,30,03864949332
Paulo Santos Monteiro,paulo.santos.monteiro.24696@example.com,Belo Horizonte,Programador,67,02576560001
Tatiane Barbosa Costa,tatiane.barbosa.costa.24697@example.com,Rio de Janeiro,Técnico de enfermagem,69,00003315019
João Souza Monteiro,joao.souza.monteiro.24698@example.com,Santos,Comprador,55,93072493636
Vanessa Santos Souza,vanessa.santos.souza.24699@example.com,Rondonópolis,Cozinheiro,18,13633989192
Pedro Castro Barros,pedro.castro.barros.24700@example.com,Goiânia,Operador de caixa,68,10659213394
Ricardo Teixeira Pereira,ricardo.teixeira.pereira.24701@example.com,Fortaleza,Advogado,46,61775353662
Mariana Santos Carvalho,mariana.santos.carvalho.24702@example.com,Florianópolis,Engenheiro civil,59,39837159504
Diego Souza Rodrigues,diego.souza.rodrigues.24703@example.com,Santos,Analista de recursos humanos,33,38237969409
Aline Ribeiro Alves,aline.ribeiro.alves.24704@example.com,Sorocaba,Líder de equipe,34,96295020115
João Pereira Araújo,joao.pereira.araujo.24705@example.com,São Paulo,Diretor de operações,23,70328438591
Lucas Castro Lima,lucas.castro.lima.24706@example.com,Recife,Motorista,53,92718799818
Diego Freitas Gomes,diego.freitas.gomes.24707@example.com,Salvador,Cozinheiro,43,53612075061
Vanessa Costa Teixeira,vanessa.costa.teixeira.24708@example.com,Recife,Coordenador administrativo,55,17644543580
Aline Freitas Teixeira,aline.freitas.teixeira.24709@example.com,Porto Alegre,Pedreiro,19,36780383312
Luana Dias Santos,luana.dias.santos.24710@example.com,Londrina,Diretor de operações,68,91450706833
Camila Freitas Mendes,camila.freitas.mendes.24711@example.com,Fortaleza,Analista financeiro,51,62192390843
Camila Oliveira Teixeira,camila.oliveira.teixeira.24712@example.com,Niterói,Encarregado de produção,29,24486487327
Thiago Nascimento Moreira,thiago.nascimento.moreira.24713@example.com,Caxias do Sul,Fisioterapeuta,28,21432764805
Débora Ribeiro Teixeira,debora.ribeiro.teixeira.24714@example.com,Vitória,Advogado,52,42631216946
Carlos Alves Moreira,carlos.alves.moreira.24715@example.com,Porto Alegre,Diretor comercial,24,28066833795
Tatiane Pereira Rodrigues,tatiane.pereira.rodrigues.24716@example.com,Recife,Técnico de segurança do trabalho,36,98819030676
Marcelo Freitas Almeida,marcelo.freitas.almeida.24717@example.com,Fortaleza,Gerente comercial,28,00720058905
Priscila Carvalho Castro,priscila.carvalho.castro.24718@example.com,Goiânia,Vendedor,33,17646597346
Felipe Teixeira Teixeira,felipe.teixeira.teixeira.24719@example.com,Joinville,Chefe de departamento pessoal,38,81783876739
José Costa Freitas,jose.costa.freitas.24720@example.com,Cuiabá,Enfermeiro,65,60868494558
Juliana Carvalho Barbosa,juliana.carvalho.barbosa.24721@example.com,Vitória,Assistente administrativo,49,95320073886
Mariana Mendes Costa,mariana.mendes.costa.24722@example.com,Campo Grande,Engenheiro civil,20,96355469473
Beatriz Moreira Monteiro,beatriz.moreira.monteiro.24723@example.com,Caxias do Sul,Contador,30,93233322379
Fernanda Freitas Barbosa,fernanda.freitas.barbosa.24724@example.com,Florianópolis,Analista financeiro,39,04491741983
Simone Oliveira Teixeira,simone.oliveira.teixeira.24725@example.com,Santos,Diretor comercial,33,79154773107
Carlos Cardoso Moreira,carlos.cardoso.moreira.24726@example.com,Natal,Coordenador de produção,21,34445199567
José Freitas Martins,jose.freitas.martins.24727@example.com,Goiânia,Analista financeiro,58,28114687546
Vanessa Mendes Barbosa,vanessa.mendes.barbosa.24728@example.com,Campo Grande,Supervisor de vendas,58,82027899094
Eduardo Barros Moreira,eduardo.barros.moreira.24729@example.com,Fortaleza,Chefe de compras,41,58718412685
Larissa Mendes Freitas,larissa.mendes.freitas.24730@example.com,Maringá,Motorista,34,84693657616
Renata Cardoso Barbosa,renata.cardoso.barbosa.24731@example.com,Porto Alegre,Coordenador de produção,38,46232623376
Diego Silva Pereira,diego.silva.pereira.24732@example.com,Santos,Cozinheiro,64,12951296438
Ricardo Rodrigues Carvalho,ricardo.rodrigues.carvalho.24733@example.com,Dourados,Líder de equipe,28,70545829544
Amanda Barbosa Oliveira,amanda.barbosa.oliveira.24734@example.com,Curitiba,Gerente comercial,50,55354598787
Fernanda Lima Barros,fernanda.lima.barros.24735@example.com,Manaus,Técnico de enfermagem,47,45423898150
Ana Araújo Oliveira,ana.araujo.oliveira.24736@example.com,Sorocaba,Técnico de segurança do trabalho,20,02130539283
Felipe Teixeira Monteiro,felipe.teixeira.monteiro.24737@example.com,Campo Grande,Recepcionista,38,37103038119
Paulo Rocha Souza,paulo.rocha.souza.24738@example.com,Salvador,Supervisor de qualidade,37,73231375900
Henrique Moreira Alves,henrique.moreira.alves.24739@example.com,Campinas,Operador de caixa,34,92837594139
Carlos Nascimento Cardoso,carlos.nascimento.cardoso.24740@example.com,São Paulo,Arquiteto,70,18444055808
Eduardo Teixeira Araújo,eduardo.teixeira.araujo.24741@example.com,Recife,Supervisor de vendas,27,84146142005
Lucas Silva Gomes,lucas.silva.gomes.24742@example.com,São Paulo,Jornalista,69,78023265399
Sandra Monteiro Teixeira,sandra.monteiro.teixeira.24743@example.com,Cuiabá,Técnico em informática,30,85718595456
Marcelo Carvalho Alves,marcelo.carvalho.alves.24744@example.com,Uberlândia,Analista financeiro,20,71526524156
Rafael Silva Nascimento,rafael.silva.nascimento.24745@example.com,Campo Grande,Técnico de segurança do trabalho,69,52366793647
Vinícius Rodrigues Fernandes,vinicius.rodrigues.fernandes.24746@example.com,Manaus,Atendente,46,99916132295
Juliana Martins Moreira,juliana.martins.moreira.24747@example.com,Campo Grande,Encarregado de produção,39,69407690040
Ricardo Castro Gomes,ricardo.castro.gomes.24748@example.com,Salvador,Líder de equipe,49,15129685532
Nicolas Lima Almeida,nicolas.lima.almeida.24749@example.com,Caxias do Sul,Encarregado de produção,45,20619063757
Simone Freitas Monteiro,simone.freitas.monteiro.24750@example.com,Uberlândia,Recepcionista,68,14509166617
Ricardo Souza Silva,ricardo.souza.silva.24751@example.com,Dourados,Comprador,30,86034882043
Mariana Silva Martins,mariana.silva.martins.24752@example.com,Manaus,Chefe de compras,27,24220523293
Tatiane Carvalho Santos,tatiane.carvalho.santos.24753@example.com,Natal,Cozinheiro,50,98310329024
Vinícius Rodrigues Cardoso,vinicius.rodrigues.cardoso.24754@example.com,Florianópolis,Operador de caixa,42,33977365683
Juliana Rodrigues Monteiro,juliana.rodrigues.monteiro.24755@example.com,Campinas,Programador,41,01943714113
Beatriz Teixeira Alves,beatriz.teixeira.alves.24756@example.com,Recife,Nutricionista,57,68675060876
Vitória Silva Alves,vitoria.silva.alves.24757@example.com,Rio de Janeiro,Diretor de operações,23,48800011931
Lucas Araújo Rocha,lucas.araujo.rocha.24758@example.com,Brasília,Auxiliar de produção,70,49572204332
Gabriela Araújo Castro,gabriela.araujo.castro.24759@example.com,Curitiba,Analista de recursos humanos,69,96893262374
Sérgio Santos Rocha,sergio.santos.rocha.24760@example.com,Santos,Corretor de imóveis,50,05459768999
Vanessa Moreira Freitas,vanessa.moreira.freitas.24761@example.com,Natal,Comprador,63,57752225102
Beatriz Pereira Rodrigues,beatriz.pereira.rodrigues.24762@example.com,Goiânia,Comprador,52,04316765405
Thiago Costa Rocha,thiago.costa.rocha.24763@example.com,Maringá,Analista de dados,67,85107590033
Tatiane Santos Lima,tatiane.santos.lima.24764@example.com,Sorocaba,Auxiliar de produção,29,46304090991
Simone Gomes Carvalho,simone.gomes.carvalho.24765@example.com,Fortaleza,Assistente comercial,58,43197568414
Vanessa Rocha Teixeira,vanessa.rocha.teixeira.24766@example.com,Manaus,Professor,33,96616740163
Rafael Freitas Fernandes,rafael.freitas.fernandes.24767@example.com,Niterói,Técnico de enfermagem,40,38001127236
Leonardo Souza Teixeira,leonardo.souza.teixeira.24768@example.com,Curitiba,Comprador,53,89468410822
Fernanda Souza Cardoso,fernanda.souza.cardoso.24769@example.com,Recife,Supervisor de manutenção,39,85195242071
Ana Santos Araújo,ana.santos.araujo.24770@example.com,Fortaleza,Advogado,62,76605214411
Marcelo Pereira Monteiro,marcelo.pereira.monteiro.24771@example.com,Porto Alegre,Vendedor,42,24764936487
Gabriel Moreira Moreira,gabriel.moreira.moreira.24772@example.com,Brasília,Técnico de segurança do trabalho,51,09792173802
Gabriel Lima Souza,gabriel.lima.souza.24773@example.com,Cuiabá,Farmacêutico,43,72906494163
Letícia Alves Carvalho,leticia.alves.carvalho.24774@example.com,Fortaleza,Chefe de almoxarifado,40,32031620051
Vitória Rodrigues Lima,vitoria.rodrigues.lima.24775@example.com,Rondonópolis,Nutricionista,43,40819841457
Luana Gomes Nascimento,luana.gomes.nascimento.24776@example.com,Recife,Assistente administrativo,22,26255349851
Sérgio Gomes Araújo,sergio.gomes.araujo.24777@example.com,Campinas,Supervisor de atendimento,62,53847998857
Thiago Cardoso Monteiro,thiago.cardoso.monteiro.24778@example.com,Belo Horizonte,Gerente de tecnologia,66,68350880274
Gustavo Martins Martins,gustavo.martins.martins.24779@example.com,Joinville,Designer gráfico,32,87205170841
Fernanda Martins Rodrigues,fernanda.martins.rodrigues.24780@example.com,Fortaleza,Coordenador de marketing,60,00596734898
Felipe Alves Barros,felipe.alves.barros.24781@example.com,Curitiba,Diretor de operações,41,29837141593
Gustavo Santos Almeida,gustavo.santos.almeida.24782@example.com,Maringá,Gerente de tecnologia,27,09467697537
Sérgio Dias Castro,sergio.dias.castro.24783@example.com,Rio de Janeiro,Farmacêutico,25,73985175316
Nicolas Oliveira Ribeiro,nicolas.oliveira.ribeiro.24784@example.com,Fortaleza,Pedreiro,59,92555424351
Vanessa Martins Moreira,vanessa.martins.moreira.24785@example.com,Campo Grande,Arquiteto,21,92539552524
Otávio Souza Araújo,otavio.souza.araujo.24786@example.com,Uberlândia,Coordenador de marketing,62,76546224723
Débora Mendes Nascimento,debora.mendes.nascimento.24787@example.com,Santos,Chefe de departamento pessoal,57,29663228354
Ricardo Barbosa Ribeiro,ricardo.barbosa.ribeiro.24788@example.com,Dourados,Supervisor de manutenção,55,99510591393
Leonardo Costa Gomes,leonardo.costa.gomes.24789@example.com,Campinas,Cozinheiro,55,49462344536
Gabriel Teixeira Silva,gabriel.teixeira.silva.24790@example.com,São Paulo,Assistente comercial,18,39688285205
Daniela Rodrigues Alves,daniela.rodrigues.alves.24791@example.com,Cuiabá,Gerente comercial,57,72998835898
Thiago Castro Ribeiro,thiago.castro.ribeiro.24792@example.com,Goiânia,Designer gráfico,24,85018625021
Fernanda Monteiro Castro,fernanda.monteiro.castro.24793@example.com,Campo Grande,Programador,66,39959218471
Sandra Souza Teixeira,sandra.souza.teixeira.24794@example.com,Curitiba,Chefe de compras,45,52822628471
Paulo Mendes Cardoso,paulo.mendes.cardoso.24795@example.com,Vitória,Mecânico,46,93102088977
Larissa Almeida Teixeira,larissa.almeida.teixeira.24796@example.com,Belo Horizonte,Padeiro,52,88921005175
Lucas Lima Barros,lucas.lima.barros.24797@example.com,Joinville,Farmacêutico,50,21586090857
Sandra Cardoso Carvalho,sandra.cardoso.carvalho.24798@example.com,Maringá,Coordenador administrativo,67,59628778604
Gustavo Rocha Alves,gustavo.rocha.alves.24799@example.com,Fortaleza,Gerente de recursos humanos,41,31318964827
Vitória Barbosa Rodrigues,vitoria.barbosa.rodrigues.24800@example.com,Dourados,Técnico de enfermagem,46,90351823762
Beatriz Barros Pereira,beatriz.barros.pereira.24801@example.com,Santos,Designer gráfico,19,43896879828
Thiago Martins Mendes,thiago.martins.mendes.24802@example.com,Belém,Arquiteto,32,33204331547
Fernanda Araújo Martins,fernanda.araujo.martins.24803@example.com,Recife,Gerente de recursos humanos,35,09973515098
Bruno Rodrigues Fernandes,bruno.rodrigues.fernandes.24804@example.com,Joinville,Atendente,67,20574336730
Eduardo Moreira Araújo,eduardo.moreira.araujo.24805@example.com,Campinas,Fisioterapeuta,20,85523154894
Débora Cardoso Dias,debora.cardoso.dias.24806@example.com,Manaus,Corretor de imóveis,34,36165241380
Luana Dias Souza,luana.dias.souza.24807@example.com,Fortaleza,Analista de marketing,64,99726914387
Luana Monteiro Dias,luana.monteiro.dias.24808@example.com,Fortaleza,Chefe de almoxarifado,22,01810827574
Vanessa Barbosa Barbosa,vanessa.barbosa.barbosa.24809@example.com,Niterói,Supervisor de vendas,27,34129588317
Igor Nascimento Pereira,igor.nascimento.pereira.24810@example.com,Joinville,Coordenador de logística,66,18291083836
Sandra Barbosa Martins,sandra.barbosa.martins.24811@example.com,São Paulo,Cozinheiro,24,49114796713
Renata Alves Pereira,renata.alves.pereira.24812@example.com,Rio de Janeiro,Coordenador de produção,25,68041313288
Luana Santos Nascimento,luana.santos.nascimento.24813@example.com,Campo Grande,Eletricista,37,04487195371
Simone Santos Barbosa,simone.santos.barbosa.24814@example.com,Belo Horizonte,Supervisor de manutenção,69,19643398661
Ana Araújo Rodrigues,ana.araujo.rodrigues.24815@example.com,São Paulo,Farmacêutico,41,56098036834
Gabriela Araújo Rodrigues,gabriela.araujo.rodrigues.24816@example.com,Belo Horizonte,Gerente financeiro,32,96501103383
Lucas Souza Freitas,lucas.souza.freitas.24817@example.com,Caxias do Sul,Supervisor de manutenção,31,10009454475
Leonardo Alves Freitas,leonardo.alves.freitas.24818@example.com,Joinville,Engenheiro civil,59,53983298817
Letícia Lima Moreira,leticia.lima.moreira.24819@example.com,Maringá,Recepcionista,49,58889691302
Vinícius Oliveira Martins,vinicius.oliveira.martins.24820@example.com,Caxias do Sul,Assistente comercial,59,39419482907
Pedro Moreira Rocha,pedro.moreira.rocha.24821@example.com,Goiânia,Recepcionista,55,39372813748
Vanessa Pereira Moreira,vanessa.pereira.moreira.24822@example.com,Goiânia,Chefe de compras,35,78366138075
Simone Almeida Souza,simone.almeida.souza.24823@example.com,Recife,Diretor comercial,19,86722859580
Aline Carvalho Gomes,aline.carvalho.gomes.24824@example.com,Sorocaba,Chefe de compras,19,26410272699
Marcelo Cardoso Monteiro,marcelo.cardoso.monteiro.24825@example.com,Belo Horizonte,Programador,38,24613936874
Carolina Souza Rodrigues,carolina.souza.rodrigues.24826@example.com,Campinas,Técnico de enfermagem,51,55665974188
Carolina Araújo Costa,carolina.araujo.costa.24827@example.com,Campo Grande,Padeiro,28,58553998187
Igor Castro Gomes,igor.castro.gomes.24828@example.com,Caxias do Sul,Assistente comercial,20,38119959951
Nicolas Ribeiro Santos,nicolas.ribeiro.santos.24829@example.com,Brasília,Diretor comercial,52,66834522182
Vitória Carvalho Martins,vitoria.carvalho.martins.24830@example.com,Dourados,Analista de marketing,57,41770700466
João Castro Pereira,joao.castro.pereira.24831@example.com,Maringá,Engenheiro civil,66,14551995194
Beatriz Silva Moreira,beatriz.silva.moreira.24832@example.com,Santos,Eletricista,65,17785467605
Vanessa Gomes Castro,vanessa.gomes.castro.24833@example.com,Rondonópolis,Padeiro,62,14230470206
Letícia Santos Costa,leticia.santos.costa.24834@example.com,Campinas,Contador,41,27317221057
Otávio Araújo Monteiro,otavio.araujo.monteiro.24835@example.com,Fortaleza,Atendente,57,55897028798
Sérgio Gomes Barbosa,sergio.gomes.barbosa.24836@example.com,Campinas,Jornalista,58,93403212781
Simone Monteiro Barbosa,simone.monteiro.barbosa.24837@example.com,Belém,Técnico em informática,67,77093681847
Gabriel Alves Mendes,gabriel.alves.mendes.24838@example.com,Goiânia,Coordenador de marketing,36,84661039257
Fernanda Ribeiro Monteiro,fernanda.ribeiro.monteiro.24839@example.com,Salvador,Professor,32,09684265582
Pedro Pereira Nascimento,pedro.pereira.nascimento.24840@example.com,Belo Horizonte,Supervisor de vendas,46,82493310378
Bruno Barros Teixeira,bruno.barros.teixeira.24841@example.com,Brasília,Coordenador de produção,26,73865735142
Simone Alves Ribeiro,simone.alves.ribeiro.24842@example.com,Belo Horizonte,Técnico em informática,36,49482171362
Ana Teixeira Fernandes,ana.teixeira.fernandes.24843@example.com,Belo Horizonte,Coordenador de marketing,30,02397547673
Vinícius Nascimento Pereira,vinicius.nascimento.pereira.24844@example.com,Belém,Contador,64,81776271191
João Freitas Fernandes,joao.freitas.fernandes.24845@example.com,Maringá,Técnico em informática,23,93563542605
Diego Pereira Silva,diego.pereira.silva.24846@example.com,Caxias do Sul,Designer gráfico,39,24130980551
Priscila Barros Castro,priscila.barros.castro.24847@example.com,Maringá,Advogado,27,89694922508
Felipe Souza Nascimento,felipe.souza.nascimento.24848@example.com,Fortaleza,Gerente de recursos humanos,20,76662429426
Lucas Costa Ribeiro,lucas.costa.ribeiro.24849@example.com,Joinville,Coordenador de produção,25,04165022101
Leonardo Castro Pereira,leonardo.castro.pereira.24850@example.com,Maringá,Mecânico,54,26702760418
Priscila Barros Costa,priscila.barros.costa.24851@example.com,Vitória,Coordenador de produção,47,95073945768
Aline Barbosa Teixeira,aline.barbosa.teixeira.24852@example.com,Niterói,Analista de recursos humanos,46,31500449277
Leonardo Martins Araújo,leonardo.martins.araujo.24853@example.com,Joinville,Arquiteto,46,83149485783
Igor Nascimento Rodrigues,igor.nascimento.rodrigues.24854@example.com,Brasília,Gerente financeiro,35,90616223125
Amanda Costa Silva,amanda.costa.silva.24855@example.com,Manaus,Comprador,44,87105137278
Pedro Teixeira Almeida,pedro.teixeira.almeida.24856@example.com,Rondonópolis,Contador,37,35574883566
Aline Pereira Carvalho,aline.pereira.carvalho.24857@example.com,Londrina,Técnico de enfermagem,25,71142590850
Henrique Souza Santos,henrique.souza.santos.24858@example.com,Sorocaba,Gerente de tecnologia,49,49030186868
Letícia Cardoso Pereira,leticia.cardoso.pereira.24859@example.com,Sorocaba,Supervisor de manutenção,38,37289854857
Henrique Freitas Barros,henrique.freitas.barros.24860@example.com,Recife,Mecânico,41,26370098750
Ricardo Alves Freitas,ricardo.alves.freitas.24861@example.com,Curitiba,Assistente administrativo,42,53948838599
Débora Carvalho Lima,debora.carvalho.lima.24862@example.com,Curitiba,Auxiliar de produção,70,45481113034
Mariana Oliveira Dias,mariana.oliveira.dias.24863@example.com,Brasília,Arquiteto,59,19997014724
Paulo Araújo Ribeiro,paulo.araujo.ribeiro.24864@example.com,Rio de Janeiro,Farmacêutico,36,58851231275
Beatriz Mendes Dias,beatriz.mendes.dias.24865@example.com,São Paulo,Chefe de departamento pessoal,67,40554929173
Igor Barbosa Rocha,igor.barbosa.rocha.24866@example.com,Goiânia,Fisioterapeuta,60,73326410198
Bruno Dias Dias,bruno.dias.dias.24867@example.com,Santos,Técnico de enfermagem,56,74111968093
Sérgio Silva Oliveira,sergio.silva.oliveira.24868@example.com,Londrina,Coordenador de produção,56,85441741646
Marcelo Lima Santos,marcelo.lima.santos.24869@example.com,Londrina,Técnico de enfermagem,65,62505975033
Pedro Pereira Araújo,pedro.pereira.araujo.24870@example.com,Santos,Assistente administrativo,22,78869788036
Vanessa Carvalho Dias,vanessa.carvalho.dias.24871@example.com,Vitória,Supervisor de atendimento,49,49642165636
Juliana Rodrigues Dias,juliana.rodrigues.dias.24872@example.com,Sorocaba,Enfermeiro,46,10269920619
Bruno Gomes Dias,bruno.gomes.dias.24873@example.com,Vitória,Diretor comercial,55,20434467908
Gustavo Pereira Silva,gustavo.pereira.silva.24874@example.com,Londrina,Cozinheiro,49,82130416981
Eduardo Ribeiro Freitas,eduardo.ribeiro.freitas.24875@example.com,Sorocaba,Advogado,49,62729287930
Nicolas Fernandes Oliveira,nicolas.fernandes.oliveira.24876@example.com,Santos,Analista de recursos humanos,65,46863694543
Carolina Araújo Ribeiro,carolina.araujo.ribeiro.24877@example.com,Cuiabá,Gerente financeiro,30,03676531196
Lucas Carvalho Cardoso,lucas.carvalho.cardoso.24878@example.com,Rio de Janeiro,Supervisor de manutenção,20,65082710082
Amanda Cardoso Costa,amanda.cardoso.costa.24879@example.com,Santos,Engenheiro civil,46,95033301204
Ricardo Freitas Freitas,ricardo.freitas.freitas.24880@example.com,Salvador,Engenheiro civil,36,39920810905
Gustavo Santos Freitas,gustavo.santos.freitas.24881@example.com,Manaus,Estoquista,54,11201738498
Daniela Rodrigues Martins,daniela.rodrigues.martins.24882@example.com,Florianópolis,Mecânico,29,16060327091
Gabriela Almeida Castro,gabriela.almeida.castro.24883@example.com,Rio de Janeiro,Mecânico,32,47992009021
Rafael Barbosa Barros,rafael.barbosa.barros.24884@example.com,Fortaleza,Corretor de imóveis,23,36674792180
Lucas Alves Souza,lucas.alves.souza.24885@example.com,Rondonópolis,Diretor de operações,55,45814717610
Ricardo Nascimento Dias,ricardo.nascimento.dias.24886@example.com,Goiânia,Padeiro,56,24766660079
Pedro Alves Oliveira,pedro.alves.oliveira.24887@example.com,Santos,Técnico em informática,24,95476938945
Mariana Silva Pereira,mariana.silva.pereira.24888@example.com,São Paulo,Designer gráfico,67,46319834383
Bruno Costa Monteiro,bruno.costa.monteiro.24889@example.com,Dourados,Assistente comercial,38,79888021527
Lucas Barros Ribeiro,lucas.barros.ribeiro.24890@example.com,Belo Horizonte,Coordenador de marketing,25,60814387132
Letícia Costa Ribeiro,leticia.costa.ribeiro.24891@example.com,Recife,Professor,31,66700374455
Gabriel Rodrigues Teixeira,gabriel.rodrigues.teixeira.24892@example.com,Fortaleza,Cozinheiro,35,78401027372
Gabriel Freitas Cardoso,gabriel.freitas.cardoso.24893@example.com,Cuiabá,Padeiro,41,60942420245
Leonardo Gomes Monteiro,leonardo.gomes.monteiro.24894@example.com,Cuiabá,Eletricista,52,00418682629
Igor Dias Lima,igor.dias.lima.24895@example.com,Belo Horizonte,Mecânico,55,15602287627
Rafael Castro Oliveira,rafael.castro.oliveira.24896@example.com,Fortaleza,Analista de marketing,63,79583983540
João Freitas Barros,joao.freitas.barros.24897@example.com,Maringá,Engenheiro civil,63,91438036102
Aline Carvalho Moreira,aline.carvalho.moreira.24898@example.com,Salvador,Atendente,20,99451257591
Sandra Monteiro Teixeira,sandra.monteiro.teixeira.24899@example.com,Santos,Atendente,34,96562337517
Otávio Barros Teixeira,otavio.barros.teixeira.24900@example.com,Campinas,Programador,31,67814536428
Amanda Costa Martins,amanda.costa.martins.24901@example.com,Niterói,Analista financeiro,58,94451872148
Daniela Lima Monteiro,daniela.lima.monteiro.24902@example.com,Dourados,Comprador,55,15866171782
Henrique Rodrigues Barros,henrique.rodrigues.barros.24903@example.com,Salvador,Fisioterapeuta,70,06517603311
Gabriela Teixeira Ribeiro,gabriela.teixeira.ribeiro.24904@example.com,Cuiabá,Analista de marketing,50,02918055110
Renata Martins Oliveira,renata.martins.oliveira.24905@example.com,Niterói,Analista de recursos humanos,54,65077360352
Nicolas Cardoso Cardoso,nicolas.cardoso.cardoso.24906@example.com,Curitiba,Cozinheiro,34,38053804983
Beatriz Nascimento Mendes,beatriz.nascimento.mendes.24907@example.com,Fortaleza,Estoquista,62,22354907129
Mariana Barros Barros,mariana.barros.barros.24908@example.com,Cuiabá,Eletricista,62,68678449559
Débora Lima Silva,debora.lima.silva.24909@example.com,Brasília,Professor,18,81662358735
Lucas Cardoso Rocha,lucas.cardoso.rocha.24910@example.com,Sorocaba,Supervisor de qualidade,28,46469018837
Henrique Rodrigues Lima,henrique.rodrigues.lima.24911@example.com,Porto Alegre,Atendente,40,94827889812
Carlos Cardoso Barbosa,carlos.cardoso.barbosa.24912@example.com,Curitiba,Coordenador de logística,19,13977571572
José Rodrigues Barros,jose.rodrigues.barros.24913@example.com,São Paulo,Analista de recursos humanos,66,79294963687
Larissa Rodrigues Nascimento,larissa.rodrigues.nascimento.24914@example.com,Florianópolis,Jornalista,43,83969879833
Ricardo Alves Costa,ricardo.alves.costa.24915@example.com,Belo Horizonte,Recepcionista,43,78533094722
Simone Martins Silva,simone.martins.silva.24916@example.com,Cuiabá,Supervisor de qualidade,28,21265315710
Igor Freitas Gomes,igor.freitas.gomes.24917@example.com,Florianópolis,Gerente comercial,70,62789241751
Beatriz Gomes Alves,beatriz.gomes.alves.24918@example.com,Londrina,Coordenador de marketing,26,37261161312
Paulo Teixeira Mendes,paulo.teixeira.mendes.24919@example.com,Londrina,Gerente de recursos humanos,39,37132241707
José Pereira Souza,jose.pereira.souza.24920@example.com,Curitiba,Coordenador de logística,62,36777611708
Vitória Dias Freitas,vitoria.dias.freitas.24921@example.com,Goiânia,Eletricista,39,23574671954
Gabriela Teixeira Costa,gabriela.teixeira.costa.24922@example.com,Londrina,Recepcionista,61,18922471098
Débora Castro Barbosa,debora.castro.barbosa.24923@example.com,Maringá,Gerente de recursos humanos,39,48393158320
Rafael Costa Barbosa,rafael.costa.barbosa.24924@example.com,Rondonópolis,Analista de marketing,22,33228351106
Bruno Ribeiro Freitas,bruno.ribeiro.freitas.24925@example.com,Joinville,Fisioterapeuta,39,01824434157
Vitória Dias Dias,vitoria.dias.dias.24926@example.com,Salvador,Vendedor,70,96933738535
Carolina Silva Souza,carolina.silva.souza.24927@example.com,Uberlândia,Corretor de imóveis,69,10210749007
Eduardo Araújo Costa,eduardo.araujo.costa.24928@example.com,Manaus,Supervisor de qualidade,22,21110735260
Sandra Martins Rocha,sandra.martins.rocha.24929@example.com,Uberlândia,Chefe de almoxarifado,27,13633317436
Bruno Alves Rocha,bruno.alves.rocha.24930@example.com,Recife,Estoquista,51,74899225348
Sérgio Silva Santos,sergio.silva.santos.24931@example.com,Manaus,Gerente comercial,67,66865656064
Pedro Monteiro Dias,pedro.monteiro.dias.24932@example.com,Rondonópolis,Chefe de departamento pessoal,54,16543778106
Eduardo Ribeiro Mendes,eduardo.ribeiro.mendes.24933@example.com,Joinville,Diretor comercial,60,58801587549
Ricardo Santos Monteiro,ricardo.santos.monteiro.24934@example.com,Manaus,Supervisor de vendas,38,71097394977
Igor Souza Almeida,igor.souza.almeida.24935@example.com,São Paulo,Enfermeiro,26,69243286996
Vanessa Rodrigues Mendes,vanessa.rodrigues.mendes.24936@example.com,Uberlândia,Técnico de enfermagem,52,53591448178
Bruno Souza Moreira,bruno.souza.moreira.24937@example.com,Londrina,Chefe de almoxarifado,23,53881300816
Marcelo Almeida Almeida,marcelo.almeida.almeida.24938@example.com,Londrina,Advogado,63,04276988131
Vinícius Gomes Cardoso,vinicius.gomes.cardoso.24939@example.com,Santos,Coordenador de marketing,49,26608616126
Luana Souza Barbosa,luana.souza.barbosa.24940@example.com,São Paulo,Padeiro,40,71640361874
Marcelo Rocha Martins,marcelo.rocha.martins.24941@example.com,Manaus,Recepcionista,26,22046822931
Nicolas Souza Silva,nicolas.souza.silva.24942@example.com,Fortaleza,Nutricionista,21,16413362643
Felipe Costa Silva,felipe.costa.silva.24943@example.com,Porto Alegre,Operador de caixa,69,98439163686
José Lima Barbosa,jose.lima.barbosa.24944@example.com,Sorocaba,Atendente,19,63123041243
Letícia Rodrigues Rocha,leticia.rodrigues.rocha.24945@example.com,Vitória,Chefe de compras,38,77331489854
Camila Fernandes Ribeiro,camila.fernandes.ribeiro.24946@example.com,Maringá,Gerente comercial,49,52393059859
Rafael Costa Rocha,rafael.costa.rocha.24947@example.com,Manaus,Chefe de compras,34,34990758150
Vitória Santos Martins,vitoria.santos.martins.24948@example.com,Recife,Advogado,36,41881129944
Pedro Araújo Almeida,pedro.araujo.almeida.24949@example.com,Porto Alegre,Designer gráfico,20,37270461825
Aline Barros Mendes,aline.barros.mendes.24950@example.com,Santos,Diretor comercial,52,27390505861
Camila Araújo Teixeira,camila.araujo.teixeira.24951@example.com,Rio de Janeiro,Auxiliar de produção,27,81509846913
Ricardo Lima Dias,ricardo.lima.dias.24952@example.com,Campinas,Coordenador administrativo,60,07836580559
Ricardo Castro Mendes,ricardo.castro.mendes.24953@example.com,São Paulo,Encarregado de produção,49,25591063127
Igor Pereira Souza,igor.pereira.souza.24954@example.com,São Paulo,Operador de caixa,23,96231228826
Fernanda Almeida Nascimento,fernanda.almeida.nascimento.24955@example.com,Brasília,Coordenador de logística,69,61998659631
Vinícius Rodrigues Souza,vinicius.rodrigues.souza.24956@example.com,Joinville,Engenheiro civil,57,82455962813
Eduardo Martins Cardoso,eduardo.martins.cardoso.24957@example.com,Porto Alegre,Analista financeiro,60,01999645502
Débora Freitas Moreira,debora.freitas.moreira.24958@example.com,Natal,Farmacêutico,30,19600707603
Paulo Mendes Ribeiro,paulo.mendes.ribeiro.24959@example.com,Porto Alegre,Analista financeiro,49,67921731379
Carolina Freitas Monteiro,carolina.freitas.monteiro.24960@example.com,São Paulo,Engenheiro civil,50,48238599674
Vinícius Gomes Carvalho,vinicius.gomes.carvalho.24961@example.com,Joinville,Coordenador de logística,39,55630110960
Gabriela Freitas Castro,gabriela.freitas.castro.24962@example.com,Curitiba,Assistente administrativo,45,24520686178
Sérgio Martins Santos,sergio.martins.santos.24963@example.com,Brasília,Contador,44,32057510958
Henrique Souza Costa,henrique.souza.costa.24964@example.com,Rio de Janeiro,Coordenador de logística,22,64818339505
Thiago Carvalho Souza,thiago.carvalho.souza.24965@example.com,Dourados,Arquiteto,52,96020432351
Fernanda Costa Castro,fernanda.costa.castro.24966@example.com,Fortaleza,Supervisor de atendimento,41,93332083732
Camila Castro Gomes,camila.castro.gomes.24967@example.com,São Paulo,Programador,57,69668747293
Paulo Costa Ribeiro,paulo.costa.ribeiro.24968@example.com,Rondonópolis,Arquiteto,37,93499826220
Ana Castro Nascimento,ana.castro.nascimento.24969@example.com,Vitória,Engenheiro civil,29,76380638660
Ricardo Santos Cardoso,ricardo.santos.cardoso.24970@example.com,Florianópolis,Comprador,57,95070566860
Débora Araújo Barros,debora.araujo.barros.24971@example.com,Belém,Engenheiro civil,20,93080169273
Henrique Oliveira Alves,henrique.oliveira.alves.24972@example.com,Porto Alegre,Comprador,64,18815534384
Vitória Oliveira Mendes,vitoria.oliveira.mendes.24973@example.com,Brasília,Cozinheiro,64,02892599903
Vitória Barbosa Dias,vitoria.barbosa.dias.24974@example.com,Sorocaba,Analista financeiro,30,97844002560
Otávio Lima Nascimento,otavio.lima.nascimento.24975@example.com,Belo Horizonte,Engenheiro civil,48,49278508040
Aline Nascimento Ribeiro,aline.nascimento.ribeiro.24976@example.com,Maringá,Cozinheiro,60,43349906136
Gabriela Lima Martins,gabriela.lima.martins.24977@example.com,Curitiba,Supervisor de vendas,56,32197856205
Pedro Costa Moreira,pedro.costa.moreira.24978@example.com,Goiânia,Gerente financeiro,30,55411712690
Bruno Ribeiro Martins,bruno.ribeiro.martins.24979@example.com,Natal,Coordenador de produção,60,11566112461
Débora Monteiro Nascimento,debora.monteiro.nascimento.24980@example.com,Caxias do Sul,Assistente administrativo,33,10266035425
Felipe Lima Silva,felipe.lima.silva.24981@example.com,Campinas,Vendedor,29,32766333351
Letícia Alves Cardoso,leticia.alves.cardoso.24982@example.com,Curitiba,Chefe de compras,67,96173639693
Priscila Teixeira Lima,priscila.teixeira.lima.24983@example.com,Niterói,Pedreiro,37,79192825906
Larissa Souza Ribeiro,larissa.souza.ribeiro.24984@example.com,Porto Alegre,Auxiliar de produção,46,17152276571
Leonardo Fernandes Gomes,leonardo.fernandes.gomes.24985@example.com,Campo Grande,Comprador,52,68142410251
João Oliveira Rodrigues,joao.oliveira.rodrigues.24986@example.com,Maringá,Assistente administrativo,62,13414147928
Thiago Santos Silva,thiago.santos.silva.24987@example.com,Brasília,Enfermeiro,58,23554506817
Sérgio Cardoso Pereira,sergio.cardoso.pereira.24988@example.com,Natal,Programador,60,23302282402
Bruno Pereira Freitas,bruno.pereira.freitas.24989@example.com,Goiânia,Engenheiro civil,40,94059571328
Daniela Castro Santos,daniela.castro.santos.24990@example.com,Campinas,Gerente comercial,70,22080147528
Henrique Mendes Costa,henrique.mendes.costa.24991@example.com,Rondonópolis,Coordenador de logística,30,49738020425
Gustavo Fernandes Nascimento,gustavo.fernandes.nascimento.24992@example.com,Sorocaba,Diretor comercial,27,91693454028
Beatriz Freitas Souza,beatriz.freitas.souza.24993@example.com,São Paulo,Coordenador de produção,42,79963133792
Tatiane Mendes Rocha,tatiane.mendes.rocha.24994@example.com,Florianópolis,Gerente financeiro,23,34459384698
Henrique Mendes Fernandes,henrique.mendes.fernandes.24995@example.com,Dourados,Corretor de imóveis,60,97950148398
Amanda Dias Rodrigues,amanda.dias.rodrigues.24996@example.com,Maringá,Supervisor de qualidade,49,21852233080
Letícia Alves Barros,leticia.alves.barros.24997@example.com,Maringá,Pedreiro,47,83024301432
Bruno Costa Barbosa,bruno.costa.barbosa.24998@example.com,Natal,Atendente,36,11488531839
Mariana Barbosa Martins,mariana.barbosa.martins.24999@example.com,Uberlândia,Jornalista,34,59874511030
Leonardo Castro Costa,leonardo.castro.costa.25000@example.com,Niterói,Analista financeiro,52,81721160214
Tatiane Barbosa Castro,tatiane.barbosa.castro.25001@example.com,Joinville,Coordenador de produção,49,16007908114
José Carvalho Oliveira,jose.carvalho.oliveira.25002@example.com,Belo Horizonte,Supervisor de atendimento,45,53502279139
Carlos Mendes Cardoso,carlos.mendes.cardoso.25003@example.com,Cuiabá,Diretor comercial,40,44239172958
Sérgio Barbosa Oliveira,sergio.barbosa.oliveira.25004@example.com,Curitiba,Chefe de compras,28,60125192676
Henrique Gomes Monteiro,henrique.gomes.monteiro.25005@example.com,Fortaleza,Técnico de enfermagem,56,76660635933
Juliana Nascimento Almeida,juliana.nascimento.almeida.25006@example.com,Joinville,Programador,66,94344107869
Vanessa Martins Nascimento,vanessa.martins.nascimento.25007@example.com,Uberlândia,Mecânico,20,23337371557
Luana Fernandes Dias,luana.fernandes.dias.25008@example.com,Florianópolis,Coordenador de marketing,32,17179054781
Priscila Fernandes Pereira,priscila.fernandes.pereira.25009@example.com,Salvador,Jornalista,49,55399747411
Diego Oliveira Pereira,diego.oliveira.pereira.25010@example.com,Fortaleza,Corretor de imóveis,33,34283860288
Bruno Monteiro Santos,bruno.monteiro.santos.25011@example.com,Belo Horizonte,Mecânico,68,20469498778
Mariana Pereira Costa,mariana.pereira.costa.25012@example.com,Goiânia,Chefe de compras,18,24558375942
Nicolas Rocha Fernandes,nicolas.rocha.fernandes.25013@example.com,Joinville,Supervisor de qualidade,68,08392755673
Juliana Costa Barros,juliana.costa.barros.25014@example.com,Florianópolis,Jornalista,60,71184482336
Rafael Monteiro Barros,rafael.monteiro.barros.25015@example.com,Vitória,Programador,52,13257466910
Luana Moreira Barros,luana.moreira.barros.25016@example.com,Brasília,Gerente financeiro,27,21573640153
Aline Teixeira Mendes,aline.teixeira.mendes.25017@example.com,Florianópolis,Analista financeiro,66,71435909157
Rafael Castro Cardoso,rafael.castro.cardoso.25018@example.com,Manaus,Diretor de operações,25,71717901573
Sandra Castro Gomes,sandra.castro.gomes.25019@example.com,Cuiabá,Analista de dados,43,21377700429
Thiago Mendes Costa,thiago.mendes.costa.25020@example.com,Cuiabá,Vendedor,64,28253742414
Patrícia Silva Silva,patricia.silva.silva.25021@example.com,Dourados,Engenheiro civil,50,98944029452
Gustavo Ribeiro Fernandes,gustavo.ribeiro.fernandes.25022@example.com,Santos,Jornalista,27,79101855223
Paulo Araújo Dias,paulo.araujo.dias.25023@example.com,Maringá,Vendedor,31,10411332215
Carolina Alves Gomes,carolina.alves.gomes.25024@example.com,Curitiba,Encarregado de produção,60,35937971620
Pedro Rodrigues Moreira,pedro.rodrigues.moreira.25025@example.com,Recife,Arquiteto,42,75779584233
Diego Castro Gomes,diego.castro.gomes.25026@example.com,Cuiabá,Coordenador de marketing,39,00617676032
Aline Ribeiro Gomes,aline.ribeiro.gomes.25027@example.com,Maringá,Gerente de recursos humanos,49,64633834035
Marcelo Dias Silva,marcelo.dias.silva.25028@example.com,Santos,Coordenador de logística,54,33710754378
Sérgio Rodrigues Barbosa,sergio.rodrigues.barbosa.25029@example.com,Caxias do Sul,Arquiteto,62,56462346776
Letícia Moreira Ribeiro,leticia.moreira.ribeiro.25030@example.com,São Paulo,Analista de recursos humanos,36,66089420431
Vitória Moreira Lima,vitoria.moreira.lima.25031@example.com,Brasília,Estoquista,18,81062469199
Luana Freitas Araújo,luana.freitas.araujo.25032@example.com,Dourados,Estoquista,18,57563726077
Paulo Freitas Rodrigues,paulo.freitas.rodrigues.25033@example.com,Vitória,Técnico de segurança do trabalho,28,26667147229
Vitória Cardoso Nascimento,vitoria.cardoso.nascimento.25034@example.com,Joinville,Corretor de imóveis,60,58546036881
Carlos Dias Costa,carlos.dias.costa.25035@example.com,Manaus,Pedreiro,34,59253752313
Daniela Barbosa Souza,daniela.barbosa.souza.25036@example.com,Niterói,Mecânico,49,71684783656
Larissa Martins Souza,larissa.martins.souza.25037@example.com,Maringá,Supervisor de atendimento,28,28841303637
Priscila Costa Moreira,priscila.costa.moreira.25038@example.com,Curitiba,Mecânico,47,76214687595
Vitória Santos Alves,vitoria.santos.alves.25039@example.com,Rio de Janeiro,Gerente de operações,44,65643184628
Vitória Carvalho Araújo,vitoria.carvalho.araujo.25040@example.com,Uberlândia,Encarregado de produção,23,97560041434
Vitória Souza Silva,vitoria.souza.silva.25041@example.com,Joinville,Técnico de segurança do trabalho,70,57774008762
José Araújo Teixeira,jose.araujo.teixeira.25042@example.com,Joinville,Designer gráfico,18,39657840352
Felipe Fernandes Alves,felipe.fernandes.alves.25043@example.com,Maringá,Chefe de almoxarifado,61,12626437370
Felipe Teixeira Moreira,felipe.teixeira.moreira.25044@example.com,Recife,Diretor comercial,67,98704897856
Simone Gomes Cardoso,simone.gomes.cardoso.25045@example.com,Uberlândia,Auxiliar de produção,63,07820034428
Daniela Silva Moreira,daniela.silva.moreira.25046@example.com,Manaus,Comprador,20,18532051529
Luana Lima Pereira,luana.lima.pereira.25047@example.com,Joinville,Engenheiro civil,55,35594054117
Otávio Santos Costa,otavio.santos.costa.25048@example.com,Belo Horizonte,Assistente comercial,60,88817814494
Felipe Barbosa Alves,felipe.barbosa.alves.25049@example.com,Vitória,Coordenador de produção,52,70426672248
Amanda Cardoso Silva,amanda.cardoso.silva.25050@example.com,Belo Horizonte,Supervisor de vendas,21,63640350001
Patrícia Dias Freitas,patricia.dias.freitas.25051@example.com,Sorocaba,Coordenador de produção,63,76237685154
Letícia Castro Dias,leticia.castro.dias.25052@example.com,Niterói,Técnico em informática,62,64682298924
Fernanda Carvalho Lima,fernanda.carvalho.lima.25053@example.com,Uberlândia,Pedreiro,64,78168037644
Vinícius Mendes Souza,vinicius.mendes.souza.25054@example.com,Londrina,Vendedor,24,69211153418
Thiago Lima Costa,thiago.lima.costa.25055@example.com,Santos,Eletricista,23,15934285540
Diego Teixeira Alves,diego.teixeira.alves.25056@example.com,Salvador,Auxiliar de produção,35,96576052431
Gustavo Barros Costa,gustavo.barros.costa.25057@example.com,Brasília,Recepcionista,23,94812694301
Débora Silva Freitas,debora.silva.freitas.25058@example.com,Goiânia,Gerente de recursos humanos,59,08987719205
Aline Martins Carvalho,aline.martins.carvalho.25059@example.com,Santos,Analista de dados,30,70863307475
Felipe Barros Almeida,felipe.barros.almeida.25060@example.com,Belo Horizonte,Designer gráfico,67,41065530501
Vinícius Cardoso Castro,vinicius.cardoso.castro.25061@example.com,São Paulo,Analista de marketing,56,36460532649
Sandra Almeida Silva,sandra.almeida.silva.25062@example.com,Natal,Supervisor de manutenção,39,84970329342
Juliana Rodrigues Silva,juliana.rodrigues.silva.25063@example.com,Niterói,Corretor de imóveis,35,73487391932
Lucas Oliveira Moreira,lucas.oliveira.moreira.25064@example.com,Caxias do Sul,Motorista,46,82468507458
Vinícius Ribeiro Araújo,vinicius.ribeiro.araujo.25065@example.com,Salvador,Chefe de compras,25,71047473177
Diego Castro Alves,diego.castro.alves.25066@example.com,Belém,Motorista,31,72414728161
Ricardo Gomes Almeida,ricardo.gomes.almeida.25067@example.com,Recife,Chefe de compras,51,08821797144
Vitória Oliveira Barros,vitoria.oliveira.barros.25068@example.com,Manaus,Programador,60,06621159392
Thiago Costa Teixeira,thiago.costa.teixeira.25069@example.com,Natal,Gerente comercial,41,67708511985
Ricardo Martins Gomes,ricardo.martins.gomes.25070@example.com,Belém,Chefe de departamento pessoal,37,49665083406
Vinícius Barros Rodrigues,vinicius.barros.rodrigues.25071@example.com,Porto Alegre,Enfermeiro,42,32247328579
Amanda Teixeira Souza,amanda.teixeira.souza.25072@example.com,Salvador,Supervisor de vendas,70,09850281390
Bruno Rodrigues Castro,bruno.rodrigues.castro.25073@example.com,Dourados,Arquiteto,59,29788533873
Ricardo Monteiro Castro,ricardo.monteiro.castro.25074@example.com,Goiânia,Enfermeiro,22,32257892913
Letícia Fernandes Nascimento,leticia.fernandes.nascimento.25075@example.com,Rondonópolis,Professor,57,68163426699
Marcelo Souza Lima,marcelo.souza.lima.25076@example.com,Natal,Operador de caixa,23,45998977292
Pedro Lima Rodrigues,pedro.lima.rodrigues.25077@example.com,Uberlândia,Auxiliar de produção,55,99404333313
Beatriz Araújo Mendes,beatriz.araujo.mendes.25078@example.com,Joinville,Programador,29,21107443852
Felipe Lima Barbosa,felipe.lima.barbosa.25079@example.com,Santos,Contador,37,84296500928
Carolina Freitas Teixeira,carolina.freitas.teixeira.25080@example.com,Porto Alegre,Analista de marketing,45,84596629915
João Freitas Teixeira,joao.freitas.teixeira.25081@example.com,Campo Grande,Professor,55,36120121622
Aline Monteiro Teixeira,aline.monteiro.teixeira.25082@example.com,Manaus,Chefe de compras,25,14417201823
Leonardo Castro Martins,leonardo.castro.martins.25083@example.com,Campo Grande,Motorista,61,21639016225
Amanda Gomes Cardoso,amanda.gomes.cardoso.25084@example.com,Goiânia,Encarregado de produção,56,70694663012
Juliana Costa Gomes,juliana.costa.gomes.25085@example.com,Manaus,Coordenador de marketing,31,03539117523
Gabriel Freitas Moreira,gabriel.freitas.moreira.25086@example.com,Campinas,Técnico de enfermagem,41,02084597774
Henrique Oliveira Dias,henrique.oliveira.dias.25087@example.com,Caxias do Sul,Analista de recursos humanos,45,56049982162
Mariana Martins Almeida,mariana.martins.almeida.25088@example.com,Dourados,Cozinheiro,59,92665366425
Renata Ribeiro Almeida,renata.ribeiro.almeida.25089@example.com,Manaus,Analista financeiro,38,15520782934
João Almeida Freitas,joao.almeida.freitas.25090@example.com,Salvador,Diretor comercial,70,72592718401
Camila Moreira Costa,camila.moreira.costa.25091@example.com,Brasília,Técnico de enfermagem,42,50163603195
João Oliveira Cardoso,joao.oliveira.cardoso.25092@example.com,Campinas,Nutricionista,25,28565855157
Daniela Pereira Dias,daniela.pereira.dias.25093@example.com,Joinville,Líder de equipe,42,23532964234
José Carvalho Oliveira,jose.carvalho.oliveira.25094@example.com,Belo Horizonte,Vendedor,36,28770898916
Pedro Souza Moreira,pedro.souza.moreira.25095@example.com,Rondonópolis,Gerente financeiro,70,35416309814
Felipe Barros Barbosa,felipe.barros.barbosa.25096@example.com,Recife,Gerente de operações,31,47408506172
Rafael Souza Nascimento,rafael.souza.nascimento.25097@example.com,Niterói,Técnico em informática,38,36537295442
Priscila Costa Castro,priscila.costa.castro.25098@example.com,Rondonópolis,Diretor de operações,70,42301634499
Carlos Barros Fernandes,carlos.barros.fernandes.25099@example.com,Vitória,Recepcionista,68,55511268960
Eduardo Mendes Rodrigues,eduardo.mendes.rodrigues.25100@example.com,Campo Grande,Comprador,55,46407885129
Gabriel Barbosa Ribeiro,gabriel.barbosa.ribeiro.25101@example.com,Uberlândia,Recepcionista,48,81251464707
Luana Cardoso Dias,luana.cardoso.dias.25102@example.com,Cuiabá,Gerente de tecnologia,48,84334578454
Vitória Alves Rocha,vitoria.alves.rocha.25103@example.com,Campo Grande,Mecânico,33,86780499635
Henrique Alves Oliveira,henrique.alves.oliveira.25104@example.com,Porto Alegre,Gerente de recursos humanos,29,30056161963
Juliana Carvalho Pereira,juliana.carvalho.pereira.25105@example.com,Goiânia,Enfermeiro,23,19026032731
Daniela Ribeiro Mendes,daniela.ribeiro.mendes.25106@example.com,Niterói,Cozinheiro,23,13610033224
Ana Mendes Barros,ana.mendes.barros.25107@example.com,Dourados,Assistente comercial,22,33012665056
Vinícius Ribeiro Barros,vinicius.ribeiro.barros.25108@example.com,Porto Alegre,Farmacêutico,30,68843888021
Vinícius Santos Rodrigues,vinicius.santos.rodrigues.25109@example.com,Natal,Corretor de imóveis,23,13213314221
Pedro Monteiro Cardoso,pedro.monteiro.cardoso.25110@example.com,Maringá,Contador,37,04512324435
Vitória Dias Gomes,vitoria.dias.gomes.25111@example.com,Uberlândia,Analista de recursos humanos,26,95544004972
Débora Costa Castro,debora.costa.castro.25112@example.com,Fortaleza,Pedreiro,20,63442055035
Carolina Rodrigues Barbosa,carolina.rodrigues.barbosa.25113@example.com,São Paulo,Supervisor de vendas,23,31997297478
Priscila Rocha Rodrigues,priscila.rocha.rodrigues.25114@example.com,Recife,Operador de caixa,44,70873922162
Pedro Pereira Teixeira,pedro.pereira.teixeira.25115@example.com,Natal,Técnico de enfermagem,44,48075851472
Diego Carvalho Costa,diego.carvalho.costa.25116@example.com,Niterói,Mecânico,66,44804825324
Priscila Silva Gomes,priscila.silva.gomes.25117@example.com,Londrina,Recepcionista,21,37274218717
Patrícia Alves Monteiro,patricia.alves.monteiro.25118@example.com,Campo Grande,Analista financeiro,25,80646654380
Larissa Rocha Oliveira,larissa.rocha.oliveira.25119@example.com,Dourados,Motorista,41,36906542475
José Freitas Araújo,jose.freitas.araujo.25120@example.com,Porto Alegre,Arquiteto,22,17155957639
Vanessa Mendes Costa,vanessa.mendes.costa.25121@example.com,Campinas,Contador,70,00740855772
Felipe Teixeira Castro,felipe.teixeira.castro.25122@example.com,Fortaleza,Analista de marketing,45,30787662507
Simone Rocha Nascimento,simone.rocha.nascimento.25123@example.com,Manaus,Assistente comercial,52,00767430018
Vinícius Costa Cardoso,vinicius.costa.cardoso.25124@example.com,Campinas,Corretor de imóveis,40,36112251260
Amanda Freitas Castro,amanda.freitas.castro.25125@example.com,Florianópolis,Técnico em informática,57,44551944976
Renata Cardoso Barros,renata.cardoso.barros.25126@example.com,Belém,Motorista,51,02337803256
Paulo Souza Pereira,paulo.souza.pereira.25127@example.com,Recife,Estoquista,44,45339869780
Fernanda Dias Fernandes,fernanda.dias.fernandes.25128@example.com,Joinville,Corretor de imóveis,39,84145120921
Vitória Fernandes Araújo,vitoria.fernandes.araujo.25129@example.com,Fortaleza,Enfermeiro,69,24516571247
Rafael Monteiro Barros,rafael.monteiro.barros.25130@example.com,Joinville,Farmacêutico,37,67978029423
Marcelo Martins Carvalho,marcelo.martins.carvalho.25131@example.com,Campo Grande,Atendente,28,94816898751
Sandra Barbosa Alves,sandra.barbosa.alves.25132@example.com,Santos,Nutricionista,70,86897673844
Bruno Alves Oliveira,bruno.alves.oliveira.25133@example.com,Curitiba,Estoquista,60,59814497382
Gabriela Silva Castro,gabriela.silva.castro.25134@example.com,Belém,Operador de caixa,20,74299743214
Carolina Ribeiro Barros,carolina.ribeiro.barros.25135@example.com,Belém,Vendedor,52,11714689349
Simone Oliveira Alves,simone.oliveira.alves.25136@example.com,Brasília,Assistente comercial,68,50857594259
Gabriel Cardoso Souza,gabriel.cardoso.souza.25137@example.com,Belo Horizonte,Nutricionista,32,77667163236
Carolina Souza Martins,carolina.souza.martins.25138@example.com,Recife,Analista de recursos humanos,28,14686022597
Paulo Fernandes Mendes,paulo.fernandes.mendes.25139@example.com,Rio de Janeiro,Estoquista,66,82975104919
Amanda Souza Souza,amanda.souza.souza.25140@example.com,Joinville,Eletricista,30,75444201587
Renata Fernandes Pereira,renata.fernandes.pereira.25141@example.com,Campo Grande,Técnico de segurança do trabalho,67,13144084134
Fernanda Moreira Monteiro,fernanda.moreira.monteiro.25142@example.com,Fortaleza,Mecânico,39,60064748377
Amanda Silva Alves,amanda.silva.alves.25143@example.com,Niterói,Vendedor,31,70325761022
Sandra Mendes Rocha,sandra.mendes.rocha.25144@example.com,Maringá,Designer gráfico,64,17708701650
João Mendes Martins,joao.mendes.martins.25145@example.com,Cuiabá,Coordenador administrativo,69,57902265061
Diego Alves Araújo,diego.alves.araujo.25146@example.com,Sorocaba,Cozinheiro,25,97511114900
Ana Rocha Martins,ana.rocha.martins.25147@example.com,Curitiba,Padeiro,21,40204118597
Daniela Santos Araújo,daniela.santos.araujo.25148@example.com,Brasília,Coordenador administrativo,41,69206933805
Leonardo Castro Ribeiro,leonardo.castro.ribeiro.25149@example.com,Campo Grande,Mecânico,53,00981025834
Ricardo Oliveira Dias,ricardo.oliveira.dias.25150@example.com,Sorocaba,Coordenador de logística,70,67743654382
Larissa Lima Oliveira,larissa.lima.oliveira.25151@example.com,Natal,Coordenador administrativo,41,32608080007
Leonardo Oliveira Almeida,leonardo.oliveira.almeida.25152@example.com,Campo Grande,Gerente comercial,53,35088127018
Paulo Lima Moreira,paulo.lima.moreira.25153@example.com,Caxias do Sul,Técnico em informática,51,42090784380
Daniela Rodrigues Gomes,daniela.rodrigues.gomes.25154@example.com,Campinas,Atendente,44,58671670621
Gabriela Lima Rocha,gabriela.lima.rocha.25155@example.com,Caxias do Sul,Analista de marketing,43,52812068340
Lucas Monteiro Gomes,lucas.monteiro.gomes.25156@example.com,Niterói,Contador,33,67106193401
Gabriela Silva Silva,gabriela.silva.silva.25157@example.com,Rondonópolis,Mecânico,41,77133338930
Ricardo Mendes Nascimento,ricardo.mendes.nascimento.25158@example.com,Rio de Janeiro,Analista de marketing,67,69969959372
Diego Silva Alves,diego.silva.alves.25159@example.com,Santos,Cozinheiro,42,31408143947
Felipe Santos Barbosa,felipe.santos.barbosa.25160@example.com,Maringá,Diretor comercial,31,39780630645
Rafael Martins Alves,rafael.martins.alves.25161@example.com,Niterói,Analista de recursos humanos,31,80688324814
Leonardo Araújo Pereira,leonardo.araujo.pereira.25162@example.com,Niterói,Corretor de imóveis,36,68284001065
Gabriela Fernandes Santos,gabriela.fernandes.santos.25163@example.com,Cuiabá,Analista de dados,18,48264461079
Igor Almeida Gomes,igor.almeida.gomes.25164@example.com,Dourados,Gerente financeiro,70,93071828730
Letícia Costa Pereira,leticia.costa.pereira.25165@example.com,Porto Alegre,Supervisor de atendimento,20,14561298461
Larissa Martins Souza,larissa.martins.souza.25166@example.com,São Paulo,Fisioterapeuta,35,17611769085
Juliana Moreira Mendes,juliana.moreira.mendes.25167@example.com,Sorocaba,Pedreiro,37,02238186234
Bruno Lima Martins,bruno.lima.martins.25168@example.com,Sorocaba,Pedreiro,51,75862135976
Felipe Silva Fernandes,felipe.silva.fernandes.25169@example.com,Santos,Nutricionista,30,79308565885
Tatiane Rocha Dias,tatiane.rocha.dias.25170@example.com,Florianópolis,Assistente comercial,22,40937544034
Gabriel Costa Lima,gabriel.costa.lima.25171@example.com,Rio de Janeiro,Diretor comercial,62,51958149737
Vanessa Ribeiro Fernandes,vanessa.ribeiro.fernandes.25172@example.com,Santos,Encarregado de produção,22,77328214953
Priscila Barros Souza,priscila.barros.souza.25173@example.com,Florianópolis,Cozinheiro,69,14326767067
Gustavo Mendes Mendes,gustavo.mendes.mendes.25174@example.com,Maringá,Coordenador administrativo,59,97472923092
Daniela Santos Santos,daniela.santos.santos.25175@example.com,Londrina,Gerente de operações,58,93448079094
Vitória Gomes Gomes,vitoria.gomes.gomes.25176@example.com,Goiânia,Analista de marketing,64,44259021324
Priscila Pereira Martins,priscila.pereira.martins.25177@example.com,São Paulo,Líder de equipe,40,63315873170
Felipe Mendes Pereira,felipe.mendes.pereira.25178@example.com,Belém,Analista de dados,68,04851242954
Pedro Castro Freitas,pedro.castro.freitas.25179@example.com,Santos,Coordenador de marketing,54,65824671787
Leonardo Gomes Silva,leonardo.gomes.silva.25180@example.com,Maringá,Professor,29,37425372312
Daniela Santos Nascimento,daniela.santos.nascimento.25181@example.com,São Paulo,Encarregado de produção,25,06206107535
Igor Oliveira Martins,igor.oliveira.martins.25182@example.com,Cuiabá,Analista de dados,66,41515765351
Henrique Gomes Araújo,henrique.gomes.araujo.25183@example.com,Curitiba,Coordenador administrativo,21,53997378361
Nicolas Freitas Monteiro,nicolas.freitas.monteiro.25184@example.com,Maringá,Coordenador de logística,58,15772381593
Priscila Barbosa Teixeira,priscila.barbosa.teixeira.25185@example.com,Rondonópolis,Recepcionista,58,25613638582
Paulo Santos Lima,paulo.santos.lima.25186@example.com,Campinas,Chefe de compras,60,94481602921
Diego Barros Monteiro,diego.barros.monteiro.25187@example.com,Maringá,Vendedor,28,68317690542
Fernanda Silva Dias,fernanda.silva.dias.25188@example.com,Cuiabá,Técnico em informática,50,74421596179
Letícia Freitas Almeida,leticia.freitas.almeida.25189@example.com,Brasília,Assistente comercial,56,44322066829
Bruno Barros Mendes,bruno.barros.mendes.25190@example.com,Goiânia,Vendedor,21,23410287147
Gabriel Carvalho Martins,gabriel.carvalho.martins.25191@example.com,Vitória,Gerente de operações,56,24853785134
Tatiane Teixeira Rodrigues,tatiane.teixeira.rodrigues.25192@example.com,Recife,Analista de marketing,64,86453772900
Fernanda Fernandes Santos,fernanda.fernandes.santos.25193@example.com,Niterói,Encarregado de produção,20,69407822016
Aline Almeida Dias,aline.almeida.dias.25194@example.com,Curitiba,Gerente de recursos humanos,26,41021206166
Marcelo Lima Moreira,marcelo.lima.moreira.25195@example.com,Santos,Chefe de departamento pessoal,47,14239577911
Ricardo Carvalho Carvalho,ricardo.carvalho.carvalho.25196@example.com,Rondonópolis,Diretor comercial,62,05732537788
Beatriz Castro Costa,beatriz.castro.costa.25197@example.com,Cuiabá,Eletricista,24,73787842258
Camila Barbosa Rocha,camila.barbosa.rocha.25198@example.com,Rondonópolis,Analista de marketing,30,44397850746
Gustavo Martins Teixeira,gustavo.martins.teixeira.25199@example.com,Rio de Janeiro,Analista financeiro,52,06142014508
Diego Moreira Dias,diego.moreira.dias.25200@example.com,Londrina,Gerente comercial,56,07793652155
Thiago Monteiro Oliveira,thiago.monteiro.oliveira.25201@example.com,Curitiba,Analista de recursos humanos,26,25345311806
Simone Barros Souza,simone.barros.souza.25202@example.com,Belo Horizonte,Diretor comercial,62,06089405755
Priscila Carvalho Araújo,priscila.carvalho.araujo.25203@example.com,Fortaleza,Analista de recursos humanos,59,83484082791
Simone Moreira Carvalho,simone.moreira.carvalho.25204@example.com,Niterói,Assistente comercial,39,72101827621
Vanessa Alves Moreira,vanessa.alves.moreira.25205@example.com,Londrina,Técnico de segurança do trabalho,50,32381193525
Sandra Ribeiro Fernandes,sandra.ribeiro.fernandes.25206@example.com,Brasília,Padeiro,26,44602533997
Priscila Fernandes Martins,priscila.fernandes.martins.25207@example.com,Fortaleza,Nutricionista,51,48935994626
Camila Dias Monteiro,camila.dias.monteiro.25208@example.com,Natal,Coordenador de marketing,26,68940879101
Gabriel Dias Silva,gabriel.dias.silva.25209@example.com,Natal,Arquiteto,53,43558108434
Henrique Rocha Nascimento,henrique.rocha.nascimento.25210@example.com,Fortaleza,Supervisor de qualidade,28,61411306671
Amanda Barbosa Araújo,amanda.barbosa.araujo.25211@example.com,Natal,Supervisor de vendas,30,99419614076
Vitória Freitas Rocha,vitoria.freitas.rocha.25212@example.com,Brasília,Comprador,64,34022104535
Marcelo Souza Silva,marcelo.souza.silva.25213@example.com,Florianópolis,Cozinheiro,34,35076280361
Nicolas Monteiro Cardoso,nicolas.monteiro.cardoso.25214@example.com,Joinville,Analista de recursos humanos,58,99498580574
Bruno Barbosa Pereira,bruno.barbosa.pereira.25215@example.com,Maringá,Diretor de operações,69,99798779849
Carolina Mendes Souza,carolina.mendes.souza.25216@example.com,Sorocaba,Supervisor de qualidade,29,82697115211
Thiago Teixeira Dias,thiago.teixeira.dias.25217@example.com,Natal,Coordenador de produção,45,49017667869
Sérgio Barros Silva,sergio.barros.silva.25218@example.com,Campo Grande,Arquiteto,28,64299115501
José Carvalho Freitas,jose.carvalho.freitas.25219@example.com,Recife,Coordenador administrativo,19,55306262139
Leonardo Pereira Pereira,leonardo.pereira.pereira.25220@example.com,Sorocaba,Coordenador administrativo,57,18184638639
Vitória Mendes Pereira,vitoria.mendes.pereira.25221@example.com,Joinville,Cozinheiro,44,15082055517
Renata Souza Dias,renata.souza.dias.25222@example.com,Brasília,Chefe de almoxarifado,27,32614664577
Bruno Pereira Santos,bruno.pereira.santos.25223@example.com,Salvador,Motorista,45,74014522888
Leonardo Araújo Moreira,leonardo.araujo.moreira.25224@example.com,Curitiba,Supervisor de vendas,25,56982882158
Vitória Teixeira Monteiro,vitoria.teixeira.monteiro.25225@example.com,São Paulo,Contador,52,65147270441
Beatriz Souza Fernandes,beatriz.souza.fernandes.25226@example.com,Rondonópolis,Chefe de almoxarifado,57,48794620172
Otávio Carvalho Moreira,otavio.carvalho.moreira.25227@example.com,Recife,Engenheiro civil,56,37744265005
Patrícia Carvalho Almeida,patricia.carvalho.almeida.25228@example.com,Florianópolis,Assistente administrativo,47,62891177259
Juliana Dias Ribeiro,juliana.dias.ribeiro.25229@example.com,Curitiba,Advogado,44,66077073153
Gustavo Lima Moreira,gustavo.lima.moreira.25230@example.com,Natal,Analista de recursos humanos,28,91522454422
Gustavo Souza Almeida,gustavo.souza.almeida.25231@example.com,São Paulo,Auxiliar de produção,24,28836073470
Gabriela Ribeiro Fernandes,gabriela.ribeiro.fernandes.25232@example.com,Campo Grande,Fisioterapeuta,53,74809201658
Amanda Martins Costa,amanda.martins.costa.25233@example.com,Niterói,Arquiteto,52,28794716581
Eduardo Silva Mendes,eduardo.silva.mendes.25234@example.com,Santos,Chefe de departamento pessoal,37,56561484359
Paulo Moreira Teixeira,paulo.moreira.teixeira.25235@example.com,Curitiba,Diretor de operações,30,16737576634
Lucas Rodrigues Moreira,lucas.rodrigues.moreira.25236@example.com,Salvador,Farmacêutico,43,55637796493
Vinícius Oliveira Dias,vinicius.oliveira.dias.25237@example.com,Belém,Nutricionista,42,10439847207
Daniela Pereira Gomes,daniela.pereira.gomes.25238@example.com,Rondonópolis,Padeiro,45,98949705715
Igor Monteiro Ribeiro,igor.monteiro.ribeiro.25239@example.com,Rondonópolis,Supervisor de vendas,48,61012939412
Juliana Teixeira Carvalho,juliana.teixeira.carvalho.25240@example.com,Campo Grande,Gerente de recursos humanos,29,35774481339
Renata Oliveira Ribeiro,renata.oliveira.ribeiro.25241@example.com,Caxias do Sul,Programador,56,44042281555
Eduardo Costa Gomes,eduardo.costa.gomes.25242@example.com,Maringá,Motorista,57,01983738024
Daniela Mendes Araújo,daniela.mendes.araujo.25243@example.com,Sorocaba,Comprador,30,58082928521
Gabriela Dias Souza,gabriela.dias.souza.25244@example.com,Fortaleza,Chefe de almoxarifado,66,62456918103
Beatriz Gomes Fernandes,beatriz.gomes.fernandes.25245@example.com,Curitiba,Coordenador de marketing,20,47181478574
Gabriel Araújo Moreira,gabriel.araujo.moreira.25246@example.com,Recife,Padeiro,52,23690523522
Simone Moreira Fernandes,simone.moreira.fernandes.25247@example.com,Caxias do Sul,Vendedor,23,51036924593
Eduardo Freitas Santos,eduardo.freitas.santos.25248@example.com,Salvador,Mecânico,18,44175982162
Thiago Castro Mendes,thiago.castro.mendes.25249@example.com,Sorocaba,Coordenador de produção,64,02162193184
Beatriz Gomes Almeida,beatriz.gomes.almeida.25250@example.com,Uberlândia,Gerente de operações,51,61853356141
Luana Souza Santos,luana.souza.santos.25251@example.com,Curitiba,Gerente comercial,27,14316146469
Marcelo Freitas Barros,marcelo.freitas.barros.25252@example.com,Campinas,Programador,32,91612115864
João Almeida Rocha,joao.almeida.rocha.25253@example.com,Niterói,Assistente comercial,42,65600034379
Débora Martins Freitas,debora.martins.freitas.25254@example.com,Cuiabá,Chefe de compras,51,94398954120
Priscila Fernandes Barros,priscila.fernandes.barros.25255@example.com,Belém,Mecânico,57,02885841453
Tatiane Moreira Costa,tatiane.moreira.costa.25256@example.com,Curitiba,Corretor de imóveis,67,67357397585
José Barbosa Freitas,jose.barbosa.freitas.25257@example.com,São Paulo,Mecânico,39,58149167943
Paulo Oliveira Monteiro,paulo.oliveira.monteiro.25258@example.com,Caxias do Sul,Líder de equipe,38,40358865812
Luana Lima Freitas,luana.lima.freitas.25259@example.com,Brasília,Supervisor de qualidade,28,76409522150
Fernanda Gomes Lima,fernanda.gomes.lima.25260@example.com,Florianópolis,Auxiliar de produção,59,01960666801
Gabriela Freitas Cardoso,gabriela.freitas.cardoso.25261@example.com,Fortaleza,Supervisor de atendimento,22,19657051709
Patrícia Moreira Fernandes,patricia.moreira.fernandes.25262@example.com,Belém,Coordenador administrativo,35,79737468371
João Costa Moreira,joao.costa.moreira.25263@example.com,Campinas,Supervisor de manutenção,51,39359450026
João Rocha Mendes,joao.rocha.mendes.25264@example.com,Rondonópolis,Mecânico,68,85093810707
Gustavo Castro Martins,gustavo.castro.martins.25265@example.com,Rondonópolis,Técnico em informática,48,64971478912
Gabriela Costa Rodrigues,gabriela.costa.rodrigues.25266@example.com,Rondonópolis,Gerente de tecnologia,47,00093537886
Henrique Carvalho Nascimento,henrique.carvalho.nascimento.25267@example.com,Brasília,Operador de caixa,29,70109296458
Tatiane Moreira Santos,tatiane.moreira.santos.25268@example.com,Belém,Analista financeiro,42,21806995541
Priscila Rocha Souza,priscila.rocha.souza.25269@example.com,Niterói,Diretor de operações,50,79074666107
Larissa Oliveira Almeida,larissa.oliveira.almeida.25270@example.com,Vitória,Jornalista,66,05005527016
Camila Barros Barbosa,camila.barros.barbosa.25271@example.com,Niterói,Comprador,68,85965797579
Amanda Costa Castro,amanda.costa.castro.25272@example.com,Maringá,Gerente comercial,31,10051749441
Aline Rodrigues Santos,aline.rodrigues.santos.25273@example.com,Goiânia,Analista financeiro,43,17893820406
Amanda Lima Rocha,amanda.lima.rocha.25274@example.com,Rondonópolis,Chefe de compras,22,67853854299
Daniela Carvalho Rodrigues,daniela.carvalho.rodrigues.25275@example.com,Curitiba,Supervisor de vendas,31,65498332724
Larissa Fernandes Santos,larissa.fernandes.santos.25276@example.com,Goiânia,Auxiliar de produção,60,88388130419
Tatiane Souza Freitas,tatiane.souza.freitas.25277@example.com,Londrina,Recepcionista,62,33665954019
Patrícia Rodrigues Pereira,patricia.rodrigues.pereira.25278@example.com,Fortaleza,Corretor de imóveis,54,01256283182
Luana Rocha Rodrigues,luana.rocha.rodrigues.25279@example.com,Fortaleza,Designer gráfico,63,70565226267
Letícia Alves Moreira,leticia.alves.moreira.25280@example.com,Niterói,Mecânico,60,83553926412
Diego Gomes Barros,diego.gomes.barros.25281@example.com,São Paulo,Jornalista,31,16547683351
Pedro Dias Pereira,pedro.dias.pereira.25282@example.com,Campo Grande,Coordenador administrativo,50,43858109717
Rafael Costa Barros,rafael.costa.barros.25283@example.com,Goiânia,Coordenador administrativo,43,71488419438
Marcelo Nascimento Dias,marcelo.nascimento.dias.25284@example.com,Campinas,Assistente administrativo,62,88184134585
Amanda Santos Fernandes,amanda.santos.fernandes.25285@example.com,Campinas,Chefe de compras,35,43029094959
Camila Barros Silva,camila.barros.silva.25286@example.com,Campo Grande,Assistente administrativo,43,93464339366
Leonardo Ribeiro Alves,leonardo.ribeiro.alves.25287@example.com,Fortaleza,Supervisor de manutenção,30,54037059155
José Rocha Martins,jose.rocha.martins.25288@example.com,Dourados,Chefe de compras,20,19661628117
Nicolas Silva Souza,nicolas.silva.souza.25289@example.com,Porto Alegre,Eletricista,54,31461696383
Igor Ribeiro Barbosa,igor.ribeiro.barbosa.25290@example.com,Londrina,Arquiteto,26,14263459330
Eduardo Dias Castro,eduardo.dias.castro.25291@example.com,Maringá,Supervisor de vendas,24,74248724140
Tatiane Dias Lima,tatiane.dias.lima.25292@example.com,Cuiabá,Motorista,63,39760176719
Ana Gomes Mendes,ana.gomes.mendes.25293@example.com,Uberlândia,Padeiro,20,73328416714
Rafael Barbosa Barros,rafael.barbosa.barros.25294@example.com,Florianópolis,Gerente de tecnologia,62,27391661764
Aline Fernandes Ribeiro,aline.fernandes.ribeiro.25295@example.com,Natal,Coordenador de produção,20,05860617621
Otávio Moreira Barros,otavio.moreira.barros.25296@example.com,Fortaleza,Contador,65,30954033690
Renata Santos Castro,renata.santos.castro.25297@example.com,Sorocaba,Gerente comercial,53,14663398309
Aline Souza Barbosa,aline.souza.barbosa.25298@example.com,Londrina,Mecânico,20,42092055781
Rafael Barros Fernandes,rafael.barros.fernandes.25299@example.com,Belém,Programador,33,83279916359
Rafael Freitas Araújo,rafael.freitas.araujo.25300@example.com,Florianópolis,Jornalista,48,33549429032
Sandra Freitas Almeida,sandra.freitas.almeida.25301@example.com,Campinas,Analista de recursos humanos,18,31793205476
Nicolas Barbosa Moreira,nicolas.barbosa.moreira.25302@example.com,Brasília,Encarregado de produção,54,52551347542
Mariana Freitas Moreira,mariana.freitas.moreira.25303@example.com,Maringá,Analista de dados,50,50493114867
Beatriz Barbosa Souza,beatriz.barbosa.souza.25304@example.com,Recife,Assistente comercial,49,76410892008
Otávio Santos Rocha,otavio.santos.rocha.25305@example.com,Brasília,Líder de equipe,64,68778077722
Vitória Gomes Barbosa,vitoria.gomes.barbosa.25306@example.com,Brasília,Gerente de recursos humanos,33,73521740707
Gabriel Carvalho Cardoso,gabriel.carvalho.cardoso.25307@example.com,Porto Alegre,Gerente de tecnologia,24,59386804913
Letícia Rocha Dias,leticia.rocha.dias.25308@example.com,Joinville,Advogado,34,61965398517
Pedro Silva Carvalho,pedro.silva.carvalho.25309@example.com,Curitiba,Gerente financeiro,29,95965074109
Vitória Ribeiro Oliveira,vitoria.ribeiro.oliveira.25310@example.com,Belém,Coordenador de produção,59,16768367055
Patrícia Barbosa Teixeira,patricia.barbosa.teixeira.25311@example.com,Florianópolis,Coordenador de produção,23,64593250623
Eduardo Monteiro Almeida,eduardo.monteiro.almeida.25312@example.com,Manaus,Arquiteto,49,46397153391
Juliana Araújo Carvalho,juliana.araujo.carvalho.25313@example.com,Santos,Chefe de departamento pessoal,52,76204573262
Vitória Alves Carvalho,vitoria.alves.carvalho.25314@example.com,Londrina,Pedreiro,21,50895109111
Leonardo Pereira Costa,leonardo.pereira.costa.25315@example.com,Rio de Janeiro,Supervisor de qualidade,50,42253884960
Felipe Santos Teixeira,felipe.santos.teixeira.25316@example.com,Caxias do Sul,Cozinheiro,70,46955176951
Igor Rodrigues Costa,igor.rodrigues.costa.25317@example.com,Caxias do Sul,Gerente de recursos humanos,60,28272463103
Ana Barros Souza,ana.barros.souza.25318@example.com,Salvador,Nutricionista,30,19892598954
Renata Carvalho Teixeira,renata.carvalho.teixeira.25319@example.com,Cuiabá,Coordenador de produção,21,95418073044
Amanda Cardoso Rodrigues,amanda.cardoso.rodrigues.25320@example.com,Niterói,Estoquista,23,73900023350
Gabriel Fernandes Castro,gabriel.fernandes.castro.25321@example.com,Caxias do Sul,Chefe de departamento pessoal,38,76190094592
Mariana Araújo Lima,mariana.araujo.lima.25322@example.com,Caxias do Sul,Gerente de recursos humanos,67,03632352547
Henrique Teixeira Santos,henrique.teixeira.santos.25323@example.com,Sorocaba,Eletricista,52,34047482365
João Martins Nascimento,joao.martins.nascimento.25324@example.com,Goiânia,Arquiteto,49,75804603522
Diego Rodrigues Barros,diego.rodrigues.barros.25325@example.com,Belém,Vendedor,58,12754166083
Fernanda Costa Moreira,fernanda.costa.moreira.25326@example.com,Vitória,Supervisor de atendimento,36,16551446533
Sandra Monteiro Santos,sandra.monteiro.santos.25327@example.com,Vitória,Eletricista,44,31864196110
Felipe Freitas Lima,felipe.freitas.lima.25328@example.com,Brasília,Técnico em informática,62,43143964419
Ricardo Alves Santos,ricardo.alves.santos.25329@example.com,Rio de Janeiro,Atendente,19,93098776055
Ana Silva Santos,ana.silva.santos.25330@example.com,Porto Alegre,Coordenador de produção,65,81114690220
Beatriz Nascimento Cardoso,beatriz.nascimento.cardoso.25331@example.com,Salvador,Gerente de tecnologia,61,69935263819
Felipe Cardoso Fernandes,felipe.cardoso.fernandes.25332@example.com,Florianópolis,Engenheiro civil,28,08179491034
Renata Fernandes Moreira,renata.fernandes.moreira.25333@example.com,Florianópolis,Advogado,22,20718426439
Sandra Dias Nascimento,sandra.dias.nascimento.25334@example.com,Joinville,Supervisor de atendimento,52,53158706133
Tatiane Araújo Alves,tatiane.araujo.alves.25335@example.com,Goiânia,Analista de recursos humanos,49,51811132440
Nicolas Rodrigues Barbosa,nicolas.rodrigues.barbosa.25336@example.com,Maringá,Enfermeiro,26,99928581942
Daniela Barbosa Gomes,daniela.barbosa.gomes.25337@example.com,São Paulo,Coordenador de produção,25,31050922384
Simone Alves Cardoso,simone.alves.cardoso.25338@example.com,Niterói,Diretor comercial,53,33062630190
Ricardo Rodrigues Alves,ricardo.rodrigues.alves.25339@example.com,Rondonópolis,Designer gráfico,26,35362157479
Mariana Mendes Fernandes,mariana.mendes.fernandes.25340@example.com,Curitiba,Técnico em informática,30,03693973439
Marcelo Barros Lima,marcelo.barros.lima.25341@example.com,Manaus,Programador,58,33344721914
Letícia Rocha Rodrigues,leticia.rocha.rodrigues.25342@example.com,Manaus,Gerente de recursos humanos,70,60217569114
Marcelo Rodrigues Fernandes,marcelo.rodrigues.fernandes.25343@example.com,Curitiba,Comprador,41,82974941280
Bruno Costa Araújo,bruno.costa.araujo.25344@example.com,Belo Horizonte,Supervisor de qualidade,57,13195575928
Igor Souza Castro,igor.souza.castro.25345@example.com,Caxias do Sul,Assistente comercial,37,88661737191
Pedro Gomes Freitas,pedro.gomes.freitas.25346@example.com,Uberlândia,Motorista,66,36014170534
Henrique Santos Rocha,henrique.santos.rocha.25347@example.com,Joinville,Recepcionista,68,98606491993
Igor Silva Cardoso,igor.silva.cardoso.25348@example.com,Joinville,Mecânico,67,95661737519
Priscila Almeida Silva,priscila.almeida.silva.25349@example.com,Rondonópolis,Motorista,26,45707864220
Tatiane Oliveira Nascimento,tatiane.oliveira.nascimento.25350@example.com,Curitiba,Programador,45,13041576450
José Silva Moreira,jose.silva.moreira.25351@example.com,Florianópolis,Motorista,30,42598598163
Marcelo Nascimento Pereira,marcelo.nascimento.pereira.25352@example.com,Niterói,Corretor de imóveis,47,09275247678
Carolina Gomes Fernandes,carolina.gomes.fernandes.25353@example.com,Caxias do Sul,Chefe de almoxarifado,50,46329141144
João Alves Silva,joao.alves.silva.25354@example.com,Caxias do Sul,Farmacêutico,39,70187938173
José Silva Souza,jose.silva.souza.25355@example.com,Londrina,Jornalista,22,46412207894
Lucas Lima Ribeiro,lucas.lima.ribeiro.25356@example.com,Caxias do Sul,Cozinheiro,30,11614100674
Carlos Moreira Costa,carlos.moreira.costa.25357@example.com,Campo Grande,Gerente comercial,65,90559659269
Larissa Gomes Freitas,larissa.gomes.freitas.25358@example.com,Porto Alegre,Técnico de enfermagem,64,96078280332
Thiago Rodrigues Rodrigues,thiago.rodrigues.rodrigues.25359@example.com,Rio de Janeiro,Supervisor de vendas,28,96797886180
Thiago Alves Martins,thiago.alves.martins.25360@example.com,Curitiba,Arquiteto,33,20803505232
Ricardo Barros Barbosa,ricardo.barros.barbosa.25361@example.com,Natal,Diretor comercial,39,13938172249
Beatriz Almeida Almeida,beatriz.almeida.almeida.25362@example.com,Vitória,Farmacêutico,66,81064279172
Daniela Nascimento Costa,daniela.nascimento.costa.25363@example.com,Dourados,Analista de recursos humanos,20,08414476906
Lucas Martins Carvalho,lucas.martins.carvalho.25364@example.com,Campinas,Supervisor de qualidade,37,02855526330
Fernanda Oliveira Santos,fernanda.oliveira.santos.25365@example.com,Natal,Motorista,36,07803360670
Otávio Castro Oliveira,otavio.castro.oliveira.25366@example.com,Salvador,Advogado,49,58379881114
Gabriel Almeida Santos,gabriel.almeida.santos.25367@example.com,Belém,Coordenador de marketing,30,00082257254
Camila Nascimento Rodrigues,camila.nascimento.rodrigues.25368@example.com,Maringá,Diretor de operações,23,87294567062
Lucas Rocha Martins,lucas.rocha.martins.25369@example.com,São Paulo,Chefe de almoxarifado,54,07904307615
Pedro Souza Pereira,pedro.souza.pereira.25370@example.com,Rondonópolis,Designer gráfico,53,96159701059
Fernanda Teixeira Costa,fernanda.teixeira.costa.25371@example.com,Curitiba,Padeiro,35,54525644510
Leonardo Pereira Costa,leonardo.pereira.costa.25372@example.com,Dourados,Designer gráfico,27,07645763094
Gabriela Rodrigues Ribeiro,gabriela.rodrigues.ribeiro.25373@example.com,Cuiabá,Padeiro,42,25568102367
Vanessa Moreira Santos,vanessa.moreira.santos.25374@example.com,Belém,Coordenador administrativo,21,50520011212
Pedro Gomes Freitas,pedro.gomes.freitas.25375@example.com,Santos,Gerente de recursos humanos,42,02888077706
Priscila Costa Pereira,priscila.costa.pereira.25376@example.com,Porto Alegre,Supervisor de vendas,60,90598103983
Renata Rocha Souza,renata.rocha.souza.25377@example.com,Londrina,Professor,51,56782723642
Gustavo Fernandes Castro,gustavo.fernandes.castro.25378@example.com,Rio de Janeiro,Gerente comercial,53,89069489447
Igor Souza Araújo,igor.souza.araujo.25379@example.com,Vitória,Pedreiro,34,70379148633
Carolina Araújo Cardoso,carolina.araujo.cardoso.25380@example.com,Natal,Enfermeiro,66,17917225614
Carlos Souza Mendes,carlos.souza.mendes.25381@example.com,Florianópolis,Supervisor de vendas,49,60957867873
Renata Rodrigues Fernandes,renata.rodrigues.fernandes.25382@example.com,Fortaleza,Assistente administrativo,50,17091068385
Rafael Teixeira Barros,rafael.teixeira.barros.25383@example.com,Brasília,Técnico de segurança do trabalho,65,97865006188
Larissa Dias Fernandes,larissa.dias.fernandes.25384@example.com,Londrina,Diretor comercial,63,86440156266
Letícia Martins Teixeira,leticia.martins.teixeira.25385@example.com,Rondonópolis,Farmacêutico,20,05463768459
Priscila Costa Dias,priscila.costa.dias.25386@example.com,Niterói,Fisioterapeuta,56,58779799164
Vitória Gomes Freitas,vitoria.gomes.freitas.25387@example.com,Campo Grande,Assistente administrativo,66,29440356656
Bruno Mendes Monteiro,bruno.mendes.monteiro.25388@example.com,Goiânia,Líder de equipe,28,83147185968
Bruno Lima Ribeiro,bruno.lima.ribeiro.25389@example.com,Rio de Janeiro,Assistente administrativo,69,88078082296
Priscila Rodrigues Almeida,priscila.rodrigues.almeida.25390@example.com,Niterói,Mecânico,70,30838854500
Gabriel Castro Souza,gabriel.castro.souza.25391@example.com,Belo Horizonte,Supervisor de manutenção,29,93819267883
Beatriz Rodrigues Freitas,beatriz.rodrigues.freitas.25392@example.com,Rio de Janeiro,Programador,32,57544089173
Felipe Silva Santos,felipe.silva.santos.25393@example.com,São Paulo,Analista financeiro,43,00650038325
José Dias Martins,jose.dias.martins.25394@example.com,Natal,Farmacêutico,36,02332988018
Patrícia Nascimento Martins,patricia.nascimento.martins.25395@example.com,Campinas,Vendedor,67,61792352522
Patrícia Araújo Almeida,patricia.araujo.almeida.25396@example.com,Uberlândia,Padeiro,47,99742413650
Vinícius Rocha Freitas,vinicius.rocha.freitas.25397@example.com,Londrina,Analista de dados,45,82288512583
Fernanda Carvalho Castro,fernanda.carvalho.castro.25398@example.com,Niterói,Atendente,32,78104865717
Vinícius Gomes Costa,vinicius.gomes.costa.25399@example.com,Brasília,Motorista,65,69547700185
Eduardo Lima Costa,eduardo.lima.costa.25400@example.com,Vitória,Assistente comercial,62,03638027311
Felipe Castro Pereira,felipe.castro.pereira.25401@example.com,Niterói,Auxiliar de produção,68,07557965455
Débora Barros Fernandes,debora.barros.fernandes.25402@example.com,Curitiba,Motorista,45,08926670007
Mariana Castro Mendes,mariana.castro.mendes.25403@example.com,Rondonópolis,Eletricista,36,21940334418
Luana Costa Souza,luana.costa.souza.25404@example.com,Campinas,Arquiteto,23,37982837507
Débora Santos Cardoso,debora.santos.cardoso.25405@example.com,Manaus,Gerente de tecnologia,49,02941335711
Daniela Fernandes Teixeira,daniela.fernandes.teixeira.25406@example.com,Fortaleza,Enfermeiro,36,70858840173
Mariana Moreira Almeida,mariana.moreira.almeida.25407@example.com,Uberlândia,Coordenador de produção,42,87059879641
Gustavo Oliveira Almeida,gustavo.oliveira.almeida.25408@example.com,Rondonópolis,Supervisor de manutenção,23,71530330343
Sérgio Rodrigues Barros,sergio.rodrigues.barros.25409@example.com,Manaus,Supervisor de qualidade,35,60705271898
Luana Carvalho Souza,luana.carvalho.souza.25410@example.com,São Paulo,Professor,40,71033909804
Luana Silva Freitas,luana.silva.freitas.25411@example.com,Manaus,Comprador,60,64487609308
Felipe Monteiro Silva,felipe.monteiro.silva.25412@example.com,Belo Horizonte,Estoquista,34,97009848517
Vinícius Santos Alves,vinicius.santos.alves.25413@example.com,Cuiabá,Gerente financeiro,50,59519888314
Beatriz Almeida Araújo,beatriz.almeida.araujo.25414@example.com,Joinville,Padeiro,39,62069343498
Larissa Oliveira Rocha,larissa.oliveira.rocha.25415@example.com,Curitiba,Comprador,33,17628424303
Mariana Santos Moreira,mariana.santos.moreira.25416@example.com,Sorocaba,Cozinheiro,24,81541930160
Luana Moreira Teixeira,luana.moreira.teixeira.25417@example.com,Niterói,Nutricionista,36,58403053609
Paulo Teixeira Costa,paulo.teixeira.costa.25418@example.com,Goiânia,Fisioterapeuta,59,45790580777
Patrícia Lima Oliveira,patricia.lima.oliveira.25419@example.com,Niterói,Programador,67,21886773184
Juliana Rocha Ribeiro,juliana.rocha.ribeiro.25420@example.com,Uberlândia,Programador,42,93756271327
João Cardoso Moreira,joao.cardoso.moreira.25421@example.com,Porto Alegre,Recepcionista,66,15489166220
Simone Rodrigues Ribeiro,simone.rodrigues.ribeiro.25422@example.com,Santos,Supervisor de qualidade,34,78498169640
Eduardo Freitas Rodrigues,eduardo.freitas.rodrigues.25423@example.com,Joinville,Coordenador de produção,49,10794579007
Camila Rocha Lima,camila.rocha.lima.25424@example.com,Rondonópolis,Técnico de segurança do trabalho,26,38977307901
Sérgio Rodrigues Moreira,sergio.rodrigues.moreira.25425@example.com,Uberlândia,Coordenador administrativo,63,41043066970
Diego Monteiro Teixeira,diego.monteiro.teixeira.25426@example.com,Salvador,Analista de recursos humanos,34,69985988694
Felipe Castro Ribeiro,felipe.castro.ribeiro.25427@example.com,Fortaleza,Auxiliar de produção,37,15485766843
Nicolas Rodrigues Alves,nicolas.rodrigues.alves.25428@example.com,Campinas,Designer gráfico,34,92810357191
Felipe Dias Gomes,felipe.dias.gomes.25429@example.com,Cuiabá,Padeiro,58,59369675112
Renata Monteiro Nascimento,renata.monteiro.nascimento.25430@example.com,Brasília,Atendente,53,31949475441
Patrícia Araújo Carvalho,patricia.araujo.carvalho.25431@example.com,Rondonópolis,Pedreiro,68,47598995973
Beatriz Alves Almeida,beatriz.alves.almeida.25432@example.com,Porto Alegre,Gerente comercial,37,55579190508
Rafael Oliveira Araújo,rafael.oliveira.araujo.25433@example.com,Londrina,Chefe de departamento pessoal,18,75787312986
Luana Gomes Moreira,luana.gomes.moreira.25434@example.com,Salvador,Operador de caixa,60,77278597704
Rafael Gomes Rodrigues,rafael.gomes.rodrigues.25435@example.com,Londrina,Mecânico,37,96211036746
Daniela Carvalho Barros,daniela.carvalho.barros.25436@example.com,Campo Grande,Nutricionista,60,59305985507
Aline Carvalho Freitas,aline.carvalho.freitas.25437@example.com,Florianópolis,Líder de equipe,65,89813728001
Letícia Alves Teixeira,leticia.alves.teixeira.25438@example.com,Joinville,Pedreiro,44,67249974389
Otávio Costa Santos,otavio.costa.santos.25439@example.com,Maringá,Padeiro,48,97503655415
Carolina Carvalho Costa,carolina.carvalho.costa.25440@example.com,Londrina,Gerente de recursos humanos,44,01243820309
Carolina Nascimento Monteiro,carolina.nascimento.monteiro.25441@example.com,Brasília,Cozinheiro,30,58521974560
Gabriel Lima Barbosa,gabriel.lima.barbosa.25442@example.com,Fortaleza,Cozinheiro,32,29844926304
Igor Barbosa Gomes,igor.barbosa.gomes.25443@example.com,Porto Alegre,Analista de marketing,30,41569880909
Carolina Araújo Gomes,carolina.araujo.gomes.25444@example.com,Florianópolis,Coordenador de produção,27,95677801426
Paulo Silva Lima,paulo.silva.lima.25445@example.com,São Paulo,Arquiteto,51,05675985229
Ricardo Alves Souza,ricardo.alves.souza.25446@example.com,Brasília,Mecânico,70,94281739305
Sandra Martins Cardoso,sandra.martins.cardoso.25447@example.com,Fortaleza,Operador de caixa,49,71937859060
Nicolas Araújo Monteiro,nicolas.araujo.monteiro.25448@example.com,Recife,Supervisor de manutenção,65,15476436603
Vinícius Araújo Dias,vinicius.araujo.dias.25449@example.com,Niterói,Analista de recursos humanos,39,09469333402
Henrique Souza Pereira,henrique.souza.pereira.25450@example.com,Campo Grande,Analista de recursos humanos,18,18559061139
José Mendes Martins,jose.mendes.martins.25451@example.com,Sorocaba,Eletricista,28,74442012832
Vitória Nascimento Souza,vitoria.nascimento.souza.25452@example.com,Manaus,Técnico em informática,42,15111991702
Lucas Souza Martins,lucas.souza.martins.25453@example.com,Manaus,Encarregado de produção,53,85526903217
Henrique Almeida Silva,henrique.almeida.silva.25454@example.com,São Paulo,Supervisor de qualidade,58,30913306554
Daniela Ribeiro Mendes,daniela.ribeiro.mendes.25455@example.com,Belo Horizonte,Supervisor de vendas,42,45653693354
Henrique Castro Souza,henrique.castro.souza.25456@example.com,Curitiba,Supervisor de manutenção,40,08402738001
Larissa Monteiro Fernandes,larissa.monteiro.fernandes.25457@example.com,Cuiabá,Auxiliar de produção,30,44901783961
Priscila Lima Alves,priscila.lima.alves.25458@example.com,Curitiba,Professor,58,76587205241
Fernanda Santos Barros,fernanda.santos.barros.25459@example.com,Rio de Janeiro,Fisioterapeuta,31,42485327951
Gabriel Cardoso Castro,gabriel.cardoso.castro.25460@example.com,Brasília,Programador,49,08555715709
Bruno Barros Costa,bruno.barros.costa.25461@example.com,Belém,Supervisor de qualidade,44,83817967031
Daniela Ribeiro Fernandes,daniela.ribeiro.fernandes.25462@example.com,Curitiba,Gerente de tecnologia,65,95776215548
Luana Santos Cardoso,luana.santos.cardoso.25463@example.com,Curitiba,Enfermeiro,48,10982048751
Renata Silva Oliveira,renata.silva.oliveira.25464@example.com,Joinville,Gerente de tecnologia,20,79083396859
Luana Araújo Cardoso,luana.araujo.cardoso.25465@example.com,Goiânia,Auxiliar de produção,49,23404441606
Ana Santos Lima,ana.santos.lima.25466@example.com,Campo Grande,Cozinheiro,42,63163887980
Gustavo Carvalho Oliveira,gustavo.carvalho.oliveira.25467@example.com,Campo Grande,Padeiro,61,24924719913
Priscila Castro Monteiro,priscila.castro.monteiro.25468@example.com,Vitória,Técnico de enfermagem,44,88297783851
Paulo Barros Santos,paulo.barros.santos.25469@example.com,Niterói,Auxiliar de produção,61,62370434421
Fernanda Carvalho Castro,fernanda.carvalho.castro.25470@example.com,Goiânia,Engenheiro civil,56,89878425012
Felipe Oliveira Monteiro,felipe.oliveira.monteiro.25471@example.com,Caxias do Sul,Supervisor de vendas,59,27756175212
Priscila Gomes Nascimento,priscila.gomes.nascimento.25472@example.com,Natal,Supervisor de atendimento,67,76956906040
Leonardo Barbosa Pereira,leonardo.barbosa.pereira.25473@example.com,Maringá,Analista financeiro,41,28689180754
Carlos Souza Ribeiro,carlos.souza.ribeiro.25474@example.com,Campo Grande,Gerente comercial,60,74250215334
Rafael Mendes Santos,rafael.mendes.santos.25475@example.com,Rio de Janeiro,Analista de recursos humanos,63,06700917626
Sérgio Barbosa Monteiro,sergio.barbosa.monteiro.25476@example.com,Rio de Janeiro,Recepcionista,68,05946453378
Ricardo Araújo Freitas,ricardo.araujo.freitas.25477@example.com,Belo Horizonte,Gerente comercial,24,28603516668
Sandra Barbosa Mendes,sandra.barbosa.mendes.25478@example.com,Rondonópolis,Chefe de almoxarifado,24,81594037176
Igor Santos Araújo,igor.santos.araujo.25479@example.com,Salvador,Farmacêutico,49,26802781131
Marcelo Monteiro Cardoso,marcelo.monteiro.cardoso.25480@example.com,Recife,Técnico de segurança do trabalho,38,07705699850
Ricardo Costa Nascimento,ricardo.costa.nascimento.25481@example.com,Uberlândia,Operador de caixa,59,81520685499
Vitória Nascimento Rodrigues,vitoria.nascimento.rodrigues.25482@example.com,Uberlândia,Comprador,40,86760552240
Débora Souza Dias,debora.souza.dias.25483@example.com,Porto Alegre,Assistente administrativo,18,04981793172
Pedro Rocha Carvalho,pedro.rocha.carvalho.25484@example.com,Brasília,Eletricista,61,83134996040
Vanessa Nascimento Freitas,vanessa.nascimento.freitas.25485@example.com,Natal,Contador,39,48501409278
Diego Mendes Costa,diego.mendes.costa.25486@example.com,Dourados,Assistente comercial,22,85549467013
Daniela Oliveira Dias,daniela.oliveira.dias.25487@example.com,Brasília,Assistente administrativo,45,10659027125
Felipe Mendes Carvalho,felipe.mendes.carvalho.25488@example.com,Manaus,Fisioterapeuta,24,28078600204
Felipe Rodrigues Cardoso,felipe.rodrigues.cardoso.25489@example.com,Campinas,Gerente de operações,44,66660471651
Gustavo Santos Monteiro,gustavo.santos.monteiro.25490@example.com,Fortaleza,Jornalista,41,90593494872
Ana Souza Monteiro,ana.souza.monteiro.25491@example.com,Recife,Motorista,56,63700188899
Amanda Carvalho Fernandes,amanda.carvalho.fernandes.25492@example.com,Belo Horizonte,Coordenador de logística,52,41960859505
Larissa Barros Rocha,larissa.barros.rocha.25493@example.com,Recife,Assistente comercial,43,43525371617
Fernanda Mendes Monteiro,fernanda.mendes.monteiro.25494@example.com,Florianópolis,Atendente,44,77388582697
Rafael Castro Dias,rafael.castro.dias.25495@example.com,Sorocaba,Diretor de operações,54,95269858888
Tatiane Moreira Barbosa,tatiane.moreira.barbosa.25496@example.com,Campinas,Auxiliar de produção,44,50432949200
Pedro Dias Fernandes,pedro.dias.fernandes.25497@example.com,Recife,Contador,55,45018593567
Leonardo Ribeiro Ribeiro,leonardo.ribeiro.ribeiro.25498@example.com,Belo Horizonte,Eletricista,48,68861715145
Simone Barros Lima,simone.barros.lima.25499@example.com,Porto Alegre,Padeiro,46,72089794812
Vinícius Barros Araújo,vinicius.barros.araujo.25500@example.com,Londrina,Farmacêutico,56,50705513656
Vitória Martins Teixeira,vitoria.martins.teixeira.25501@example.com,Dourados,Assistente comercial,35,10718046171
Pedro Martins Castro,pedro.martins.castro.25502@example.com,Recife,Coordenador de produção,33,69476310861
Simone Ribeiro Alves,simone.ribeiro.alves.25503@example.com,Belém,Eletricista,51,33289287945
Carolina Almeida Ribeiro,carolina.almeida.ribeiro.25504@example.com,Campinas,Coordenador administrativo,24,12446195146
Eduardo Carvalho Araújo,eduardo.carvalho.araujo.25505@example.com,Londrina,Pedreiro,43,55428038088
Camila Gomes Carvalho,camila.gomes.carvalho.25506@example.com,Belo Horizonte,Coordenador administrativo,39,46383203308
Sérgio Lima Moreira,sergio.lima.moreira.25507@example.com,Vitória,Operador de caixa,26,46618789557
Bruno Rocha Martins,bruno.rocha.martins.25508@example.com,Vitória,Coordenador administrativo,46,51525260778
Vitória Freitas Lima,vitoria.freitas.lima.25509@example.com,Porto Alegre,Pedreiro,41,33548584868
Lucas Almeida Castro,lucas.almeida.castro.25510@example.com,Recife,Supervisor de vendas,56,33067860084
Patrícia Gomes Pereira,patricia.gomes.pereira.25511@example.com,Vitória,Auxiliar de produção,47,26549688117
Larissa Castro Martins,larissa.castro.martins.25512@example.com,Campo Grande,Designer gráfico,28,57264406542
Paulo Barbosa Gomes,paulo.barbosa.gomes.25513@example.com,Rio de Janeiro,Supervisor de manutenção,33,61093988150
Vanessa Oliveira Araújo,vanessa.oliveira.araujo.25514@example.com,Belém,Supervisor de qualidade,43,13312135654
José Nascimento Rocha,jose.nascimento.rocha.25515@example.com,Recife,Estoquista,19,58912259642
Gabriel Alves Mendes,gabriel.alves.mendes.25516@example.com,Fortaleza,Coordenador de marketing,27,37811481412
Felipe Silva Freitas,felipe.silva.freitas.25517@example.com,Sorocaba,Técnico em informática,59,77772799864
Vinícius Mendes Pereira,vinicius.mendes.pereira.25518@example.com,Sorocaba,Programador,37,51754215342
Letícia Teixeira Moreira,leticia.teixeira.moreira.25519@example.com,Florianópolis,Supervisor de qualidade,27,95731240119
Juliana Lima Barros,juliana.lima.barros.25520@example.com,Rondonópolis,Arquiteto,39,86922331761
Simone Gomes Pereira,simone.gomes.pereira.25521@example.com,Rio de Janeiro,Comprador,54,18377180085
Diego Dias Monteiro,diego.dias.monteiro.25522@example.com,Brasília,Programador,53,76002853875
Gabriela Moreira Ribeiro,gabriela.moreira.ribeiro.25523@example.com,Niterói,Contador,70,59496679923
Luana Nascimento Rocha,luana.nascimento.rocha.25524@example.com,Cuiabá,Enfermeiro,22,47010917630
Henrique Castro Oliveira,henrique.castro.oliveira.25525@example.com,Manaus,Comprador,36,36324665957
Marcelo Gomes Rodrigues,marcelo.gomes.rodrigues.25526@example.com,Goiânia,Assistente administrativo,56,72372821197
Luana Fernandes Barros,luana.fernandes.barros.25527@example.com,Dourados,Arquiteto,60,94133598753
Beatriz Fernandes Carvalho,beatriz.fernandes.carvalho.25528@example.com,Vitória,Designer gráfico,38,11230392543
Leonardo Rodrigues Gomes,leonardo.rodrigues.gomes.25529@example.com,Vitória,Supervisor de manutenção,43,75413694279
Lucas Fernandes Freitas,lucas.fernandes.freitas.25530@example.com,Natal,Diretor comercial,56,01228248324
Felipe Pereira Barros,felipe.pereira.barros.25531@example.com,Londrina,Estoquista,27,98422434238
Marcelo Ribeiro Souza,marcelo.ribeiro.souza.25532@example.com,Salvador,Motorista,69,24709130969
Amanda Rodrigues Moreira,amanda.rodrigues.moreira.25533@example.com,Maringá,Contador,40,86122581694
Nicolas Moreira Moreira,nicolas.moreira.moreira.25534@example.com,Goiânia,Supervisor de manutenção,47,15741665447
Nicolas Nascimento Lima,nicolas.nascimento.lima.25535@example.com,Natal,Corretor de imóveis,69,50488253401
João Carvalho Carvalho,joao.carvalho.carvalho.25536@example.com,Sorocaba,Supervisor de manutenção,52,91616297891
Larissa Alves Almeida,larissa.alves.almeida.25537@example.com,Belo Horizonte,Encarregado de produção,42,65467048887
Bruno Cardoso Barros,bruno.cardoso.barros.25538@example.com,Londrina,Gerente de operações,65,65595135803
Vitória Dias Monteiro,vitoria.dias.monteiro.25539@example.com,Belém,Gerente financeiro,27,72662593998
Otávio Dias Castro,otavio.dias.castro.25540@example.com,Recife,Motorista,70,58845740479
Vanessa Araújo Nascimento,vanessa.araujo.nascimento.25541@example.com,Recife,Jornalista,33,56737119163
Simone Silva Souza,simone.silva.souza.25542@example.com,Porto Alegre,Comprador,28,10566084628
Igor Martins Almeida,igor.martins.almeida.25543@example.com,Manaus,Supervisor de vendas,23,16041294172
Patrícia Moreira Lima,patricia.moreira.lima.25544@example.com,Recife,Jornalista,18,76539330142
Nicolas Araújo Barros,nicolas.araujo.barros.25545@example.com,Dourados,Diretor comercial,22,96825270271
Igor Teixeira Pereira,igor.teixeira.pereira.25546@example.com,Curitiba,Coordenador de produção,34,27334500721
Lucas Oliveira Freitas,lucas.oliveira.freitas.25547@example.com,Niterói,Professor,49,71487523177
Leonardo Alves Freitas,leonardo.alves.freitas.25548@example.com,Joinville,Pedreiro,40,62212840730
Diego Carvalho Almeida,diego.carvalho.almeida.25549@example.com,Maringá,Padeiro,21,78896870359
Patrícia Freitas Almeida,patricia.freitas.almeida.25550@example.com,Santos,Jornalista,67,74904210318
João Castro Moreira,joao.castro.moreira.25551@example.com,Rondonópolis,Analista de dados,31,36248676694
Vitória Oliveira Cardoso,vitoria.oliveira.cardoso.25552@example.com,Dourados,Motorista,28,05300298095
Lucas Teixeira Freitas,lucas.teixeira.freitas.25553@example.com,Florianópolis,Analista de dados,46,74664293790
Ricardo Mendes Freitas,ricardo.mendes.freitas.25554@example.com,Caxias do Sul,Programador,26,06490933557
Felipe Barbosa Castro,felipe.barbosa.castro.25555@example.com,Goiânia,Coordenador de marketing,68,82938532444
Letícia Pereira Freitas,leticia.pereira.freitas.25556@example.com,Recife,Analista de dados,42,06145675548
Camila Fernandes Lima,camila.fernandes.lima.25557@example.com,Uberlândia,Enfermeiro,27,98499174509
Gabriel Teixeira Gomes,gabriel.teixeira.gomes.25558@example.com,Natal,Chefe de compras,68,65680488505
Gabriela Rocha Lima,gabriela.rocha.lima.25559@example.com,Dourados,Analista de dados,54,71320376539
Mariana Alves Nascimento,mariana.alves.nascimento.25560@example.com,Vitória,Professor,51,56578386718
Lucas Moreira Costa,lucas.moreira.costa.25561@example.com,Belo Horizonte,Gerente de recursos humanos,33,95734144258
Felipe Oliveira Fernandes,felipe.oliveira.fernandes.25562@example.com,Sorocaba,Comprador,18,50845506068
Aline Oliveira Silva,aline.oliveira.silva.25563@example.com,Fortaleza,Contador,37,06755557403
Gabriel Monteiro Santos,gabriel.monteiro.santos.25564@example.com,Porto Alegre,Motorista,50,15882087856
Tatiane Silva Barbosa,tatiane.silva.barbosa.25565@example.com,Sorocaba,Eletricista,28,34521263267
José Rocha Mendes,jose.rocha.mendes.25566@example.com,Rio de Janeiro,Encarregado de produção,53,20175091174
João Almeida Silva,joao.almeida.silva.25567@example.com,São Paulo,Farmacêutico,38,64484960128
Daniela Carvalho Souza,daniela.carvalho.souza.25568@example.com,Vitória,Técnico de segurança do trabalho,27,79174551686
Beatriz Rodrigues Barbosa,beatriz.rodrigues.barbosa.25569@example.com,Vitória,Engenheiro civil,20,87118875281
Pedro Mendes Mendes,pedro.mendes.mendes.25570@example.com,Cuiabá,Jornalista,58,61101319196
Eduardo Costa Dias,eduardo.costa.dias.25571@example.com,Belém,Gerente financeiro,49,77622940478
Sandra Nascimento Rocha,sandra.nascimento.rocha.25572@example.com,Goiânia,Diretor comercial,38,74794724832
Renata Silva Moreira,renata.silva.moreira.25573@example.com,Salvador,Diretor de operações,46,85991139350
Diego Teixeira Souza,diego.teixeira.souza.25574@example.com,Goiânia,Motorista,39,16766656218
Rafael Castro Teixeira,rafael.castro.teixeira.25575@example.com,Caxias do Sul,Coordenador de marketing,19,73080454006
Sérgio Martins Araújo,sergio.martins.araujo.25576@example.com,Caxias do Sul,Programador,68,63441036500
Fernanda Oliveira Oliveira,fernanda.oliveira.oliveira.25577@example.com,Londrina,Comprador,59,15394141635
Daniela Souza Fernandes,daniela.souza.fernandes.25578@example.com,Brasília,Gerente de operações,52,39287960780
Sandra Castro Rocha,sandra.castro.rocha.25579@example.com,Niterói,Chefe de almoxarifado,21,11322547355
Daniela Lima Pereira,daniela.lima.pereira.25580@example.com,Porto Alegre,Supervisor de manutenção,40,86112477782
Tatiane Mendes Pereira,tatiane.mendes.pereira.25581@example.com,Goiânia,Padeiro,51,54016488967
Leonardo Pereira Almeida,leonardo.pereira.almeida.25582@example.com,Florianópolis,Coordenador de logística,57,17021287543
José Fernandes Lima,jose.fernandes.lima.25583@example.com,Uberlândia,Coordenador administrativo,69,79080279461
Carlos Teixeira Alves,carlos.teixeira.alves.25584@example.com,Natal,Advogado,31,11532363133
Luana Gomes Silva,luana.gomes.silva.25585@example.com,Cuiabá,Engenheiro civil,30,81576414352
Amanda Barbosa Costa,amanda.barbosa.costa.25586@example.com,Porto Alegre,Designer gráfico,58,49841771664
Renata Almeida Rocha,renata.almeida.rocha.25587@example.com,Cuiabá,Padeiro,21,75838308937
Leonardo Silva Santos,leonardo.silva.santos.25588@example.com,Salvador,Supervisor de atendimento,33,45558705018
Gustavo Moreira Barbosa,gustavo.moreira.barbosa.25589@example.com,Fortaleza,Chefe de almoxarifado,54,49369372126
Igor Lima Monteiro,igor.lima.monteiro.25590@example.com,Recife,Coordenador de produção,45,18507027194
Nicolas Costa Fernandes,nicolas.costa.fernandes.25591@example.com,Natal,Nutricionista,20,60670336945
João Oliveira Gomes,joao.oliveira.gomes.25592@example.com,Santos,Encarregado de produção,51,12819679781
Sérgio Lima Rodrigues,sergio.lima.rodrigues.25593@example.com,Cuiabá,Coordenador de marketing,44,21763480896
Vanessa Barros Souza,vanessa.barros.souza.25594@example.com,Goiânia,Recepcionista,41,83921926474
Vinícius Ribeiro Mendes,vinicius.ribeiro.mendes.25595@example.com,Maringá,Farmacêutico,19,19464764409
Carlos Gomes Alves,carlos.gomes.alves.25596@example.com,Rio de Janeiro,Chefe de almoxarifado,62,04360574284
Ricardo Fernandes Alves,ricardo.fernandes.alves.25597@example.com,Uberlândia,Gerente comercial,61,93723438484
Débora Carvalho Oliveira,debora.carvalho.oliveira.25598@example.com,Uberlândia,Gerente de recursos humanos,46,13680866757
Carlos Costa Mendes,carlos.costa.mendes.25599@example.com,Brasília,Atendente,22,76953972628
Gabriela Ribeiro Costa,gabriela.ribeiro.costa.25600@example.com,Fortaleza,Supervisor de qualidade,66,16101166798
Gabriela Ribeiro Teixeira,gabriela.ribeiro.teixeira.25601@example.com,Goiânia,Auxiliar de produção,48,79916720837
Beatriz Barbosa Araújo,beatriz.barbosa.araujo.25602@example.com,Cuiabá,Programador,61,88349933030
Bruno Costa Lima,bruno.costa.lima.25603@example.com,Rondonópolis,Pedreiro,69,63601222517
Gustavo Martins Santos,gustavo.martins.santos.25604@example.com,Recife,Motorista,45,12856383363
Aline Fernandes Barros,aline.fernandes.barros.25605@example.com,Dourados,Farmacêutico,33,05121067412
Henrique Nascimento Cardoso,henrique.nascimento.cardoso.25606@example.com,Porto Alegre,Auxiliar de produção,51,33784295253
Fernanda Oliveira Rodrigues,fernanda.oliveira.rodrigues.25607@example.com,Joinville,Padeiro,21,86293135321
Gabriel Fernandes Cardoso,gabriel.fernandes.cardoso.25608@example.com,Cuiabá,Analista financeiro,38,36784843429
Gustavo Freitas Cardoso,gustavo.freitas.cardoso.25609@example.com,Cuiabá,Corretor de imóveis,63,85405147634
Simone Barros Oliveira,simone.barros.oliveira.25610@example.com,Fortaleza,Designer gráfico,55,37138171422
Camila Castro Santos,camila.castro.santos.25611@example.com,Fortaleza,Enfermeiro,21,19070260069
Daniela Almeida Costa,daniela.almeida.costa.25612@example.com,Curitiba,Farmacêutico,63,09331308320
Carolina Souza Freitas,carolina.souza.freitas.25613@example.com,Uberlândia,Comprador,31,53696274210
Vanessa Lima Araújo,vanessa.lima.araujo.25614@example.com,Campinas,Eletricista,69,23982390842
Marcelo Martins Rocha,marcelo.martins.rocha.25615@example.com,Vitória,Arquiteto,60,36918220814
Juliana Mendes Nascimento,juliana.mendes.nascimento.25616@example.com,Goiânia,Analista financeiro,27,36908169041
Gabriela Ribeiro Santos,gabriela.ribeiro.santos.25617@example.com,Maringá,Técnico em informática,35,52867030976
Mariana Santos Silva,mariana.santos.silva.25618@example.com,Campo Grande,Coordenador de marketing,48,21559510418
Thiago Barros Santos,thiago.barros.santos.25619@example.com,Maringá,Analista de dados,68,26223845292
Henrique Fernandes Nascimento,henrique.fernandes.nascimento.25620@example.com,Brasília,Técnico em informática,48,88041170513
Ana Oliveira Barbosa,ana.oliveira.barbosa.25621@example.com,Porto Alegre,Atendente,27,72287322053
Daniela Castro Araújo,daniela.castro.araujo.25622@example.com,Londrina,Comprador,66,85305475009
Otávio Almeida Souza,otavio.almeida.souza.25623@example.com,Vitória,Nutricionista,44,27592441635
Sandra Ribeiro Teixeira,sandra.ribeiro.teixeira.25624@example.com,Belo Horizonte,Arquiteto,36,19055591255
Tatiane Barros Cardoso,tatiane.barros.cardoso.25625@example.com,Cuiabá,Gerente comercial,39,47680155268
Bruno Castro Silva,bruno.castro.silva.25626@example.com,Porto Alegre,Eletricista,46,95070991401
Priscila Monteiro Santos,priscila.monteiro.santos.25627@example.com,Campo Grande,Supervisor de vendas,22,49131904308
Lucas Souza Ribeiro,lucas.souza.ribeiro.25628@example.com,Porto Alegre,Corretor de imóveis,59,31879387188
Nicolas Barbosa Almeida,nicolas.barbosa.almeida.25629@example.com,Campinas,Gerente financeiro,52,58564229276
Larissa Silva Santos,larissa.silva.santos.25630@example.com,Dourados,Fisioterapeuta,21,87351771266
Felipe Barros Souza,felipe.barros.souza.25631@example.com,Porto Alegre,Encarregado de produção,18,11058621090
Pedro Pereira Oliveira,pedro.pereira.oliveira.25632@example.com,Goiânia,Programador,58,72212055303
João Costa Rodrigues,joao.costa.rodrigues.25633@example.com,Belém,Mecânico,29,48390673858
João Araújo Santos,joao.araujo.santos.25634@example.com,Salvador,Corretor de imóveis,20,99129034395
Ana Castro Ribeiro,ana.castro.ribeiro.25635@example.com,Belo Horizonte,Fisioterapeuta,45,14427696557
Simone Nascimento Barros,simone.nascimento.barros.25636@example.com,Joinville,Técnico de enfermagem,25,05723614384
Lucas Gomes Monteiro,lucas.gomes.monteiro.25637@example.com,São Paulo,Operador de caixa,18,66696990678
Sandra Nascimento Almeida,sandra.nascimento.almeida.25638@example.com,Campinas,Vendedor,47,98395596379
Pedro Rocha Lima,pedro.rocha.lima.25639@example.com,Dourados,Professor,19,83993003023
Leonardo Alves Mendes,leonardo.alves.mendes.25640@example.com,Curitiba,Comprador,62,33718815699
Larissa Castro Araújo,larissa.castro.araujo.25641@example.com,São Paulo,Fisioterapeuta,64,46064205302
Leonardo Martins Pereira,leonardo.martins.pereira.25642@example.com,Goiânia,Programador,63,21044379023
Letícia Alves Rocha,leticia.alves.rocha.25643@example.com,São Paulo,Gerente financeiro,58,66772118074
Vitória Araújo Martins,vitoria.araujo.martins.25644@example.com,Uberlândia,Operador de caixa,60,53805917865
Paulo Dias Dias,paulo.dias.dias.25645@example.com,Salvador,Técnico de segurança do trabalho,29,62601366445
Carolina Silva Lima,carolina.silva.lima.25646@example.com,Campo Grande,Líder de equipe,44,30280737340
Renata Pereira Castro,renata.pereira.castro.25647@example.com,Campo Grande,Mecânico,56,04711331909
Pedro Souza Rodrigues,pedro.souza.rodrigues.25648@example.com,Maringá,Recepcionista,57,77263970555
Vitória Barros Dias,vitoria.barros.dias.25649@example.com,Florianópolis,Arquiteto,53,60202727164
Eduardo Castro Silva,eduardo.castro.silva.25650@example.com,Fortaleza,Supervisor de manutenção,66,36768896981
José Castro Alves,jose.castro.alves.25651@example.com,Campo Grande,Coordenador de marketing,31,57765654052
Gabriela Dias Castro,gabriela.dias.castro.25652@example.com,Vitória,Supervisor de vendas,44,14255198123
Lucas Nascimento Rodrigues,lucas.nascimento.rodrigues.25653@example.com,Porto Alegre,Designer gráfico,45,40589472778
Henrique Costa Fernandes,henrique.costa.fernandes.25654@example.com,Brasília,Padeiro,58,39459706280
Henrique Barbosa Fernandes,henrique.barbosa.fernandes.25655@example.com,Salvador,Contador,41,85033982309
Daniela Araújo Barbosa,daniela.araujo.barbosa.25656@example.com,Cuiabá,Padeiro,64,16627068340
Camila Silva Lima,camila.silva.lima.25657@example.com,Caxias do Sul,Eletricista,43,17749064800
Mariana Carvalho Barbosa,mariana.carvalho.barbosa.25658@example.com,Recife,Gerente comercial,18,57037097962
Henrique Barbosa Costa,henrique.barbosa.costa.25659@example.com,Belém,Supervisor de vendas,60,59931178835
Henrique Alves Moreira,henrique.alves.moreira.25660@example.com,Vitória,Supervisor de vendas,32,39420874441
Gustavo Rocha Pereira,gustavo.rocha.pereira.25661@example.com,Belém,Contador,47,04107932819
Patrícia Dias Castro,patricia.dias.castro.25662@example.com,Belém,Analista de marketing,33,37025939187
Vanessa Martins Dias,vanessa.martins.dias.25663@example.com,Belém,Chefe de almoxarifado,37,81849408560
Carlos Lima Oliveira,carlos.lima.oliveira.25664@example.com,Natal,Corretor de imóveis,59,97937205341
Sérgio Barros Cardoso,sergio.barros.cardoso.25665@example.com,Vitória,Líder de equipe,48,73326778579
Ana Dias Pereira,ana.dias.pereira.25666@example.com,Curitiba,Nutricionista,55,20799100822
Marcelo Mendes Araújo,marcelo.mendes.araujo.25667@example.com,Uberlândia,Pedreiro,34,23313756457
Pedro Teixeira Freitas,pedro.teixeira.freitas.25668@example.com,Belém,Líder de equipe,31,36467709013
Diego Silva Gomes,diego.silva.gomes.25669@example.com,Rondonópolis,Contador,57,96741809721
Leonardo Dias Oliveira,leonardo.dias.oliveira.25670@example.com,Salvador,Arquiteto,53,04743120933
Camila Almeida Mendes,camila.almeida.mendes.25671@example.com,Porto Alegre,Chefe de departamento pessoal,60,47922459882
Marcelo Costa Nascimento,marcelo.costa.nascimento.25672@example.com,Uberlândia,Contador,48,32061323677
Fernanda Dias Costa,fernanda.dias.costa.25673@example.com,Brasília,Coordenador de marketing,23,60618161668
Otávio Moreira Moreira,otavio.moreira.moreira.25674@example.com,Londrina,Vendedor,69,48459441877
Gustavo Fernandes Souza,gustavo.fernandes.souza.25675@example.com,Dourados,Assistente comercial,41,11543514507
Fernanda Lima Rodrigues,fernanda.lima.rodrigues.25676@example.com,Maringá,Engenheiro civil,62,79237517717
Débora Monteiro Rodrigues,debora.monteiro.rodrigues.25677@example.com,Belém,Gerente de tecnologia,47,25403626497
Gabriel Ribeiro Martins,gabriel.ribeiro.martins.25678@example.com,Joinville,Assistente comercial,40,99652405969
Lucas Cardoso Pereira,lucas.cardoso.pereira.25679@example.com,Caxias do Sul,Mecânico,61,89350460901
João Mendes Gomes,joao.mendes.gomes.25680@example.com,Natal,Diretor de operações,63,09195964688
Letícia Carvalho Souza,leticia.carvalho.souza.25681@example.com,Porto Alegre,Corretor de imóveis,52,91155564028
Diego Carvalho Monteiro,diego.carvalho.monteiro.25682@example.com,Campinas,Supervisor de vendas,32,35924395323
Henrique Cardoso Rodrigues,henrique.cardoso.rodrigues.25683@example.com,Recife,Corretor de imóveis,54,73438671973
Luana Almeida Oliveira,luana.almeida.oliveira.25684@example.com,Niterói,Engenheiro civil,58,81772447049
Pedro Mendes Monteiro,pedro.mendes.monteiro.25685@example.com,Campinas,Coordenador de logística,61,77524714256
Leonardo Alves Dias,leonardo.alves.dias.25686@example.com,Goiânia,Assistente comercial,18,63175355056
Larissa Freitas Alves,larissa.freitas.alves.25687@example.com,Goiânia,Operador de caixa,32,70054451053
Henrique Carvalho Fernandes,henrique.carvalho.fernandes.25688@example.com,Cuiabá,Encarregado de produção,43,03136999213
Nicolas Monteiro Dias,nicolas.monteiro.dias.25689@example.com,Salvador,Diretor comercial,40,59267561706
Gabriela Fernandes Martins,gabriela.fernandes.martins.25690@example.com,Sorocaba,Enfermeiro,67,92035677913
Paulo Monteiro Alves,paulo.monteiro.alves.25691@example.com,Goiânia,Supervisor de qualidade,58,41072729033
Tatiane Teixeira Dias,tatiane.teixeira.dias.25692@example.com,São Paulo,Coordenador de logística,64,39853058366
Letícia Araújo Freitas,leticia.araujo.freitas.25693@example.com,Uberlândia,Supervisor de qualidade,23,61117735305
Ricardo Fernandes Ribeiro,ricardo.fernandes.ribeiro.25694@example.com,Niterói,Mecânico,19,94484912336
Gustavo Araújo Fernandes,gustavo.araujo.fernandes.25695@example.com,Londrina,Estoquista,26,25113422745
Pedro Araújo Souza,pedro.araujo.souza.25696@example.com,Porto Alegre,Estoquista,34,11260303668
Paulo Monteiro Pereira,paulo.monteiro.pereira.25697@example.com,Recife,Supervisor de manutenção,58,44613921497
Patrícia Castro Mendes,patricia.castro.mendes.25698@example.com,Londrina,Chefe de departamento pessoal,22,94051565513
Nicolas Barros Carvalho,nicolas.barros.carvalho.25699@example.com,Goiânia,Engenheiro civil,70,02046582627
Nicolas Lima Martins,nicolas.lima.martins.25700@example.com,Vitória,Jornalista,54,40547904326
Larissa Fernandes Souza,larissa.fernandes.souza.25701@example.com,Salvador,Fisioterapeuta,50,44862626284
Renata Carvalho Dias,renata.carvalho.dias.25702@example.com,Belo Horizonte,Chefe de departamento pessoal,52,62324213652
Igor Cardoso Freitas,igor.cardoso.freitas.25703@example.com,Vitória,Gerente de recursos humanos,60,04874039243
João Teixeira Carvalho,joao.teixeira.carvalho.25704@example.com,Belo Horizonte,Comprador,21,93445798667
Vanessa Rodrigues Araújo,vanessa.rodrigues.araujo.25705@example.com,Rondonópolis,Programador,35,77907456874
Bruno Castro Martins,bruno.castro.martins.25706@example.com,Santos,Arquiteto,25,15022373534
Thiago Alves Oliveira,thiago.alves.oliveira.25707@example.com,Florianópolis,Chefe de compras,65,18965306734
Lucas Santos Souza,lucas.santos.souza.25708@example.com,Natal,Mecânico,22,18161723732
Marcelo Oliveira Nascimento,marcelo.oliveira.nascimento.25709@example.com,Natal,Mecânico,19,62441556509
Igor Castro Monteiro,igor.castro.monteiro.25710@example.com,Belém,Chefe de compras,46,05112952055
Mariana Nascimento Souza,mariana.nascimento.souza.25711@example.com,Joinville,Fisioterapeuta,49,91422975537
Vanessa Gomes Almeida,vanessa.gomes.almeida.25712@example.com,Vitória,Analista de recursos humanos,50,10859041291
Thiago Pereira Freitas,thiago.pereira.freitas.25713@example.com,Dourados,Programador,55,37952222949
Beatriz Silva Alves,beatriz.silva.alves.25714@example.com,Cuiabá,Coordenador administrativo,34,61036577601
Camila Carvalho Barbosa,camila.carvalho.barbosa.25715@example.com,Maringá,Gerente de recursos humanos,44,51403494054
Fernanda Pereira Santos,fernanda.pereira.santos.25716@example.com,Londrina,Supervisor de manutenção,48,50893990651
Sandra Freitas Cardoso,sandra.freitas.cardoso.25717@example.com,Sorocaba,Supervisor de manutenção,62,27335480932
Gustavo Barbosa Mendes,gustavo.barbosa.mendes.25718@example.com,Niterói,Analista de dados,21,82034984714
Ricardo Carvalho Silva,ricardo.carvalho.silva.25719@example.com,Santos,Eletricista,69,22564238787
Gabriela Alves Castro,gabriela.alves.castro.25720@example.com,Florianópolis,Nutricionista,68,66573695129
Paulo Gomes Alves,paulo.gomes.alves.25721@example.com,Joinville,Recepcionista,18,13106723713
Diego Lima Pereira,diego.lima.pereira.25722@example.com,Porto Alegre,Gerente de operações,47,67695795376
Paulo Souza Lima,paulo.souza.lima.25723@example.com,Curitiba,Professor,21,18646797418
Eduardo Alves Araújo,eduardo.alves.araujo.25724@example.com,Recife,Nutricionista,21,65625948620
Eduardo Pereira Lima,eduardo.pereira.lima.25725@example.com,Uberlândia,Gerente de recursos humanos,35,88882128548
Renata Freitas Almeida,renata.freitas.almeida.25726@example.com,Salvador,Vendedor,60,12857696855
Nicolas Monteiro Araújo,nicolas.monteiro.araujo.25727@example.com,Sorocaba,Professor,61,36727463684
Vitória Dias Santos,vitoria.dias.santos.25728@example.com,Natal,Analista de dados,43,27885518641
Ricardo Souza Cardoso,ricardo.souza.cardoso.25729@example.com,Campinas,Técnico de enfermagem,59,27330449750
Beatriz Cardoso Carvalho,beatriz.cardoso.carvalho.25730@example.com,Manaus,Diretor de operações,66,49984794585
Vitória Barbosa Ribeiro,vitoria.barbosa.ribeiro.25731@example.com,Fortaleza,Analista de marketing,45,14451268866
Lucas Alves Moreira,lucas.alves.moreira.25732@example.com,Vitória,Coordenador administrativo,54,30866079834
Eduardo Teixeira Alves,eduardo.teixeira.alves.25733@example.com,Campinas,Assistente administrativo,65,12651414217
Felipe Almeida Gomes,felipe.almeida.gomes.25734@example.com,Manaus,Chefe de almoxarifado,53,02660129527
Marcelo Almeida Martins,marcelo.almeida.martins.25735@example.com,Belém,Jornalista,65,67804047780
Igor Carvalho Nascimento,igor.carvalho.nascimento.25736@example.com,Fortaleza,Jornalista,63,28748999012
Letícia Fernandes Costa,leticia.fernandes.costa.25737@example.com,Florianópolis,Motorista,60,16094460748
Daniela Lima Araújo,daniela.lima.araujo.25738@example.com,Belém,Padeiro,30,51311558555
Letícia Nascimento Teixeira,leticia.nascimento.teixeira.25739@example.com,Cuiabá,Corretor de imóveis,37,86591336002
Daniela Freitas Cardoso,daniela.freitas.cardoso.25740@example.com,Campinas,Estoquista,25,87801342307
Mariana Martins Castro,mariana.martins.castro.25741@example.com,Recife,Chefe de almoxarifado,38,39329181296
Rafael Rocha Monteiro,rafael.rocha.monteiro.25742@example.com,Recife,Operador de caixa,50,36845100651
Larissa Dias Cardoso,larissa.dias.cardoso.25743@example.com,Manaus,Corretor de imóveis,64,11976826182
Camila Costa Ribeiro,camila.costa.ribeiro.25744@example.com,Maringá,Nutricionista,62,98489335799
Ana Freitas Castro,ana.freitas.castro.25745@example.com,Goiânia,Analista de recursos humanos,46,49121901398
Otávio Rocha Gomes,otavio.rocha.gomes.25746@example.com,Natal,Diretor de operações,60,90024499886
Eduardo Barros Martins,eduardo.barros.martins.25747@example.com,Florianópolis,Pedreiro,37,61912516887
Patrícia Dias Rocha,patricia.dias.rocha.25748@example.com,Santos,Designer gráfico,52,12701067185
Carolina Fernandes Araújo,carolina.fernandes.araujo.25749@example.com,Joinville,Contador,39,24535461098
Diego Ribeiro Rocha,diego.ribeiro.rocha.25750@example.com,Dourados,Analista de recursos humanos,22,67412936782
Gabriel Rodrigues Dias,gabriel.rodrigues.dias.25751@example.com,Santos,Coordenador administrativo,64,14210751857
Simone Santos Martins,simone.santos.martins.25752@example.com,Uberlândia,Supervisor de qualidade,26,16303738775
Nicolas Castro Dias,nicolas.castro.dias.25753@example.com,Uberlândia,Jornalista,40,79877055001
Thiago Alves Nascimento,thiago.alves.nascimento.25754@example.com,Belo Horizonte,Professor,65,27683848315
Henrique Lima Barros,henrique.lima.barros.25755@example.com,Santos,Comprador,69,55126276615
Amanda Oliveira Carvalho,amanda.oliveira.carvalho.25756@example.com,Campo Grande,Técnico de enfermagem,31,46192046408
Camila Freitas Rodrigues,camila.freitas.rodrigues.25757@example.com,Manaus,Encarregado de produção,20,68330246921
Gustavo Teixeira Pereira,gustavo.teixeira.pereira.25758@example.com,Fortaleza,Técnico em informática,53,59747986643
Ana Martins Rodrigues,ana.martins.rodrigues.25759@example.com,Joinville,Engenheiro civil,23,13571489785
Thiago Freitas Mendes,thiago.freitas.mendes.25760@example.com,Sorocaba,Mecânico,43,43525593681
Paulo Nascimento Martins,paulo.nascimento.martins.25761@example.com,Dourados,Cozinheiro,53,29508562657
Bruno Silva Ribeiro,bruno.silva.ribeiro.25762@example.com,Rondonópolis,Analista de marketing,69,39549884583
Luana Martins Gomes,luana.martins.gomes.25763@example.com,Campinas,Advogado,53,20660788539
José Souza Moreira,jose.souza.moreira.25764@example.com,Uberlândia,Jornalista,69,48792126222
José Pereira Rocha,jose.pereira.rocha.25765@example.com,Salvador,Líder de equipe,58,78272494756
Mariana Teixeira Costa,mariana.teixeira.costa.25766@example.com,Sorocaba,Pedreiro,70,69506574502
Pedro Castro Rocha,pedro.castro.rocha.25767@example.com,Belém,Gerente comercial,25,10914264878
Camila Ribeiro Moreira,camila.ribeiro.moreira.25768@example.com,Goiânia,Nutricionista,64,16170893219
Bruno Barbosa Lima,bruno.barbosa.lima.25769@example.com,Brasília,Analista de recursos humanos,59,12115516287
Ricardo Monteiro Almeida,ricardo.monteiro.almeida.25770@example.com,Santos,Advogado,55,99039203133
Mariana Silva Cardoso,mariana.silva.cardoso.25771@example.com,Manaus,Gerente financeiro,69,00629403206
Aline Fernandes Pereira,aline.fernandes.pereira.25772@example.com,Salvador,Comprador,54,39350678025
Pedro Moreira Castro,pedro.moreira.castro.25773@example.com,Sorocaba,Advogado,30,55868645608
Camila Fernandes Costa,camila.fernandes.costa.25774@example.com,Manaus,Supervisor de qualidade,23,36617225377
Mariana Carvalho Araújo,mariana.carvalho.araujo.25775@example.com,Belém,Analista de recursos humanos,28,45227050676
Débora Oliveira Lima,debora.oliveira.lima.25776@example.com,Belo Horizonte,Padeiro,44,94972272163
Leonardo Silva Ribeiro,leonardo.silva.ribeiro.25777@example.com,São Paulo,Vendedor,24,66857263165
Gabriel Almeida Silva,gabriel.almeida.silva.25778@example.com,Curitiba,Arquiteto,22,67021938750
Simone Martins Dias,simone.martins.dias.25779@example.com,Fortaleza,Comprador,57,88294643471
Vanessa Martins Martins,vanessa.martins.martins.25780@example.com,Joinville,Designer gráfico,56,97321907455
Aline Alves Santos,aline.alves.santos.25781@example.com,Campinas,Coordenador de logística,34,63363395819
Henrique Gomes Dias,henrique.gomes.dias.25782@example.com,Campinas,Vendedor,33,25010359149
Bruno Teixeira Freitas,bruno.teixeira.freitas.25783@example.com,Salvador,Supervisor de atendimento,41,23308472174
Leonardo Fernandes Mendes,leonardo.fernandes.mendes.25784@example.com,Campinas,Diretor comercial,65,36301517242
Luana Almeida Ribeiro,luana.almeida.ribeiro.25785@example.com,Rio de Janeiro,Padeiro,43,33094175483
Patrícia Nascimento Alves,patricia.nascimento.alves.25786@example.com,Porto Alegre,Supervisor de atendimento,64,05341861012
Sérgio Rodrigues Souza,sergio.rodrigues.souza.25787@example.com,Vitória,Técnico de segurança do trabalho,36,91136778803
Amanda Teixeira Pereira,amanda.teixeira.pereira.25788@example.com,Florianópolis,Gerente comercial,50,44316347061
Vinícius Silva Teixeira,vinicius.silva.teixeira.25789@example.com,Londrina,Eletricista,26,58251724674
José Barbosa Oliveira,jose.barbosa.oliveira.25790@example.com,Belo Horizonte,Estoquista,69,95447540020
Sérgio Teixeira Barros,sergio.teixeira.barros.25791@example.com,Dourados,Cozinheiro,43,93367024447
Aline Nascimento Mendes,aline.nascimento.mendes.25792@example.com,Niterói,Coordenador de marketing,41,65485504695
Carlos Teixeira Oliveira,carlos.teixeira.oliveira.25793@example.com,Campinas,Auxiliar de produção,46,76584731763
Luana Alves Santos,luana.alves.santos.25794@example.com,Vitória,Diretor de operações,33,18530888554
Tatiane Nascimento Castro,tatiane.nascimento.castro.25795@example.com,Belo Horizonte,Vendedor,65,15498572918
Gustavo Barbosa Lima,gustavo.barbosa.lima.25796@example.com,São Paulo,Pedreiro,26,81848975330
Eduardo Teixeira Silva,eduardo.teixeira.silva.25797@example.com,Campo Grande,Gerente de tecnologia,42,00801781869
Thiago Alves Barbosa,thiago.alves.barbosa.25798@example.com,Dourados,Cozinheiro,28,12665274150
Igor Monteiro Pereira,igor.monteiro.pereira.25799@example.com,Rondonópolis,Chefe de almoxarifado,58,09379001063
Felipe Cardoso Ribeiro,felipe.cardoso.ribeiro.25800@example.com,Belo Horizonte,Enfermeiro,48,35617152867
Marcelo Fernandes Freitas,marcelo.fernandes.freitas.25801@example.com,Salvador,Farmacêutico,51,32681535290
Gabriel Rodrigues Costa,gabriel.rodrigues.costa.25802@example.com,Manaus,Cozinheiro,20,76391749722
Renata Oliveira Rocha,renata.oliveira.rocha.25803@example.com,Recife,Contador,25,85509387225
Tatiane Pereira Mendes,tatiane.pereira.mendes.25804@example.com,Niterói,Chefe de almoxarifado,64,69190735777
Letícia Barros Rodrigues,leticia.barros.rodrigues.25805@example.com,Londrina,Coordenador administrativo,25,39397466272
Thiago Castro Fernandes,thiago.castro.fernandes.25806@example.com,Santos,Arquiteto,42,54654577578
Renata Barbosa Rocha,renata.barbosa.rocha.25807@example.com,Natal,Analista financeiro,49,38794707438
Priscila Almeida Costa,priscila.almeida.costa.25808@example.com,Goiânia,Arquiteto,23,02346005698
Renata Mendes Silva,renata.mendes.silva.25809@example.com,Maringá,Motorista,23,64913032949
Rafael Carvalho Monteiro,rafael.carvalho.monteiro.25810@example.com,Porto Alegre,Analista de dados,25,82332584100
Nicolas Ribeiro Almeida,nicolas.ribeiro.almeida.25811@example.com,Londrina,Nutricionista,47,58188097755
Débora Carvalho Castro,debora.carvalho.castro.25812@example.com,Manaus,Farmacêutico,61,45923119319
Ana Martins Rocha,ana.martins.rocha.25813@example.com,Salvador,Técnico de enfermagem,33,01010373134
Patrícia Pereira Fernandes,patricia.pereira.fernandes.25814@example.com,Curitiba,Coordenador de marketing,68,59395160797
Tatiane Cardoso Ribeiro,tatiane.cardoso.ribeiro.25815@example.com,Campinas,Analista financeiro,60,32796001727
José Araújo Costa,jose.araujo.costa.25816@example.com,Joinville,Fisioterapeuta,27,99450890259
Carlos Monteiro Moreira,carlos.monteiro.moreira.25817@example.com,Curitiba,Técnico em informática,37,15973143762
Camila Pereira Cardoso,camila.pereira.cardoso.25818@example.com,Rondonópolis,Gerente de operações,32,07747881768
Larissa Monteiro Barros,larissa.monteiro.barros.25819@example.com,Rio de Janeiro,Coordenador de produção,36,57872874442
Marcelo Costa Lima,marcelo.costa.lima.25820@example.com,Brasília,Chefe de departamento pessoal,36,72553618382
Patrícia Almeida Martins,patricia.almeida.martins.25821@example.com,Natal,Auxiliar de produção,54,68957992214
Gustavo Rodrigues Mendes,gustavo.rodrigues.mendes.25822@example.com,Cuiabá,Operador de caixa,33,81142330153
Priscila Lima Rodrigues,priscila.lima.rodrigues.25823@example.com,Brasília,Programador,27,75588991114
Sérgio Barbosa Nascimento,sergio.barbosa.nascimento.25824@example.com,Goiânia,Atendente,54,68782068335
Felipe Monteiro Cardoso,felipe.monteiro.cardoso.25825@example.com,Campinas,Chefe de almoxarifado,67,76532584862
Thiago Rodrigues Almeida,thiago.rodrigues.almeida.25826@example.com,Londrina,Coordenador de marketing,54,29316511611
Marcelo Barros Monteiro,marcelo.barros.monteiro.25827@example.com,Dourados,Gerente financeiro,43,08004780920
Henrique Santos Castro,henrique.santos.castro.25828@example.com,Belém,Chefe de compras,31,43260737242
Larissa Freitas Ribeiro,larissa.freitas.ribeiro.25829@example.com,Goiânia,Operador de caixa,63,98325167202
Fernanda Nascimento Mendes,fernanda.nascimento.mendes.25830@example.com,Londrina,Coordenador de marketing,41,89457636189
Mariana Silva Lima,mariana.silva.lima.25831@example.com,Salvador,Professor,30,12222365412
Leonardo Castro Monteiro,leonardo.castro.monteiro.25832@example.com,Sorocaba,Gerente de operações,32,20950411099
Vinícius Martins Rocha,vinicius.martins.rocha.25833@example.com,São Paulo,Vendedor,35,22313589118
Gustavo Almeida Pereira,gustavo.almeida.pereira.25834@example.com,Maringá,Gerente de tecnologia,34,24077267902
Gabriel Gomes Castro,gabriel.gomes.castro.25835@example.com,Brasília,Contador,28,37698811399
Carolina Ribeiro Freitas,carolina.ribeiro.freitas.25836@example.com,Florianópolis,Chefe de almoxarifado,48,58349768346
Camila Souza Nascimento,camila.souza.nascimento.25837@example.com,Cuiabá,Supervisor de manutenção,24,49605962266
Vitória Silva Fernandes,vitoria.silva.fernandes.25838@example.com,Brasília,Advogado,41,12781805385
Letícia Barros Moreira,leticia.barros.moreira.25839@example.com,Fortaleza,Diretor de operações,65,00926016149
Débora Almeida Moreira,debora.almeida.moreira.25840@example.com,Belém,Farmacêutico,19,86992948973
Vitória Alves Oliveira,vitoria.alves.oliveira.25841@example.com,Salvador,Analista de dados,40,02794134119
Felipe Souza Santos,felipe.souza.santos.25842@example.com,Goiânia,Técnico em informática,31,25691210760
Daniela Almeida Lima,daniela.almeida.lima.25843@example.com,Porto Alegre,Advogado,46,79414528170
Pedro Teixeira Freitas,pedro.teixeira.freitas.25844@example.com,Londrina,Padeiro,27,69281904677
Juliana Pereira Silva,juliana.pereira.silva.25845@example.com,Santos,Nutricionista,44,79583954725
Priscila Costa Martins,priscila.costa.martins.25846@example.com,Belém,Supervisor de vendas,36,49866460760
Lucas Nascimento Lima,lucas.nascimento.lima.25847@example.com,Rio de Janeiro,Diretor comercial,57,81977000036
Henrique Barros Nascimento,henrique.barros.nascimento.25848@example.com,Joinville,Técnico de segurança do trabalho,22,44956226364
Gabriel Alves Cardoso,gabriel.alves.cardoso.25849@example.com,Campinas,Supervisor de manutenção,70,44917013233
Lucas Castro Castro,lucas.castro.castro.25850@example.com,Goiânia,Diretor de operações,23,10930770644
Ana Barbosa Monteiro,ana.barbosa.monteiro.25851@example.com,Cuiabá,Corretor de imóveis,31,13804856383
Aline Souza Moreira,aline.souza.moreira.25852@example.com,Brasília,Supervisor de atendimento,28,56982011497
Leonardo Araújo Souza,leonardo.araujo.souza.25853@example.com,Campinas,Coordenador de produção,20,10209185615
Simone Araújo Souza,simone.araujo.souza.25854@example.com,Salvador,Supervisor de atendimento,55,82236617034
Gabriel Mendes Freitas,gabriel.mendes.freitas.25855@example.com,Natal,Motorista,64,33351255082
Ricardo Oliveira Cardoso,ricardo.oliveira.cardoso.25856@example.com,Maringá,Enfermeiro,21,64357269288
Vanessa Pereira Lima,vanessa.pereira.lima.25857@example.com,Natal,Diretor comercial,66,73522495360
Vitória Costa Barbosa,vitoria.costa.barbosa.25858@example.com,Santos,Supervisor de qualidade,50,39760782323
Ricardo Pereira Carvalho,ricardo.pereira.carvalho.25859@example.com,Florianópolis,Corretor de imóveis,20,92363414350
Lucas Freitas Moreira,lucas.freitas.moreira.25860@example.com,Londrina,Engenheiro civil,18,26722072746
Renata Martins Santos,renata.martins.santos.25861@example.com,Goiânia,Contador,42,14465438649
Carolina Moreira Souza,carolina.moreira.souza.25862@example.com,Rondonópolis,Programador,27,94947586995
João Pereira Castro,joao.pereira.castro.25863@example.com,Niterói,Jornalista,63,13218681827
Leonardo Monteiro Mendes,leonardo.monteiro.mendes.25864@example.com,Brasília,Assistente administrativo,26,03252545744
Ana Barros Castro,ana.barros.castro.25865@example.com,Brasília,Engenheiro civil,65,98107567738
Leonardo Mendes Araújo,leonardo.mendes.araujo.25866@example.com,Campinas,Gerente comercial,51,89785947004
Fernanda Cardoso Pereira,fernanda.cardoso.pereira.25867@example.com,Natal,Programador,25,95379951823
Amanda Alves Silva,amanda.alves.silva.25868@example.com,Belém,Assistente comercial,53,75817920338
Simone Castro Souza,simone.castro.souza.25869@example.com,Londrina,Supervisor de qualidade,58,04699452815
Tatiane Freitas Araújo,tatiane.freitas.araujo.25870@example.com,Joinville,Farmacêutico,70,55593762120
Igor Teixeira Santos,igor.teixeira.santos.25871@example.com,Santos,Coordenador de logística,58,06551118724
Carlos Silva Monteiro,carlos.silva.monteiro.25872@example.com,Maringá,Pedreiro,18,47227397998
Pedro Barbosa Pereira,pedro.barbosa.pereira.25873@example.com,Porto Alegre,Contador,22,55711867876
Otávio Santos Barbosa,otavio.santos.barbosa.25874@example.com,Caxias do Sul,Assistente administrativo,41,62696999938
José Souza Barbosa,jose.souza.barbosa.25875@example.com,Campinas,Técnico em informática,43,19237323854
Bruno Nascimento Rodrigues,bruno.nascimento.rodrigues.25876@example.com,Vitória,Cozinheiro,64,47591706066
Ricardo Araújo Nascimento,ricardo.araujo.nascimento.25877@example.com,Brasília,Gerente financeiro,37,23996355201
Patrícia Mendes Mendes,patricia.mendes.mendes.25878@example.com,Joinville,Técnico de enfermagem,67,25181596055
Luana Barbosa Moreira,luana.barbosa.moreira.25879@example.com,Recife,Jornalista,58,11302971943
Felipe Souza Martins,felipe.souza.martins.25880@example.com,Belém,Coordenador de marketing,52,19680067422
Gustavo Costa Teixeira,gustavo.costa.teixeira.25881@example.com,Cuiabá,Assistente comercial,52,47861648646
Camila Alves Freitas,camila.alves.freitas.25882@example.com,Rondonópolis,Coordenador administrativo,40,71214850303
Vitória Cardoso Teixeira,vitoria.cardoso.teixeira.25883@example.com,Belém,Professor,63,42505631783
Amanda Rodrigues Lima,amanda.rodrigues.lima.25884@example.com,Natal,Padeiro,34,22362789691
Patrícia Ribeiro Ribeiro,patricia.ribeiro.ribeiro.25885@example.com,Fortaleza,Encarregado de produção,49,41236451272
Mariana Monteiro Mendes,mariana.monteiro.mendes.25886@example.com,Londrina,Advogado,22,27189119486
Gabriela Araújo Dias,gabriela.araujo.dias.25887@example.com,Caxias do Sul,Coordenador de marketing,50,93655262199
Aline Oliveira Barbosa,aline.oliveira.barbosa.25888@example.com,Salvador,Gerente de tecnologia,62,89292758635
Vinícius Araújo Alves,vinicius.araujo.alves.25889@example.com,Dourados,Jornalista,57,71731730171
Daniela Santos Nascimento,daniela.santos.nascimento.25890@example.com,Campo Grande,Enfermeiro,33,17887309616
Tatiane Almeida Alves,tatiane.almeida.alves.25891@example.com,Joinville,Gerente de operações,39,42044583686
Juliana Teixeira Barbosa,juliana.teixeira.barbosa.25892@example.com,Salvador,Analista de dados,39,16521525712
Nicolas Silva Costa,nicolas.silva.costa.25893@example.com,Campo Grande,Farmacêutico,60,86977053263
Carolina Ribeiro Barbosa,carolina.ribeiro.barbosa.25894@example.com,Manaus,Cozinheiro,51,39366488666
Marcelo Moreira Moreira,marcelo.moreira.moreira.25895@example.com,Belém,Operador de caixa,43,12922602471
José Lima Barbosa,jose.lima.barbosa.25896@example.com,Rio de Janeiro,Chefe de almoxarifado,62,55170817439
João Almeida Ribeiro,joao.almeida.ribeiro.25897@example.com,Sorocaba,Líder de equipe,50,00127669605
Lucas Freitas Teixeira,lucas.freitas.teixeira.25898@example.com,Rio de Janeiro,Estoquista,19,75218420354
Gustavo Cardoso Lima,gustavo.cardoso.lima.25899@example.com,Brasília,Estoquista,51,49476219066
Larissa Gomes Teixeira,larissa.gomes.teixeira.25900@example.com,Goiânia,Fisioterapeuta,52,10732556685
Daniela Souza Costa,daniela.souza.costa.25901@example.com,Maringá,Chefe de compras,42,04021851923
Sérgio Monteiro Castro,sergio.monteiro.castro.25902@example.com,Curitiba,Motorista,29,70441807593
Luana Silva Monteiro,luana.silva.monteiro.25903@example.com,Manaus,Gerente de operações,26,16586148321
Marcelo Castro Fernandes,marcelo.castro.fernandes.25904@example.com,Niterói,Assistente administrativo,31,37963939560
Tatiane Gomes Monteiro,tatiane.gomes.monteiro.25905@example.com,Londrina,Gerente de tecnologia,49,61468145138
Leonardo Martins Martins,leonardo.martins.martins.25906@example.com,São Paulo,Auxiliar de produção,20,62945642331
Paulo Moreira Silva,paulo.moreira.silva.25907@example.com,Rondonópolis,Analista financeiro,33,13791621978
José Lima Alves,jose.lima.alves.25908@example.com,Joinville,Supervisor de atendimento,58,91176652922
Ana Araújo Moreira,ana.araujo.moreira.25909@example.com,Vitória,Líder de equipe,61,55514662765
Aline Souza Rocha,aline.souza.rocha.25910@example.com,Fortaleza,Coordenador administrativo,30,96910796718
Henrique Costa Rocha,henrique.costa.rocha.25911@example.com,Dourados,Líder de equipe,19,63909703828
Gabriel Monteiro Ribeiro,gabriel.monteiro.ribeiro.25912@example.com,Florianópolis,Supervisor de atendimento,30,92109226277
Bruno Alves Mendes,bruno.alves.mendes.25913@example.com,Florianópolis,Supervisor de vendas,58,72304364842
Bruno Fernandes Pereira,bruno.fernandes.pereira.25914@example.com,Florianópolis,Farmacêutico,49,51850155186
Paulo Costa Teixeira,paulo.costa.teixeira.25915@example.com,Londrina,Farmacêutico,63,93574199247
Nicolas Gomes Monteiro,nicolas.gomes.monteiro.25916@example.com,Londrina,Pedreiro,43,74989530818
Thiago Mendes Almeida,thiago.mendes.almeida.25917@example.com,Santos,Chefe de departamento pessoal,50,06859174120
Vinícius Teixeira Costa,vinicius.teixeira.costa.25918@example.com,Natal,Nutricionista,28,61686838193
Tatiane Pereira Nascimento,tatiane.pereira.nascimento.25919@example.com,Campo Grande,Coordenador de logística,66,86864615521
Larissa Souza Costa,larissa.souza.costa.25920@example.com,Cuiabá,Vendedor,57,74825471033
Paulo Fernandes Rodrigues,paulo.fernandes.rodrigues.25921@example.com,Fortaleza,Técnico de segurança do trabalho,61,40065293065
Beatriz Gomes Carvalho,beatriz.gomes.carvalho.25922@example.com,Vitória,Auxiliar de produção,32,22215521809
Sérgio Gomes Martins,sergio.gomes.martins.25923@example.com,Goiânia,Programador,21,49850616700
Marcelo Monteiro Gomes,marcelo.monteiro.gomes.25924@example.com,Salvador,Operador de caixa,55,13675541960
Carolina Alves Souza,carolina.alves.souza.25925@example.com,Santos,Designer gráfico,62,93872271662
Débora Ribeiro Castro,debora.ribeiro.castro.25926@example.com,Niterói,Enfermeiro,66,84597707155
Priscila Nascimento Silva,priscila.nascimento.silva.25927@example.com,Fortaleza,Vendedor,34,23679104114
Lucas Ribeiro Araújo,lucas.ribeiro.araujo.25928@example.com,Joinville,Gerente de operações,58,91377506082
Débora Mendes Carvalho,debora.mendes.carvalho.25929@example.com,Curitiba,Corretor de imóveis,31,16883612385
Rafael Cardoso Oliveira,rafael.cardoso.oliveira.25930@example.com,São Paulo,Auxiliar de produção,62,66734427379
Tatiane Rodrigues Mendes,tatiane.rodrigues.mendes.25931@example.com,Brasília,Encarregado de produção,30,06282884846
Mariana Freitas Nascimento,mariana.freitas.nascimento.25932@example.com,Belo Horizonte,Gerente comercial,42,32846507273
Beatriz Barros Nascimento,beatriz.barros.nascimento.25933@example.com,Caxias do Sul,Encarregado de produção,28,12151096612
Aline Barbosa Castro,aline.barbosa.castro.25934@example.com,Londrina,Coordenador administrativo,47,80739566549
Sandra Alves Cardoso,sandra.alves.cardoso.25935@example.com,Joinville,Técnico de segurança do trabalho,59,41349671089
Luana Santos Barros,luana.santos.barros.25936@example.com,Belo Horizonte,Professor,54,99498364129
Sandra Alves Monteiro,sandra.alves.monteiro.25937@example.com,Recife,Gerente de operações,33,57130392305
Eduardo Dias Silva,eduardo.dias.silva.25938@example.com,Caxias do Sul,Atendente,65,56628502070
Igor Nascimento Nascimento,igor.nascimento.nascimento.25939@example.com,Natal,Comprador,31,05550727186
Otávio Costa Costa,otavio.costa.costa.25940@example.com,Sorocaba,Gerente comercial,18,70166475141
Sérgio Freitas Mendes,sergio.freitas.mendes.25941@example.com,Santos,Atendente,41,04610422278
Sandra Santos Barros,sandra.santos.barros.25942@example.com,Londrina,Chefe de departamento pessoal,62,40936196268
Lucas Castro Carvalho,lucas.castro.carvalho.25943@example.com,Florianópolis,Corretor de imóveis,38,83049356349
Fernanda Silva Fernandes,fernanda.silva.fernandes.25944@example.com,Uberlândia,Chefe de departamento pessoal,28,83447192364
Lucas Barbosa Castro,lucas.barbosa.castro.25945@example.com,Caxias do Sul,Programador,58,43971031557
Ricardo Fernandes Nascimento,ricardo.fernandes.nascimento.25946@example.com,Sorocaba,Supervisor de atendimento,64,66809295352
Nicolas Ribeiro Mendes,nicolas.ribeiro.mendes.25947@example.com,Rondonópolis,Programador,44,52366795379
Eduardo Araújo Lima,eduardo.araujo.lima.25948@example.com,Goiânia,Assistente administrativo,18,53378777974
Débora Lima Martins,debora.lima.martins.25949@example.com,Goiânia,Designer gráfico,59,27876527775
Luana Rodrigues Costa,luana.rodrigues.costa.25950@example.com,Cuiabá,Supervisor de manutenção,67,25419242743
Camila Barbosa Gomes,camila.barbosa.gomes.25951@example.com,Fortaleza,Analista financeiro,62,73829759674
Henrique Martins Barbosa,henrique.martins.barbosa.25952@example.com,Vitória,Enfermeiro,68,32016169669
Carolina Ribeiro Martins,carolina.ribeiro.martins.25953@example.com,Curitiba,Supervisor de qualidade,21,15165234014
Gabriela Rodrigues Santos,gabriela.rodrigues.santos.25954@example.com,Vitória,Chefe de compras,39,56296888743
Ricardo Rodrigues Martins,ricardo.rodrigues.martins.25955@example.com,Caxias do Sul,Comprador,61,78360059816
Igor Fernandes Santos,igor.fernandes.santos.25956@example.com,Recife,Coordenador de produção,49,94778885296
Daniela Fernandes Castro,daniela.fernandes.castro.25957@example.com,Rondonópolis,Chefe de departamento pessoal,41,37380683204
Felipe Ribeiro Rocha,felipe.ribeiro.rocha.25958@example.com,Porto Alegre,Técnico de enfermagem,62,21481462329
Camila Oliveira Fernandes,camila.oliveira.fernandes.25959@example.com,Rondonópolis,Advogado,65,35661535292
Juliana Monteiro Almeida,juliana.monteiro.almeida.25960@example.com,Vitória,Assistente comercial,24,12668034278
José Castro Monteiro,jose.castro.monteiro.25961@example.com,Campo Grande,Mecânico,60,89553397432
Sérgio Monteiro Nascimento,sergio.monteiro.nascimento.25962@example.com,Joinville,Estoquista,59,46196671826
Priscila Fernandes Moreira,priscila.fernandes.moreira.25963@example.com,Caxias do Sul,Corretor de imóveis,63,96258601904
Henrique Barros Ribeiro,henrique.barros.ribeiro.25964@example.com,Campinas,Supervisor de qualidade,54,63726178108
Otávio Teixeira Freitas,otavio.teixeira.freitas.25965@example.com,Rondonópolis,Eletricista,27,40576300638
Larissa Carvalho Oliveira,larissa.carvalho.oliveira.25966@example.com,Joinville,Técnico de segurança do trabalho,30,72765930608
João Oliveira Almeida,joao.oliveira.almeida.25967@example.com,Campinas,Técnico de segurança do trabalho,40,26801089821
Larissa Teixeira Castro,larissa.teixeira.castro.25968@example.com,Belo Horizonte,Jornalista,41,36730513253
Beatriz Rodrigues Carvalho,beatriz.rodrigues.carvalho.25969@example.com,São Paulo,Programador,68,94054590573
Sérgio Mendes Santos,sergio.mendes.santos.25970@example.com,Porto Alegre,Advogado,18,52531206331
Renata Ribeiro Costa,renata.ribeiro.costa.25971@example.com,Dourados,Chefe de compras,70,02242361890
Sérgio Araújo Araújo,sergio.araujo.araujo.25972@example.com,Salvador,Cozinheiro,43,04280861735
Lucas Martins Lima,lucas.martins.lima.25973@example.com,Fortaleza,Diretor comercial,28,86540276715
Lucas Ribeiro Freitas,lucas.ribeiro.freitas.25974@example.com,São Paulo,Gerente comercial,43,44562512797
Débora Rocha Araújo,debora.rocha.araujo.25975@example.com,Recife,Auxiliar de produção,48,04484580841
Débora Gomes Lima,debora.gomes.lima.25976@example.com,Uberlândia,Auxiliar de produção,30,66440629187
Fernanda Costa Moreira,fernanda.costa.moreira.25977@example.com,Campinas,Jornalista,62,23106760660
Bruno Costa Silva,bruno.costa.silva.25978@example.com,Natal,Encarregado de produção,69,47903328972
Gabriel Barros Martins,gabriel.barros.martins.25979@example.com,Vitória,Assistente administrativo,57,75940625238
Gustavo Dias Barros,gustavo.dias.barros.25980@example.com,Brasília,Gerente de recursos humanos,34,74232495806
Letícia Alves Rocha,leticia.alves.rocha.25981@example.com,Campinas,Fisioterapeuta,28,48700965336
Leonardo Santos Carvalho,leonardo.santos.carvalho.25982@example.com,Rondonópolis,Gerente de operações,20,41883556792
Tatiane Carvalho Almeida,tatiane.carvalho.almeida.25983@example.com,Fortaleza,Operador de caixa,46,27270006494
Aline Teixeira Ribeiro,aline.teixeira.ribeiro.25984@example.com,Rondonópolis,Chefe de departamento pessoal,66,61733649668
Larissa Rodrigues Nascimento,larissa.rodrigues.nascimento.25985@example.com,Uberlândia,Técnico em informática,36,77116037097
Bruno Monteiro Fernandes,bruno.monteiro.fernandes.25986@example.com,Campinas,Cozinheiro,47,45329074243
Débora Lima Carvalho,debora.lima.carvalho.25987@example.com,Rondonópolis,Chefe de almoxarifado,20,95605331106
Bruno Martins Castro,bruno.martins.castro.25988@example.com,Brasília,Assistente comercial,68,81010533179
Felipe Silva Teixeira,felipe.silva.teixeira.25989@example.com,Maringá,Técnico de enfermagem,68,41448320917
Felipe Freitas Souza,felipe.freitas.souza.25990@example.com,Londrina,Diretor comercial,52,74181821422
Felipe Silva Souza,felipe.silva.souza.25991@example.com,Niterói,Analista financeiro,62,29422707934
Lucas Castro Pereira,lucas.castro.pereira.25992@example.com,Curitiba,Eletricista,67,88967692997
Mariana Teixeira Gomes,mariana.teixeira.gomes.25993@example.com,Manaus,Eletricista,47,58087103119
Gabriel Almeida Moreira,gabriel.almeida.moreira.25994@example.com,Caxias do Sul,Diretor de operações,33,10636938920
Renata Araújo Pereira,renata.araujo.pereira.25995@example.com,Santos,Líder de equipe,31,03831402921
Beatriz Gomes Dias,beatriz.gomes.dias.25996@example.com,Campinas,Jornalista,66,71269162138
Marcelo Rodrigues Cardoso,marcelo.rodrigues.cardoso.25997@example.com,Uberlândia,Gerente comercial,59,89598628371
Aline Carvalho Costa,aline.carvalho.costa.25998@example.com,Caxias do Sul,Fisioterapeuta,49,46412743883
Sandra Almeida Mendes,sandra.almeida.mendes.25999@example.com,Porto Alegre,Técnico de segurança do trabalho,47,43852577733
Marcelo Barbosa Lima,marcelo.barbosa.lima.26000@example.com,Campo Grande,Fisioterapeuta,18,09745790803
Aline Mendes Alves,aline.mendes.alves.26001@example.com,Sorocaba,Assistente comercial,55,12923840322
José Castro Dias,jose.castro.dias.26002@example.com,Porto Alegre,Contador,19,41370959587
Lucas Costa Dias,lucas.costa.dias.26003@example.com,Uberlândia,Diretor de operações,19,51594847007
Ricardo Ribeiro Costa,ricardo.ribeiro.costa.26004@example.com,Natal,Corretor de imóveis,46,21761835525
Carlos Barbosa Gomes,carlos.barbosa.gomes.26005@example.com,Rio de Janeiro,Designer gráfico,60,12303413413
Lucas Rodrigues Martins,lucas.rodrigues.martins.26006@example.com,Manaus,Técnico de enfermagem,28,05324264072
Gustavo Rodrigues Mendes,gustavo.rodrigues.mendes.26007@example.com,Uberlândia,Nutricionista,45,35008530009
Renata Almeida Barros,renata.almeida.barros.26008@example.com,Fortaleza,Diretor comercial,31,93688734290
Vitória Teixeira Dias,vitoria.teixeira.dias.26009@example.com,Campo Grande,Assistente comercial,20,21464570659
Pedro Carvalho Dias,pedro.carvalho.dias.26010@example.com,Caxias do Sul,Supervisor de manutenção,37,58071227718
Henrique Martins Nascimento,henrique.martins.nascimento.26011@example.com,Manaus,Analista de dados,22,70258128162
Leonardo Barros Lima,leonardo.barros.lima.26012@example.com,Natal,Advogado,63,52544812456
Gustavo Mendes Araújo,gustavo.mendes.araujo.26013@example.com,Campinas,Recepcionista,42,31395086689
Beatriz Silva Costa,beatriz.silva.costa.26014@example.com,Recife,Enfermeiro,38,30378350804
Vitória Teixeira Alves,vitoria.teixeira.alves.26015@example.com,Belo Horizonte,Analista de marketing,32,98853760724
Carlos Almeida Pereira,carlos.almeida.pereira.26016@example.com,Cuiabá,Gerente financeiro,34,58522680766
Leonardo Rocha Oliveira,leonardo.rocha.oliveira.26017@example.com,Belo Horizonte,Analista de marketing,56,89610696239
Otávio Lima Freitas,otavio.lima.freitas.26018@example.com,Maringá,Engenheiro civil,34,46446066188
Henrique Dias Monteiro,henrique.dias.monteiro.26019@example.com,Caxias do Sul,Operador de caixa,60,56752875128
Sandra Gomes Santos,sandra.gomes.santos.26020@example.com,Curitiba,Chefe de almoxarifado,22,42231733834
Simone Souza Alves,simone.souza.alves.26021@example.com,Recife,Encarregado de produção,39,53599645903
Vitória Alves Souza,vitoria.alves.souza.26022@example.com,Sorocaba,Gerente de operações,58,04147434871
Daniela Nascimento Silva,daniela.nascimento.silva.26023@example.com,Goiânia,Programador,18,89747200866
Ana Souza Fernandes,ana.souza.fernandes.26024@example.com,Fortaleza,Analista de dados,29,79757918072
Gabriel Gomes Dias,gabriel.gomes.dias.26025@example.com,São Paulo,Mecânico,67,53675811532
Luana Castro Barbosa,luana.castro.barbosa.26026@example.com,Porto Alegre,Farmacêutico,28,56750291030
Thiago Araújo Barros,thiago.araujo.barros.26027@example.com,Belo Horizonte,Analista financeiro,65,06767837441
Henrique Santos Araújo,henrique.santos.araujo.26028@example.com,Salvador,Técnico em informática,68,04055272538
José Costa Mendes,jose.costa.mendes.26029@example.com,Belo Horizonte,Nutricionista,67,10548029601
Nicolas Dias Dias,nicolas.dias.dias.26030@example.com,Rondonópolis,Mecânico,24,04106865097
Luana Rodrigues Teixeira,luana.rodrigues.teixeira.26031@example.com,Fortaleza,Supervisor de qualidade,33,36517468633
Ana Dias Araújo,ana.dias.araujo.26032@example.com,Natal,Estoquista,63,74058393910
Vitória Alves Lima,vitoria.alves.lima.26033@example.com,Curitiba,Estoquista,49,29330697352
Débora Ribeiro Ribeiro,debora.ribeiro.ribeiro.26034@example.com,Fortaleza,Arquiteto,57,80449981114
Igor Pereira Martins,igor.pereira.martins.26035@example.com,Londrina,Padeiro,62,92772034875
Igor Moreira Oliveira,igor.moreira.oliveira.26036@example.com,Curitiba,Supervisor de manutenção,58,10808980225
Luana Nascimento Barros,luana.nascimento.barros.26037@example.com,Salvador,Atendente,47,18118326046
Rafael Santos Oliveira,rafael.santos.oliveira.26038@example.com,Caxias do Sul,Coordenador administrativo,37,41740761737
Priscila Castro Costa,priscila.castro.costa.26039@example.com,Vitória,Nutricionista,70,87310021627
Daniela Gomes Mendes,daniela.gomes.mendes.26040@example.com,Campinas,Chefe de compras,35,16289718727
José Santos Mendes,jose.santos.mendes.26041@example.com,Belém,Analista de dados,65,75897125486
Nicolas Costa Dias,nicolas.costa.dias.26042@example.com,Caxias do Sul,Técnico de enfermagem,51,43490159534
Marcelo Castro Barros,marcelo.castro.barros.26043@example.com,Sorocaba,Mecânico,56,35698917921
Vinícius Pereira Silva,vinicius.pereira.silva.26044@example.com,Belo Horizonte,Técnico de enfermagem,26,40292959177
Gabriel Moreira Martins,gabriel.moreira.martins.26045@example.com,Campo Grande,Motorista,69,49204728830
Leonardo Castro Dias,leonardo.castro.dias.26046@example.com,Brasília,Motorista,50,37467739167
Mariana Araújo Monteiro,mariana.araujo.monteiro.26047@example.com,Curitiba,Encarregado de produção,50,07617648571
Mariana Lima Dias,mariana.lima.dias.26048@example.com,Porto Alegre,Analista financeiro,66,21243930897
Amanda Silva Oliveira,amanda.silva.oliveira.26049@example.com,Porto Alegre,Mecânico,39,06726215106
Carolina Barbosa Fernandes,carolina.barbosa.fernandes.26050@example.com,Goiânia,Designer gráfico,61,61257319167
Fernanda Fernandes Santos,fernanda.fernandes.santos.26051@example.com,Florianópolis,Técnico de enfermagem,46,54458806140
Renata Fernandes Pereira,renata.fernandes.pereira.26052@example.com,Cuiabá,Analista financeiro,28,89882975929
Gabriel Silva Castro,gabriel.silva.castro.26053@example.com,Joinville,Chefe de departamento pessoal,45,25972309052
Leonardo Rocha Costa,leonardo.rocha.costa.26054@example.com,Uberlândia,Gerente de recursos humanos,59,12663854705
Aline Moreira Alves,aline.moreira.alves.26055@example.com,Uberlândia,Recepcionista,28,28819558682
Letícia Carvalho Monteiro,leticia.carvalho.monteiro.26056@example.com,São Paulo,Assistente comercial,55,69779452101
Camila Cardoso Pereira,camila.cardoso.pereira.26057@example.com,Porto Alegre,Fisioterapeuta,69,09596684606
Aline Teixeira Pereira,aline.teixeira.pereira.26058@example.com,Santos,Motorista,31,70492115739
Nicolas Gomes Carvalho,nicolas.gomes.carvalho.26059@example.com,Campinas,Chefe de departamento pessoal,42,43814708011
Bruno Pereira Barbosa,bruno.pereira.barbosa.26060@example.com,Caxias do Sul,Chefe de departamento pessoal,25,09059634315
Paulo Mendes Rocha,paulo.mendes.rocha.26061@example.com,Maringá,Operador de caixa,58,75931087113
Larissa Araújo Barbosa,larissa.araujo.barbosa.26062@example.com,Rio de Janeiro,Assistente administrativo,43,79904627686
Sandra Pereira Castro,sandra.pereira.castro.26063@example.com,Brasília,Cozinheiro,26,02721162428
Paulo Dias Gomes,paulo.dias.gomes.26064@example.com,Brasília,Eletricista,39,66558599217
Vitória Mendes Rocha,vitoria.mendes.rocha.26065@example.com,Dourados,Contador,59,42401757447
Eduardo Nascimento Silva,eduardo.nascimento.silva.26066@example.com,Vitória,Chefe de compras,25,92058713189
Carlos Barbosa Cardoso,carlos.barbosa.cardoso.26067@example.com,Caxias do Sul,Gerente de operações,24,14966839127
Gustavo Martins Barbosa,gustavo.martins.barbosa.26068@example.com,Maringá,Pedreiro,19,25555664770
Beatriz Alves Carvalho,beatriz.alves.carvalho.26069@example.com,Campinas,Supervisor de atendimento,28,57698608282
Pedro Gomes Oliveira,pedro.gomes.oliveira.26070@example.com,Belém,Recepcionista,59,79807337032
João Monteiro Barros,joao.monteiro.barros.26071@example.com,Curitiba,Chefe de almoxarifado,21,55223781393
Felipe Lima Teixeira,felipe.lima.teixeira.26072@example.com,Campinas,Coordenador de logística,31,49278825233
Gabriel Fernandes Carvalho,gabriel.fernandes.carvalho.26073@example.com,Natal,Enfermeiro,44,30132109280
Sandra Oliveira Gomes,sandra.oliveira.gomes.26074@example.com,Sorocaba,Supervisor de qualidade,35,09275257482
Daniela Dias Costa,daniela.dias.costa.26075@example.com,Rondonópolis,Supervisor de vendas,70,42421552375
Ana Mendes Moreira,ana.mendes.moreira.26076@example.com,Londrina,Coordenador de marketing,27,50918645123
Juliana Souza Monteiro,juliana.souza.monteiro.26077@example.com,Santos,Pedreiro,35,37318591029
Pedro Teixeira Nascimento,pedro.teixeira.nascimento.26078@example.com,Cuiabá,Gerente de operações,41,57942314474
Marcelo Costa Barbosa,marcelo.costa.barbosa.26079@example.com,Joinville,Jornalista,48,75244996680
Ricardo Fernandes Ribeiro,ricardo.fernandes.ribeiro.26080@example.com,Londrina,Gerente de operações,30,46834482653
Beatriz Monteiro Silva,beatriz.monteiro.silva.26081@example.com,Maringá,Gerente de recursos humanos,32,21259894100
Renata Barros Almeida,renata.barros.almeida.26082@example.com,Goiânia,Analista financeiro,56,71688854989
Gustavo Barbosa Barros,gustavo.barbosa.barros.26083@example.com,Belém,Programador,34,50182218771
Sérgio Barbosa Araújo,sergio.barbosa.araujo.26084@example.com,Manaus,Fisioterapeuta,29,07268568013
Bruno Freitas Moreira,bruno.freitas.moreira.26085@example.com,Santos,Diretor de operações,46,65019281332
Lucas Castro Dias,lucas.castro.dias.26086@example.com,Rondonópolis,Advogado,70,50393848687
Gabriela Nascimento Dias,gabriela.nascimento.dias.26087@example.com,Santos,Estoquista,21,36308430931
Vanessa Rocha Rocha,vanessa.rocha.rocha.26088@example.com,Belém,Diretor de operações,44,20400361663
Letícia Moreira Silva,leticia.moreira.silva.26089@example.com,Goiânia,Gerente de operações,20,14138204856
Ricardo Almeida Silva,ricardo.almeida.silva.26090@example.com,Natal,Cozinheiro,19,78602759397
Igor Teixeira Barbosa,igor.teixeira.barbosa.26091@example.com,Belo Horizonte,Professor,20,34111329459
Rafael Rodrigues Pereira,rafael.rodrigues.pereira.26092@example.com,Niterói,Supervisor de vendas,65,18151470132
Marcelo Oliveira Carvalho,marcelo.oliveira.carvalho.26093@example.com,Recife,Chefe de almoxarifado,33,23229494485
Amanda Pereira Ribeiro,amanda.pereira.ribeiro.26094@example.com,Niterói,Assistente comercial,32,80987652673
Vitória Oliveira Dias,vitoria.oliveira.dias.26095@example.com,Belém,Cozinheiro,69,07276438216
Marcelo Rocha Mendes,marcelo.rocha.mendes.26096@example.com,Dourados,Engenheiro civil,30,16551991494
Gustavo Freitas Moreira,gustavo.freitas.moreira.26097@example.com,Joinville,Jornalista,66,86882822695
Mariana Martins Araújo,mariana.martins.araujo.26098@example.com,Goiânia,Gerente de tecnologia,47,31271926170
Vanessa Dias Oliveira,vanessa.dias.oliveira.26099@example.com,Londrina,Designer gráfico,53,72656848947
Bruno Teixeira Dias,bruno.teixeira.dias.26100@example.com,Natal,Assistente comercial,34,38630784731
Vanessa Teixeira Martins,vanessa.teixeira.martins.26101@example.com,Maringá,Recepcionista,68,90207044361
Carlos Barbosa Araújo,carlos.barbosa.araujo.26102@example.com,Uberlândia,Gerente comercial,68,93312469942
Beatriz Martins Rocha,beatriz.martins.rocha.26103@example.com,Caxias do Sul,Pedreiro,60,77053480993
Vanessa Barbosa Carvalho,vanessa.barbosa.carvalho.26104@example.com,Natal,Cozinheiro,54,61187929433
Letícia Martins Oliveira,leticia.martins.oliveira.26105@example.com,Rio de Janeiro,Técnico de enfermagem,23,70296623618
Larissa Almeida Alves,larissa.almeida.alves.26106@example.com,Santos,Técnico em informática,48,24539064664
Bruno Fernandes Silva,bruno.fernandes.silva.26107@example.com,Belém,Analista de recursos humanos,51,22481642245
Tatiane Mendes Fernandes,tatiane.mendes.fernandes.26108@example.com,Recife,Corretor de imóveis,56,48576515814
Pedro Carvalho Alves,pedro.carvalho.alves.26109@example.com,Belo Horizonte,Analista de recursos humanos,32,22161325817
Diego Gomes Mendes,diego.gomes.mendes.26110@example.com,Maringá,Diretor comercial,55,86371953805
Vitória Pereira Ribeiro,vitoria.pereira.ribeiro.26111@example.com,Brasília,Técnico de enfermagem,50,61330502041
Sérgio Pereira Lima,sergio.pereira.lima.26112@example.com,Vitória,Recepcionista,47,16093121569
Gabriel Moreira Carvalho,gabriel.moreira.carvalho.26113@example.com,Londrina,Padeiro,49,16905857949
Daniela Barros Rodrigues,daniela.barros.rodrigues.26114@example.com,Goiânia,Arquiteto,58,87249927230
Renata Lima Santos,renata.lima.santos.26115@example.com,Campinas,Designer gráfico,41,81039676435
Juliana Dias Rodrigues,juliana.dias.rodrigues.26116@example.com,Belém,Contador,27,38030655250
Ana Costa Fernandes,ana.costa.fernandes.26117@example.com,Salvador,Eletricista,33,38890633844
Aline Santos Barbosa,aline.santos.barbosa.26118@example.com,Campo Grande,Analista financeiro,52,34464016854
Thiago Mendes Almeida,thiago.mendes.almeida.26119@example.com,Brasília,Designer gráfico,24,45218256563
Tatiane Costa Oliveira,tatiane.costa.oliveira.26120@example.com,Joinville,Vendedor,41,29977119216
Sérgio Moreira Fernandes,sergio.moreira.fernandes.26121@example.com,Fortaleza,Chefe de compras,42,02165140197
Fernanda Costa Martins,fernanda.costa.martins.26122@example.com,São Paulo,Designer gráfico,70,75119535720
Leonardo Costa Pereira,leonardo.costa.pereira.26123@example.com,Manaus,Padeiro,50,97587636967
Vitória Moreira Teixeira,vitoria.moreira.teixeira.26124@example.com,Recife,Farmacêutico,28,38719852515
José Fernandes Alves,jose.fernandes.alves.26125@example.com,Niterói,Engenheiro civil,27,42393671500
Débora Lima Mendes,debora.lima.mendes.26126@example.com,Rio de Janeiro,Analista de marketing,59,61364765993
Vanessa Freitas Gomes,vanessa.freitas.gomes.26127@example.com,Florianópolis,Arquiteto,34,97725775381
Simone Pereira Dias,simone.pereira.dias.26128@example.com,Caxias do Sul,Assistente comercial,52,21531150616
Letícia Gomes Mendes,leticia.gomes.mendes.26129@example.com,Belo Horizonte,Diretor comercial,48,44983532950
Tatiane Moreira Lima,tatiane.moreira.lima.26130@example.com,Vitória,Gerente financeiro,42,55246189352
Vinícius Costa Freitas,vinicius.costa.freitas.26131@example.com,Santos,Analista de marketing,67,10313600356
Juliana Carvalho Ribeiro,juliana.carvalho.ribeiro.26132@example.com,Salvador,Coordenador de marketing,53,85942818885
Pedro Araújo Fernandes,pedro.araujo.fernandes.26133@example.com,Florianópolis,Supervisor de vendas,38,62377007772
Gabriel Dias Teixeira,gabriel.dias.teixeira.26134@example.com,São Paulo,Técnico em informática,57,11026080247
Amanda Souza Costa,amanda.souza.costa.26135@example.com,Dourados,Fisioterapeuta,52,75811722528
Juliana Silva Mendes,juliana.silva.mendes.26136@example.com,Manaus,Mecânico,42,46903670666
Camila Pereira Moreira,camila.pereira.moreira.26137@example.com,Joinville,Chefe de departamento pessoal,33,70873025245
Tatiane Moreira Pereira,tatiane.moreira.pereira.26138@example.com,Londrina,Jornalista,35,71178048163
Igor Gomes Mendes,igor.gomes.mendes.26139@example.com,Uberlândia,Gerente de recursos humanos,31,96206136210
Thiago Monteiro Rocha,thiago.monteiro.rocha.26140@example.com,Goiânia,Estoquista,54,27096107808
Camila Ribeiro Fernandes,camila.ribeiro.fernandes.26141@example.com,Manaus,Jornalista,23,29634023906
Henrique Moreira Teixeira,henrique.moreira.teixeira.26142@example.com,Curitiba,Supervisor de vendas,24,45444953015
Gustavo Silva Monteiro,gustavo.silva.monteiro.26143@example.com,Brasília,Analista financeiro,27,05977389546
Tatiane Gomes Nascimento,tatiane.gomes.nascimento.26144@example.com,Belém,Diretor comercial,23,29620274223
Aline Nascimento Castro,aline.nascimento.castro.26145@example.com,Vitória,Técnico de enfermagem,66,18698902859
Mariana Almeida Castro,mariana.almeida.castro.26146@example.com,Florianópolis,Coordenador de marketing,48,85860969800
Juliana Santos Rocha,juliana.santos.rocha.26147@example.com,São Paulo,Professor,26,25061238487
Sandra Alves Carvalho,sandra.alves.carvalho.26148@example.com,Curitiba,Gerente de tecnologia,60,84360930276
Patrícia Alves Mendes,patricia.alves.mendes.26149@example.com,Londrina,Designer gráfico,61,41426498256
Lucas Pereira Martins,lucas.pereira.martins.26150@example.com,Porto Alegre,Professor,43,59599831424
Ana Almeida Oliveira,ana.almeida.oliveira.26151@example.com,Campinas,Gerente comercial,37,92084302481
Larissa Silva Oliveira,larissa.silva.oliveira.26152@example.com,Salvador,Corretor de imóveis,23,46209447214
Gustavo Martins Pereira,gustavo.martins.pereira.26153@example.com,Uberlândia,Assistente comercial,57,39320137421
Leonardo Almeida Monteiro,leonardo.almeida.monteiro.26154@example.com,São Paulo,Assistente comercial,30,18348848283
Patrícia Cardoso Souza,patricia.cardoso.souza.26155@example.com,Vitória,Eletricista,52,50377292384
Mariana Dias Lima,mariana.dias.lima.26156@example.com,Rondonópolis,Advogado,54,37342110089
Nicolas Costa Souza,nicolas.costa.souza.26157@example.com,Fortaleza,Chefe de almoxarifado,56,84981919114
Patrícia Gomes Alves,patricia.gomes.alves.26158@example.com,Caxias do Sul,Supervisor de atendimento,21,97403880901
Pedro Rocha Castro,pedro.rocha.castro.26159@example.com,Brasília,Assistente comercial,35,16155378289
Fernanda Araújo Lima,fernanda.araujo.lima.26160@example.com,Rondonópolis,Supervisor de atendimento,36,24572941214
Simone Cardoso Araújo,simone.cardoso.araujo.26161@example.com,Caxias do Sul,Gerente de operações,59,22617600320
Thiago Mendes Monteiro,thiago.mendes.monteiro.26162@example.com,Recife,Analista de dados,65,72340857003
Otávio Freitas Araújo,otavio.freitas.araujo.26163@example.com,Porto Alegre,Analista de marketing,54,12515952849
Sérgio Rocha Lima,sergio.rocha.lima.26164@example.com,Santos,Contador,69,08266626272
Henrique Monteiro Oliveira,henrique.monteiro.oliveira.26165@example.com,Cuiabá,Gerente de tecnologia,39,24338065275
Igor Moreira Cardoso,igor.moreira.cardoso.26166@example.com,Porto Alegre,Técnico de enfermagem,18,91383707113
Felipe Monteiro Oliveira,felipe.monteiro.oliveira.26167@example.com,Belo Horizonte,Comprador,39,18384341215
Diego Souza Pereira,diego.souza.pereira.26168@example.com,Maringá,Gerente de operações,61,25977826660
Bruno Costa Silva,bruno.costa.silva.26169@example.com,Caxias do Sul,Chefe de departamento pessoal,49,46858712534
Lucas Mendes Costa,lucas.mendes.costa.26170@example.com,Sorocaba,Chefe de compras,26,92292799364
Bruno Moreira Barros,bruno.moreira.barros.26171@example.com,Rio de Janeiro,Gerente de tecnologia,38,35314103884
Carlos Carvalho Barros,carlos.carvalho.barros.26172@example.com,Campinas,Comprador,57,31618940160
Felipe Moreira Barros,felipe.moreira.barros.26173@example.com,Natal,Professor,38,70919009032
Amanda Dias Martins,amanda.dias.martins.26174@example.com,Campinas,Mecânico,31,56290415648
Henrique Pereira Carvalho,henrique.pereira.carvalho.26175@example.com,Fortaleza,Supervisor de atendimento,28,56257639291
José Oliveira Barros,jose.oliveira.barros.26176@example.com,Curitiba,Eletricista,36,43176179540
Fernanda Moreira Araújo,fernanda.moreira.araujo.26177@example.com,Maringá,Mecânico,61,94548452051
Carlos Pereira Oliveira,carlos.pereira.oliveira.26178@example.com,São Paulo,Advogado,21,98798416435
Otávio Almeida Rodrigues,otavio.almeida.rodrigues.26179@example.com,Salvador,Arquiteto,32,87041519599
Vitória Teixeira Dias,vitoria.teixeira.dias.26180@example.com,Rio de Janeiro,Coordenador administrativo,37,47784986674
Leonardo Mendes Alves,leonardo.mendes.alves.26181@example.com,Belo Horizonte,Advogado,41,17372909081
Ana Carvalho Pereira,ana.carvalho.pereira.26182@example.com,Dourados,Chefe de departamento pessoal,49,88024545625
Lucas Lima Santos,lucas.lima.santos.26183@example.com,Dourados,Coordenador de marketing,35,89669495892
Diego Almeida Cardoso,diego.almeida.cardoso.26184@example.com,Maringá,Atendente,68,19544503512
Otávio Rodrigues Barbosa,otavio.rodrigues.barbosa.26185@example.com,Rondonópolis,Coordenador de produção,23,92805002631
Juliana Rodrigues Alves,juliana.rodrigues.alves.26186@example.com,Manaus,Chefe de almoxarifado,20,32657646868
Diego Barros Fernandes,diego.barros.fernandes.26187@example.com,Londrina,Líder de equipe,24,02785689251
Fernanda Teixeira Teixeira,fernanda.teixeira.teixeira.26188@example.com,Rio de Janeiro,Analista financeiro,60,86857058504
Henrique Lima Monteiro,henrique.lima.monteiro.26189@example.com,Florianópolis,Chefe de almoxarifado,42,21404891489
Priscila Fernandes Souza,priscila.fernandes.souza.26190@example.com,Niterói,Técnico de segurança do trabalho,32,57362600512
Otávio Fernandes Alves,otavio.fernandes.alves.26191@example.com,Campo Grande,Arquiteto,62,08815829708
Simone Almeida Gomes,simone.almeida.gomes.26192@example.com,Campo Grande,Coordenador de logística,19,32641925445
Mariana Pereira Barbosa,mariana.pereira.barbosa.26193@example.com,Sorocaba,Assistente administrativo,69,93497512091
Renata Nascimento Oliveira,renata.nascimento.oliveira.26194@example.com,Fortaleza,Diretor de operações,24,14708984398
Priscila Lima Silva,priscila.lima.silva.26195@example.com,Uberlândia,Diretor comercial,33,99994796140
Vitória Martins Moreira,vitoria.martins.moreira.26196@example.com,Manaus,Programador,24,76503430479
Renata Souza Souza,renata.souza.souza.26197@example.com,Salvador,Gerente de tecnologia,30,03666732072
Carlos Nascimento Silva,carlos.nascimento.silva.26198@example.com,Cuiabá,Gerente comercial,24,67382693780
Tatiane Santos Souza,tatiane.santos.souza.26199@example.com,Brasília,Professor,47,19899316835
Renata Almeida Fernandes,renata.almeida.fernandes.26200@example.com,Santos,Nutricionista,53,27542782965
Daniela Lima Ribeiro,daniela.lima.ribeiro.26201@example.com,Sorocaba,Gerente de tecnologia,23,42792629687
Rafael Barros Pereira,rafael.barros.pereira.26202@example.com,Natal,Encarregado de produção,70,68405221523
Ricardo Oliveira Moreira,ricardo.oliveira.moreira.26203@example.com,Recife,Recepcionista,58,75930161763
Daniela Mendes Pereira,daniela.mendes.pereira.26204@example.com,Cuiabá,Jornalista,58,46112950302
Carolina Moreira Gomes,carolina.moreira.gomes.26205@example.com,Porto Alegre,Motorista,25,04168541578
Aline Costa Teixeira,aline.costa.teixeira.26206@example.com,Natal,Coordenador de produção,36,26451240029
Camila Monteiro Martins,camila.monteiro.martins.26207@example.com,Londrina,Auxiliar de produção,33,23624978917
Daniela Pereira Oliveira,daniela.pereira.oliveira.26208@example.com,Natal,Gerente financeiro,32,29426579618
José Teixeira Pereira,jose.teixeira.pereira.26209@example.com,Curitiba,Líder de equipe,27,16215213826
Daniela Araújo Monteiro,daniela.araujo.monteiro.26210@example.com,Goiânia,Auxiliar de produção,60,99785889899
Larissa Souza Lima,larissa.souza.lima.26211@example.com,Caxias do Sul,Técnico de enfermagem,21,94888645654
Camila Carvalho Mendes,camila.carvalho.mendes.26212@example.com,Belo Horizonte,Diretor de operações,68,96029298209
Pedro Freitas Teixeira,pedro.freitas.teixeira.26213@example.com,Niterói,Gerente de recursos humanos,33,49421097889
Vitória Barros Cardoso,vitoria.barros.cardoso.26214@example.com,Brasília,Analista de marketing,39,52541242901
Vanessa Rodrigues Barbosa,vanessa.rodrigues.barbosa.26215@example.com,Niterói,Gerente comercial,43,31106562344
Leonardo Martins Moreira,leonardo.martins.moreira.26216@example.com,Niterói,Mecânico,68,12324691575
Eduardo Alves Rodrigues,eduardo.alves.rodrigues.26217@example.com,São Paulo,Programador,44,42108420665
Gabriel Cardoso Dias,gabriel.cardoso.dias.26218@example.com,Santos,Estoquista,23,02073787430
Ana Araújo Cardoso,ana.araujo.cardoso.26219@example.com,Brasília,Programador,65,76057667311
Otávio Freitas Freitas,otavio.freitas.freitas.26220@example.com,Porto Alegre,Auxiliar de produção,49,16780151918
José Souza Santos,jose.souza.santos.26221@example.com,Manaus,Chefe de departamento pessoal,32,08777097887
Daniela Martins Oliveira,daniela.martins.oliveira.26222@example.com,Maringá,Gerente financeiro,44,20804742774
Patrícia Almeida Dias,patricia.almeida.dias.26223@example.com,Goiânia,Analista financeiro,36,43652181988
Débora Almeida Martins,debora.almeida.martins.26224@example.com,Joinville,Professor,44,66592085198
Mariana Rocha Monteiro,mariana.rocha.monteiro.26225@example.com,Santos,Analista financeiro,29,53893208468
Sérgio Castro Alves,sergio.castro.alves.26226@example.com,Cuiabá,Analista de dados,20,77005376189
Camila Barbosa Alves,camila.barbosa.alves.26227@example.com,Joinville,Analista de dados,70,08108501800
Leonardo Dias Ribeiro,leonardo.dias.ribeiro.26228@example.com,Porto Alegre,Supervisor de atendimento,37,27612814979
Ana Moreira Alves,ana.moreira.alves.26229@example.com,Vitória,Programador,42,97698450474
João Ribeiro Araújo,joao.ribeiro.araujo.26230@example.com,Campinas,Motorista,60,16532623143
Beatriz Almeida Nascimento,beatriz.almeida.nascimento.26231@example.com,Curitiba,Recepcionista,34,65400628453
Camila Rocha Dias,camila.rocha.dias.26232@example.com,Maringá,Recepcionista,37,42123217629
Henrique Gomes Souza,henrique.gomes.souza.26233@example.com,Vitória,Comprador,27,86321042610
Camila Barbosa Dias,camila.barbosa.dias.26234@example.com,Porto Alegre,Técnico de segurança do trabalho,70,15016132973
Tatiane Castro Mendes,tatiane.castro.mendes.26235@example.com,Sorocaba,Líder de equipe,22,70773579585
Thiago Lima Oliveira,thiago.lima.oliveira.26236@example.com,Salvador,Nutricionista,43,61744948447
Felipe Moreira Freitas,felipe.moreira.freitas.26237@example.com,Sorocaba,Supervisor de vendas,29,15550713813
Leonardo Almeida Almeida,leonardo.almeida.almeida.26238@example.com,Rio de Janeiro,Analista de dados,44,85743370026
Eduardo Silva Ribeiro,eduardo.silva.ribeiro.26239@example.com,Goiânia,Operador de caixa,70,62043950853
Patrícia Dias Almeida,patricia.dias.almeida.26240@example.com,Recife,Contador,66,34631629475
Sérgio Mendes Nascimento,sergio.mendes.nascimento.26241@example.com,Caxias do Sul,Supervisor de vendas,37,77505198808
Vitória Fernandes Almeida,vitoria.fernandes.almeida.26242@example.com,Sorocaba,Chefe de almoxarifado,65,51955679810
Camila Lima Moreira,camila.lima.moreira.26243@example.com,Campinas,Coordenador administrativo,50,32834071778
Thiago Mendes Gomes,thiago.mendes.gomes.26244@example.com,Curitiba,Corretor de imóveis,36,95680979082
Lucas Rodrigues Lima,lucas.rodrigues.lima.26245@example.com,Caxias do Sul,Farmacêutico,19,75348263319
Simone Alves Barbosa,simone.alves.barbosa.26246@example.com,Rio de Janeiro,Contador,60,69927879355
Igor Carvalho Freitas,igor.carvalho.freitas.26247@example.com,Belém,Pedreiro,52,78494735685
Carolina Nascimento Rodrigues,carolina.nascimento.rodrigues.26248@example.com,Joinville,Líder de equipe,42,91468349675
Letícia Moreira Martins,leticia.moreira.martins.26249@example.com,Porto Alegre,Técnico de segurança do trabalho,34,88342754402
Carlos Ribeiro Freitas,carlos.ribeiro.freitas.26250@example.com,Joinville,Coordenador de logística,70,83830377013
Rafael Rodrigues Teixeira,rafael.rodrigues.teixeira.26251@example.com,Santos,Designer gráfico,44,61595036533
João Dias Monteiro,joao.dias.monteiro.26252@example.com,Belém,Técnico de segurança do trabalho,60,18698852030
Tatiane Araújo Costa,tatiane.araujo.costa.26253@example.com,Rondonópolis,Padeiro,55,51179552766
Marcelo Santos Oliveira,marcelo.santos.oliveira.26254@example.com,Dourados,Assistente administrativo,23,14516662484
Simone Santos Martins,simone.santos.martins.26255@example.com,Rondonópolis,Enfermeiro,65,77185339435
Leonardo Martins Araújo,leonardo.martins.araujo.26256@example.com,Brasília,Nutricionista,62,18856057671
Camila Souza Oliveira,camila.souza.oliveira.26257@example.com,Santos,Analista financeiro,18,10968013125
Henrique Almeida Dias,henrique.almeida.dias.26258@example.com,Manaus,Gerente de recursos humanos,18,11281861655
Larissa Ribeiro Dias,larissa.ribeiro.dias.26259@example.com,Salvador,Estoquista,26,63366142817
Patrícia Souza Moreira,patricia.souza.moreira.26260@example.com,Niterói,Analista de recursos humanos,41,52695779574
Marcelo Gomes Carvalho,marcelo.gomes.carvalho.26261@example.com,Recife,Assistente comercial,19,28841995767
Camila Rocha Martins,camila.rocha.martins.26262@example.com,Cuiabá,Programador,20,00591892365
Priscila Carvalho Gomes,priscila.carvalho.gomes.26263@example.com,Goiânia,Engenheiro civil,62,71008507066
Ana Freitas Teixeira,ana.freitas.teixeira.26264@example.com,Belém,Encarregado de produção,66,97714928667
Carlos Nascimento Souza,carlos.nascimento.souza.26265@example.com,Caxias do Sul,Gerente de recursos humanos,34,42493300779
Gabriel Freitas Nascimento,gabriel.freitas.nascimento.26266@example.com,Londrina,Recepcionista,18,31430278918
Diego Oliveira Souza,diego.oliveira.souza.26267@example.com,Niterói,Recepcionista,37,06705864385
Sérgio Castro Castro,sergio.castro.castro.26268@example.com,Sorocaba,Arquiteto,24,66083062046
Débora Barros Silva,debora.barros.silva.26269@example.com,Maringá,Nutricionista,22,58919652822
João Monteiro Oliveira,joao.monteiro.oliveira.26270@example.com,Santos,Coordenador de marketing,63,29686412836
Amanda Costa Moreira,amanda.costa.moreira.26271@example.com,Florianópolis,Auxiliar de produção,25,75476653822
Otávio Lima Santos,otavio.lima.santos.26272@example.com,Curitiba,Gerente de tecnologia,47,02560872324
Juliana Santos Almeida,juliana.santos.almeida.26273@example.com,Vitória,Estoquista,48,21910894913
Thiago Monteiro Silva,thiago.monteiro.silva.26274@example.com,Maringá,Enfermeiro,32,96756582390
Renata Moreira Oliveira,renata.moreira.oliveira.26275@example.com,Florianópolis,Assistente administrativo,46,52844420844
Gustavo Almeida Martins,gustavo.almeida.martins.26276@example.com,Goiânia,Encarregado de produção,58,07371054737
Amanda Cardoso Fernandes,amanda.cardoso.fernandes.26277@example.com,Brasília,Cozinheiro,44,90591905546
Tatiane Teixeira Barbosa,tatiane.teixeira.barbosa.26278@example.com,Londrina,Recepcionista,31,83539015484
Vitória Almeida Rodrigues,vitoria.almeida.rodrigues.26279@example.com,Uberlândia,Atendente,28,16461986798
Patrícia Lima Costa,patricia.lima.costa.26280@example.com,Brasília,Gerente de tecnologia,47,40372065055
Igor Castro Rocha,igor.castro.rocha.26281@example.com,São Paulo,Gerente financeiro,68,57704633309
Henrique Monteiro Almeida,henrique.monteiro.almeida.26282@example.com,Goiânia,Gerente de tecnologia,33,31656255733
Otávio Oliveira Mendes,otavio.oliveira.mendes.26283@example.com,Rondonópolis,Supervisor de qualidade,50,08330255626
Vanessa Monteiro Oliveira,vanessa.monteiro.oliveira.26284@example.com,Caxias do Sul,Assistente comercial,47,25462467905
Amanda Mendes Castro,amanda.mendes.castro.26285@example.com,Rondonópolis,Enfermeiro,18,13227023135
Diego Araújo Fernandes,diego.araujo.fernandes.26286@example.com,Brasília,Operador de caixa,31,14460336986
Lucas Almeida Santos,lucas.almeida.santos.26287@example.com,Belo Horizonte,Gerente de recursos humanos,21,52538590265
Sandra Lima Cardoso,sandra.lima.cardoso.26288@example.com,Niterói,Estoquista,31,96477894032
Camila Teixeira Araújo,camila.teixeira.araujo.26289@example.com,Campinas,Diretor comercial,54,00231385802
Priscila Freitas Nascimento,priscila.freitas.nascimento.26290@example.com,Belo Horizonte,Farmacêutico,27,03708994751
Letícia Almeida Pereira,leticia.almeida.pereira.26291@example.com,Florianópolis,Arquiteto,69,22635336220
Beatriz Silva Rocha,beatriz.silva.rocha.26292@example.com,Belo Horizonte,Gerente financeiro,55,31957966946
Rafael Oliveira Dias,rafael.oliveira.dias.26293@example.com,Niterói,Farmacêutico,45,00982108132
Thiago Oliveira Souza,thiago.oliveira.souza.26294@example.com,Cuiabá,Gerente comercial,35,72166336697
Henrique Carvalho Mendes,henrique.carvalho.mendes.26295@example.com,Porto Alegre,Motorista,41,37186416822
Vitória Costa Cardoso,vitoria.costa.cardoso.26296@example.com,Manaus,Atendente,61,10351023135
Vanessa Araújo Almeida,vanessa.araujo.almeida.26297@example.com,Belo Horizonte,Coordenador de produção,48,82111596935
Igor Silva Rocha,igor.silva.rocha.26298@example.com,Natal,Chefe de departamento pessoal,51,75206723259
Carlos Araújo Moreira,carlos.araujo.moreira.26299@example.com,Curitiba,Eletricista,21,09484260938
Ana Alves Araújo,ana.alves.araujo.26300@example.com,Salvador,Farmacêutico,57,90350611269
Juliana Alves Carvalho,juliana.alves.carvalho.26301@example.com,Rondonópolis,Designer gráfico,61,00396350644
Patrícia Rocha Rocha,patricia.rocha.rocha.26302@example.com,Cuiabá,Encarregado de produção,33,94980509337
Mariana Ribeiro Silva,mariana.ribeiro.silva.26303@example.com,Maringá,Técnico em informática,48,69387701219
Larissa Oliveira Dias,larissa.oliveira.dias.26304@example.com,Curitiba,Gerente de operações,69,21821639173
Eduardo Oliveira Lima,eduardo.oliveira.lima.26305@example.com,Santos,Farmacêutico,62,28405162347
Bruno Nascimento Silva,bruno.nascimento.silva.26306@example.com,Santos,Jornalista,33,95319126431
Gustavo Moreira Monteiro,gustavo.moreira.monteiro.26307@example.com,Rondonópolis,Técnico de segurança do trabalho,67,45961313218
Débora Pereira Dias,debora.pereira.dias.26308@example.com,Fortaleza,Designer gráfico,32,19950595280
Bruno Martins Costa,bruno.martins.costa.26309@example.com,Brasília,Pedreiro,21,56694054561
Pedro Fernandes Barros,pedro.fernandes.barros.26310@example.com,Joinville,Farmacêutico,65,71644200262
Tatiane Teixeira Araújo,tatiane.teixeira.araujo.26311@example.com,Campo Grande,Estoquista,24,95732301165
Daniela Freitas Martins,daniela.freitas.martins.26312@example.com,Belém,Contador,62,05675721384
Paulo Carvalho Santos,paulo.carvalho.santos.26313@example.com,Campinas,Programador,55,40824671420
Fernanda Costa Rocha,fernanda.costa.rocha.26314@example.com,Porto Alegre,Supervisor de atendimento,34,25062960332
Débora Nascimento Rodrigues,debora.nascimento.rodrigues.26315@example.com,Fortaleza,Diretor comercial,20,84236610187
Luana Nascimento Pereira,luana.nascimento.pereira.26316@example.com,Fortaleza,Operador de caixa,29,63259477193
Vitória Gomes Almeida,vitoria.gomes.almeida.26317@example.com,Florianópolis,Técnico em informática,24,34967536104
Carolina Lima Fernandes,carolina.lima.fernandes.26318@example.com,Porto Alegre,Advogado,35,83159456538
Beatriz Oliveira Mendes,beatriz.oliveira.mendes.26319@example.com,Belo Horizonte,Designer gráfico,22,75395052139
Aline Souza Lima,aline.souza.lima.26320@example.com,Uberlândia,Motorista,54,33685969465
Camila Fernandes Gomes,camila.fernandes.gomes.26321@example.com,Niterói,Supervisor de qualidade,67,32860139880
Leonardo Rocha Costa,leonardo.rocha.costa.26322@example.com,Maringá,Pedreiro,51,15730852656
Vanessa Mendes Freitas,vanessa.mendes.freitas.26323@example.com,Niterói,Assistente comercial,43,06163711512
Nicolas Ribeiro Oliveira,nicolas.ribeiro.oliveira.26324@example.com,Joinville,Eletricista,27,23333686989
Gustavo Rodrigues Monteiro,gustavo.rodrigues.monteiro.26325@example.com,Belo Horizonte,Gerente de operações,23,42449361345
Otávio Oliveira Lima,otavio.oliveira.lima.26326@example.com,Florianópolis,Estoquista,50,83742066491
Eduardo Nascimento Castro,eduardo.nascimento.castro.26327@example.com,Niterói,Analista de dados,22,46888849808
Beatriz Martins Lima,beatriz.martins.lima.26328@example.com,Salvador,Líder de equipe,65,48036998458
Eduardo Dias Dias,eduardo.dias.dias.26329@example.com,Cuiabá,Jornalista,34,00585221690
Débora Moreira Rocha,debora.moreira.rocha.26330@example.com,Dourados,Recepcionista,19,31509856018
Vitória Souza Alves,vitoria.souza.alves.26331@example.com,São Paulo,Corretor de imóveis,65,37268180207
Pedro Martins Monteiro,pedro.martins.monteiro.26332@example.com,Rio de Janeiro,Corretor de imóveis,36,86887058167
Sérgio Araújo Silva,sergio.araujo.silva.26333@example.com,Dourados,Atendente,47,00641394390
Diego Lima Ribeiro,diego.lima.ribeiro.26334@example.com,Niterói,Chefe de compras,19,39492729791
Camila Gomes Santos,camila.gomes.santos.26335@example.com,Goiânia,Supervisor de vendas,45,73031496154
Henrique Mendes Nascimento,henrique.mendes.nascimento.26336@example.com,Santos,Enfermeiro,45,00538541248
Eduardo Monteiro Rodrigues,eduardo.monteiro.rodrigues.26337@example.com,Niterói,Enfermeiro,52,34219323733
Ricardo Nascimento Silva,ricardo.nascimento.silva.26338@example.com,Dourados,Coordenador de marketing,32,94787399383
Vitória Cardoso Alves,vitoria.cardoso.alves.26339@example.com,Joinville,Eletricista,18,48083877525
Marcelo Costa Ribeiro,marcelo.costa.ribeiro.26340@example.com,Campo Grande,Arquiteto,31,31974799226
Daniela Monteiro Freitas,daniela.monteiro.freitas.26341@example.com,Campinas,Técnico em informática,23,21790050613
Juliana Rodrigues Gomes,juliana.rodrigues.gomes.26342@example.com,Londrina,Gerente financeiro,49,86839492706
Vitória Lima Oliveira,vitoria.lima.oliveira.26343@example.com,Belo Horizonte,Supervisor de qualidade,58,19003221086
Tatiane Alves Costa,tatiane.alves.costa.26344@example.com,Campinas,Analista de recursos humanos,51,13090093878
Vanessa Gomes Souza,vanessa.gomes.souza.26345@example.com,Rondonópolis,Coordenador de produção,50,79164275467
Vinícius Barbosa Barros,vinicius.barbosa.barros.26346@example.com,Brasília,Encarregado de produção,19,27789691415
Larissa Moreira Souza,larissa.moreira.souza.26347@example.com,Joinville,Coordenador de produção,46,76371583255
Fernanda Dias Monteiro,fernanda.dias.monteiro.26348@example.com,Rondonópolis,Coordenador de marketing,30,19170312279
Vitória Araújo Barros,vitoria.araujo.barros.26349@example.com,Uberlândia,Engenheiro civil,27,69144608005
Luana Almeida Fernandes,luana.almeida.fernandes.26350@example.com,Brasília,Técnico de segurança do trabalho,39,54494164813
Débora Nascimento Lima,debora.nascimento.lima.26351@example.com,Florianópolis,Técnico de segurança do trabalho,18,78880205459
Diego Costa Martins,diego.costa.martins.26352@example.com,Santos,Engenheiro civil,37,89309281749
Paulo Monteiro Santos,paulo.monteiro.santos.26353@example.com,Manaus,Cozinheiro,51,26335310607
Juliana Costa Almeida,juliana.costa.almeida.26354@example.com,Sorocaba,Padeiro,40,70093505484
Mariana Oliveira Rocha,mariana.oliveira.rocha.26355@example.com,Vitória,Motorista,45,91204971709
Mariana Rocha Rocha,mariana.rocha.rocha.26356@example.com,Londrina,Gerente de recursos humanos,50,79088160723
Mariana Carvalho Santos,mariana.carvalho.santos.26357@example.com,Belém,Comprador,23,18977527158
Paulo Araújo Ribeiro,paulo.araujo.ribeiro.26358@example.com,Natal,Chefe de departamento pessoal,45,85242013283
Henrique Moreira Mendes,henrique.moreira.mendes.26359@example.com,Curitiba,Corretor de imóveis,44,55091792486
Carolina Teixeira Moreira,carolina.teixeira.moreira.26360@example.com,Rio de Janeiro,Chefe de compras,26,77455077983
Priscila Monteiro Teixeira,priscila.monteiro.teixeira.26361@example.com,Londrina,Supervisor de manutenção,67,65018084495
Carolina Freitas Cardoso,carolina.freitas.cardoso.26362@example.com,Vitória,Eletricista,20,18484014685
Simone Rocha Gomes,simone.rocha.gomes.26363@example.com,Joinville,Chefe de compras,29,78668988225
Henrique Pereira Barbosa,henrique.pereira.barbosa.26364@example.com,Florianópolis,Analista de marketing,35,36684378220
Daniela Barbosa Rocha,daniela.barbosa.rocha.26365@example.com,Campo Grande,Coordenador de marketing,49,30045095109
Mariana Freitas Alves,mariana.freitas.alves.26366@example.com,Uberlândia,Diretor de operações,58,06809993979
Gabriela Alves Rocha,gabriela.alves.rocha.26367@example.com,Brasília,Estoquista,68,24204134891
Marcelo Rodrigues Freitas,marcelo.rodrigues.freitas.26368@example.com,Goiânia,Analista de marketing,23,86230130525
Vanessa Santos Araújo,vanessa.santos.araujo.26369@example.com,Uberlândia,Engenheiro civil,70,51075327078
Diego Rocha Teixeira,diego.rocha.teixeira.26370@example.com,Recife,Técnico em informática,22,79244936423
Aline Rocha Gomes,aline.rocha.gomes.26371@example.com,Campo Grande,Nutricionista,55,49451028822
Diego Costa Rocha,diego.costa.rocha.26372@example.com,Recife,Arquiteto,60,86094276187
Juliana Alves Rodrigues,juliana.alves.rodrigues.26373@example.com,Curitiba,Designer gráfico,34,32377507652
Carolina Oliveira Ribeiro,carolina.oliveira.ribeiro.26374@example.com,Rondonópolis,Pedreiro,58,65762493123
Sandra Barbosa Moreira,sandra.barbosa.moreira.26375@example.com,Rio de Janeiro,Coordenador de produção,49,08916734453
Larissa Cardoso Silva,larissa.cardoso.silva.26376@example.com,Dourados,Engenheiro civil,57,92239992969
Marcelo Rodrigues Araújo,marcelo.rodrigues.araujo.26377@example.com,Maringá,Cozinheiro,19,04230677668
Ana Pereira Souza,ana.pereira.souza.26378@example.com,Cuiabá,Coordenador de marketing,27,18489006063
Letícia Mendes Castro,leticia.mendes.castro.26379@example.com,Brasília,Chefe de departamento pessoal,66,02974480842
Carlos Cardoso Dias,carlos.cardoso.dias.26380@example.com,Campinas,Supervisor de vendas,56,13098380366
Igor Pereira Rocha,igor.pereira.rocha.26381@example.com,Londrina,Assistente administrativo,51,18281203642
Carlos Lima Araújo,carlos.lima.araujo.26382@example.com,Campinas,Coordenador de produção,40,24528562487
Carlos Freitas Cardoso,carlos.freitas.cardoso.26383@example.com,Uberlândia,Vendedor,43,79552238956
Eduardo Dias Martins,eduardo.dias.martins.26384@example.com,Maringá,Designer gráfico,69,81370271516
Felipe Rocha Oliveira,felipe.rocha.oliveira.26385@example.com,Fortaleza,Estoquista,70,77096179550
Letícia Almeida Rocha,leticia.almeida.rocha.26386@example.com,Santos,Chefe de departamento pessoal,43,61738157304
Letícia Ribeiro Mendes,leticia.ribeiro.mendes.26387@example.com,Natal,Padeiro,68,71686621986
Lucas Monteiro Dias,lucas.monteiro.dias.26388@example.com,Londrina,Cozinheiro,43,15049537263
Carolina Souza Barros,carolina.souza.barros.26389@example.com,Belém,Encarregado de produção,41,23801076960
Beatriz Souza Almeida,beatriz.souza.almeida.26390@example.com,Recife,Supervisor de qualidade,55,51365484460
Lucas Castro Lima,lucas.castro.lima.26391@example.com,Brasília,Coordenador de produção,69,67450409087
Marcelo Nascimento Barros,marcelo.nascimento.barros.26392@example.com,Cuiabá,Designer gráfico,47,99045630427
José Dias Souza,jose.dias.souza.26393@example.com,Curitiba,Diretor de operações,26,31030106694
Aline Nascimento Carvalho,aline.nascimento.carvalho.26394@example.com,Florianópolis,Técnico em informática,30,69599801465
Bruno Araújo Monteiro,bruno.araujo.monteiro.26395@example.com,Salvador,Gerente comercial,61,01510621479
Paulo Ribeiro Oliveira,paulo.ribeiro.oliveira.26396@example.com,Belém,Assistente administrativo,19,06977544489
Tatiane Gomes Freitas,tatiane.gomes.freitas.26397@example.com,Caxias do Sul,Supervisor de manutenção,38,46993743598
Vinícius Martins Almeida,vinicius.martins.almeida.26398@example.com,Rondonópolis,Técnico de enfermagem,20,38943906656
Aline Martins Barbosa,aline.martins.barbosa.26399@example.com,Santos,Fisioterapeuta,18,17816082521
Aline Lima Fernandes,aline.lima.fernandes.26400@example.com,Recife,Operador de caixa,20,81423057889
Vitória Cardoso Pereira,vitoria.cardoso.pereira.26401@example.com,Cuiabá,Assistente administrativo,46,19514058621
Pedro Silva Souza,pedro.silva.souza.26402@example.com,Londrina,Pedreiro,70,35657972879
Thiago Nascimento Castro,thiago.nascimento.castro.26403@example.com,Salvador,Coordenador de produção,59,37684818782
Otávio Barbosa Silva,otavio.barbosa.silva.26404@example.com,Dourados,Auxiliar de produção,36,38927320936
Gabriela Souza Fernandes,gabriela.souza.fernandes.26405@example.com,Recife,Designer gráfico,44,95825530535
Carlos Araújo Martins,carlos.araujo.martins.26406@example.com,Florianópolis,Coordenador administrativo,41,83044117972
Luana Souza Barros,luana.souza.barros.26407@example.com,Recife,Engenheiro civil,69,46911196928
Bruno Ribeiro Mendes,bruno.ribeiro.mendes.26408@example.com,Rio de Janeiro,Advogado,59,57852697451
Fernanda Moreira Teixeira,fernanda.moreira.teixeira.26409@example.com,São Paulo,Engenheiro civil,20,31582496060
João Rocha Souza,joao.rocha.souza.26410@example.com,Fortaleza,Jornalista,60,21014895081
Tatiane Carvalho Monteiro,tatiane.carvalho.monteiro.26411@example.com,Londrina,Gerente comercial,24,43259725338
Luana Oliveira Carvalho,luana.oliveira.carvalho.26412@example.com,Rio de Janeiro,Técnico de segurança do trabalho,57,20446331571
Bruno Castro Barbosa,bruno.castro.barbosa.26413@example.com,Rio de Janeiro,Auxiliar de produção,69,93321116106
Ricardo Moreira Monteiro,ricardo.moreira.monteiro.26414@example.com,Recife,Encarregado de produção,45,70256893359
Daniela Martins Santos,daniela.martins.santos.26415@example.com,Florianópolis,Arquiteto,36,54391801690
Juliana Costa Rocha,juliana.costa.rocha.26416@example.com,São Paulo,Arquiteto,67,09148054728
Beatriz Moreira Pereira,beatriz.moreira.pereira.26417@example.com,Goiânia,Vendedor,27,97040808732
Otávio Alves Freitas,otavio.alves.freitas.26418@example.com,Manaus,Nutricionista,60,91919416165
Sérgio Nascimento Gomes,sergio.nascimento.gomes.26419@example.com,Uberlândia,Assistente administrativo,30,34239993178
Vinícius Araújo Freitas,vinicius.araujo.freitas.26420@example.com,Manaus,Professor,55,12379762871
Letícia Costa Gomes,leticia.costa.gomes.26421@example.com,Recife,Operador de caixa,24,57882238480
Fernanda Souza Freitas,fernanda.souza.freitas.26422@example.com,Manaus,Professor,58,38747136175
Sandra Santos Dias,sandra.santos.dias.26423@example.com,Brasília,Coordenador de marketing,41,77597138561
Juliana Fernandes Carvalho,juliana.fernandes.carvalho.26424@example.com,Rio de Janeiro,Auxiliar de produção,42,61179236314
Gabriela Oliveira Monteiro,gabriela.oliveira.monteiro.26425@example.com,Belém,Técnico em informática,56,48154458859
Beatriz Teixeira Souza,beatriz.teixeira.souza.26426@example.com,Porto Alegre,Técnico de enfermagem,22,31155058994
Lucas Barros Rodrigues,lucas.barros.rodrigues.26427@example.com,Brasília,Enfermeiro,18,48623663893
Mariana Castro Castro,mariana.castro.castro.26428@example.com,Dourados,Técnico de enfermagem,39,65250201729
Nicolas Barbosa Souza,nicolas.barbosa.souza.26429@example.com,Sorocaba,Técnico de enfermagem,22,68959168040
Letícia Silva Araújo,leticia.silva.araujo.26430@example.com,Rondonópolis,Enfermeiro,46,84530158198
Beatriz Freitas Santos,beatriz.freitas.santos.26431@example.com,Campinas,Farmacêutico,45,20638139191
Priscila Barros Oliveira,priscila.barros.oliveira.26432@example.com,Manaus,Eletricista,64,11158509678
Patrícia Santos Silva,patricia.santos.silva.26433@example.com,Santos,Recepcionista,23,36593614363
Carlos Pereira Mendes,carlos.pereira.mendes.26434@example.com,Curitiba,Vendedor,48,59962801125
Daniela Cardoso Santos,daniela.cardoso.santos.26435@example.com,Vitória,Nutricionista,56,04671924818
Sandra Gomes Alves,sandra.gomes.alves.26436@example.com,Uberlândia,Comprador,24,76923288818
Nicolas Castro Lima,nicolas.castro.lima.26437@example.com,Vitória,Operador de caixa,46,40803138719
Paulo Martins Fernandes,paulo.martins.fernandes.26438@example.com,Rio de Janeiro,Técnico de segurança do trabalho,58,59478400268
Renata Gomes Dias,renata.gomes.dias.26439@example.com,Sorocaba,Supervisor de manutenção,44,80439768923
Eduardo Martins Teixeira,eduardo.martins.teixeira.26440@example.com,Santos,Chefe de compras,35,66559748477
Rafael Moreira Barros,rafael.moreira.barros.26441@example.com,Belém,Cozinheiro,22,89332306092
Simone Monteiro Almeida,simone.monteiro.almeida.26442@example.com,Cuiabá,Advogado,20,03408954794
Mariana Silva Fernandes,mariana.silva.fernandes.26443@example.com,Sorocaba,Analista financeiro,23,97842911194
Beatriz Cardoso Rocha,beatriz.cardoso.rocha.26444@example.com,Recife,Técnico de enfermagem,50,59961615745
Eduardo Lima Mendes,eduardo.lima.mendes.26445@example.com,Natal,Arquiteto,57,88824955075
Igor Barbosa Dias,igor.barbosa.dias.26446@example.com,Goiânia,Coordenador de logística,51,67331668812
Lucas Alves Carvalho,lucas.alves.carvalho.26447@example.com,Rio de Janeiro,Analista de recursos humanos,29,23396910478
Carolina Rocha Carvalho,carolina.rocha.carvalho.26448@example.com,Brasília,Nutricionista,69,12209436561
Gustavo Freitas Martins,gustavo.freitas.martins.26449@example.com,Salvador,Supervisor de manutenção,70,73089228430
Paulo Moreira Costa,paulo.moreira.costa.26450@example.com,Belém,Analista de dados,34,59245938534
Otávio Barbosa Barros,otavio.barbosa.barros.26451@example.com,Salvador,Supervisor de manutenção,32,29590527376
José Moreira Araújo,jose.moreira.araujo.26452@example.com,Rio de Janeiro,Analista financeiro,67,01804435448
Camila Martins Oliveira,camila.martins.oliveira.26453@example.com,Belo Horizonte,Gerente comercial,32,20132201527
Renata Silva Almeida,renata.silva.almeida.26454@example.com,Belém,Supervisor de vendas,47,66436751237
Beatriz Pereira Fernandes,beatriz.pereira.fernandes.26455@example.com,Belo Horizonte,Coordenador administrativo,44,26586301490
Gabriel Pereira Oliveira,gabriel.pereira.oliveira.26456@example.com,Belém,Gerente financeiro,70,69038490871
Sandra Castro Fernandes,sandra.castro.fernandes.26457@example.com,Cuiabá,Gerente de operações,70,48752477233
Renata Cardoso Martins,renata.cardoso.martins.26458@example.com,Rondonópolis,Coordenador de marketing,64,21614860076
Vanessa Monteiro Castro,vanessa.monteiro.castro.26459@example.com,Recife,Gerente financeiro,58,33457294319
Felipe Moreira Gomes,felipe.moreira.gomes.26460@example.com,Caxias do Sul,Fisioterapeuta,61,79961397658
Otávio Rodrigues Alves,otavio.rodrigues.alves.26461@example.com,Curitiba,Vendedor,41,22436249245
Ana Carvalho Souza,ana.carvalho.souza.26462@example.com,Florianópolis,Analista de marketing,29,67841806912
Nicolas Santos Araújo,nicolas.santos.araujo.26463@example.com,Campinas,Arquiteto,43,42041991593
Beatriz Araújo Barbosa,beatriz.araujo.barbosa.26464@example.com,Belo Horizonte,Gerente de tecnologia,41,88705909032
Gabriela Freitas Moreira,gabriela.freitas.moreira.26465@example.com,Uberlândia,Contador,34,00593526578
Thiago Moreira Mendes,thiago.moreira.mendes.26466@example.com,Rondonópolis,Analista de recursos humanos,41,01283073260
Paulo Barbosa Almeida,paulo.barbosa.almeida.26467@example.com,Dourados,Arquiteto,33,87649603664
Carolina Rocha Barros,carolina.rocha.barros.26468@example.com,Manaus,Professor,43,05027300091
Carolina Freitas Santos,carolina.freitas.santos.26469@example.com,Campo Grande,Advogado,54,78516158943
Ricardo Alves Oliveira,ricardo.alves.oliveira.26470@example.com,Fortaleza,Fisioterapeuta,45,04889372948
Letícia Souza Barbosa,leticia.souza.barbosa.26471@example.com,São Paulo,Enfermeiro,56,03236900901
Amanda Barros Nascimento,amanda.barros.nascimento.26472@example.com,São Paulo,Coordenador de marketing,52,35930727032
Otávio Castro Fernandes,otavio.castro.fernandes.26473@example.com,Brasília,Cozinheiro,57,30210279566
Thiago Araújo Alves,thiago.araujo.alves.26474@example.com,Niterói,Diretor de operações,19,35930185735
Gustavo Souza Nascimento,gustavo.souza.nascimento.26475@example.com,Goiânia,Nutricionista,40,20009065683
Nicolas Rodrigues Castro,nicolas.rodrigues.castro.26476@example.com,Cuiabá,Comprador,69,29452789649
Ana Cardoso Mendes,ana.cardoso.mendes.26477@example.com,Rondonópolis,Analista de recursos humanos,24,55778355415
Igor Silva Fernandes,igor.silva.fernandes.26478@example.com,Niterói,Mecânico,43,21858444705
Eduardo Monteiro Souza,eduardo.monteiro.souza.26479@example.com,Fortaleza,Contador,18,24819506985
Luana Rocha Araújo,luana.rocha.araujo.26480@example.com,Campo Grande,Operador de caixa,65,62132793774
Paulo Almeida Rodrigues,paulo.almeida.rodrigues.26481@example.com,Porto Alegre,Atendente,67,72743889069
Priscila Nascimento Fernandes,priscila.nascimento.fernandes.26482@example.com,Maringá,Jornalista,21,28380912447
Sérgio Rocha Ribeiro,sergio.rocha.ribeiro.26483@example.com,Caxias do Sul,Líder de equipe,47,10198063149
Fernanda Oliveira Almeida,fernanda.oliveira.almeida.26484@example.com,Cuiabá,Cozinheiro,26,76279657838
Nicolas Costa Santos,nicolas.costa.santos.26485@example.com,Florianópolis,Fisioterapeuta,18,84746887225
Débora Almeida Rodrigues,debora.almeida.rodrigues.26486@example.com,Uberlândia,Coordenador de produção,63,75736179661
João Almeida Carvalho,joao.almeida.carvalho.26487@example.com,Caxias do Sul,Técnico de enfermagem,24,88339215139
Bruno Nascimento Lima,bruno.nascimento.lima.26488@example.com,Maringá,Eletricista,35,87018544328
Ricardo Barros Pereira,ricardo.barros.pereira.26489@example.com,Niterói,Assistente comercial,41,74606516968
Thiago Costa Rodrigues,thiago.costa.rodrigues.26490@example.com,Florianópolis,Jornalista,53,75125308281
Mariana Rocha Almeida,mariana.rocha.almeida.26491@example.com,Santos,Atendente,54,33740141487
Mariana Almeida Rocha,mariana.almeida.rocha.26492@example.com,Dourados,Encarregado de produção,56,82799727633
Thiago Teixeira Castro,thiago.teixeira.castro.26493@example.com,Belo Horizonte,Analista de recursos humanos,58,08813510874
Gustavo Alves Silva,gustavo.alves.silva.26494@example.com,Dourados,Comprador,69,42015038579
Carlos Pereira Araújo,carlos.pereira.araujo.26495@example.com,Vitória,Chefe de departamento pessoal,24,79175053316
Camila Fernandes Dias,camila.fernandes.dias.26496@example.com,Curitiba,Diretor comercial,41,47558093171
Rafael Ribeiro Alves,rafael.ribeiro.alves.26497@example.com,Londrina,Chefe de compras,30,66582533678
Paulo Lima Araújo,paulo.lima.araujo.26498@example.com,Campo Grande,Chefe de compras,31,21504029061
José Santos Costa,jose.santos.costa.26499@example.com,Londrina,Programador,65,32580167038
Leonardo Barbosa Santos,leonardo.barbosa.santos.26500@example.com,Rondonópolis,Analista de marketing,27,94245642679
Juliana Pereira Oliveira,juliana.pereira.oliveira.26501@example.com,Belém,Padeiro,48,58298579683
Vinícius Lima Almeida,vinicius.lima.almeida.26502@example.com,Goiânia,Chefe de almoxarifado,43,59296576498
Aline Cardoso Silva,aline.cardoso.silva.26503@example.com,Joinville,Supervisor de vendas,68,52940613044
Bruno Araújo Pereira,bruno.araujo.pereira.26504@example.com,Fortaleza,Arquiteto,45,76779820644
Lucas Dias Pereira,lucas.dias.pereira.26505@example.com,Porto Alegre,Técnico de enfermagem,63,16182716026
Nicolas Lima Mendes,nicolas.lima.mendes.26506@example.com,Belém,Atendente,52,97554382996
Gabriel Teixeira Dias,gabriel.teixeira.dias.26507@example.com,Brasília,Gerente de recursos humanos,61,14278560421
Amanda Martins Barros,amanda.martins.barros.26508@example.com,Joinville,Analista de dados,51,93575368243
Luana Cardoso Oliveira,luana.cardoso.oliveira.26509@example.com,Cuiabá,Professor,48,60779583429
Rafael Gomes Dias,rafael.gomes.dias.26510@example.com,Recife,Gerente comercial,65,19628271107
Tatiane Rodrigues Fernandes,tatiane.rodrigues.fernandes.26511@example.com,Goiânia,Assistente administrativo,31,10301188431
Mariana Rocha Araújo,mariana.rocha.araujo.26512@example.com,Londrina,Analista de dados,60,49004620943
Sérgio Lima Moreira,sergio.lima.moreira.26513@example.com,Rondonópolis,Diretor comercial,35,37731941478
Bruno Souza Santos,bruno.souza.santos.26514@example.com,Salvador,Recepcionista,57,75143131430
Bruno Oliveira Costa,bruno.oliveira.costa.26515@example.com,Sorocaba,Programador,42,71199485064
Rafael Rodrigues Moreira,rafael.rodrigues.moreira.26516@example.com,São Paulo,Técnico de enfermagem,49,58192826815
Débora Rocha Silva,debora.rocha.silva.26517@example.com,Campo Grande,Coordenador de produção,24,17930368625
Nicolas Castro Cardoso,nicolas.castro.cardoso.26518@example.com,Cuiabá,Advogado,45,30604519676
Carolina Teixeira Castro,carolina.teixeira.castro.26519@example.com,Londrina,Assistente administrativo,40,76996914748
Pedro Araújo Rocha,pedro.araujo.rocha.26520@example.com,Maringá,Contador,42,70550047974
Tatiane Monteiro Almeida,tatiane.monteiro.almeida.26521@example.com,Vitória,Chefe de almoxarifado,36,46543731415
Otávio Mendes Ribeiro,otavio.mendes.ribeiro.26522@example.com,Brasília,Técnico em informática,31,52072178205
Camila Monteiro Teixeira,camila.monteiro.teixeira.26523@example.com,Brasília,Analista financeiro,56,86161947193
Ricardo Nascimento Monteiro,ricardo.nascimento.monteiro.26524@example.com,Joinville,Analista de recursos humanos,19,28455171599
Felipe Gomes Silva,felipe.gomes.silva.26525@example.com,Florianópolis,Mecânico,47,58236765109
Vinícius Santos Alves,vinicius.santos.alves.26526@example.com,Uberlândia,Programador,27,78553175705
Felipe Araújo Rodrigues,felipe.araujo.rodrigues.26527@example.com,Uberlândia,Líder de equipe,60,80396010204
Débora Gomes Gomes,debora.gomes.gomes.26528@example.com,Goiânia,Líder de equipe,60,37117900911
Igor Gomes Nascimento,igor.gomes.nascimento.26529@example.com,Rio de Janeiro,Chefe de compras,21,33446173961
Carlos Mendes Barros,carlos.mendes.barros.26530@example.com,Sorocaba,Supervisor de vendas,69,46401883224
Thiago Barros Souza,thiago.barros.souza.26531@example.com,Belém,Analista de marketing,41,29752204134
Priscila Teixeira Moreira,priscila.teixeira.moreira.26532@example.com,Londrina,Técnico de enfermagem,31,38085693295
Priscila Rocha Ribeiro,priscila.rocha.ribeiro.26533@example.com,Brasília,Chefe de departamento pessoal,47,41181157441
Beatriz Silva Oliveira,beatriz.silva.oliveira.26534@example.com,Recife,Eletricista,57,23422472291
Daniela Cardoso Monteiro,daniela.cardoso.monteiro.26535@example.com,Vitória,Coordenador administrativo,57,71140101568
Larissa Gomes Fernandes,larissa.gomes.fernandes.26536@example.com,São Paulo,Programador,32,65491578348
Igor Fernandes Fernandes,igor.fernandes.fernandes.26537@example.com,Goiânia,Analista de marketing,36,81961309362
Camila Dias Carvalho,camila.dias.carvalho.26538@example.com,Goiânia,Supervisor de manutenção,20,02179622524
Ana Castro Carvalho,ana.castro.carvalho.26539@example.com,Porto Alegre,Recepcionista,65,67159877786
Felipe Cardoso Almeida,felipe.cardoso.almeida.26540@example.com,Sorocaba,Eletricista,67,40208512488
Henrique Araújo Araújo,henrique.araujo.araujo.26541@example.com,Rondonópolis,Advogado,65,09786005787
Tatiane Silva Freitas,tatiane.silva.freitas.26542@example.com,Joinville,Analista financeiro,32,99829040008
Débora Dias Gomes,debora.dias.gomes.26543@example.com,São Paulo,Mecânico,19,48061183058
Felipe Cardoso Cardoso,felipe.cardoso.cardoso.26544@example.com,Joinville,Gerente de tecnologia,24,22648770423
Otávio Rodrigues Rocha,otavio.rodrigues.rocha.26545@example.com,Maringá,Diretor comercial,37,60199089658
Igor Gomes Cardoso,igor.gomes.cardoso.26546@example.com,Dourados,Pedreiro,21,70477545201
Felipe Barbosa Carvalho,felipe.barbosa.carvalho.26547@example.com,Vitória,Técnico de enfermagem,38,16607483267
Gabriela Silva Freitas,gabriela.silva.freitas.26548@example.com,Cuiabá,Mecânico,39,98406825565
João Barbosa Dias,joao.barbosa.dias.26549@example.com,Belo Horizonte,Programador,37,03611516574
Daniela Carvalho Santos,daniela.carvalho.santos.26550@example.com,Natal,Supervisor de atendimento,51,57492331568
Paulo Castro Barbosa,paulo.castro.barbosa.26551@example.com,Rio de Janeiro,Gerente comercial,41,29042941096
Aline Carvalho Lima,aline.carvalho.lima.26552@example.com,Curitiba,Designer gráfico,63,08800635919
Gabriela Araújo Moreira,gabriela.araujo.moreira.26553@example.com,Fortaleza,Fisioterapeuta,33,54801228047
Leonardo Pereira Nascimento,leonardo.pereira.nascimento.26554@example.com,Uberlândia,Jornalista,22,14385283644
Amanda Teixeira Alves,amanda.teixeira.alves.26555@example.com,Campinas,Mecânico,41,61503220811
Tatiane Rocha Oliveira,tatiane.rocha.oliveira.26556@example.com,Curitiba,Arquiteto,66,19724672123
João Rocha Costa,joao.rocha.costa.26557@example.com,Joinville,Supervisor de qualidade,30,92512397636
Paulo Cardoso Ribeiro,paulo.cardoso.ribeiro.26558@example.com,Niterói,Diretor comercial,61,28271978513
Renata Lima Nascimento,renata.lima.nascimento.26559@example.com,Fortaleza,Professor,27,39247047443
Fernanda Teixeira Martins,fernanda.teixeira.martins.26560@example.com,Porto Alegre,Vendedor,53,27208093356
Vanessa Araújo Lima,vanessa.araujo.lima.26561@example.com,Manaus,Nutricionista,33,85010940104
Bruno Rocha Barros,bruno.rocha.barros.26562@example.com,Santos,Mecânico,59,30904703859
Vitória Gomes Nascimento,vitoria.gomes.nascimento.26563@example.com,Rondonópolis,Técnico de segurança do trabalho,46,81774763522
Priscila Monteiro Rocha,priscila.monteiro.rocha.26564@example.com,Santos,Técnico em informática,53,74086809609
Nicolas Fernandes Teixeira,nicolas.fernandes.teixeira.26565@example.com,Belém,Operador de caixa,51,52469452343
Priscila Barros Moreira,priscila.barros.moreira.26566@example.com,Sorocaba,Corretor de imóveis,38,81318887990
Lucas Araújo Barbosa,lucas.araujo.barbosa.26567@example.com,São Paulo,Corretor de imóveis,43,13328421681
Daniela Monteiro Silva,daniela.monteiro.silva.26568@example.com,Goiânia,Assistente administrativo,66,89273816913
Marcelo Teixeira Costa,marcelo.teixeira.costa.26569@example.com,Cuiabá,Técnico em informática,25,76940456885
Paulo Silva Souza,paulo.silva.souza.26570@example.com,Curitiba,Arquiteto,50,17424030770
Patrícia Carvalho Souza,patricia.carvalho.souza.26571@example.com,Natal,Contador,38,70900925422
Tatiane Rocha Alves,tatiane.rocha.alves.26572@example.com,Belém,Programador,25,26649312558
Eduardo Teixeira Almeida,eduardo.teixeira.almeida.26573@example.com,Sorocaba,Operador de caixa,38,65062859635
Tatiane Gomes Gomes,tatiane.gomes.gomes.26574@example.com,Uberlândia,Atendente,35,68561660823
Rafael Mendes Monteiro,rafael.mendes.monteiro.26575@example.com,Joinville,Coordenador de produção,23,64836711961
Vitória Gomes Oliveira,vitoria.gomes.oliveira.26576@example.com,Florianópolis,Vendedor,68,35744731638
Diego Pereira Cardoso,diego.pereira.cardoso.26577@example.com,Manaus,Farmacêutico,50,38982501825
Eduardo Carvalho Nascimento,eduardo.carvalho.nascimento.26578@example.com,Niterói,Advogado,55,41528027460
João Cardoso Freitas,joao.cardoso.freitas.26579@example.com,Uberlândia,Eletricista,52,47555378243
Diego Castro Teixeira,diego.castro.teixeira.26580@example.com,Salvador,Auxiliar de produção,62,79117096846
Ricardo Ribeiro Fernandes,ricardo.ribeiro.fernandes.26581@example.com,Goiânia,Enfermeiro,23,42889920401
Leonardo Silva Martins,leonardo.silva.martins.26582@example.com,Londrina,Advogado,18,15106367631
Patrícia Souza Alves,patricia.souza.alves.26583@example.com,Cuiabá,Técnico em informática,49,73029479492
Letícia Fernandes Nascimento,leticia.fernandes.nascimento.26584@example.com,Dourados,Chefe de almoxarifado,32,98598715930
Ricardo Castro Freitas,ricardo.castro.freitas.26585@example.com,Curitiba,Analista de recursos humanos,45,86288574144
Pedro Moreira Carvalho,pedro.moreira.carvalho.26586@example.com,Santos,Gerente comercial,66,65344861436
Beatriz Castro Carvalho,beatriz.castro.carvalho.26587@example.com,Uberlândia,Atendente,45,94841418084
Daniela Moreira Ribeiro,daniela.moreira.ribeiro.26588@example.com,Porto Alegre,Coordenador de logística,48,37118824457
Rafael Silva Oliveira,rafael.silva.oliveira.26589@example.com,Santos,Motorista,27,90026726518
Simone Nascimento Dias,simone.nascimento.dias.26590@example.com,Uberlândia,Pedreiro,35,76493732584
Vitória Castro Lima,vitoria.castro.lima.26591@example.com,Salvador,Analista de dados,68,50764657723
Thiago Pereira Oliveira,thiago.pereira.oliveira.26592@example.com,Belém,Diretor de operações,25,29817650081
Luana Teixeira Moreira,luana.teixeira.moreira.26593@example.com,Belém,Coordenador administrativo,47,00590203820
Daniela Rodrigues Dias,daniela.rodrigues.dias.26594@example.com,Belo Horizonte,Advogado,48,08481413772
Patrícia Costa Araújo,patricia.costa.araujo.26595@example.com,Campo Grande,Analista de recursos humanos,63,15258306835
Igor Santos Dias,igor.santos.dias.26596@example.com,Belém,Mecânico,21,62921975179
Aline Gomes Barros,aline.gomes.barros.26597@example.com,Salvador,Assistente comercial,60,86056387004
Sérgio Ribeiro Freitas,sergio.ribeiro.freitas.26598@example.com,Fortaleza,Gerente de tecnologia,22,60497690592
Rafael Souza Cardoso,rafael.souza.cardoso.26599@example.com,Campo Grande,Gerente de recursos humanos,18,49253607016
Paulo Costa Moreira,paulo.costa.moreira.26600@example.com,Joinville,Analista de recursos humanos,36,69765138115
Carlos Barbosa Silva,carlos.barbosa.silva.26601@example.com,Vitória,Supervisor de vendas,45,51942595778
Marcelo Castro Teixeira,marcelo.castro.teixeira.26602@example.com,Rio de Janeiro,Diretor comercial,25,04287994624
Felipe Santos Martins,felipe.santos.martins.26603@example.com,Manaus,Diretor comercial,33,48317602727
Patrícia Rocha Monteiro,patricia.rocha.monteiro.26604@example.com,Recife,Coordenador de produção,20,36801081397
José Pereira Almeida,jose.pereira.almeida.26605@example.com,Fortaleza,Comprador,22,91996694902
Gabriel Barros Nascimento,gabriel.barros.nascimento.26606@example.com,Goiânia,Nutricionista,24,01027563368
Ana Silva Araújo,ana.silva.araujo.26607@example.com,Campinas,Gerente comercial,32,92189648801
Gabriela Dias Pereira,gabriela.dias.pereira.26608@example.com,Cuiabá,Coordenador administrativo,31,45216721072
Nicolas Cardoso Castro,nicolas.cardoso.castro.26609@example.com,Caxias do Sul,Recepcionista,18,42794285584
Leonardo Fernandes Lima,leonardo.fernandes.lima.26610@example.com,Vitória,Líder de equipe,45,98138323047
Gabriela Almeida Silva,gabriela.almeida.silva.26611@example.com,São Paulo,Gerente financeiro,28,55942788920
Simone Rodrigues Barros,simone.rodrigues.barros.26612@example.com,Sorocaba,Farmacêutico,52,82907458502
Gustavo Rodrigues Barbosa,gustavo.rodrigues.barbosa.26613@example.com,Porto Alegre,Motorista,62,34903314811
Camila Alves Fernandes,camila.alves.fernandes.26614@example.com,Natal,Encarregado de produção,46,59365570583
Henrique Lima Araújo,henrique.lima.araujo.26615@example.com,Manaus,Jornalista,68,73470306727
Ricardo Barbosa Castro,ricardo.barbosa.castro.26616@example.com,Natal,Supervisor de atendimento,34,82074010254
Otávio Fernandes Barbosa,otavio.fernandes.barbosa.26617@example.com,Manaus,Atendente,20,23696628213
Priscila Costa Rodrigues,priscila.costa.rodrigues.26618@example.com,Goiânia,Analista de recursos humanos,70,61368023286
Henrique Santos Gomes,henrique.santos.gomes.26619@example.com,Santos,Coordenador administrativo,43,92892471116
Larissa Moreira Barbosa,larissa.moreira.barbosa.26620@example.com,Rondonópolis,Chefe de almoxarifado,63,15857993609
Lucas Freitas Souza,lucas.freitas.souza.26621@example.com,Londrina,Padeiro,67,67656470387
Carlos Carvalho Castro,carlos.carvalho.castro.26622@example.com,Joinville,Diretor comercial,48,43078719474
Fernanda Araújo Moreira,fernanda.araujo.moreira.26623@example.com,Niterói,Programador,51,42539442862
Patrícia Martins Barros,patricia.martins.barros.26624@example.com,Caxias do Sul,Estoquista,22,11305070707
Sandra Cardoso Rodrigues,sandra.cardoso.rodrigues.26625@example.com,Porto Alegre,Analista de recursos humanos,34,65440113338
João Santos Souza,joao.santos.souza.26626@example.com,Santos,Operador de caixa,47,17528634681
Renata Gomes Barbosa,renata.gomes.barbosa.26627@example.com,Fortaleza,Supervisor de vendas,55,84452749707
Renata Freitas Nascimento,renata.freitas.nascimento.26628@example.com,Belo Horizonte,Estoquista,52,21883417354
Henrique Cardoso Castro,henrique.cardoso.castro.26629@example.com,Campinas,Engenheiro civil,54,47855947906
Henrique Alves Dias,henrique.alves.dias.26630@example.com,Cuiabá,Professor,66,47725829826
Paulo Silva Moreira,paulo.silva.moreira.26631@example.com,Manaus,Pedreiro,34,69026794270
Gabriel Oliveira Alves,gabriel.oliveira.alves.26632@example.com,Caxias do Sul,Assistente comercial,44,39459402016
Thiago Teixeira Dias,thiago.teixeira.dias.26633@example.com,Manaus,Arquiteto,18,10036615536
Gabriela Souza Mendes,gabriela.souza.mendes.26634@example.com,Maringá,Técnico de enfermagem,52,18076680926
Lucas Santos Moreira,lucas.santos.moreira.26635@example.com,Fortaleza,Diretor de operações,49,47606403186
Aline Silva Silva,aline.silva.silva.26636@example.com,Rio de Janeiro,Pedreiro,47,79724231847
Vitória Almeida Barbosa,vitoria.almeida.barbosa.26637@example.com,Vitória,Coordenador administrativo,57,43785112758
Otávio Barbosa Nascimento,otavio.barbosa.nascimento.26638@example.com,Rio de Janeiro,Eletricista,24,41495906414
Henrique Gomes Souza,henrique.gomes.souza.26639@example.com,Natal,Estoquista,39,07949323560
Thiago Santos Rocha,thiago.santos.rocha.26640@example.com,Porto Alegre,Gerente comercial,70,63885823117
Leonardo Teixeira Fernandes,leonardo.teixeira.fernandes.26641@example.com,Natal,Corretor de imóveis,30,27363099713
Diego Silva Cardoso,diego.silva.cardoso.26642@example.com,Florianópolis,Técnico de enfermagem,42,09762361292
Eduardo Barros Dias,eduardo.barros.dias.26643@example.com,São Paulo,Analista financeiro,51,99919976402
Vitória Barbosa Silva,vitoria.barbosa.silva.26644@example.com,Porto Alegre,Encarregado de produção,55,27658081009
Lucas Costa Dias,lucas.costa.dias.26645@example.com,Fortaleza,Chefe de compras,39,71353139636
Felipe Teixeira Barros,felipe.teixeira.barros.26646@example.com,Campo Grande,Analista de dados,52,97500944875
Simone Araújo Mendes,simone.araujo.mendes.26647@example.com,Londrina,Cozinheiro,48,22869720980
Gabriela Barros Ribeiro,gabriela.barros.ribeiro.26648@example.com,Porto Alegre,Coordenador de logística,21,72818308152
Gabriel Freitas Almeida,gabriel.freitas.almeida.26649@example.com,Belém,Fisioterapeuta,53,29124846055
Priscila Silva Ribeiro,priscila.silva.ribeiro.26650@example.com,Rio de Janeiro,Recepcionista,32,90101980822
Thiago Teixeira Silva,thiago.teixeira.silva.26651@example.com,Manaus,Programador,29,72221684439
Daniela Ribeiro Almeida,daniela.ribeiro.almeida.26652@example.com,Londrina,Supervisor de atendimento,40,41134313740
Ana Martins Teixeira,ana.martins.teixeira.26653@example.com,Porto Alegre,Engenheiro civil,53,59886872366
Letícia Araújo Dias,leticia.araujo.dias.26654@example.com,Caxias do Sul,Gerente comercial,61,60630648403
Patrícia Dias Souza,patricia.dias.souza.26655@example.com,Vitória,Engenheiro civil,48,11098920562
Carolina Barros Teixeira,carolina.barros.teixeira.26656@example.com,Belém,Coordenador administrativo,27,82408657455
Beatriz Mendes Castro,beatriz.mendes.castro.26657@example.com,Cuiabá,Supervisor de qualidade,48,38308893756
Larissa Ribeiro Costa,larissa.ribeiro.costa.26658@example.com,Curitiba,Coordenador administrativo,65,51953945066
Ana Costa Freitas,ana.costa.freitas.26659@example.com,Recife,Enfermeiro,24,37928424629
Nicolas Moreira Oliveira,nicolas.moreira.oliveira.26660@example.com,Goiânia,Técnico em informática,55,55498932562
Beatriz Nascimento Barbosa,beatriz.nascimento.barbosa.26661@example.com,Curitiba,Nutricionista,60,81073858806
Amanda Lima Cardoso,amanda.lima.cardoso.26662@example.com,Vitória,Supervisor de manutenção,41,98601574735
Renata Araújo Mendes,renata.araujo.mendes.26663@example.com,Campinas,Padeiro,19,58405174562
Renata Gomes Barros,renata.gomes.barros.26664@example.com,Uberlândia,Gerente comercial,54,97219809206
Luana Santos Lima,luana.santos.lima.26665@example.com,Maringá,Chefe de departamento pessoal,38,55759583683
Vanessa Freitas Pereira,vanessa.freitas.pereira.26666@example.com,Curitiba,Advogado,45,72270884735
Camila Gomes Mendes,camila.gomes.mendes.26667@example.com,São Paulo,Supervisor de vendas,27,15750503555
Gabriela Gomes Rodrigues,gabriela.gomes.rodrigues.26668@example.com,Manaus,Supervisor de atendimento,29,36869433348
Sérgio Mendes Fernandes,sergio.mendes.fernandes.26669@example.com,Cuiabá,Comprador,44,04035070913
Marcelo Nascimento Martins,marcelo.nascimento.martins.26670@example.com,Sorocaba,Professor,63,48061521419
Larissa Monteiro Mendes,larissa.monteiro.mendes.26671@example.com,Manaus,Supervisor de vendas,27,86746280844
Thiago Almeida Fernandes,thiago.almeida.fernandes.26672@example.com,Rondonópolis,Corretor de imóveis,30,19070813086
Fernanda Oliveira Oliveira,fernanda.oliveira.oliveira.26673@example.com,Brasília,Supervisor de vendas,61,04486343717
Priscila Barros Cardoso,priscila.barros.cardoso.26674@example.com,Niterói,Assistente administrativo,23,65175560484
Luana Monteiro Ribeiro,luana.monteiro.ribeiro.26675@example.com,Uberlândia,Fisioterapeuta,57,42633766905
Mariana Freitas Araújo,mariana.freitas.araujo.26676@example.com,Curitiba,Analista de recursos humanos,49,25165501758
Priscila Cardoso Santos,priscila.cardoso.santos.26677@example.com,Campinas,Padeiro,18,03999155925
Larissa Lima Souza,larissa.lima.souza.26678@example.com,Vitória,Recepcionista,41,09640860088
Felipe Barros Araújo,felipe.barros.araujo.26679@example.com,Manaus,Pedreiro,35,58093101223
Thiago Ribeiro Dias,thiago.ribeiro.dias.26680@example.com,Goiânia,Supervisor de qualidade,44,28286590805
Rafael Rocha Gomes,rafael.rocha.gomes.26681@example.com,Sorocaba,Motorista,60,17095649292
Aline Martins Lima,aline.martins.lima.26682@example.com,Florianópolis,Engenheiro civil,44,24432338790
José Barros Castro,jose.barros.castro.26683@example.com,Belém,Padeiro,61,30414500487
Marcelo Gomes Silva,marcelo.gomes.silva.26684@example.com,Londrina,Supervisor de atendimento,59,14824562855
Luana Monteiro Ribeiro,luana.monteiro.ribeiro.26685@example.com,Goiânia,Líder de equipe,36,07102849792
Nicolas Martins Castro,nicolas.martins.castro.26686@example.com,Dourados,Coordenador administrativo,65,36668667382
Sérgio Teixeira Dias,sergio.teixeira.dias.26687@example.com,Maringá,Analista de dados,20,98556071485
Camila Monteiro Oliveira,camila.monteiro.oliveira.26688@example.com,Joinville,Técnico em informática,53,06683065164
Felipe Silva Fernandes,felipe.silva.fernandes.26689@example.com,Salvador,Mecânico,68,01210045014
Sérgio Lima Santos,sergio.lima.santos.26690@example.com,Rondonópolis,Encarregado de produção,54,37524445048
Nicolas Nascimento Santos,nicolas.nascimento.santos.26691@example.com,São Paulo,Diretor comercial,66,10463641813
Ana Fernandes Gomes,ana.fernandes.gomes.26692@example.com,Porto Alegre,Operador de caixa,39,80210535905
Simone Martins Rocha,simone.martins.rocha.26693@example.com,Santos,Jornalista,65,31168520108
Juliana Gomes Cardoso,juliana.gomes.cardoso.26694@example.com,Natal,Mecânico,57,32960715538
Diego Fernandes Fernandes,diego.fernandes.fernandes.26695@example.com,Dourados,Corretor de imóveis,19,19826577916
Felipe Dias Martins,felipe.dias.martins.26696@example.com,Campinas,Analista financeiro,33,15620047750
Nicolas Barros Martins,nicolas.barros.martins.26697@example.com,Dourados,Coordenador administrativo,55,46384595027
Patrícia Araújo Freitas,patricia.araujo.freitas.26698@example.com,Belo Horizonte,Programador,24,85682555438
Ricardo Pereira Fernandes,ricardo.pereira.fernandes.26699@example.com,Campinas,Analista de marketing,33,43014412825
Diego Teixeira Barros,diego.teixeira.barros.26700@example.com,Recife,Encarregado de produção,58,72744396194
Carlos Araújo Monteiro,carlos.araujo.monteiro.26701@example.com,Dourados,Corretor de imóveis,24,26825682104
Priscila Barbosa Fernandes,priscila.barbosa.fernandes.26702@example.com,Manaus,Analista de recursos humanos,20,07565542020
Amanda Nascimento Fernandes,amanda.nascimento.fernandes.26703@example.com,Dourados,Engenheiro civil,67,19212777737
Tatiane Moreira Santos,tatiane.moreira.santos.26704@example.com,Porto Alegre,Jornalista,70,09971810437
Bruno Rodrigues Cardoso,bruno.rodrigues.cardoso.26705@example.com,Dourados,Estoquista,43,00610253262
Thiago Dias Ribeiro,thiago.dias.ribeiro.26706@example.com,Niterói,Motorista,27,09260740769
Priscila Araújo Almeida,priscila.araujo.almeida.26707@example.com,Curitiba,Diretor comercial,70,36245401421
Eduardo Castro Ribeiro,eduardo.castro.ribeiro.26708@example.com,Niterói,Operador de caixa,29,58490377689
Ricardo Rodrigues Cardoso,ricardo.rodrigues.cardoso.26709@example.com,Natal,Cozinheiro,24,28803813446
Diego Santos Fernandes,diego.santos.fernandes.26710@example.com,Belo Horizonte,Analista financeiro,38,92759050623
Carolina Monteiro Dias,carolina.monteiro.dias.26711@example.com,Belo Horizonte,Motorista,41,49901926386
Tatiane Ribeiro Monteiro,tatiane.ribeiro.monteiro.26712@example.com,Fortaleza,Supervisor de qualidade,29,99317992413
Beatriz Silva Fernandes,beatriz.silva.fernandes.26713@example.com,Caxias do Sul,Assistente administrativo,37,77540775072
Simone Barros Moreira,simone.barros.moreira.26714@example.com,Niterói,Gerente de operações,29,01461078731
Felipe Carvalho Souza,felipe.carvalho.souza.26715@example.com,São Paulo,Chefe de compras,52,18666394745
Leonardo Silva Mendes,leonardo.silva.mendes.26716@example.com,Curitiba,Engenheiro civil,43,33662711344
Marcelo Araújo Lima,marcelo.araujo.lima.26717@example.com,Sorocaba,Analista de recursos humanos,38,97311303385
Beatriz Gomes Ribeiro,beatriz.gomes.ribeiro.26718@example.com,Manaus,Técnico de enfermagem,37,12378483296
Gustavo Castro Barros,gustavo.castro.barros.26719@example.com,Porto Alegre,Encarregado de produção,37,68006172265
Larissa Rocha Ribeiro,larissa.rocha.ribeiro.26720@example.com,Brasília,Estoquista,44,41753789296
Ricardo Oliveira Silva,ricardo.oliveira.silva.26721@example.com,Sorocaba,Gerente comercial,19,58996267832
Pedro Freitas Souza,pedro.freitas.souza.26722@example.com,Curitiba,Gerente de tecnologia,28,52883341102
Beatriz Costa Fernandes,beatriz.costa.fernandes.26723@example.com,Curitiba,Recepcionista,48,26298705860
Rafael Barros Rodrigues,rafael.barros.rodrigues.26724@example.com,Curitiba,Professor,25,04194896170
Ana Barbosa Nascimento,ana.barbosa.nascimento.26725@example.com,Londrina,Programador,64,67622651534
Gabriel Santos Ribeiro,gabriel.santos.ribeiro.26726@example.com,Santos,Vendedor,30,23199210931
Gabriela Freitas Pereira,gabriela.freitas.pereira.26727@example.com,Florianópolis,Engenheiro civil,61,40750403076
Amanda Costa Teixeira,amanda.costa.teixeira.26728@example.com,Salvador,Farmacêutico,64,36959318336
Pedro Rocha Castro,pedro.rocha.castro.26729@example.com,Belém,Mecânico,23,64541993109
Paulo Carvalho Barros,paulo.carvalho.barros.26730@example.com,Campinas,Atendente,29,65237875279
Gabriel Fernandes Oliveira,gabriel.fernandes.oliveira.26731@example.com,Curitiba,Analista de marketing,51,66934442639
Gabriela Moreira Santos,gabriela.moreira.santos.26732@example.com,Curitiba,Supervisor de manutenção,58,64936661282
Beatriz Oliveira Araújo,beatriz.oliveira.araujo.26733@example.com,Manaus,Arquiteto,30,82805453198
Pedro Nascimento Oliveira,pedro.nascimento.oliveira.26734@example.com,Maringá,Jornalista,64,98586351422
Nicolas Lima Martins,nicolas.lima.martins.26735@example.com,Caxias do Sul,Chefe de compras,27,39920254158
Bruno Barros Moreira,bruno.barros.moreira.26736@example.com,Rondonópolis,Atendente,48,17021601877
Vinícius Oliveira Dias,vinicius.oliveira.dias.26737@example.com,Campo Grande,Gerente de recursos humanos,70,09777868333
Sérgio Costa Teixeira,sergio.costa.teixeira.26738@example.com,Joinville,Designer gráfico,47,79509432856
Sandra Cardoso Castro,sandra.cardoso.castro.26739@example.com,Uberlândia,Programador,62,24970817984
Camila Monteiro Castro,camila.monteiro.castro.26740@example.com,Joinville,Analista de dados,50,18846853612
Gustavo Pereira Moreira,gustavo.pereira.moreira.26741@example.com,Uberlândia,Analista de dados,70,88093588710
Beatriz Fernandes Rocha,beatriz.fernandes.rocha.26742@example.com,Santos,Jornalista,21,23258842516
Aline Mendes Lima,aline.mendes.lima.26743@example.com,Vitória,Padeiro,44,21157265007
Lucas Moreira Teixeira,lucas.moreira.teixeira.26744@example.com,Cuiabá,Engenheiro civil,24,02009869898
Priscila Barros Almeida,priscila.barros.almeida.26745@example.com,Rio de Janeiro,Corretor de imóveis,20,55768488619
Diego Rodrigues Moreira,diego.rodrigues.moreira.26746@example.com,Porto Alegre,Comprador,49,23067672439
Luana Fernandes Freitas,luana.fernandes.freitas.26747@example.com,Sorocaba,Coordenador administrativo,59,60403788200
Letícia Carvalho Dias,leticia.carvalho.dias.26748@example.com,Rio de Janeiro,Programador,18,71296189296
Vinícius Oliveira Carvalho,vinicius.oliveira.carvalho.26749@example.com,Florianópolis,Diretor de operações,44,56276708629
Otávio Oliveira Barbosa,otavio.oliveira.barbosa.26750@example.com,Brasília,Corretor de imóveis,26,60024809823
Simone Oliveira Costa,simone.oliveira.costa.26751@example.com,Dourados,Contador,21,95304862072
Gabriel Monteiro Mendes,gabriel.monteiro.mendes.26752@example.com,Uberlândia,Pedreiro,67,61843578311
Ana Souza Araújo,ana.souza.araujo.26753@example.com,São Paulo,Coordenador de produção,51,97973312414
Luana Lima Pereira,luana.lima.pereira.26754@example.com,Natal,Operador de caixa,39,71564191304
Débora Castro Castro,debora.castro.castro.26755@example.com,Vitória,Fisioterapeuta,55,05259140321
Pedro Silva Araújo,pedro.silva.araujo.26756@example.com,Curitiba,Gerente financeiro,62,49612500513
Mariana Almeida Rocha,mariana.almeida.rocha.26757@example.com,Brasília,Técnico de enfermagem,34,20457725289
Patrícia Castro Ribeiro,patricia.castro.ribeiro.26758@example.com,Curitiba,Coordenador administrativo,22,85079479408
Ricardo Freitas Teixeira,ricardo.freitas.teixeira.26759@example.com,Fortaleza,Auxiliar de produção,67,51376615801
Daniela Costa Barros,daniela.costa.barros.26760@example.com,Fortaleza,Padeiro,35,45855875229
Luana Moreira Costa,luana.moreira.costa.26761@example.com,Rio de Janeiro,Técnico de segurança do trabalho,23,98438869247
Mariana Martins Santos,mariana.martins.santos.26762@example.com,Recife,Estoquista,27,46492540706
Paulo Santos Lima,paulo.santos.lima.26763@example.com,Campo Grande,Chefe de almoxarifado,57,05157782086
Gabriela Araújo Barros,gabriela.araujo.barros.26764@example.com,Campinas,Atendente,48,93007753127
Lucas Costa Fernandes,lucas.costa.fernandes.26765@example.com,Niterói,Programador,41,66599738830
Luana Rocha Ribeiro,luana.rocha.ribeiro.26766@example.com,Vitória,Supervisor de manutenção,53,59332702673
Vanessa Barros Lima,vanessa.barros.lima.26767@example.com,Santos,Diretor de operações,27,48676768642
Paulo Barbosa Rocha,paulo.barbosa.rocha.26768@example.com,Rondonópolis,Recepcionista,48,53141972579
Vitória Cardoso Fernandes,vitoria.cardoso.fernandes.26769@example.com,São Paulo,Assistente administrativo,26,92852175387
Amanda Castro Dias,amanda.castro.dias.26770@example.com,Curitiba,Fisioterapeuta,52,03246565418
Igor Rocha Pereira,igor.rocha.pereira.26771@example.com,Cuiabá,Designer gráfico,48,52671314635
Paulo Castro Almeida,paulo.castro.almeida.26772@example.com,Rondonópolis,Pedreiro,55,27587568743
Luana Fernandes Cardoso,luana.fernandes.cardoso.26773@example.com,Manaus,Pedreiro,57,37332322241
Marcelo Martins Gomes,marcelo.martins.gomes.26774@example.com,Sorocaba,Atendente,40,51188826685
Vitória Moreira Freitas,vitoria.moreira.freitas.26775@example.com,Curitiba,Fisioterapeuta,18,07626802951
Sandra Ribeiro Moreira,sandra.ribeiro.moreira.26776@example.com,Belém,Técnico em informática,32,26558978014
Lucas Almeida Cardoso,lucas.almeida.cardoso.26777@example.com,Natal,Técnico de enfermagem,24,00465664625
Luana Souza Santos,luana.souza.santos.26778@example.com,Belém,Vendedor,22,57646332901
Priscila Gomes Barbosa,priscila.gomes.barbosa.26779@example.com,Cuiabá,Assistente comercial,30,48033230467
Nicolas Costa Moreira,nicolas.costa.moreira.26780@example.com,Salvador,Padeiro,32,07531151456
Rafael Cardoso Souza,rafael.cardoso.souza.26781@example.com,Belém,Gerente comercial,38,98572118726
Rafael Rocha Freitas,rafael.rocha.freitas.26782@example.com,Fortaleza,Fisioterapeuta,44,53705945101
Tatiane Gomes Lima,tatiane.gomes.lima.26783@example.com,Recife,Recepcionista,65,92677244500
Beatriz Barros Pereira,beatriz.barros.pereira.26784@example.com,Curitiba,Técnico em informática,55,91634487829
Lucas Rodrigues Lima,lucas.rodrigues.lima.26785@example.com,Cuiabá,Diretor comercial,28,75318163851
Sérgio Dias Lima,sergio.dias.lima.26786@example.com,Rio de Janeiro,Enfermeiro,51,25134713490
Priscila Dias Moreira,priscila.dias.moreira.26787@example.com,Salvador,Líder de equipe,63,89072005579
Amanda Silva Castro,amanda.silva.castro.26788@example.com,São Paulo,Recepcionista,30,22063919449
Vanessa Fernandes Barbosa,vanessa.fernandes.barbosa.26789@example.com,Goiânia,Professor,38,99137136090
Daniela Mendes Rocha,daniela.mendes.rocha.26790@example.com,Goiânia,Gerente comercial,47,23011610061
Beatriz Monteiro Cardoso,beatriz.monteiro.cardoso.26791@example.com,Santos,Eletricista,70,45563415691
Juliana Teixeira Castro,juliana.teixeira.castro.26792@example.com,Niterói,Líder de equipe,52,09987237991
Rafael Pereira Teixeira,rafael.pereira.teixeira.26793@example.com,Salvador,Engenheiro civil,37,08373600845
Gabriel Araújo Souza,gabriel.araujo.souza.26794@example.com,Fortaleza,Diretor de operações,69,59564452611
Patrícia Silva Costa,patricia.silva.costa.26795@example.com,Porto Alegre,Coordenador de marketing,32,37604602786
Rafael Martins Rocha,rafael.martins.rocha.26796@example.com,Goiânia,Gerente financeiro,26,57787672346
Fernanda Rocha Ribeiro,fernanda.rocha.ribeiro.26797@example.com,Manaus,Motorista,21,87088215253
Henrique Alves Barbosa,henrique.alves.barbosa.26798@example.com,Campo Grande,Advogado,61,02843001760
Vanessa Freitas Costa,vanessa.freitas.costa.26799@example.com,Sorocaba,Gerente financeiro,70,65873999999
Marcelo Costa Freitas,marcelo.costa.freitas.26800@example.com,Niterói,Técnico de enfermagem,55,36336105179
Nicolas Pereira Barros,nicolas.pereira.barros.26801@example.com,Campo Grande,Nutricionista,18,87859533837
Carolina Oliveira Oliveira,carolina.oliveira.oliveira.26802@example.com,Florianópolis,Jornalista,62,34458555807
Gabriela Almeida Souza,gabriela.almeida.souza.26803@example.com,Manaus,Coordenador de marketing,43,80494100132
João Teixeira Gomes,joao.teixeira.gomes.26804@example.com,Campo Grande,Gerente financeiro,36,09006995354
Lucas Martins Santos,lucas.martins.santos.26805@example.com,Dourados,Enfermeiro,64,32293187882
Leonardo Nascimento Freitas,leonardo.nascimento.freitas.26806@example.com,Londrina,Supervisor de atendimento,41,96264071835
Priscila Carvalho Carvalho,priscila.carvalho.carvalho.26807@example.com,Brasília,Diretor de operações,50,19139075957
Leonardo Oliveira Dias,leonardo.oliveira.dias.26808@example.com,Belo Horizonte,Comprador,57,68101326600
Juliana Castro Rocha,juliana.castro.rocha.26809@example.com,Londrina,Designer gráfico,43,24368568760
Larissa Dias Dias,larissa.dias.dias.26810@example.com,São Paulo,Engenheiro civil,35,47628212566
Nicolas Ribeiro Alves,nicolas.ribeiro.alves.26811@example.com,Rondonópolis,Chefe de almoxarifado,52,58242334459
Paulo Teixeira Barbosa,paulo.teixeira.barbosa.26812@example.com,Santos,Padeiro,23,48149959871
Diego Moreira Barbosa,diego.moreira.barbosa.26813@example.com,Sorocaba,Corretor de imóveis,56,78383467253
Paulo Araújo Silva,paulo.araujo.silva.26814@example.com,Porto Alegre,Mecânico,34,55437646926
Juliana Teixeira Silva,juliana.teixeira.silva.26815@example.com,Recife,Técnico em informática,27,37536967802
Mariana Almeida Almeida,mariana.almeida.almeida.26816@example.com,Curitiba,Diretor de operações,29,17441902651
Gabriela Costa Moreira,gabriela.costa.moreira.26817@example.com,Natal,Encarregado de produção,41,20398097329
Gustavo Teixeira Pereira,gustavo.teixeira.pereira.26818@example.com,Rio de Janeiro,Pedreiro,64,07129952644
Vitória Costa Oliveira,vitoria.costa.oliveira.26819@example.com,Rio de Janeiro,Coordenador de produção,43,86520134581
Paulo Costa Rodrigues,paulo.costa.rodrigues.26820@example.com,Maringá,Líder de equipe,26,09069394033
Otávio Ribeiro Barbosa,otavio.ribeiro.barbosa.26821@example.com,Rondonópolis,Analista de dados,27,27957020042
Mariana Monteiro Rocha,mariana.monteiro.rocha.26822@example.com,Goiânia,Gerente de operações,18,11024686935
Diego Teixeira Dias,diego.teixeira.dias.26823@example.com,Brasília,Operador de caixa,49,60988494030
Mariana Rodrigues Lima,mariana.rodrigues.lima.26824@example.com,Joinville,Diretor de operações,51,48614447526
Mariana Dias Ribeiro,mariana.dias.ribeiro.26825@example.com,Uberlândia,Analista de dados,37,90794258697
Camila Rocha Nascimento,camila.rocha.nascimento.26826@example.com,Santos,Mecânico,50,58733829680
Carolina Pereira Carvalho,carolina.pereira.carvalho.26827@example.com,São Paulo,Coordenador administrativo,60,41491741237
Camila Alves Costa,camila.alves.costa.26828@example.com,Recife,Chefe de almoxarifado,40,91274009305
Luana Almeida Gomes,luana.almeida.gomes.26829@example.com,Cuiabá,Chefe de compras,23,78213706501
Bruno Rocha Santos,bruno.rocha.santos.26830@example.com,Maringá,Chefe de compras,32,06088921197
Fernanda Barros Freitas,fernanda.barros.freitas.26831@example.com,Belo Horizonte,Comprador,56,72187483494
João Pereira Barbosa,joao.pereira.barbosa.26832@example.com,Goiânia,Operador de caixa,33,82519682914
Igor Oliveira Pereira,igor.oliveira.pereira.26833@example.com,Caxias do Sul,Supervisor de qualidade,47,92867446841
Henrique Freitas Freitas,henrique.freitas.freitas.26834@example.com,Natal,Técnico em informática,41,82287738884
Gabriela Costa Santos,gabriela.costa.santos.26835@example.com,São Paulo,Chefe de departamento pessoal,65,60619244408
Aline Oliveira Oliveira,aline.oliveira.oliveira.26836@example.com,Joinville,Programador,32,54765233619
Fernanda Alves Castro,fernanda.alves.castro.26837@example.com,Joinville,Coordenador administrativo,56,01680594046
Igor Lima Almeida,igor.lima.almeida.26838@example.com,Recife,Assistente administrativo,54,62803878885
José Alves Mendes,jose.alves.mendes.26839@example.com,Salvador,Corretor de imóveis,58,55807826458
Juliana Oliveira Lima,juliana.oliveira.lima.26840@example.com,Dourados,Coordenador administrativo,31,90716330986
Juliana Silva Nascimento,juliana.silva.nascimento.26841@example.com,Uberlândia,Programador,58,70534346421
Sérgio Araújo Monteiro,sergio.araujo.monteiro.26842@example.com,Campo Grande,Supervisor de manutenção,29,09865603688
Leonardo Ribeiro Freitas,leonardo.ribeiro.freitas.26843@example.com,Niterói,Técnico de segurança do trabalho,20,59996494953
Rafael Araújo Dias,rafael.araujo.dias.26844@example.com,Rondonópolis,Advogado,67,40428156449
Ana Araújo Monteiro,ana.araujo.monteiro.26845@example.com,Natal,Técnico de enfermagem,49,77750189475
Bruno Almeida Almeida,bruno.almeida.almeida.26846@example.com,Vitória,Gerente de recursos humanos,26,83253540981
Fernanda Moreira Souza,fernanda.moreira.souza.26847@example.com,Natal,Encarregado de produção,38,17079843214
Otávio Costa Rodrigues,otavio.costa.rodrigues.26848@example.com,Joinville,Analista de dados,21,15415547477
Sérgio Nascimento Carvalho,sergio.nascimento.carvalho.26849@example.com,Joinville,Jornalista,47,98849790875
Gustavo Carvalho Mendes,gustavo.carvalho.mendes.26850@example.com,Campinas,Técnico em informática,40,67374035873
Juliana Pereira Pereira,juliana.pereira.pereira.26851@example.com,Cuiabá,Encarregado de produção,69,80446146529
Priscila Mendes Mendes,priscila.mendes.mendes.26852@example.com,Goiânia,Analista de dados,52,42782715826
Sandra Almeida Teixeira,sandra.almeida.teixeira.26853@example.com,Salvador,Pedreiro,26,11699815484
Luana Nascimento Alves,luana.nascimento.alves.26854@example.com,Natal,Corretor de imóveis,37,40230498048
Sandra Fernandes Carvalho,sandra.fernandes.carvalho.26855@example.com,Vitória,Corretor de imóveis,46,19896117305
Pedro Oliveira Lima,pedro.oliveira.lima.26856@example.com,Campinas,Diretor comercial,51,01585851276
Eduardo Monteiro Castro,eduardo.monteiro.castro.26857@example.com,Goiânia,Assistente comercial,68,09665002660
Tatiane Barbosa Santos,tatiane.barbosa.santos.26858@example.com,Salvador,Estoquista,35,10623687267
Marcelo Almeida Araújo,marcelo.almeida.araujo.26859@example.com,Goiânia,Encarregado de produção,45,76648041935
Fernanda Teixeira Souza,fernanda.teixeira.souza.26860@example.com,Maringá,Coordenador de marketing,30,14320384842
Thiago Martins Lima,thiago.martins.lima.26861@example.com,Recife,Contador,69,41239549031
Vanessa Rocha Teixeira,vanessa.rocha.teixeira.26862@example.com,Uberlândia,Mecânico,22,15220637946
Nicolas Nascimento Almeida,nicolas.nascimento.almeida.26863@example.com,Manaus,Chefe de almoxarifado,34,85371040980
João Rocha Mendes,joao.rocha.mendes.26864@example.com,Natal,Jornalista,69,26224477834
Renata Oliveira Santos,renata.oliveira.santos.26865@example.com,Niterói,Arquiteto,34,88843050382
Felipe Rodrigues Barros,felipe.rodrigues.barros.26866@example.com,Dourados,Coordenador administrativo,30,39984963795
Gabriela Pereira Monteiro,gabriela.pereira.monteiro.26867@example.com,Dourados,Coordenador de logística,48,29206876075
Nicolas Mendes Moreira,nicolas.mendes.moreira.26868@example.com,Fortaleza,Supervisor de atendimento,25,29471413972
Fernanda Carvalho Barbosa,fernanda.carvalho.barbosa.26869@example.com,Goiânia,Fisioterapeuta,47,36556607071
Vitória Lima Carvalho,vitoria.lima.carvalho.26870@example.com,Belo Horizonte,Analista de recursos humanos,57,10921719427
Vinícius Barbosa Silva,vinicius.barbosa.silva.26871@example.com,Curitiba,Nutricionista,40,61742848998
Gustavo Castro Monteiro,gustavo.castro.monteiro.26872@example.com,Brasília,Designer gráfico,43,09831431848
Débora Araújo Martins,debora.araujo.martins.26873@example.com,Dourados,Advogado,38,06916256052
Simone Gomes Oliveira,simone.gomes.oliveira.26874@example.com,Natal,Supervisor de qualidade,21,95820480244
Leonardo Dias Rocha,leonardo.dias.rocha.26875@example.com,Belém,Supervisor de vendas,67,48209711395
Amanda Fernandes Souza,amanda.fernandes.souza.26876@example.com,Salvador,Assistente comercial,49,28460084163
Gabriel Almeida Santos,gabriel.almeida.santos.26877@example.com,Florianópolis,Chefe de departamento pessoal,42,66435906773
Gustavo Silva Alves,gustavo.silva.alves.26878@example.com,Recife,Encarregado de produção,60,32887883462
Renata Costa Costa,renata.costa.costa.26879@example.com,São Paulo,Operador de caixa,69,55500886234
Juliana Gomes Cardoso,juliana.gomes.cardoso.26880@example.com,Uberlândia,Gerente de operações,65,11930104825
Camila Costa Mendes,camila.costa.mendes.26881@example.com,Manaus,Analista financeiro,19,95105237237
Letícia Oliveira Fernandes,leticia.oliveira.fernandes.26882@example.com,Vitória,Analista de marketing,21,68327195006
Camila Barros Silva,camila.barros.silva.26883@example.com,Rondonópolis,Jornalista,44,70641376664
Gabriel Almeida Alves,gabriel.almeida.alves.26884@example.com,Recife,Gerente financeiro,59,14644681917
Pedro Monteiro Rocha,pedro.monteiro.rocha.26885@example.com,Campinas,Encarregado de produção,62,22786712090
Carolina Teixeira Carvalho,carolina.teixeira.carvalho.26886@example.com,Belo Horizonte,Corretor de imóveis,27,24925424125
Beatriz Mendes Lima,beatriz.mendes.lima.26887@example.com,Curitiba,Jornalista,45,85712453319
Thiago Teixeira Costa,thiago.teixeira.costa.26888@example.com,Sorocaba,Coordenador de logística,57,27334192788
Vitória Monteiro Almeida,vitoria.monteiro.almeida.26889@example.com,Natal,Corretor de imóveis,21,97400794306
José Monteiro Barros,jose.monteiro.barros.26890@example.com,Maringá,Gerente de operações,67,38881948179
Felipe Araújo Rodrigues,felipe.araujo.rodrigues.26891@example.com,Belém,Designer gráfico,64,49137656621
Diego Barbosa Costa,diego.barbosa.costa.26892@example.com,Curitiba,Diretor comercial,45,83083903174
Eduardo Gomes Costa,eduardo.gomes.costa.26893@example.com,Joinville,Supervisor de manutenção,54,21683458133
Otávio Freitas Araújo,otavio.freitas.araujo.26894@example.com,Florianópolis,Diretor de operações,47,82530214383
Tatiane Araújo Fernandes,tatiane.araujo.fernandes.26895@example.com,Campinas,Analista de marketing,34,38031184617
João Dias Castro,joao.dias.castro.26896@example.com,Curitiba,Diretor comercial,28,01051340478
Vanessa Moreira Pereira,vanessa.moreira.pereira.26897@example.com,Natal,Arquiteto,33,30804315407
Renata Barbosa Pereira,renata.barbosa.pereira.26898@example.com,Recife,Gerente financeiro,68,18831364882
Ricardo Rodrigues Costa,ricardo.rodrigues.costa.26899@example.com,Sorocaba,Atendente,43,48911601834
Vinícius Moreira Rocha,vinicius.moreira.rocha.26900@example.com,Niterói,Técnico de segurança do trabalho,24,22357710910
Débora Monteiro Araújo,debora.monteiro.araujo.26901@example.com,Manaus,Líder de equipe,39,24231608151
Juliana Teixeira Martins,juliana.teixeira.martins.26902@example.com,Curitiba,Jornalista,26,99785859373
Juliana Gomes Carvalho,juliana.gomes.carvalho.26903@example.com,Joinville,Professor,63,51492366487
Daniela Gomes Freitas,daniela.gomes.freitas.26904@example.com,Florianópolis,Professor,28,72368954796
Diego Alves Barros,diego.alves.barros.26905@example.com,Florianópolis,Gerente de recursos humanos,36,15609537110
Vanessa Rocha Almeida,vanessa.rocha.almeida.26906@example.com,Rondonópolis,Chefe de almoxarifado,33,41676659740
Mariana Dias Barbosa,mariana.dias.barbosa.26907@example.com,Maringá,Atendente,33,26936198717
Otávio Rocha Freitas,otavio.rocha.freitas.26908@example.com,Brasília,Advogado,31,57729061668
Priscila Rodrigues Almeida,priscila.rodrigues.almeida.26909@example.com,Niterói,Analista financeiro,33,94966885506
Ricardo Moreira Fernandes,ricardo.moreira.fernandes.26910@example.com,Belém,Padeiro,27,03324390535
Henrique Teixeira Monteiro,henrique.teixeira.monteiro.26911@example.com,Recife,Jornalista,19,89442186886
Diego Barbosa Gomes,diego.barbosa.gomes.26912@example.com,Belém,Contador,54,13238977299
Larissa Fernandes Lima,larissa.fernandes.lima.26913@example.com,Maringá,Engenheiro civil,25,42312245640
Paulo Rocha Teixeira,paulo.rocha.teixeira.26914@example.com,Recife,Coordenador de logística,47,56968417985
Marcelo Alves Fernandes,marcelo.alves.fernandes.26915@example.com,Salvador,Operador de caixa,31,97589683571
Patrícia Rodrigues Martins,patricia.rodrigues.martins.26916@example.com,Campo Grande,Pedreiro,55,68750347683
Fernanda Costa Almeida,fernanda.costa.almeida.26917@example.com,Dourados,Estoquista,39,84473947739
Eduardo Ribeiro Gomes,eduardo.ribeiro.gomes.26918@example.com,Dourados,Designer gráfico,25,92082394097
Paulo Gomes Freitas,paulo.gomes.freitas.26919@example.com,Campo Grande,Eletricista,68,84724854403
Fernanda Martins Dias,fernanda.martins.dias.26920@example.com,Curitiba,Gerente de recursos humanos,57,88448611346
Gustavo Barbosa Carvalho,gustavo.barbosa.carvalho.26921@example.com,Cuiabá,Comprador,19,10865490256
Ana Pereira Gomes,ana.pereira.gomes.26922@example.com,Rondonópolis,Motorista,25,10720858056
Simone Martins Araújo,simone.martins.araujo.26923@example.com,Maringá,Cozinheiro,20,16517241034
Letícia Barros Teixeira,leticia.barros.teixeira.26924@example.com,Joinville,Operador de caixa,23,14512595232
Bruno Ribeiro Barros,bruno.ribeiro.barros.26925@example.com,Vitória,Engenheiro civil,29,35819332756
Simone Barbosa Barbosa,simone.barbosa.barbosa.26926@example.com,Maringá,Chefe de almoxarifado,33,51932842109
Camila Mendes Oliveira,camila.mendes.oliveira.26927@example.com,Porto Alegre,Gerente de tecnologia,56,86813003932
Bruno Barbosa Castro,bruno.barbosa.castro.26928@example.com,Caxias do Sul,Líder de equipe,25,40140541216
Fernanda Castro Souza,fernanda.castro.souza.26929@example.com,Rondonópolis,Comprador,46,00928673967
Mariana Almeida Ribeiro,mariana.almeida.ribeiro.26930@example.com,Campo Grande,Líder de equipe,58,85354626035
Tatiane Monteiro Almeida,tatiane.monteiro.almeida.26931@example.com,Uberlândia,Gerente de recursos humanos,21,57368601220
Priscila Lima Costa,priscila.lima.costa.26932@example.com,São Paulo,Programador,36,28392693636
Henrique Lima Ribeiro,henrique.lima.ribeiro.26933@example.com,Rio de Janeiro,Diretor de operações,35,42923990394
Renata Monteiro Lima,renata.monteiro.lima.26934@example.com,Cuiabá,Gerente de tecnologia,30,11131798397
Nicolas Rodrigues Dias,nicolas.rodrigues.dias.26935@example.com,Porto Alegre,Coordenador administrativo,53,55696151172
Vitória Barros Dias,vitoria.barros.dias.26936@example.com,Manaus,Gerente de recursos humanos,46,41776310902
Lucas Moreira Mendes,lucas.moreira.mendes.26937@example.com,Porto Alegre,Jornalista,57,50342263263
Sandra Barros Araújo,sandra.barros.araujo.26938@example.com,Caxias do Sul,Encarregado de produção,38,81833328076
Leonardo Alves Araújo,leonardo.alves.araujo.26939@example.com,Belém,Comprador,54,26461240812
Eduardo Silva Rocha,eduardo.silva.rocha.26940@example.com,Caxias do Sul,Fisioterapeuta,40,74075548067
Gustavo Dias Araújo,gustavo.dias.araujo.26941@example.com,Londrina,Operador de caixa,47,70337753941
Letícia Monteiro Teixeira,leticia.monteiro.teixeira.26942@example.com,Niterói,Coordenador de produção,35,99151710797
Daniela Gomes Rocha,daniela.gomes.rocha.26943@example.com,Rio de Janeiro,Gerente financeiro,45,79550338096
Lucas Freitas Rodrigues,lucas.freitas.rodrigues.26944@example.com,Salvador,Gerente de recursos humanos,63,94691813990
João Silva Freitas,joao.silva.freitas.26945@example.com,Sorocaba,Designer gráfico,60,90761610929
Simone Alves Carvalho,simone.alves.carvalho.26946@example.com,Manaus,Diretor de operações,25,95471754332
Carolina Rocha Moreira,carolina.rocha.moreira.26947@example.com,Recife,Coordenador de marketing,52,88244765977
João Cardoso Monteiro,joao.cardoso.monteiro.26948@example.com,Joinville,Diretor de operações,27,95968929543
Bruno Ribeiro Carvalho,bruno.ribeiro.carvalho.26949@example.com,Campinas,Comprador,28,33281898623
Marcelo Freitas Monteiro,marcelo.freitas.monteiro.26950@example.com,Brasília,Supervisor de qualidade,33,86490429250
Gabriela Nascimento Rodrigues,gabriela.nascimento.rodrigues.26951@example.com,Florianópolis,Auxiliar de produção,24,66700903698
Fernanda Castro Silva,fernanda.castro.silva.26952@example.com,Campo Grande,Comprador,52,39612375523
Lucas Rocha Lima,lucas.rocha.lima.26953@example.com,Sorocaba,Professor,44,69740161766
Marcelo Barros Carvalho,marcelo.barros.carvalho.26954@example.com,Florianópolis,Arquiteto,49,01277308006
Carlos Teixeira Santos,carlos.teixeira.santos.26955@example.com,Caxias do Sul,Diretor comercial,57,74726729311
Débora Rodrigues Lima,debora.rodrigues.lima.26956@example.com,Belém,Pedreiro,57,71318674102
Vitória Martins Rodrigues,vitoria.martins.rodrigues.26957@example.com,Salvador,Auxiliar de produção,27,21933765186
Otávio Mendes Carvalho,otavio.mendes.carvalho.26958@example.com,Londrina,Farmacêutico,70,01616033041
Gustavo Moreira Fernandes,gustavo.moreira.fernandes.26959@example.com,Santos,Vendedor,25,09541741481
Leonardo Martins Alves,leonardo.martins.alves.26960@example.com,Vitória,Analista de marketing,69,61595423841
José Barros Freitas,jose.barros.freitas.26961@example.com,Santos,Gerente financeiro,60,71536793946
Camila Castro Barbosa,camila.castro.barbosa.26962@example.com,Rondonópolis,Pedreiro,60,65832728248
Larissa Santos Fernandes,larissa.santos.fernandes.26963@example.com,Londrina,Gerente financeiro,26,86053350401
José Mendes Pereira,jose.mendes.pereira.26964@example.com,Brasília,Coordenador administrativo,29,57890576209
Diego Silva Martins,diego.silva.martins.26965@example.com,Niterói,Nutricionista,48,27409323815
Paulo Nascimento Lima,paulo.nascimento.lima.26966@example.com,Curitiba,Encarregado de produção,57,61463565764
Gustavo Oliveira Gomes,gustavo.oliveira.gomes.26967@example.com,Campinas,Arquiteto,67,64705985351
Juliana Oliveira Souza,juliana.oliveira.souza.26968@example.com,Niterói,Gerente de operações,54,89138186298
Paulo Cardoso Barbosa,paulo.cardoso.barbosa.26969@example.com,Londrina,Vendedor,18,93418587290
Priscila Nascimento Teixeira,priscila.nascimento.teixeira.26970@example.com,Porto Alegre,Coordenador de marketing,21,49264428177
Gustavo Carvalho Ribeiro,gustavo.carvalho.ribeiro.26971@example.com,Curitiba,Gerente financeiro,40,50137906095
Felipe Santos Pereira,felipe.santos.pereira.26972@example.com,Santos,Diretor comercial,47,60912381254
Renata Rocha Oliveira,renata.rocha.oliveira.26973@example.com,Cuiabá,Supervisor de qualidade,35,98427550663
Camila Pereira Gomes,camila.pereira.gomes.26974@example.com,Vitória,Coordenador administrativo,42,85913325151
Fernanda Ribeiro Alves,fernanda.ribeiro.alves.26975@example.com,Curitiba,Professor,36,19392801799
Bruno Barros Costa,bruno.barros.costa.26976@example.com,Niterói,Líder de equipe,54,25129397949
Nicolas Pereira Silva,nicolas.pereira.silva.26977@example.com,Goiânia,Advogado,46,90266007540
Gabriel Fernandes Oliveira,gabriel.fernandes.oliveira.26978@example.com,Joinville,Analista de recursos humanos,25,79203648108
João Nascimento Freitas,joao.nascimento.freitas.26979@example.com,Belém,Gerente comercial,61,33958147655
Luana Pereira Carvalho,luana.pereira.carvalho.26980@example.com,Natal,Enfermeiro,53,68596490653
Juliana Nascimento Martins,juliana.nascimento.martins.26981@example.com,Santos,Chefe de compras,39,75416752196
Henrique Rodrigues Araújo,henrique.rodrigues.araujo.26982@example.com,Londrina,Diretor comercial,23,26826411484
Camila Fernandes Mendes,camila.fernandes.mendes.26983@example.com,Salvador,Estoquista,31,71935677253
Juliana Barbosa Dias,juliana.barbosa.dias.26984@example.com,Manaus,Pedreiro,66,67641816018
Amanda Araújo Araújo,amanda.araujo.araujo.26985@example.com,Natal,Atendente,65,68701688616
Vinícius Alves Rocha,vinicius.alves.rocha.26986@example.com,Rio de Janeiro,Encarregado de produção,31,72971555464
Larissa Freitas Teixeira,larissa.freitas.teixeira.26987@example.com,Vitória,Coordenador administrativo,30,14814712638
Tatiane Almeida Cardoso,tatiane.almeida.cardoso.26988@example.com,Rio de Janeiro,Técnico de segurança do trabalho,60,25194354984
Débora Nascimento Castro,debora.nascimento.castro.26989@example.com,Cuiabá,Farmacêutico,29,62946331764
Henrique Rocha Almeida,henrique.rocha.almeida.26990@example.com,Belo Horizonte,Supervisor de vendas,52,68069405861
Sérgio Souza Fernandes,sergio.souza.fernandes.26991@example.com,Niterói,Contador,40,28165947622
Gabriela Monteiro Lima,gabriela.monteiro.lima.26992@example.com,Porto Alegre,Arquiteto,20,97053756052
Aline Carvalho Araújo,aline.carvalho.araujo.26993@example.com,Goiânia,Analista de dados,30,87771674496
Débora Nascimento Mendes,debora.nascimento.mendes.26994@example.com,São Paulo,Chefe de departamento pessoal,57,81972455190
Letícia Pereira Gomes,leticia.pereira.gomes.26995@example.com,Niterói,Chefe de almoxarifado,65,60491541033
Amanda Santos Dias,amanda.santos.dias.26996@example.com,Niterói,Estoquista,52,64246972788
Rafael Martins Araújo,rafael.martins.araujo.26997@example.com,Joinville,Técnico em informática,38,19529265347
Larissa Carvalho Lima,larissa.carvalho.lima.26998@example.com,Vitória,Coordenador de logística,56,99442830789
Gabriel Barbosa Oliveira,gabriel.barbosa.oliveira.26999@example.com,Salvador,Coordenador de marketing,49,24005962876
Rafael Costa Barros,rafael.costa.barros.27000@example.com,Fortaleza,Coordenador administrativo,68,80937424393
