nome,email,cidade,profissao,idade,cpf
João Barbosa Alves,joao.barbosa.alves.1@example.com,Rio de Janeiro,Arquiteto,67,10671869488
Fernanda Barros Carvalho,fernanda.barros.carvalho.2@example.com,Niterói,Pedreiro,38,07345764891
Priscila Nascimento Santos,priscila.nascimento.santos.3@example.com,Fortaleza,Enfermeiro,67,15513384055
Gustavo Barros Nascimento,gustavo.barros.nascimento.4@example.com,Recife,Analista de recursos humanos,70,91479724422
José Gomes Almeida,jose.gomes.almeida.5@example.com,Salvador,Vendedor,65,78471759854
Sérgio Nascimento Cardoso,sergio.nascimento.cardoso.6@example.com,São Paulo,Coordenador de produção,24,72625879794
Ricardo Nascimento Lima,ricardo.nascimento.lima.7@example.com,Florianópolis,Supervisor de vendas,29,51778139933
Larissa Costa Souza,larissa.costa.souza.8@example.com,Recife,Gerente de operações,68,44277790859
Carlos Mendes Dias,carlos.mendes.dias.9@example.com,Campo Grande,Analista de marketing,69,43445892206
Diego Freitas Souza,diego.freitas.souza.10@example.com,Fortaleza,Técnico de enfermagem,50,11421412743
Rafael Almeida Barbosa,rafael.almeida.barbosa.11@example.com,Santos,Supervisor de vendas,42,00656264848
Igor Carvalho Lima,igor.carvalho.lima.12@example.com,São Paulo,Contador,39,00249156647
Carolina Mendes Freitas,carolina.mendes.freitas.13@example.com,Belo Horizonte,Gerente de recursos humanos,28,79343854644
Diego Nascimento Moreira,diego.nascimento.moreira.14@example.com,Santos,Auxiliar de produção,62,56074888848
Patrícia Monteiro Castro,patricia.monteiro.castro.15@example.com,Vitória,Líder de equipe,57,57857103950
Simone Ribeiro Ribeiro,simone.ribeiro.ribeiro.16@example.com,Brasília,Gerente de recursos humanos,65,58421679459
Gabriel Carvalho Rocha,gabriel.carvalho.rocha.17@example.com,Dourados,Assistente comercial,46,61973878972
Eduardo Gomes Santos,eduardo.gomes.santos.18@example.com,Caxias do Sul,Estoquista,39,77171582319
Luana Almeida Almeida,luana.almeida.almeida.19@example.com,Sorocaba,Chefe de almoxarifado,29,15552790403
Juliana Monteiro Souza,juliana.monteiro.souza.20@example.com,Caxias do Sul,Enfermeiro,64,83739367316
Mariana Moreira Monteiro,mariana.moreira.monteiro.21@example.com,Uberlândia,Eletricista,51,08121933507
Nicolas Teixeira Martins,nicolas.teixeira.martins.22@example.com,Londrina,Analista financeiro,65,44911681009
Camila Ribeiro Rocha,camila.ribeiro.rocha.23@example.com,Florianópolis,Gerente de operações,61,37291765525
Daniela Cardoso Almeida,daniela.cardoso.almeida.24@example.com,Rio de Janeiro,Mecânico,60,06307201358
Ana Souza Santos,ana.souza.santos.25@example.com,Florianópolis,Motorista,41,21425782165
Mariana Costa Martins,mariana.costa.martins.26@example.com,Vitória,Atendente,41,10047118009
Carlos Santos Alves,carlos.santos.alves.27@example.com,São Paulo,Diretor de operações,23,30618814234
Eduardo Dias Freitas,eduardo.dias.freitas.28@example.com,Fortaleza,Supervisor de atendimento,40,48618351365
Débora Pereira Pereira,debora.pereira.pereira.29@example.com,Niterói,Mecânico,38,41044808614
Beatriz Dias Costa,beatriz.dias.costa.30@example.com,Goiânia,Analista financeiro,42,78854569204
Beatriz Teixeira Araújo,beatriz.teixeira.araujo.31@example.com,Cuiabá,Diretor comercial,34,31201428727
Gabriel Gomes Rocha,gabriel.gomes.rocha.32@example.com,Fortaleza,Analista de dados,27,11862971976
Rafael Teixeira Martins,rafael.teixeira.martins.33@example.com,Sorocaba,Chefe de compras,62,98317184050
Priscila Cardoso Ribeiro,priscila.cardoso.ribeiro.34@example.com,Campinas,Enfermeiro,64,56353917406
Eduardo Silva Gomes,eduardo.silva.gomes.35@example.com,Belo Horizonte,Analista de marketing,47,85627569227
José Freitas Barbosa,jose.freitas.barbosa.36@example.com,Recife,Gerente financeiro,54,11321682113
Igor Oliveira Gomes,igor.oliveira.gomes.37@example.com,Goiânia,Técnico em informática,35,47798751631
Vinícius Araújo Martins,vinicius.araujo.martins.38@example.com,Manaus,Farmacêutico,27,85205883002
Letícia Nascimento Dias,leticia.nascimento.dias.39@example.com,Vitória,Programador,33,17136971940
Henrique Monteiro Mendes,henrique.monteiro.mendes.40@example.com,Rio de Janeiro,Gerente financeiro,67,63367487156
Marcelo Araújo Freitas,marcelo.araujo.freitas.41@example.com,São Paulo,Jornalista,43,41374497173
Daniela Ribeiro Pereira,daniela.ribeiro.pereira.42@example.com,Joinville,Eletricista,60,15902621100
Daniela Martins Freitas,daniela.martins.freitas.43@example.com,São Paulo,Coordenador de marketing,26,09335793383
Gabriel Teixeira Martins,gabriel.teixeira.martins.44@example.com,Caxias do Sul,Comprador,47,92689695745
Rafael Fernandes Souza,rafael.fernandes.souza.45@example.com,Niterói,Diretor comercial,50,59653087373
Eduardo Fernandes Almeida,eduardo.fernandes.almeida.46@example.com,Sorocaba,Gerente comercial,56,04806938469
Larissa Ribeiro Pereira,larissa.ribeiro.pereira.47@example.com,Dourados,Jornalista,62,02929597612
Nicolas Barbosa Cardoso,nicolas.barbosa.cardoso.48@example.com,Natal,Fisioterapeuta,39,74354176132
Lucas Dias Monteiro,lucas.dias.monteiro.49@example.com,Goiânia,Contador,55,53474747617
Thiago Alves Moreira,thiago.alves.moreira.50@example.com,Brasília,Corretor de imóveis,50,77702458064
Tatiane Monteiro Lima,tatiane.monteiro.lima.51@example.com,Manaus,Coordenador de marketing,63,04602604304
Gabriela Oliveira Santos,gabriela.oliveira.santos.52@example.com,Maringá,Analista de recursos humanos,49,88994885869
Luana Teixeira Dias,luana.teixeira.dias.53@example.com,Curitiba,Vendedor,53,96510051098
Rafael Freitas Freitas,rafael.freitas.freitas.54@example.com,Belo Horizonte,Jornalista,56,27233484043
Sérgio Araújo Almeida,sergio.araujo.almeida.55@example.com,Maringá,Técnico em informática,54,19807430798
João Monteiro Rocha,joao.monteiro.rocha.56@example.com,Natal,Chefe de departamento pessoal,32,49906711594
José Monteiro Nascimento,jose.monteiro.nascimento.57@example.com,Porto Alegre,Gerente de operações,20,23370971600
Bruno Cardoso Souza,bruno.cardoso.souza.58@example.com,São Paulo,Mecânico,44,66247008903
João Lima Ribeiro,joao.lima.ribeiro.59@example.com,Campinas,Estoquista,23,83861470209
Larissa Freitas Santos,larissa.freitas.santos.60@example.com,Salvador,Chefe de departamento pessoal,28,27108111927
Vanessa Carvalho Gomes,vanessa.carvalho.gomes.61@example.com,Salvador,Gerente de operações,41,09799590619
José Lima Freitas,jose.lima.freitas.62@example.com,Niterói,Enfermeiro,64,30095886768
Mariana Mendes Nascimento,mariana.mendes.nascimento.63@example.com,Rio de Janeiro,Comprador,36,55434674841
José Araújo Mendes,jose.araujo.mendes.64@example.com,Maringá,Operador de caixa,25,37132820089
Henrique Barbosa Fernandes,henrique.barbosa.fernandes.65@example.com,Caxias do Sul,Supervisor de vendas,36,78958320240
Beatriz Costa Monteiro,beatriz.costa.monteiro.66@example.com,Salvador,Gerente de operações,62,89621385741
Fernanda Pereira Freitas,fernanda.pereira.freitas.67@example.com,Brasília,Enfermeiro,30,66742283469
Fernanda Barbosa Fernandes,fernanda.barbosa.fernandes.68@example.com,Joinville,Motorista,47,58403590591
Fernanda Santos Gomes,fernanda.santos.gomes.69@example.com,Porto Alegre,Corretor de imóveis,67,16145592295
Aline Teixeira Santos,aline.teixeira.santos.70@example.com,Recife,Gerente de operações,44,94228148170
Aline Barros Costa,aline.barros.costa.71@example.com,Caxias do Sul,Encarregado de produção,36,63401259047
Leonardo Araújo Castro,leonardo.araujo.castro.72@example.com,Campo Grande,Gerente de operações,52,93044790870
Igor Dias Barros,igor.dias.barros.73@example.com,Maringá,Motorista,69,07682146807
Thiago Rocha Cardoso,thiago.rocha.cardoso.74@example.com,Goiânia,Comprador,37,95086259921
Otávio Souza Rodrigues,otavio.souza.rodrigues.75@example.com,Campo Grande,Coordenador de logística,51,32914987318
Rafael Carvalho Castro,rafael.carvalho.castro.76@example.com,Campo Grande,Advogado,69,63219336114
Gabriel Oliveira Araújo,gabriel.oliveira.araujo.77@example.com,Manaus,Operador de caixa,30,90258662868
Carolina Martins Carvalho,carolina.martins.carvalho.78@example.com,São Paulo,Advogado,20,82920169041
Larissa Oliveira Carvalho,larissa.oliveira.carvalho.79@example.com,Dourados,Comprador,50,39432709158
Gustavo Moreira Costa,gustavo.moreira.costa.80@example.com,Belo Horizonte,Técnico em informática,57,76622998032
Fernanda Freitas Fernandes,fernanda.freitas.fernandes.81@example.com,Vitória,Supervisor de vendas,22,79270818982
Marcelo Freitas Pereira,marcelo.freitas.pereira.82@example.com,Rio de Janeiro,Cozinheiro,22,39717703072
Eduardo Nascimento Martins,eduardo.nascimento.martins.83@example.com,Manaus,Coordenador de produção,58,98236947485
Camila Nascimento Fernandes,camila.nascimento.fernandes.84@example.com,Londrina,Encarregado de produção,44,40241444091
Renata Rocha Fernandes,renata.rocha.fernandes.85@example.com,Manaus,Coordenador de produção,24,55225029154
Simone Mendes Moreira,simone.mendes.moreira.86@example.com,Rio de Janeiro,Analista de dados,40,00103321240
Patrícia Rocha Pereira,patricia.rocha.pereira.87@example.com,Caxias do Sul,Diretor de operações,59,15469173828
Priscila Fernandes Ribeiro,priscila.fernandes.ribeiro.88@example.com,Rio de Janeiro,Gerente de tecnologia,63,90158119592
Paulo Souza Martins,paulo.souza.martins.89@example.com,Brasília,Analista financeiro,41,97975364099
Beatriz Almeida Ribeiro,beatriz.almeida.ribeiro.90@example.com,Natal,Recepcionista,30,61754284643
Juliana Pereira Cardoso,juliana.pereira.cardoso.91@example.com,Vitória,Gerente comercial,18,00378642291
Fernanda Freitas Souza,fernanda.freitas.souza.92@example.com,Caxias do Sul,Gerente de recursos humanos,50,14069098579
Carlos Lima Freitas,carlos.lima.freitas.93@example.com,Sorocaba,Comprador,29,58029878851
Bruno Dias Santos,bruno.dias.santos.94@example.com,Belo Horizonte,Farmacêutico,24,72391436668
Simone Lima Cardoso,simone.lima.cardoso.95@example.com,Sorocaba,Encarregado de produção,46,38142081617
Beatriz Araújo Monteiro,beatriz.araujo.monteiro.96@example.com,Londrina,Supervisor de atendimento,46,09159805886
Marcelo Santos Almeida,marcelo.santos.almeida.97@example.com,Caxias do Sul,Analista de marketing,32,31242792127
Carolina Silva Silva,carolina.silva.silva.98@example.com,Belo Horizonte,Coordenador de produção,31,25340262562
Vitória Dias Souza,vitoria.dias.souza.99@example.com,Uberlândia,Analista de recursos humanos,22,92152979566
Otávio Ribeiro Martins,otavio.ribeiro.martins.100@example.com,Belo Horizonte,Gerente de tecnologia,53,23625659311
Fernanda Barbosa Carvalho,fernanda.barbosa.carvalho.101@example.com,Belém,Fisioterapeuta,44,13956077296
Tatiane Monteiro Dias,tatiane.monteiro.dias.102@example.com,Joinville,Gerente de recursos humanos,23,90630476401
Thiago Silva Costa,thiago.silva.costa.103@example.com,Rondonópolis,Coordenador de logística,45,36045031153
Patrícia Lima Lima,patricia.lima.lima.104@example.com,Uberlândia,Pedreiro,62,89631993878
Marcelo Almeida Alves,marcelo.almeida.alves.105@example.com,Rio de Janeiro,Chefe de departamento pessoal,69,03005272544
Gustavo Monteiro Oliveira,gustavo.monteiro.oliveira.106@example.com,Manaus,Assistente administrativo,55,63316514867
Carolina Pereira Rocha,carolina.pereira.rocha.107@example.com,Campinas,Gerente de operações,50,61231252900
Priscila Fernandes Rocha,priscila.fernandes.rocha.108@example.com,Vitória,Professor,66,33337287383
Mariana Nascimento Barros,mariana.nascimento.barros.109@example.com,Vitória,Professor,69,83981819477
Igor Moreira Martins,igor.moreira.martins.110@example.com,São Paulo,Coordenador administrativo,25,89848749654
Rafael Barros Cardoso,rafael.barros.cardoso.111@example.com,Rio de Janeiro,Gerente comercial,45,53373222702
Igor Ribeiro Mendes,igor.ribeiro.mendes.112@example.com,Florianópolis,Eletricista,26,92065885832
Vitória Nascimento Carvalho,vitoria.nascimento.carvalho.113@example.com,Rio de Janeiro,Gerente de operações,49,30987413141
Paulo Carvalho Alves,paulo.carvalho.alves.114@example.com,Joinville,Comprador,50,61401911213
Vitória Barbosa Nascimento,vitoria.barbosa.nascimento.115@example.com,Vitória,Professor,59,27621261020
Diego Almeida Lima,diego.almeida.lima.116@example.com,Joinville,Gerente comercial,24,30433432726
Larissa Freitas Rocha,larissa.freitas.rocha.117@example.com,São Paulo,Mecânico,50,88846580843
Sérgio Mendes Barbosa,sergio.mendes.barbosa.118@example.com,Fortaleza,Comprador,55,65084434360
Simone Teixeira Almeida,simone.teixeira.almeida.119@example.com,Vitória,Nutricionista,67,29632057103
Gustavo Teixeira Teixeira,gustavo.teixeira.teixeira.120@example.com,Caxias do Sul,Gerente de recursos humanos,54,22222640173
Fernanda Nascimento Araújo,fernanda.nascimento.araujo.121@example.com,Campo Grande,Diretor de operações,47,14227290919
Gabriel Alves Gomes,gabriel.alves.gomes.122@example.com,São Paulo,Atendente,65,85740122465
José Almeida Cardoso,jose.almeida.cardoso.123@example.com,Vitória,Fisioterapeuta,57,44343630825
Otávio Silva Cardoso,otavio.silva.cardoso.124@example.com,Rondonópolis,Chefe de compras,20,64352769819
Bruno Mendes Barros,bruno.mendes.barros.125@example.com,Brasília,Encarregado de produção,40,27731699835
Renata Mendes Nascimento,renata.mendes.nascimento.126@example.com,Porto Alegre,Cozinheiro,62,83479830313
Henrique Martins Silva,henrique.martins.silva.127@example.com,Brasília,Corretor de imóveis,35,37260262036
Amanda Almeida Rodrigues,amanda.almeida.rodrigues.128@example.com,Goiânia,Coordenador de marketing,48,91196456354
Gabriela Oliveira Santos,gabriela.oliveira.santos.129@example.com,São Paulo,Técnico de segurança do trabalho,50,31742411923
Rafael Cardoso Araújo,rafael.cardoso.araujo.130@example.com,Niterói,Enfermeiro,66,04424003073
Renata Fernandes Carvalho,renata.fernandes.carvalho.131@example.com,Goiânia,Advogado,57,89727198258
Simone Oliveira Alves,simone.oliveira.alves.132@example.com,Maringá,Engenheiro civil,48,27477725640
Rafael Pereira Rocha,rafael.pereira.rocha.133@example.com,Maringá,Coordenador de produção,33,12377995001
Vitória Alves Oliveira,vitoria.alves.oliveira.134@example.com,Cuiabá,Gerente de recursos humanos,69,14639977736
Camila Rodrigues Teixeira,camila.rodrigues.teixeira.135@example.com,Vitória,Técnico em informática,43,23824455493
Letícia Ribeiro Fernandes,leticia.ribeiro.fernandes.136@example.com,Santos,Diretor de operações,41,03686536562
Letícia Castro Monteiro,leticia.castro.monteiro.137@example.com,Recife,Estoquista,64,50855107081
Vinícius Silva Silva,vinicius.silva.silva.138@example.com,Manaus,Diretor comercial,54,20777835959
Ana Freitas Castro,ana.freitas.castro.139@example.com,Campinas,Jornalista,18,89563117828
Letícia Lima Rodrigues,leticia.lima.rodrigues.140@example.com,Santos,Enfermeiro,37,35774985165
Diego Almeida Lima,diego.almeida.lima.141@example.com,Rondonópolis,Diretor comercial,31,26868635776
Gabriel Ribeiro Gomes,gabriel.ribeiro.gomes.142@example.com,Santos,Advogado,60,59792216315
Fernanda Nascimento Castro,fernanda.nascimento.castro.143@example.com,Londrina,Técnico de segurança do trabalho,70,09852044714
Tatiane Rodrigues Almeida,tatiane.rodrigues.almeida.144@example.com,Curitiba,Estoquista,25,78771804211
Renata Oliveira Gomes,renata.oliveira.gomes.145@example.com,Campinas,Cozinheiro,27,99623055908
Luana Silva Costa,luana.silva.costa.146@example.com,Natal,Designer gráfico,30,30446034710
Thiago Moreira Gomes,thiago.moreira.gomes.147@example.com,Rondonópolis,Professor,69,97486446376
Gabriela Pereira Monteiro,gabriela.pereira.monteiro.148@example.com,Vitória,Assistente administrativo,20,97168467389
Fernanda Santos Mendes,fernanda.santos.mendes.149@example.com,Curitiba,Comprador,44,31948542820
Eduardo Barbosa Santos,eduardo.barbosa.santos.150@example.com,Brasília,Encarregado de produção,31,21568850633
Gabriel Oliveira Almeida,gabriel.oliveira.almeida.151@example.com,Rondonópolis,Analista financeiro,48,29624703739
Thiago Barbosa Moreira,thiago.barbosa.moreira.152@example.com,Goiânia,Enfermeiro,20,66285525129
Ricardo Monteiro Rodrigues,ricardo.monteiro.rodrigues.153@example.com,Joinville,Analista financeiro,26,76515376541
Débora Cardoso Santos,debora.cardoso.santos.154@example.com,Rondonópolis,Técnico em informática,45,18795725021
Eduardo Lima Mendes,eduardo.lima.mendes.155@example.com,Natal,Encarregado de produção,20,79881037748
Thiago Silva Freitas,thiago.silva.freitas.156@example.com,Campo Grande,Estoquista,59,59420005154
Rafael Rocha Pereira,rafael.rocha.pereira.157@example.com,Vitória,Líder de equipe,20,06341578231
Tatiane Monteiro Barbosa,tatiane.monteiro.barbosa.158@example.com,Campinas,Programador,55,62495646199
Igor Rodrigues Nascimento,igor.rodrigues.nascimento.159@example.com,Maringá,Coordenador administrativo,49,26815523854
Thiago Barros Nascimento,thiago.barros.nascimento.160@example.com,Uberlândia,Gerente de recursos humanos,48,18595529959
Fernanda Freitas Santos,fernanda.freitas.santos.161@example.com,Rio de Janeiro,Corretor de imóveis,60,90614112528
Camila Costa Alves,camila.costa.alves.162@example.com,Salvador,Contador,62,31031817447
Eduardo Moreira Silva,eduardo.moreira.silva.163@example.com,Fortaleza,Diretor de operações,42,59607558472
Gabriel Nascimento Costa,gabriel.nascimento.costa.164@example.com,Vitória,Gerente financeiro,31,70616491423
Rafael Lima Silva,rafael.lima.silva.165@example.com,Salvador,Diretor de operações,42,78408423360
Nicolas Gomes Ribeiro,nicolas.gomes.ribeiro.166@example.com,Florianópolis,Analista de marketing,52,75221314405
Daniela Nascimento Oliveira,daniela.nascimento.oliveira.167@example.com,Londrina,Eletricista,51,75992523282
Daniela Santos Nascimento,daniela.santos.nascimento.168@example.com,Brasília,Gerente de operações,49,65083675597
Patrícia Gomes Rodrigues,patricia.gomes.rodrigues.169@example.com,Santos,Arquiteto,68,98860559713
Carlos Gomes Santos,carlos.gomes.santos.170@example.com,Rio de Janeiro,Atendente,37,74646327094
Daniela Dias Souza,daniela.dias.souza.171@example.com,Florianópolis,Eletricista,55,24440939727
Sérgio Oliveira Gomes,sergio.oliveira.gomes.172@example.com,Cuiabá,Diretor comercial,55,15284608797
Vitória Santos Araújo,vitoria.santos.araujo.173@example.com,Maringá,Gerente comercial,37,12174503983
Otávio Souza Alves,otavio.souza.alves.174@example.com,Recife,Encarregado de produção,32,56481775039
Otávio Oliveira Souza,otavio.oliveira.souza.175@example.com,Belém,Gerente de tecnologia,37,06995043018
Fernanda Souza Barbosa,fernanda.souza.barbosa.176@example.com,Londrina,Analista de recursos humanos,39,66262724876
Luana Rocha Barros,luana.rocha.barros.177@example.com,Sorocaba,Supervisor de atendimento,67,55155150305
Marcelo Araújo Almeida,marcelo.araujo.almeida.178@example.com,Sorocaba,Fisioterapeuta,44,37454931447
Marcelo Barbosa Barros,marcelo.barbosa.barros.179@example.com,Brasília,Nutricionista,28,43543516559
Bruno Gomes Carvalho,bruno.gomes.carvalho.180@example.com,Brasília,Supervisor de manutenção,18,09563372980
Gabriela Costa Lima,gabriela.costa.lima.181@example.com,Rondonópolis,Auxiliar de produção,48,72440759202
Fernanda Teixeira Rodrigues,fernanda.teixeira.rodrigues.182@example.com,Joinville,Nutricionista,48,18127081095
Eduardo Martins Monteiro,eduardo.martins.monteiro.183@example.com,Manaus,Mecânico,61,85734542935
Luana Souza Ribeiro,luana.souza.ribeiro.184@example.com,Dourados,Enfermeiro,38,33908279124
Lucas Barros Nascimento,lucas.barros.nascimento.185@example.com,Belo Horizonte,Cozinheiro,36,36384142320
Juliana Santos Dias,juliana.santos.dias.186@example.com,Brasília,Corretor de imóveis,49,80271222051
Luana Rocha Castro,luana.rocha.castro.187@example.com,Campinas,Técnico de enfermagem,31,89535632203
Eduardo Castro Barros,eduardo.castro.barros.188@example.com,Joinville,Recepcionista,67,39209706500
Fernanda Cardoso Dias,fernanda.cardoso.dias.189@example.com,Salvador,Analista de dados,34,83727202716
Simone Alves Almeida,simone.alves.almeida.190@example.com,Sorocaba,Cozinheiro,26,89678618645
Bruno Silva Rodrigues,bruno.silva.rodrigues.191@example.com,Joinville,Cozinheiro,33,96381467668
Simone Martins Ribeiro,simone.martins.ribeiro.192@example.com,Santos,Cozinheiro,19,16690722374
Paulo Ribeiro Rodrigues,paulo.ribeiro.rodrigues.193@example.com,Recife,Gerente de tecnologia,66,17023227473
Diego Teixeira Martins,diego.teixeira.martins.194@example.com,Vitória,Farmacêutico,23,24707180036
Juliana Barros Silva,juliana.barros.silva.195@example.com,Rondonópolis,Contador,60,43702678431
Simone Costa Nascimento,simone.costa.nascimento.196@example.com,Caxias do Sul,Supervisor de vendas,38,75928698561
Carlos Barbosa Lima,carlos.barbosa.lima.197@example.com,Fortaleza,Enfermeiro,66,80598035858
Renata Freitas Silva,renata.freitas.silva.198@example.com,Vitória,Analista financeiro,43,32277809233
Priscila Cardoso Souza,priscila.cardoso.souza.199@example.com,Belém,Supervisor de vendas,18,06134215399
Priscila Santos Rocha,priscila.santos.rocha.200@example.com,Porto Alegre,Chefe de compras,69,39303013085
Leonardo Costa Freitas,leonardo.costa.freitas.201@example.com,Goiânia,Coordenador de produção,47,46267622950
José Monteiro Cardoso,jose.monteiro.cardoso.202@example.com,Rondonópolis,Coordenador de logística,59,60618820857
Ricardo Martins Barbosa,ricardo.martins.barbosa.203@example.com,Londrina,Gerente de recursos humanos,52,13766484195
Gabriela Costa Barros,gabriela.costa.barros.204@example.com,Recife,Cozinheiro,18,50566912724
Ricardo Moreira Barros,ricardo.moreira.barros.205@example.com,Rondonópolis,Gerente comercial,58,82686052645
Camila Moreira Barros,camila.moreira.barros.206@example.com,Vitória,Cozinheiro,21,16736068773
Mariana Silva Rocha,mariana.silva.rocha.207@example.com,Recife,Contador,30,17628519763
Daniela Monteiro Alves,daniela.monteiro.alves.208@example.com,Niterói,Assistente administrativo,35,23288624396
Vitória Freitas Rocha,vitoria.freitas.rocha.209@example.com,Niterói,Nutricionista,56,07392925582
Fernanda Moreira Castro,fernanda.moreira.castro.210@example.com,Belo Horizonte,Coordenador de produção,46,55203652657
Henrique Carvalho Souza,henrique.carvalho.souza.211@example.com,Caxias do Sul,Mecânico,22,15438614407
Patrícia Alves Ribeiro,patricia.alves.ribeiro.212@example.com,Campo Grande,Gerente comercial,46,80330459437
Fernanda Monteiro Gomes,fernanda.monteiro.gomes.213@example.com,São Paulo,Analista financeiro,42,17570829565
Ricardo Fernandes Almeida,ricardo.fernandes.almeida.214@example.com,Maringá,Supervisor de manutenção,58,49413752022
Camila Santos Pereira,camila.santos.pereira.215@example.com,Niterói,Engenheiro civil,35,90244137350
Igor Teixeira Silva,igor.teixeira.silva.216@example.com,Cuiabá,Mecânico,37,01595385333
Aline Nascimento Rodrigues,aline.nascimento.rodrigues.217@example.com,Sorocaba,Assistente administrativo,58,31839347738
Henrique Freitas Pereira,henrique.freitas.pereira.218@example.com,Porto Alegre,Técnico de segurança do trabalho,28,34847045703
Tatiane Martins Souza,tatiane.martins.souza.219@example.com,Vitória,Eletricista,62,93316112430
Sandra Pereira Fernandes,sandra.pereira.fernandes.220@example.com,Niterói,Professor,35,11489292985
Amanda Monteiro Cardoso,amanda.monteiro.cardoso.221@example.com,Niterói,Técnico em informática,68,47434157524
Felipe Almeida Martins,felipe.almeida.martins.222@example.com,Caxias do Sul,Corretor de imóveis,39,42760593687
Vanessa Freitas Cardoso,vanessa.freitas.cardoso.223@example.com,Florianópolis,Estoquista,67,14383842145
João Cardoso Alves,joao.cardoso.alves.224@example.com,São Paulo,Técnico de enfermagem,54,02104296575
Daniela Fernandes Moreira,daniela.fernandes.moreira.225@example.com,Joinville,Contador,32,26484578861
Sérgio Alves Lima,sergio.alves.lima.226@example.com,Campinas,Gerente de operações,56,56048749436
Eduardo Monteiro Lima,eduardo.monteiro.lima.227@example.com,Belo Horizonte,Engenheiro civil,42,59755251248
Gustavo Pereira Dias,gustavo.pereira.dias.228@example.com,Cuiabá,Gerente de tecnologia,59,64467413725
José Souza Fernandes,jose.souza.fernandes.229@example.com,Santos,Mecânico,55,19876186772
Nicolas Moreira Dias,nicolas.moreira.dias.230@example.com,Campo Grande,Comprador,69,84078506384
Daniela Barbosa Santos,daniela.barbosa.santos.231@example.com,São Paulo,Cozinheiro,65,44750425512
Larissa Fernandes Cardoso,larissa.fernandes.cardoso.232@example.com,Campo Grande,Atendente,54,12208958394
Letícia Santos Fernandes,leticia.santos.fernandes.233@example.com,Belém,Atendente,51,47222299744
Simone Moreira Alves,simone.moreira.alves.234@example.com,Rondonópolis,Coordenador de logística,53,33882982151
Ana Lima Monteiro,ana.lima.monteiro.235@example.com,Goiânia,Coordenador de logística,67,06788160933
Daniela Lima Moreira,daniela.lima.moreira.236@example.com,Brasília,Gerente financeiro,27,51288045766
Sandra Pereira Mendes,sandra.pereira.mendes.237@example.com,Maringá,Pedreiro,19,54501310688
Paulo Silva Santos,paulo.silva.santos.238@example.com,Belo Horizonte,Coordenador de marketing,43,75110869627
Vinícius Lima Rocha,vinicius.lima.rocha.239@example.com,Belo Horizonte,Pedreiro,70,49902269868
Aline Pereira Costa,aline.pereira.costa.240@example.com,Rondonópolis,Técnico em informática,41,64488275157
Beatriz Mendes Santos,beatriz.mendes.santos.241@example.com,Campo Grande,Analista de recursos humanos,33,84000225985
Ana Costa Costa,ana.costa.costa.242@example.com,São Paulo,Engenheiro civil,32,46050874279
Leonardo Alves Araújo,leonardo.alves.araujo.243@example.com,Maringá,Comprador,57,55806978734
Henrique Carvalho Moreira,henrique.carvalho.moreira.244@example.com,Rondonópolis,Corretor de imóveis,28,31923665354
Amanda Carvalho Mendes,amanda.carvalho.mendes.245@example.com,Goiânia,Gerente comercial,26,47328860268
Paulo Pereira Monteiro,paulo.pereira.monteiro.246@example.com,Maringá,Gerente financeiro,51,85750578137
Carolina Souza Oliveira,carolina.souza.oliveira.247@example.com,Natal,Estoquista,33,84749475090
Letícia Lima Teixeira,leticia.lima.teixeira.248@example.com,Campinas,Técnico de enfermagem,47,19514770014
Sérgio Alves Freitas,sergio.alves.freitas.249@example.com,São Paulo,Jornalista,50,60811020331
Otávio Pereira Costa,otavio.pereira.costa.250@example.com,Rondonópolis,Analista de recursos humanos,22,75620220823
Priscila Cardoso Fernandes,priscila.cardoso.fernandes.251@example.com,Curitiba,Coordenador de produção,26,70673001761
Eduardo Monteiro Castro,eduardo.monteiro.castro.252@example.com,Florianópolis,Eletricista,32,33346572473
Nicolas Costa Araújo,nicolas.costa.araujo.253@example.com,Natal,Diretor de operações,58,56607764450
Carlos Fernandes Almeida,carlos.fernandes.almeida.254@example.com,Sorocaba,Nutricionista,23,71184970146
Pedro Dias Dias,pedro.dias.dias.255@example.com,Salvador,Gerente comercial,46,37582463054
Daniela Monteiro Carvalho,daniela.monteiro.carvalho.256@example.com,Londrina,Cozinheiro,69,81696853303
Priscila Pereira Cardoso,priscila.pereira.cardoso.257@example.com,Curitiba,Técnico em informática,49,63675759571
Letícia Rocha Barbosa,leticia.rocha.barbosa.258@example.com,Brasília,Supervisor de manutenção,24,47521598369
Sérgio Carvalho Martins,sergio.carvalho.martins.259@example.com,Caxias do Sul,Jornalista,66,79936501715
Diego Santos Nascimento,diego.santos.nascimento.260@example.com,Joinville,Farmacêutico,65,06092610848
Carolina Monteiro Mendes,carolina.monteiro.mendes.261@example.com,Belo Horizonte,Gerente financeiro,68,63829947920
Gustavo Castro Almeida,gustavo.castro.almeida.262@example.com,Manaus,Analista financeiro,44,09390272859
Thiago Santos Almeida,thiago.santos.almeida.263@example.com,Brasília,Vendedor,46,90193359396
Beatriz Barros Santos,beatriz.barros.santos.264@example.com,Natal,Coordenador de marketing,42,20649100882
Débora Pereira Rodrigues,debora.pereira.rodrigues.265@example.com,Sorocaba,Recepcionista,38,89315639758
Vanessa Santos Pereira,vanessa.santos.pereira.266@example.com,Dourados,Fisioterapeuta,66,43520487292
Carlos Carvalho Fernandes,carlos.carvalho.fernandes.267@example.com,Sorocaba,Mecânico,24,21743261475
Juliana Silva Souza,juliana.silva.souza.268@example.com,Curitiba,Cozinheiro,24,98257913383
Juliana Oliveira Monteiro,juliana.oliveira.monteiro.269@example.com,Fortaleza,Arquiteto,36,40529039189
Aline Alves Fernandes,aline.alves.fernandes.270@example.com,Campo Grande,Analista financeiro,65,52727041404
Vanessa Mendes Barbosa,vanessa.mendes.barbosa.271@example.com,Uberlândia,Jornalista,32,05740852185
Carolina Barros Teixeira,carolina.barros.teixeira.272@example.com,Belém,Supervisor de atendimento,49,58439590988
Mariana Dias Barbosa,mariana.dias.barbosa.273@example.com,Cuiabá,Jornalista,26,10711019249
Paulo Silva Araújo,paulo.silva.araujo.274@example.com,Cuiabá,Coordenador administrativo,23,47346141537
Camila Barros Teixeira,camila.barros.teixeira.275@example.com,Porto Alegre,Atendente,43,04131695393
Mariana Barros Nascimento,mariana.barros.nascimento.276@example.com,Salvador,Supervisor de qualidade,18,35056192796
Ana Nascimento Souza,ana.nascimento.souza.277@example.com,Campo Grande,Técnico em informática,31,45008867844
Bruno Mendes Rodrigues,bruno.mendes.rodrigues.278@example.com,Recife,Analista financeiro,24,26252781070
Pedro Rocha Dias,pedro.rocha.dias.279@example.com,Rio de Janeiro,Motorista,36,23306016783
Letícia Alves Mendes,leticia.alves.mendes.280@example.com,Porto Alegre,Gerente financeiro,55,05628380733
Simone Silva Oliveira,simone.silva.oliveira.281@example.com,Caxias do Sul,Operador de caixa,44,70687165816
Priscila Dias Pereira,priscila.dias.pereira.282@example.com,Londrina,Designer gráfico,26,05601567339
Daniela Moreira Mendes,daniela.moreira.mendes.283@example.com,Goiânia,Engenheiro civil,39,67417386729
Renata Castro Santos,renata.castro.santos.284@example.com,Niterói,Programador,19,87958407280
Priscila Monteiro Silva,priscila.monteiro.silva.285@example.com,Natal,Atendente,36,87605310176
Mariana Monteiro Souza,mariana.monteiro.souza.286@example.com,Belo Horizonte,Nutricionista,38,34755565588
Leonardo Costa Teixeira,leonardo.costa.teixeira.287@example.com,Vitória,Coordenador de logística,65,83326466001
Carlos Rocha Rocha,carlos.rocha.rocha.288@example.com,Joinville,Chefe de almoxarifado,69,39019826670
Aline Monteiro Monteiro,aline.monteiro.monteiro.289@example.com,Vitória,Farmacêutico,60,28768672314
Pedro Almeida Teixeira,pedro.almeida.teixeira.290@example.com,São Paulo,Professor,48,06361414604
Marcelo Mendes Moreira,marcelo.mendes.moreira.291@example.com,Salvador,Arquiteto,34,79204745659
Ana Nascimento Nascimento,ana.nascimento.nascimento.292@example.com,Niterói,Padeiro,23,10596117086
Ricardo Carvalho Carvalho,ricardo.carvalho.carvalho.293@example.com,Curitiba,Designer gráfico,19,93655246899
Leonardo Oliveira Oliveira,leonardo.oliveira.oliveira.294@example.com,Curitiba,Coordenador de logística,19,63782046440
Bruno Monteiro Almeida,bruno.monteiro.almeida.295@example.com,Cuiabá,Coordenador de produção,42,49380132793
Ricardo Silva Alves,ricardo.silva.alves.296@example.com,Uberlândia,Programador,58,24908762253
Gabriela Teixeira Castro,gabriela.teixeira.castro.297@example.com,Salvador,Diretor comercial,33,80521640012
Rafael Souza Rodrigues,rafael.souza.rodrigues.298@example.com,Campo Grande,Motorista,43,76031928378
Nicolas Freitas Cardoso,nicolas.freitas.cardoso.299@example.com,Londrina,Supervisor de vendas,50,90977579677
Marcelo Moreira Lima,marcelo.moreira.lima.300@example.com,Cuiabá,Atendente,64,89239946031
Amanda Mendes Rodrigues,amanda.mendes.rodrigues.301@example.com,Salvador,Contador,37,04075973219
Igor Cardoso Barbosa,igor.cardoso.barbosa.302@example.com,Goiânia,Supervisor de qualidade,22,22466074575
Luana Monteiro Monteiro,luana.monteiro.monteiro.303@example.com,Belém,Designer gráfico,50,19709659530
Henrique Silva Moreira,henrique.silva.moreira.304@example.com,Rio de Janeiro,Comprador,67,49528432422
Renata Nascimento Teixeira,renata.nascimento.teixeira.305@example.com,Caxias do Sul,Professor,56,38512001276
Fernanda Lima Fernandes,fernanda.lima.fernandes.306@example.com,Santos,Jornalista,50,19571524599
Renata Moreira Nascimento,renata.moreira.nascimento.307@example.com,Campinas,Analista financeiro,56,99733468168
Carlos Rocha Monteiro,carlos.rocha.monteiro.308@example.com,Dourados,Encarregado de produção,20,59697287146
Daniela Mendes Barbosa,daniela.mendes.barbosa.309@example.com,São Paulo,Engenheiro civil,33,50428247389
Marcelo Dias Pereira,marcelo.dias.pereira.310@example.com,São Paulo,Operador de caixa,56,98125903592
Beatriz Alves Fernandes,beatriz.alves.fernandes.311@example.com,Londrina,Analista de dados,35,26881682701
Leonardo Moreira Lima,leonardo.moreira.lima.312@example.com,Rio de Janeiro,Corretor de imóveis,55,05145231303
Sérgio Barros Costa,sergio.barros.costa.313@example.com,Vitória,Técnico de segurança do trabalho,61,99583296090
Otávio Barbosa Barbosa,otavio.barbosa.barbosa.314@example.com,Uberlândia,Contador,21,27723025300
Vanessa Monteiro Mendes,vanessa.monteiro.mendes.315@example.com,Brasília,Gerente financeiro,52,48111401847
Amanda Souza Alves,amanda.souza.alves.316@example.com,Goiânia,Analista de recursos humanos,27,69733861430
Amanda Araújo Gomes,amanda.araujo.gomes.317@example.com,Manaus,Vendedor,35,72589018036
Thiago Almeida Oliveira,thiago.almeida.oliveira.318@example.com,Porto Alegre,Motorista,55,52819836985
Carlos Rodrigues Souza,carlos.rodrigues.souza.319@example.com,Dourados,Advogado,45,36036759471
Simone Gomes Moreira,simone.gomes.moreira.320@example.com,Cuiabá,Supervisor de atendimento,25,34820455779
Gabriela Rocha Dias,gabriela.rocha.dias.321@example.com,Campo Grande,Gerente financeiro,48,28009928353
Vitória Silva Dias,vitoria.silva.dias.322@example.com,Goiânia,Arquiteto,19,05620933838
Carlos Teixeira Mendes,carlos.teixeira.mendes.323@example.com,Salvador,Assistente comercial,25,54955649179
Lucas Martins Nascimento,lucas.martins.nascimento.324@example.com,Salvador,Encarregado de produção,45,72939747690
Thiago Freitas Silva,thiago.freitas.silva.325@example.com,Fortaleza,Estoquista,24,65544992738
Igor Araújo Rodrigues,igor.araujo.rodrigues.326@example.com,Fortaleza,Assistente administrativo,32,24217310463
Gustavo Dias Carvalho,gustavo.dias.carvalho.327@example.com,Manaus,Mecânico,34,56849092828
João Ribeiro Pereira,joao.ribeiro.pereira.328@example.com,Manaus,Supervisor de manutenção,50,85967327138
Paulo Nascimento Dias,paulo.nascimento.dias.329@example.com,Fortaleza,Supervisor de qualidade,61,71052530801
Camila Castro Moreira,camila.castro.moreira.330@example.com,Belém,Nutricionista,26,81236002581
Gabriel Martins Barros,gabriel.martins.barros.331@example.com,Campo Grande,Coordenador de logística,41,41383109928
Vitória Gomes Teixeira,vitoria.gomes.teixeira.332@example.com,Sorocaba,Técnico em informática,44,40566647219
Priscila Cardoso Dias,priscila.cardoso.dias.333@example.com,Rio de Janeiro,Recepcionista,28,37276271348
Gabriel Souza Gomes,gabriel.souza.gomes.334@example.com,Fortaleza,Coordenador administrativo,51,77605614385
Camila Barbosa Monteiro,camila.barbosa.monteiro.335@example.com,Campo Grande,Arquiteto,56,57695824882
Patrícia Barros Nascimento,patricia.barros.nascimento.336@example.com,Londrina,Diretor comercial,23,52610670006
Juliana Teixeira Rocha,juliana.teixeira.rocha.337@example.com,Santos,Diretor de operações,56,86926630132
Eduardo Souza Dias,eduardo.souza.dias.338@example.com,Dourados,Assistente comercial,32,85341588293
José Gomes Dias,jose.gomes.dias.339@example.com,Joinville,Coordenador de produção,57,70342947899
Igor Araújo Araújo,igor.araujo.araujo.340@example.com,Curitiba,Supervisor de atendimento,60,63837871349
Vitória Costa Rocha,vitoria.costa.rocha.341@example.com,Niterói,Supervisor de atendimento,36,33045987081
Pedro Monteiro Dias,pedro.monteiro.dias.342@example.com,Sorocaba,Contador,45,81900345867
Tatiane Martins Ribeiro,tatiane.martins.ribeiro.343@example.com,Belo Horizonte,Cozinheiro,47,39988877576
Luana Almeida Gomes,luana.almeida.gomes.344@example.com,Joinville,Motorista,68,79553656821
Rafael Moreira Pereira,rafael.moreira.pereira.345@example.com,Curitiba,Diretor comercial,22,26431605954
Patrícia Silva Pereira,patricia.silva.pereira.346@example.com,São Paulo,Mecânico,22,31667463690
João Carvalho Ribeiro,joao.carvalho.ribeiro.347@example.com,Dourados,Enfermeiro,32,98776565025
Ana Carvalho Barbosa,ana.carvalho.barbosa.348@example.com,Niterói,Chefe de departamento pessoal,67,76556098200
Débora Mendes Moreira,debora.mendes.moreira.349@example.com,Uberlândia,Gerente de recursos humanos,69,79367262797
Gabriela Carvalho Fernandes,gabriela.carvalho.fernandes.350@example.com,Brasília,Analista de marketing,69,34074373286
Marcelo Gomes Costa,marcelo.gomes.costa.351@example.com,Campo Grande,Encarregado de produção,40,21427722645
Paulo Monteiro Lima,paulo.monteiro.lima.352@example.com,Belo Horizonte,Estoquista,66,29261296953
Henrique Silva Freitas,henrique.silva.freitas.353@example.com,Santos,Atendente,48,16917317651
Pedro Ribeiro Araújo,pedro.ribeiro.araujo.354@example.com,Rondonópolis,Engenheiro civil,54,05265241263
Marcelo Nascimento Barros,marcelo.nascimento.barros.355@example.com,Campinas,Assistente comercial,38,81173968447
Fernanda Nascimento Rocha,fernanda.nascimento.rocha.356@example.com,Joinville,Gerente financeiro,45,87326229602
Fernanda Martins Almeida,fernanda.martins.almeida.357@example.com,Natal,Técnico de enfermagem,50,82515487198
Marcelo Pereira Costa,marcelo.pereira.costa.358@example.com,Rio de Janeiro,Advogado,37,72520572470
Larissa Alves Santos,larissa.alves.santos.359@example.com,Vitória,Assistente comercial,43,77938804614
Pedro Castro Martins,pedro.castro.martins.360@example.com,Santos,Supervisor de atendimento,37,38064113928
Leonardo Oliveira Alves,leonardo.oliveira.alves.361@example.com,Curitiba,Gerente financeiro,64,37069095370
Vanessa Rocha Alves,vanessa.rocha.alves.362@example.com,Porto Alegre,Professor,34,08644370271
Ana Santos Rocha,ana.santos.rocha.363@example.com,Maringá,Motorista,46,37503933112
Luana Araújo Ribeiro,luana.araujo.ribeiro.364@example.com,Fortaleza,Analista de dados,48,97257533507
Aline Araújo Castro,aline.araujo.castro.365@example.com,Campo Grande,Enfermeiro,59,63201927819
Luana Monteiro Barbosa,luana.monteiro.barbosa.366@example.com,Manaus,Chefe de almoxarifado,56,55608734663
Patrícia Alves Castro,patricia.alves.castro.367@example.com,Rio de Janeiro,Gerente de recursos humanos,27,43215284032
Gustavo Oliveira Ribeiro,gustavo.oliveira.ribeiro.368@example.com,Belém,Corretor de imóveis,18,29985224695
Otávio Souza Araújo,otavio.souza.araujo.369@example.com,Sorocaba,Recepcionista,48,20022797006
Débora Barros Mendes,debora.barros.mendes.370@example.com,Florianópolis,Analista de marketing,22,04541915745
Diego Pereira Barros,diego.pereira.barros.371@example.com,Salvador,Supervisor de manutenção,43,42717128263
Eduardo Rodrigues Ribeiro,eduardo.rodrigues.ribeiro.372@example.com,Joinville,Corretor de imóveis,32,10503051750
Lucas Freitas Rodrigues,lucas.freitas.rodrigues.373@example.com,Brasília,Engenheiro civil,41,23789857127
Felipe Rodrigues Mendes,felipe.rodrigues.mendes.374@example.com,Cuiabá,Supervisor de qualidade,69,87542302730
Gustavo Pereira Cardoso,gustavo.pereira.cardoso.375@example.com,Campo Grande,Engenheiro civil,47,68207680873
Diego Cardoso Almeida,diego.cardoso.almeida.376@example.com,Florianópolis,Analista de recursos humanos,27,43647113424
Gustavo Santos Dias,gustavo.santos.dias.377@example.com,Belém,Encarregado de produção,44,57719020898
Gabriel Almeida Rocha,gabriel.almeida.rocha.378@example.com,Campinas,Professor,46,16733577979
Otávio Dias Rodrigues,otavio.dias.rodrigues.379@example.com,Joinville,Técnico de enfermagem,58,76885242175
Igor Barbosa Oliveira,igor.barbosa.oliveira.380@example.com,Vitória,Operador de caixa,57,14706452171
Simone Mendes Barbosa,simone.mendes.barbosa.381@example.com,Joinville,Supervisor de atendimento,23,49320408943
Fernanda Gomes Cardoso,fernanda.gomes.cardoso.382@example.com,Brasília,Assistente comercial,55,75065850427
Gabriela Mendes Souza,gabriela.mendes.souza.383@example.com,Vitória,Chefe de almoxarifado,45,54729504588
Tatiane Costa Oliveira,tatiane.costa.oliveira.384@example.com,Brasília,Pedreiro,39,15160029248
Vanessa Freitas Gomes,vanessa.freitas.gomes.385@example.com,Santos,Atendente,65,67475257231
João Fernandes Pereira,joao.fernandes.pereira.386@example.com,Campinas,Diretor comercial,69,61707981449
Débora Lima Fernandes,debora.lima.fernandes.387@example.com,Campinas,Motorista,54,14269452664
Fernanda Araújo Lima,fernanda.araujo.lima.388@example.com,Manaus,Coordenador de produção,51,88935580209
Gabriel Gomes Nascimento,gabriel.gomes.nascimento.389@example.com,Sorocaba,Chefe de compras,49,56012587729
Vinícius Almeida Rodrigues,vinicius.almeida.rodrigues.390@example.com,Campinas,Fisioterapeuta,51,69032871592
Sandra Freitas Lima,sandra.freitas.lima.391@example.com,Fortaleza,Supervisor de qualidade,36,93234416311
Juliana Martins Freitas,juliana.martins.freitas.392@example.com,Dourados,Analista de recursos humanos,32,10304639169
João Freitas Ribeiro,joao.freitas.ribeiro.393@example.com,Florianópolis,Farmacêutico,65,45649480659
Thiago Silva Rocha,thiago.silva.rocha.394@example.com,Campinas,Estoquista,67,86106356145
Carlos Barros Silva,carlos.barros.silva.395@example.com,Porto Alegre,Arquiteto,42,37015294480
Tatiane Silva Barros,tatiane.silva.barros.396@example.com,Niterói,Padeiro,49,06049996823
Larissa Silva Carvalho,larissa.silva.carvalho.397@example.com,Dourados,Diretor comercial,57,17281863435
Débora Ribeiro Martins,debora.ribeiro.martins.398@example.com,Belém,Gerente financeiro,30,69299690684
Letícia Pereira Carvalho,leticia.pereira.carvalho.399@example.com,São Paulo,Gerente de recursos humanos,35,07729004273
Ricardo Martins Rodrigues,ricardo.martins.rodrigues.400@example.com,Joinville,Farmacêutico,27,51357889995
Diego Souza Castro,diego.souza.castro.401@example.com,Belém,Analista de recursos humanos,58,47007939575
Bruno Barbosa Freitas,bruno.barbosa.freitas.402@example.com,Joinville,Analista de dados,33,85066759277
José Santos Rodrigues,jose.santos.rodrigues.403@example.com,Belo Horizonte,Coordenador administrativo,49,44003596369
Daniela Ribeiro Castro,daniela.ribeiro.castro.404@example.com,Maringá,Gerente de tecnologia,26,40592977131
Sandra Oliveira Nascimento,sandra.oliveira.nascimento.405@example.com,Dourados,Encarregado de produção,70,14414436631
Daniela Oliveira Pereira,daniela.oliveira.pereira.406@example.com,Porto Alegre,Gerente de tecnologia,38,68329638481
Rafael Moreira Alves,rafael.moreira.alves.407@example.com,Brasília,Gerente financeiro,43,04543658578
Juliana Almeida Barros,juliana.almeida.barros.408@example.com,Porto Alegre,Fisioterapeuta,41,33819865607
Amanda Santos Teixeira,amanda.santos.teixeira.409@example.com,Cuiabá,Arquiteto,57,33954506585
Ana Teixeira Pereira,ana.teixeira.pereira.410@example.com,Sorocaba,Técnico de enfermagem,30,80397981289
Renata Alves Pereira,renata.alves.pereira.411@example.com,Natal,Supervisor de atendimento,70,20417147571
Débora Almeida Martins,debora.almeida.martins.412@example.com,Curitiba,Supervisor de vendas,44,76017383439
Sérgio Santos Silva,sergio.santos.silva.413@example.com,Campo Grande,Auxiliar de produção,42,82719497096
Simone Barbosa Souza,simone.barbosa.souza.414@example.com,Fortaleza,Corretor de imóveis,61,13745695253
Diego Carvalho Lima,diego.carvalho.lima.415@example.com,Sorocaba,Professor,41,40428659970
Pedro Castro Teixeira,pedro.castro.teixeira.416@example.com,São Paulo,Nutricionista,35,30880419512
Carlos Freitas Mendes,carlos.freitas.mendes.417@example.com,Cuiabá,Enfermeiro,44,85325754040
José Silva Moreira,jose.silva.moreira.418@example.com,Caxias do Sul,Fisioterapeuta,53,10477642390
Gabriel Silva Almeida,gabriel.silva.almeida.419@example.com,Joinville,Encarregado de produção,26,69076951286
Renata Moreira Rodrigues,renata.moreira.rodrigues.420@example.com,Maringá,Atendente,33,95426048648
Ana Monteiro Almeida,ana.monteiro.almeida.421@example.com,Campinas,Diretor comercial,26,00844200308
Otávio Moreira Freitas,otavio.moreira.freitas.422@example.com,Fortaleza,Gerente comercial,25,28967840748
Lucas Lima Dias,lucas.lima.dias.423@example.com,São Paulo,Coordenador de marketing,66,67455678210
Rafael Oliveira Almeida,rafael.oliveira.almeida.424@example.com,Santos,Jornalista,68,97775227773
Aline Almeida Souza,aline.almeida.souza.425@example.com,Curitiba,Contador,66,65911433827
Sandra Santos Freitas,sandra.santos.freitas.426@example.com,Campo Grande,Líder de equipe,19,07035057874
Paulo Lima Teixeira,paulo.lima.teixeira.427@example.com,Maringá,Técnico de enfermagem,29,03258151515
Sandra Teixeira Almeida,sandra.teixeira.almeida.428@example.com,Recife,Eletricista,44,38034184096
Mariana Mendes Castro,mariana.mendes.castro.429@example.com,Caxias do Sul,Advogado,46,32801529741
Henrique Silva Moreira,henrique.silva.moreira.430@example.com,Maringá,Chefe de compras,70,17243714331
Ricardo Santos Gomes,ricardo.santos.gomes.431@example.com,Florianópolis,Nutricionista,27,76525634551
Carlos Oliveira Lima,carlos.oliveira.lima.432@example.com,Recife,Vendedor,36,84284930784
Marcelo Almeida Mendes,marcelo.almeida.mendes.433@example.com,Fortaleza,Chefe de departamento pessoal,30,54539247937
Patrícia Almeida Mendes,patricia.almeida.mendes.434@example.com,Niterói,Gerente de tecnologia,67,15980064480
Fernanda Moreira Lima,fernanda.moreira.lima.435@example.com,Fortaleza,Técnico de segurança do trabalho,53,53580809329
Diego Fernandes Souza,diego.fernandes.souza.436@example.com,Rondonópolis,Motorista,37,27171819342
Juliana Monteiro Rodrigues,juliana.monteiro.rodrigues.437@example.com,Cuiabá,Engenheiro civil,69,07473906936
Débora Nascimento Cardoso,debora.nascimento.cardoso.438@example.com,Fortaleza,Vendedor,36,03850365392
Leonardo Araújo Araújo,leonardo.araujo.araujo.439@example.com,Brasília,Diretor de operações,23,34084122332
Leonardo Castro Fernandes,leonardo.castro.fernandes.440@example.com,Fortaleza,Gerente de operações,55,97430526905
Pedro Monteiro Alves,pedro.monteiro.alves.441@example.com,Goiânia,Gerente financeiro,27,68903918740
Nicolas Ribeiro Fernandes,nicolas.ribeiro.fernandes.442@example.com,Belém,Nutricionista,62,93678788391
Letícia Pereira Lima,leticia.pereira.lima.443@example.com,Maringá,Chefe de compras,28,95715766959
Sérgio Barbosa Souza,sergio.barbosa.souza.444@example.com,São Paulo,Estoquista,70,08902869637
Carlos Freitas Lima,carlos.freitas.lima.445@example.com,Natal,Analista financeiro,22,50404856252
Sandra Monteiro Teixeira,sandra.monteiro.teixeira.446@example.com,Belém,Gerente de recursos humanos,40,02824288209
Rafael Cardoso Santos,rafael.cardoso.santos.447@example.com,São Paulo,Chefe de compras,62,77352437197
Letícia Lima Carvalho,leticia.lima.carvalho.448@example.com,Vitória,Padeiro,56,53189902953
Pedro Rodrigues Silva,pedro.rodrigues.silva.449@example.com,Brasília,Mecânico,43,03538173554
Igor Lima Oliveira,igor.lima.oliveira.450@example.com,Campo Grande,Gerente de operações,44,32377597272
Larissa Castro Carvalho,larissa.castro.carvalho.451@example.com,São Paulo,Supervisor de vendas,18,22792149495
Nicolas Araújo Martins,nicolas.araujo.martins.452@example.com,Santos,Farmacêutico,70,42579155638
Diego Fernandes Almeida,diego.fernandes.almeida.453@example.com,Cuiabá,Atendente,24,70258321201
Bruno Dias Barbosa,bruno.dias.barbosa.454@example.com,Caxias do Sul,Analista financeiro,67,23505443511
Beatriz Cardoso Costa,beatriz.cardoso.costa.455@example.com,Vitória,Analista de dados,19,18374252052
Pedro Dias Castro,pedro.dias.castro.456@example.com,Dourados,Coordenador de marketing,62,38883536694
Nicolas Barros Barros,nicolas.barros.barros.457@example.com,Santos,Vendedor,28,86559939102
Marcelo Dias Santos,marcelo.dias.santos.458@example.com,Rondonópolis,Analista de marketing,26,84782068196
Simone Santos Almeida,simone.santos.almeida.459@example.com,Maringá,Fisioterapeuta,34,17976043900
Aline Souza Araújo,aline.souza.araujo.460@example.com,Belém,Assistente comercial,29,85699320399
Gabriel Gomes Dias,gabriel.gomes.dias.461@example.com,Maringá,Técnico de enfermagem,38,09996191157
Tatiane Carvalho Castro,tatiane.carvalho.castro.462@example.com,Caxias do Sul,Gerente de operações,51,95206845033
Mariana Moreira Gomes,mariana.moreira.gomes.463@example.com,Maringá,Líder de equipe,52,66754181346
Letícia Teixeira Nascimento,leticia.teixeira.nascimento.464@example.com,Campinas,Farmacêutico,19,62252314538
Renata Moreira Santos,renata.moreira.santos.465@example.com,Brasília,Diretor comercial,23,31512856511
Thiago Costa Dias,thiago.costa.dias.466@example.com,Rio de Janeiro,Motorista,57,82625242730
Gabriela Monteiro Carvalho,gabriela.monteiro.carvalho.467@example.com,Fortaleza,Líder de equipe,59,43856106462
Igor Barbosa Pereira,igor.barbosa.pereira.468@example.com,Rio de Janeiro,Assistente comercial,23,88671076715
Carlos Cardoso Silva,carlos.cardoso.silva.469@example.com,Santos,Fisioterapeuta,68,50950798340
Débora Monteiro Monteiro,debora.monteiro.monteiro.470@example.com,Rio de Janeiro,Engenheiro civil,62,15663468109
Sérgio Nascimento Nascimento,sergio.nascimento.nascimento.471@example.com,Porto Alegre,Engenheiro civil,68,44302107893
Mariana Barbosa Alves,mariana.barbosa.alves.472@example.com,Recife,Advogado,28,62155295653
Henrique Carvalho Araújo,henrique.carvalho.araujo.473@example.com,Belo Horizonte,Comprador,52,82828091015
Gabriel Dias Moreira,gabriel.dias.moreira.474@example.com,Florianópolis,Cozinheiro,68,69819493532
Nicolas Santos Dias,nicolas.santos.dias.475@example.com,Niterói,Jornalista,40,96762640402
Amanda Martins Moreira,amanda.martins.moreira.476@example.com,Rondonópolis,Diretor de operações,63,13442744476
Letícia Freitas Ribeiro,leticia.freitas.ribeiro.477@example.com,Caxias do Sul,Mecânico,23,08539014060
Vinícius Freitas Oliveira,vinicius.freitas.oliveira.478@example.com,Belo Horizonte,Gerente de tecnologia,70,75758071668
Pedro Freitas Mendes,pedro.freitas.mendes.479@example.com,Joinville,Vendedor,55,57700662905
Simone Freitas Gomes,simone.freitas.gomes.480@example.com,Vitória,Coordenador de marketing,55,08233896389
Ana Carvalho Oliveira,ana.carvalho.oliveira.481@example.com,Vitória,Engenheiro civil,43,19861085848
Renata Silva Pereira,renata.silva.pereira.482@example.com,Londrina,Nutricionista,25,39786432417
Lucas Barbosa Barros,lucas.barbosa.barros.483@example.com,Belo Horizonte,Analista de dados,42,37108047244
Nicolas Santos Martins,nicolas.santos.martins.484@example.com,Recife,Engenheiro civil,47,91649686686
Luana Cardoso Fernandes,luana.cardoso.fernandes.485@example.com,Santos,Cozinheiro,31,85478360322
Ana Martins Gomes,ana.martins.gomes.486@example.com,Campinas,Analista de marketing,66,60598779519
Carolina Almeida Cardoso,carolina.almeida.cardoso.487@example.com,Fortaleza,Chefe de departamento pessoal,57,38700340773
Marcelo Alves Moreira,marcelo.alves.moreira.488@example.com,Curitiba,Analista de dados,42,34224835724
Diego Pereira Lima,diego.pereira.lima.489@example.com,Manaus,Corretor de imóveis,62,52904369019
Lucas Teixeira Ribeiro,lucas.teixeira.ribeiro.490@example.com,Caxias do Sul,Coordenador de logística,32,22052442980
Sérgio Lima Almeida,sergio.lima.almeida.491@example.com,Manaus,Chefe de almoxarifado,44,38414283550
Sandra Ribeiro Barros,sandra.ribeiro.barros.492@example.com,Brasília,Supervisor de vendas,61,34676055690
Gabriel Castro Martins,gabriel.castro.martins.493@example.com,Uberlândia,Encarregado de produção,21,49954841711
Lucas Freitas Araújo,lucas.freitas.araujo.494@example.com,Santos,Chefe de departamento pessoal,27,19499603122
Thiago Gomes Santos,thiago.gomes.santos.495@example.com,Vitória,Supervisor de qualidade,58,64367833268
Bruno Costa Almeida,bruno.costa.almeida.496@example.com,Brasília,Arquiteto,65,71643950575
Ana Rodrigues Rodrigues,ana.rodrigues.rodrigues.497@example.com,Recife,Advogado,68,16410408794
Luana Rocha Moreira,luana.rocha.moreira.498@example.com,Belém,Diretor de operações,69,98400808791
Larissa Rodrigues Barbosa,larissa.rodrigues.barbosa.499@example.com,Fortaleza,Chefe de departamento pessoal,70,93943091949
Carolina Rocha Rodrigues,carolina.rocha.rodrigues.500@example.com,Belém,Operador de caixa,41,74804743884
Ricardo Alves Freitas,ricardo.alves.freitas.501@example.com,Goiânia,Assistente comercial,42,23668510120
Gabriel Silva Barbosa,gabriel.silva.barbosa.502@example.com,Manaus,Vendedor,18,05422600602
Felipe Castro Santos,felipe.castro.santos.503@example.com,Rio de Janeiro,Diretor comercial,66,10503897736
Daniela Mendes Mendes,daniela.mendes.mendes.504@example.com,Dourados,Eletricista,43,49229995439
Daniela Lima Lima,daniela.lima.lima.505@example.com,Porto Alegre,Analista de recursos humanos,64,52759834584
Daniela Ribeiro Freitas,daniela.ribeiro.freitas.506@example.com,Florianópolis,Eletricista,39,73872303475
Henrique Barbosa Alves,henrique.barbosa.alves.507@example.com,Rio de Janeiro,Diretor de operações,67,87040096414
Ana Mendes Barros,ana.mendes.barros.508@example.com,Maringá,Programador,40,87074181711
Priscila Araújo Teixeira,priscila.araujo.teixeira.509@example.com,Sorocaba,Analista financeiro,45,47850966972
Sérgio Castro Araújo,sergio.castro.araujo.510@example.com,São Paulo,Analista de marketing,44,26917077030
Vanessa Castro Silva,vanessa.castro.silva.511@example.com,Brasília,Comprador,22,90313890119
Pedro Araújo Fernandes,pedro.araujo.fernandes.512@example.com,Niterói,Líder de equipe,70,36087974941
Priscila Fernandes Barros,priscila.fernandes.barros.513@example.com,Santos,Coordenador de logística,34,91572317985
Priscila Castro Nascimento,priscila.castro.nascimento.514@example.com,Goiânia,Analista financeiro,23,42403805812
Camila Mendes Nascimento,camila.mendes.nascimento.515@example.com,Goiânia,Engenheiro civil,48,75195661657
Mariana Castro Araújo,mariana.castro.araujo.516@example.com,Fortaleza,Técnico em informática,39,41162472074
Thiago Ribeiro Silva,thiago.ribeiro.silva.517@example.com,Belém,Supervisor de atendimento,59,75802646411
João Silva Alves,joao.silva.alves.518@example.com,Manaus,Chefe de almoxarifado,58,62937060767
Otávio Oliveira Teixeira,otavio.oliveira.teixeira.519@example.com,Porto Alegre,Enfermeiro,41,10091982373
Mariana Costa Freitas,mariana.costa.freitas.520@example.com,São Paulo,Cozinheiro,61,62010189889
Daniela Barros Freitas,daniela.barros.freitas.521@example.com,Sorocaba,Contador,33,51536324257
Nicolas Silva Moreira,nicolas.silva.moreira.522@example.com,Dourados,Assistente administrativo,19,81688959827
José Gomes Barros,jose.gomes.barros.523@example.com,Londrina,Enfermeiro,56,29384065630
Henrique Alves Castro,henrique.alves.castro.524@example.com,Sorocaba,Designer gráfico,34,81559865361
Bruno Ribeiro Alves,bruno.ribeiro.alves.525@example.com,Recife,Nutricionista,26,28625776714
Priscila Almeida Almeida,priscila.almeida.almeida.526@example.com,Cuiabá,Analista de marketing,70,93519463375
José Lima Freitas,jose.lima.freitas.527@example.com,Campo Grande,Assistente administrativo,25,40303037420
Letícia Santos Barros,leticia.santos.barros.528@example.com,Uberlândia,Coordenador administrativo,23,80464783382
Marcelo Mendes Pereira,marcelo.mendes.pereira.529@example.com,São Paulo,Programador,58,03471466291
Igor Martins Freitas,igor.martins.freitas.530@example.com,São Paulo,Cozinheiro,58,54817004919
Igor Costa Oliveira,igor.costa.oliveira.531@example.com,Florianópolis,Pedreiro,55,63676091079
Lucas Silva Castro,lucas.silva.castro.532@example.com,Belo Horizonte,Engenheiro civil,30,27459036603
Luana Lima Costa,luana.lima.costa.533@example.com,Dourados,Chefe de departamento pessoal,33,80839072490
Simone Gomes Almeida,simone.gomes.almeida.534@example.com,Dourados,Supervisor de vendas,62,04603684148
Rafael Freitas Pereira,rafael.freitas.pereira.535@example.com,Dourados,Gerente financeiro,49,72673874686
Letícia Costa Moreira,leticia.costa.moreira.536@example.com,Belo Horizonte,Supervisor de qualidade,59,47553956128
Gustavo Freitas Mendes,gustavo.freitas.mendes.537@example.com,Campinas,Auxiliar de produção,22,63840769051
Carlos Barros Oliveira,carlos.barros.oliveira.538@example.com,Natal,Supervisor de qualidade,68,83810700873
Juliana Ribeiro Moreira,juliana.ribeiro.moreira.539@example.com,Manaus,Farmacêutico,26,55009872890
Igor Oliveira Barros,igor.oliveira.barros.540@example.com,Campinas,Assistente comercial,52,91465014717
Juliana Fernandes Freitas,juliana.fernandes.freitas.541@example.com,Fortaleza,Coordenador de produção,64,79278773878
Larissa Oliveira Carvalho,larissa.oliveira.carvalho.542@example.com,Cuiabá,Jornalista,68,54943783891
Marcelo Monteiro Martins,marcelo.monteiro.martins.543@example.com,Belém,Assistente administrativo,32,09335000345
Diego Moreira Lima,diego.moreira.lima.544@example.com,Recife,Supervisor de vendas,40,05462237367
Beatriz Freitas Teixeira,beatriz.freitas.teixeira.545@example.com,Rondonópolis,Designer gráfico,68,77935301038
Priscila Nascimento Pereira,priscila.nascimento.pereira.546@example.com,Manaus,Advogado,27,68658933950
Juliana Silva Cardoso,juliana.silva.cardoso.547@example.com,Caxias do Sul,Farmacêutico,66,06143932666
Sérgio Barbosa Rocha,sergio.barbosa.rocha.548@example.com,São Paulo,Motorista,27,26811670868
Luana Freitas Souza,luana.freitas.souza.549@example.com,Porto Alegre,Motorista,23,49672550726
Thiago Freitas Carvalho,thiago.freitas.carvalho.550@example.com,Florianópolis,Enfermeiro,33,40273826105
João Rodrigues Barbosa,joao.rodrigues.barbosa.551@example.com,Niterói,Líder de equipe,69,41375322616
Nicolas Cardoso Barbosa,nicolas.cardoso.barbosa.552@example.com,Campinas,Estoquista,64,90743810290
Tatiane Santos Rodrigues,tatiane.santos.rodrigues.553@example.com,Cuiabá,Programador,46,17148664919
Letícia Pereira Carvalho,leticia.pereira.carvalho.554@example.com,Sorocaba,Encarregado de produção,63,71839428107
Simone Monteiro Martins,simone.monteiro.martins.555@example.com,Campinas,Encarregado de produção,53,47106126917
Simone Teixeira Mendes,simone.teixeira.mendes.556@example.com,Manaus,Vendedor,46,52760766195
José Freitas Castro,jose.freitas.castro.557@example.com,Curitiba,Eletricista,61,74119432322
Sandra Rocha Teixeira,sandra.rocha.teixeira.558@example.com,Maringá,Professor,57,51266904533
Amanda Silva Freitas,amanda.silva.freitas.559@example.com,Curitiba,Técnico de enfermagem,25,40059914673
Mariana Cardoso Nascimento,mariana.cardoso.nascimento.560@example.com,Campo Grande,Estoquista,29,82531544842
Marcelo Alves Costa,marcelo.alves.costa.561@example.com,Caxias do Sul,Estoquista,53,39608856069
Ricardo Alves Fernandes,ricardo.alves.fernandes.562@example.com,Uberlândia,Enfermeiro,56,58109698765
Vanessa Castro Costa,vanessa.castro.costa.563@example.com,Santos,Chefe de compras,53,16094410439
Simone Pereira Pereira,simone.pereira.pereira.564@example.com,Curitiba,Engenheiro civil,41,42107283220
José Souza Moreira,jose.souza.moreira.565@example.com,Porto Alegre,Líder de equipe,28,39683427393
Fernanda Nascimento Fernandes,fernanda.nascimento.fernandes.566@example.com,Rio de Janeiro,Assistente administrativo,19,97058918575
Mariana Teixeira Almeida,mariana.teixeira.almeida.567@example.com,Rio de Janeiro,Chefe de almoxarifado,59,34572225618
João Lima Barbosa,joao.lima.barbosa.568@example.com,Campo Grande,Gerente financeiro,23,69421454157
Renata Alves Dias,renata.alves.dias.569@example.com,Salvador,Gerente de operações,66,81928421334
Simone Dias Rocha,simone.dias.rocha.570@example.com,Rio de Janeiro,Farmacêutico,63,11229733098
Carlos Alves Teixeira,carlos.alves.teixeira.571@example.com,Curitiba,Assistente comercial,42,04656315738
Larissa Monteiro Fernandes,larissa.monteiro.fernandes.572@example.com,Niterói,Fisioterapeuta,53,47165606411
Amanda Monteiro Ribeiro,amanda.monteiro.ribeiro.573@example.com,Vitória,Coordenador administrativo,61,94496329113
Luana Souza Santos,luana.souza.santos.574@example.com,Caxias do Sul,Analista financeiro,29,40800362220
Felipe Dias Barbosa,felipe.dias.barbosa.575@example.com,Manaus,Vendedor,56,30825575902
Vinícius Carvalho Monteiro,vinicius.carvalho.monteiro.576@example.com,Uberlândia,Recepcionista,55,13218363560
Henrique Pereira Oliveira,henrique.pereira.oliveira.577@example.com,Cuiabá,Encarregado de produção,47,57602597385
Débora Moreira Moreira,debora.moreira.moreira.578@example.com,Maringá,Coordenador de logística,19,73782184242
Camila Cardoso Teixeira,camila.cardoso.teixeira.579@example.com,Niterói,Gerente de tecnologia,55,55637737820
Gabriel Costa Oliveira,gabriel.costa.oliveira.580@example.com,Campo Grande,Líder de equipe,49,43534181754
Otávio Freitas Almeida,otavio.freitas.almeida.581@example.com,Florianópolis,Analista de marketing,33,77556186986
Juliana Mendes Oliveira,juliana.mendes.oliveira.582@example.com,Dourados,Assistente administrativo,52,29173495388
Camila Mendes Carvalho,camila.mendes.carvalho.583@example.com,São Paulo,Técnico de enfermagem,19,69510819586
Leonardo Alves Mendes,leonardo.alves.mendes.584@example.com,Manaus,Líder de equipe,45,96527513480
Ricardo Souza Souza,ricardo.souza.souza.585@example.com,Sorocaba,Comprador,42,48807703438
Marcelo Oliveira Gomes,marcelo.oliveira.gomes.586@example.com,Porto Alegre,Gerente de tecnologia,43,57393398850
Nicolas Souza Araújo,nicolas.souza.araujo.587@example.com,Brasília,Diretor comercial,58,07347293305
Marcelo Pereira Araújo,marcelo.pereira.araujo.588@example.com,Fortaleza,Encarregado de produção,62,84895539006
Nicolas Lima Monteiro,nicolas.lima.monteiro.589@example.com,Campo Grande,Vendedor,21,10516778709
Eduardo Dias Teixeira,eduardo.dias.teixeira.590@example.com,Sorocaba,Supervisor de qualidade,31,83785663039
Vitória Lima Ribeiro,vitoria.lima.ribeiro.591@example.com,Uberlândia,Cozinheiro,61,57774684400
Débora Ribeiro Gomes,debora.ribeiro.gomes.592@example.com,Rondonópolis,Gerente de recursos humanos,50,99085383995
Renata Ribeiro Cardoso,renata.ribeiro.cardoso.593@example.com,Rio de Janeiro,Comprador,27,57464015064
Luana Rodrigues Araújo,luana.rodrigues.araujo.594@example.com,Belém,Supervisor de qualidade,51,08848283408
Ricardo Araújo Pereira,ricardo.araujo.pereira.595@example.com,Londrina,Chefe de departamento pessoal,66,00421346918
Igor Gomes Silva,igor.gomes.silva.596@example.com,Campo Grande,Designer gráfico,27,13741626307
Vitória Moreira Souza,vitoria.moreira.souza.597@example.com,Fortaleza,Assistente administrativo,43,43075512446
Mariana Pereira Dias,mariana.pereira.dias.598@example.com,São Paulo,Enfermeiro,31,40943015761
Thiago Monteiro Costa,thiago.monteiro.costa.599@example.com,Campinas,Coordenador administrativo,67,76914785601
Ana Carvalho Rocha,ana.carvalho.rocha.600@example.com,Curitiba,Eletricista,29,26367807422
Letícia Barros Teixeira,leticia.barros.teixeira.601@example.com,Rio de Janeiro,Chefe de departamento pessoal,54,82868863870
Gabriel Pereira Barbosa,gabriel.pereira.barbosa.602@example.com,Natal,Supervisor de vendas,54,84201180184
Gabriel Mendes Ribeiro,gabriel.mendes.ribeiro.603@example.com,Salvador,Farmacêutico,19,48037656557
Lucas Rodrigues Pereira,lucas.rodrigues.pereira.604@example.com,Santos,Jornalista,57,57771522183
Gabriela Lima Carvalho,gabriela.lima.carvalho.605@example.com,Niterói,Vendedor,51,21604447246
Sandra Rodrigues Carvalho,sandra.rodrigues.carvalho.606@example.com,Curitiba,Comprador,21,83478668692
Thiago Castro Almeida,thiago.castro.almeida.607@example.com,Santos,Analista de dados,66,10690017675
Letícia Pereira Monteiro,leticia.pereira.monteiro.608@example.com,Dourados,Gerente de tecnologia,61,21178345883
João Cardoso Santos,joao.cardoso.santos.609@example.com,Salvador,Eletricista,23,47515106686
Sérgio Rocha Teixeira,sergio.rocha.teixeira.610@example.com,Joinville,Líder de equipe,41,52679068955
Ana Costa Cardoso,ana.costa.cardoso.611@example.com,Manaus,Professor,70,82515443567
Amanda Oliveira Rocha,amanda.oliveira.rocha.612@example.com,Florianópolis,Fisioterapeuta,28,18407123903
João Souza Teixeira,joao.souza.teixeira.613@example.com,Uberlândia,Técnico em informática,50,28811993792
Sérgio Barbosa Rodrigues,sergio.barbosa.rodrigues.614@example.com,Uberlândia,Assistente administrativo,40,98378481885
Renata Freitas Castro,renata.freitas.castro.615@example.com,Londrina,Analista financeiro,34,21651805872
Fernanda Alves Souza,fernanda.alves.souza.616@example.com,Cuiabá,Chefe de departamento pessoal,56,61572967419
Leonardo Pereira Teixeira,leonardo.pereira.teixeira.617@example.com,Salvador,Técnico de enfermagem,51,58149358422
Renata Castro Cardoso,renata.castro.cardoso.618@example.com,Curitiba,Técnico em informática,21,39580166032
Vanessa Lima Fernandes,vanessa.lima.fernandes.619@example.com,Porto Alegre,Chefe de compras,59,43013132489
Luana Martins Barros,luana.martins.barros.620@example.com,Santos,Assistente comercial,45,86939006649
Fernanda Santos Moreira,fernanda.santos.moreira.621@example.com,Porto Alegre,Eletricista,39,62547084679
Gabriela Martins Carvalho,gabriela.martins.carvalho.622@example.com,Goiânia,Chefe de almoxarifado,70,72615960206
Camila Teixeira Rocha,camila.teixeira.rocha.623@example.com,Dourados,Chefe de compras,38,12058772300
Lucas Freitas Santos,lucas.freitas.santos.624@example.com,Natal,Encarregado de produção,67,46033130170
Rafael Oliveira Ribeiro,rafael.oliveira.ribeiro.625@example.com,Dourados,Recepcionista,62,06616207571
Sandra Moreira Barros,sandra.moreira.barros.626@example.com,Salvador,Gerente de tecnologia,60,96663459215
Sérgio Mendes Lima,sergio.mendes.lima.627@example.com,Maringá,Advogado,26,83634746709
Tatiane Rocha Pereira,tatiane.rocha.pereira.628@example.com,Natal,Gerente financeiro,60,54274835938
Daniela Lima Souza,daniela.lima.souza.629@example.com,Niterói,Pedreiro,35,03932530086
Diego Lima Rodrigues,diego.lima.rodrigues.630@example.com,Niterói,Farmacêutico,32,65026860295
Sandra Pereira Cardoso,sandra.pereira.cardoso.631@example.com,Rio de Janeiro,Estoquista,35,15212291287
Tatiane Nascimento Araújo,tatiane.nascimento.araujo.632@example.com,Brasília,Nutricionista,46,10033525395
Henrique Almeida Rodrigues,henrique.almeida.rodrigues.633@example.com,Curitiba,Gerente de recursos humanos,65,31247332165
Juliana Dias Nascimento,juliana.dias.nascimento.634@example.com,Campinas,Corretor de imóveis,70,08588360286
Priscila Alves Moreira,priscila.alves.moreira.635@example.com,Manaus,Coordenador administrativo,29,06217067262
Débora Barbosa Carvalho,debora.barbosa.carvalho.636@example.com,Salvador,Analista financeiro,28,66930179992
Gabriel Alves Rocha,gabriel.alves.rocha.637@example.com,Belém,Técnico de enfermagem,54,54248844746
Marcelo Carvalho Nascimento,marcelo.carvalho.nascimento.638@example.com,Porto Alegre,Coordenador de marketing,35,92710346939
Gabriel Pereira Santos,gabriel.pereira.santos.639@example.com,Caxias do Sul,Recepcionista,42,57838723335
Lucas Almeida Castro,lucas.almeida.castro.640@example.com,Sorocaba,Chefe de compras,49,95910368485
José Freitas Carvalho,jose.freitas.carvalho.641@example.com,Natal,Estoquista,64,19267389087
Gabriel Ribeiro Costa,gabriel.ribeiro.costa.642@example.com,Campo Grande,Operador de caixa,33,80300601093
Gustavo Lima Freitas,gustavo.lima.freitas.643@example.com,São Paulo,Pedreiro,44,58027645810
Felipe Mendes Costa,felipe.mendes.costa.644@example.com,Belém,Encarregado de produção,63,50849945080
Débora Souza Teixeira,debora.souza.teixeira.645@example.com,Sorocaba,Estoquista,62,64758624056
Tatiane Oliveira Alves,tatiane.oliveira.alves.646@example.com,Dourados,Técnico de enfermagem,30,15462676833
Aline Alves Moreira,aline.alves.moreira.647@example.com,Manaus,Líder de equipe,59,41845862939
Diego Gomes Martins,diego.gomes.martins.648@example.com,São Paulo,Assistente administrativo,60,11276398671
Fernanda Oliveira Teixeira,fernanda.oliveira.teixeira.649@example.com,Uberlândia,Motorista,42,30015447673
Henrique Costa Moreira,henrique.costa.moreira.650@example.com,Porto Alegre,Mecânico,45,05217711563
Mariana Teixeira Martins,mariana.teixeira.martins.651@example.com,Curitiba,Supervisor de manutenção,39,70691515365
Larissa Rocha Monteiro,larissa.rocha.monteiro.652@example.com,Uberlândia,Chefe de compras,50,79641687855
José Castro Nascimento,jose.castro.nascimento.653@example.com,São Paulo,Contador,46,16117322193
Priscila Ribeiro Carvalho,priscila.ribeiro.carvalho.654@example.com,Recife,Chefe de departamento pessoal,62,72499430065
Débora Dias Silva,debora.dias.silva.655@example.com,Rondonópolis,Técnico de segurança do trabalho,24,84743028631
Ricardo Barbosa Silva,ricardo.barbosa.silva.656@example.com,Londrina,Motorista,36,76426741589
Larissa Castro Rocha,larissa.castro.rocha.657@example.com,Dourados,Coordenador de produção,37,78308606634
Diego Ribeiro Mendes,diego.ribeiro.mendes.658@example.com,Dourados,Estoquista,41,42497555141
Ricardo Barbosa Ribeiro,ricardo.barbosa.ribeiro.659@example.com,Vitória,Gerente de tecnologia,21,41091776258
Simone Fernandes Silva,simone.fernandes.silva.660@example.com,Maringá,Estoquista,53,40107105727
Vitória Mendes Rodrigues,vitoria.mendes.rodrigues.661@example.com,Uberlândia,Supervisor de vendas,36,78538444849
Felipe Alves Costa,felipe.alves.costa.662@example.com,Belo Horizonte,Designer gráfico,68,94488269262
Beatriz Costa Costa,beatriz.costa.costa.663@example.com,Rio de Janeiro,Encarregado de produção,68,20972105201
Juliana Teixeira Barbosa,juliana.teixeira.barbosa.664@example.com,São Paulo,Operador de caixa,70,63006983353
Luana Souza Ribeiro,luana.souza.ribeiro.665@example.com,Joinville,Designer gráfico,24,31275760465
José Araújo Rodrigues,jose.araujo.rodrigues.666@example.com,Sorocaba,Encarregado de produção,59,40600248197
Gabriela Santos Moreira,gabriela.santos.moreira.667@example.com,Curitiba,Estoquista,40,78314487525
Fernanda Dias Rocha,fernanda.dias.rocha.668@example.com,Porto Alegre,Designer gráfico,21,32962024749
Fernanda Araújo Pereira,fernanda.araujo.pereira.669@example.com,Curitiba,Jornalista,33,00562995000
Daniela Mendes Oliveira,daniela.mendes.oliveira.670@example.com,Londrina,Assistente comercial,65,75341078889
Ricardo Rocha Barros,ricardo.rocha.barros.671@example.com,Rondonópolis,Analista de recursos humanos,46,48542433893
Felipe Fernandes Almeida,felipe.fernandes.almeida.672@example.com,Goiânia,Fisioterapeuta,33,16489419052
Igor Dias Costa,igor.dias.costa.673@example.com,Maringá,Advogado,37,60161566537
Gabriel Castro Souza,gabriel.castro.souza.674@example.com,Londrina,Técnico em informática,22,26685298572
Aline Souza Lima,aline.souza.lima.675@example.com,Goiânia,Jornalista,33,04946233647
Ana Ribeiro Freitas,ana.ribeiro.freitas.676@example.com,Fortaleza,Mecânico,58,35508238640
Simone Alves Teixeira,simone.alves.teixeira.677@example.com,Vitória,Supervisor de qualidade,24,09558196922
Vanessa Souza Rocha,vanessa.souza.rocha.678@example.com,Porto Alegre,Técnico de enfermagem,48,52328166611
Otávio Teixeira Oliveira,otavio.teixeira.oliveira.679@example.com,Londrina,Assistente comercial,57,53739951185
Simone Silva Ribeiro,simone.silva.ribeiro.680@example.com,Brasília,Motorista,70,12967191312
Nicolas Castro Barros,nicolas.castro.barros.681@example.com,Curitiba,Encarregado de produção,40,51218770106
Ricardo Fernandes Fernandes,ricardo.fernandes.fernandes.682@example.com,Florianópolis,Diretor comercial,43,60183206690
Gabriela Martins Martins,gabriela.martins.martins.683@example.com,Natal,Técnico em informática,70,01229709891
Otávio Santos Oliveira,otavio.santos.oliveira.684@example.com,Maringá,Encarregado de produção,51,54270868711
Felipe Barros Costa,felipe.barros.costa.685@example.com,Londrina,Gerente comercial,35,38733957776
Igor Oliveira Castro,igor.oliveira.castro.686@example.com,São Paulo,Técnico de enfermagem,27,82360080199
Daniela Alves Freitas,daniela.alves.freitas.687@example.com,Curitiba,Advogado,47,20436488937
Rafael Rocha Costa,rafael.rocha.costa.688@example.com,Natal,Analista de dados,49,44390528963
Fernanda Carvalho Barbosa,fernanda.carvalho.barbosa.689@example.com,Porto Alegre,Coordenador de logística,69,57721585334
Mariana Mendes Pereira,mariana.mendes.pereira.690@example.com,Belém,Designer gráfico,54,59076828996
Ana Barros Oliveira,ana.barros.oliveira.691@example.com,Santos,Jornalista,69,70598089350
Vinícius Silva Monteiro,vinicius.silva.monteiro.692@example.com,Campinas,Chefe de compras,53,83619139179
Letícia Lima Pereira,leticia.lima.pereira.693@example.com,Santos,Gerente comercial,69,39141066351
Camila Martins Fernandes,camila.martins.fernandes.694@example.com,Joinville,Analista de recursos humanos,59,67611430731
Mariana Araújo Castro,mariana.araujo.castro.695@example.com,Vitória,Diretor comercial,53,77126171073
Gabriel Costa Mendes,gabriel.costa.mendes.696@example.com,Londrina,Eletricista,52,30984892451
Luana Mendes Moreira,luana.mendes.moreira.697@example.com,Dourados,Gerente de operações,33,42961962493
Vitória Santos Oliveira,vitoria.santos.oliveira.698@example.com,Florianópolis,Corretor de imóveis,23,23063993656
Renata Alves Cardoso,renata.alves.cardoso.699@example.com,Cuiabá,Gerente de operações,37,67000021413
Amanda Moreira Gomes,amanda.moreira.gomes.700@example.com,Fortaleza,Cozinheiro,48,94516878122
Vinícius Almeida Silva,vinicius.almeida.silva.701@example.com,Dourados,Assistente comercial,55,28933785904
Igor Carvalho Dias,igor.carvalho.dias.702@example.com,Joinville,Supervisor de manutenção,49,17529897592
Sandra Almeida Ribeiro,sandra.almeida.ribeiro.703@example.com,Santos,Estoquista,67,65136407679
Tatiane Martins Carvalho,tatiane.martins.carvalho.704@example.com,Vitória,Supervisor de atendimento,38,67515145037
João Souza Martins,joao.souza.martins.705@example.com,Maringá,Encarregado de produção,22,82332602304
Gustavo Santos Souza,gustavo.santos.souza.706@example.com,Sorocaba,Pedreiro,25,54311230744
Leonardo Fernandes Martins,leonardo.fernandes.martins.707@example.com,Fortaleza,Atendente,70,46765000039
Simone Alves Nascimento,simone.alves.nascimento.708@example.com,Campinas,Coordenador de produção,67,84153157399
Lucas Costa Santos,lucas.costa.santos.709@example.com,Curitiba,Supervisor de vendas,53,75941885637
Patrícia Costa Dias,patricia.costa.dias.710@example.com,Sorocaba,Fisioterapeuta,48,95312664416
Ricardo Mendes Almeida,ricardo.mendes.almeida.711@example.com,Manaus,Vendedor,53,07619928356
Marcelo Lima Martins,marcelo.lima.martins.712@example.com,Curitiba,Cozinheiro,48,53437525349
Lucas Teixeira Araújo,lucas.teixeira.araujo.713@example.com,Florianópolis,Jornalista,25,78200137197
Daniela Santos Castro,daniela.santos.castro.714@example.com,Rondonópolis,Coordenador de produção,65,03753605071
Larissa Barros Rocha,larissa.barros.rocha.715@example.com,Dourados,Chefe de departamento pessoal,33,74037983226
Renata Teixeira Alves,renata.teixeira.alves.716@example.com,Goiânia,Contador,41,94033129199
Eduardo Silva Fernandes,eduardo.silva.fernandes.717@example.com,Campo Grande,Fisioterapeuta,24,74217926488
Sandra Costa Mendes,sandra.costa.mendes.718@example.com,Salvador,Auxiliar de produção,41,29881443572
Larissa Monteiro Martins,larissa.monteiro.martins.719@example.com,Cuiabá,Coordenador de produção,60,51221041030
Felipe Carvalho Barbosa,felipe.carvalho.barbosa.720@example.com,Uberlândia,Arquiteto,28,83933580515
Felipe Monteiro Gomes,felipe.monteiro.gomes.721@example.com,Recife,Coordenador de marketing,58,30396592540
Carolina Araújo Castro,carolina.araujo.castro.722@example.com,Caxias do Sul,Auxiliar de produção,18,48732787779
Thiago Barbosa Oliveira,thiago.barbosa.oliveira.723@example.com,Campinas,Motorista,58,06310404206
Lucas Rodrigues Castro,lucas.rodrigues.castro.724@example.com,Maringá,Supervisor de atendimento,53,79469523362
Carlos Moreira Monteiro,carlos.moreira.monteiro.725@example.com,São Paulo,Atendente,44,22971890026
Igor Freitas Mendes,igor.freitas.mendes.726@example.com,Londrina,Pedreiro,44,19281684047
Ana Oliveira Almeida,ana.oliveira.almeida.727@example.com,Rio de Janeiro,Gerente de operações,37,17156162559
Renata Costa Santos,renata.costa.santos.728@example.com,Fortaleza,Analista de marketing,32,76674924520
Vinícius Nascimento Souza,vinicius.nascimento.souza.729@example.com,Londrina,Padeiro,54,35589012596
Camila Santos Costa,camila.santos.costa.730@example.com,Caxias do Sul,Chefe de compras,20,46565137151
Marcelo Lima Dias,marcelo.lima.dias.731@example.com,Belo Horizonte,Técnico de segurança do trabalho,60,03214371335
Vanessa Carvalho Monteiro,vanessa.carvalho.monteiro.732@example.com,Santos,Chefe de departamento pessoal,44,15004483860
Leonardo Costa Almeida,leonardo.costa.almeida.733@example.com,Maringá,Chefe de departamento pessoal,59,73645191535
Luana Freitas Nascimento,luana.freitas.nascimento.734@example.com,Rio de Janeiro,Coordenador administrativo,35,70559837365
Diego Silva Freitas,diego.silva.freitas.735@example.com,Campinas,Gerente comercial,62,98564376236
Priscila Araújo Pereira,priscila.araujo.pereira.736@example.com,Rio de Janeiro,Programador,42,19040907967
Letícia Carvalho Barros,leticia.carvalho.barros.737@example.com,Joinville,Chefe de almoxarifado,59,77612806471
Aline Rocha Dias,aline.rocha.dias.738@example.com,Maringá,Supervisor de qualidade,29,69242012572
Henrique Ribeiro Barros,henrique.ribeiro.barros.739@example.com,Maringá,Motorista,67,44928868126
Gabriela Cardoso Carvalho,gabriela.cardoso.carvalho.740@example.com,Brasília,Assistente administrativo,23,93901286262
Otávio Dias Fernandes,otavio.dias.fernandes.741@example.com,Niterói,Vendedor,43,19238551033
Vanessa Barbosa Monteiro,vanessa.barbosa.monteiro.742@example.com,Santos,Gerente de operações,47,51282894094
Fernanda Moreira Alves,fernanda.moreira.alves.743@example.com,Caxias do Sul,Analista de marketing,33,08882483020
José Teixeira Oliveira,jose.teixeira.oliveira.744@example.com,São Paulo,Coordenador de produção,22,61724906231
Priscila Cardoso Almeida,priscila.cardoso.almeida.745@example.com,São Paulo,Coordenador de marketing,52,46056348619
Thiago Fernandes Mendes,thiago.fernandes.mendes.746@example.com,Fortaleza,Assistente comercial,19,69731899098
Carlos Souza Rocha,carlos.souza.rocha.747@example.com,Sorocaba,Designer gráfico,51,77252980843
Gabriel Rodrigues Monteiro,gabriel.rodrigues.monteiro.748@example.com,Maringá,Corretor de imóveis,56,28862507754
Gabriela Ribeiro Barbosa,gabriela.ribeiro.barbosa.749@example.com,Londrina,Estoquista,45,57815978018
Patrícia Ribeiro Gomes,patricia.ribeiro.gomes.750@example.com,Joinville,Gerente de tecnologia,26,15195014161
Felipe Fernandes Costa,felipe.fernandes.costa.751@example.com,Fortaleza,Farmacêutico,65,26734709614
Paulo Pereira Santos,paulo.pereira.santos.752@example.com,Vitória,Diretor comercial,65,24104772314
Patrícia Almeida Barros,patricia.almeida.barros.753@example.com,Caxias do Sul,Gerente de operações,43,67413322863
Vanessa Rodrigues Almeida,vanessa.rodrigues.almeida.754@example.com,Porto Alegre,Coordenador administrativo,64,17905150803
Eduardo Costa Ribeiro,eduardo.costa.ribeiro.755@example.com,Caxias do Sul,Jornalista,61,46278613457
Débora Costa Carvalho,debora.costa.carvalho.756@example.com,Goiânia,Diretor de operações,47,44775134431
Tatiane Carvalho Teixeira,tatiane.carvalho.teixeira.757@example.com,Curitiba,Chefe de almoxarifado,35,23684846994
Thiago Silva Alves,thiago.silva.alves.758@example.com,Fortaleza,Técnico de enfermagem,59,83421423834
Thiago Lima Silva,thiago.lima.silva.759@example.com,Niterói,Programador,51,24188772925
Larissa Araújo Ribeiro,larissa.araujo.ribeiro.760@example.com,Londrina,Cozinheiro,25,58743795335
Aline Rocha Moreira,aline.rocha.moreira.761@example.com,Belo Horizonte,Supervisor de vendas,37,78829576090
Simone Moreira Souza,simone.moreira.souza.762@example.com,Santos,Mecânico,27,66239589668
Aline Costa Barbosa,aline.costa.barbosa.763@example.com,Niterói,Comprador,49,60676677540
Beatriz Rodrigues Freitas,beatriz.rodrigues.freitas.764@example.com,Goiânia,Comprador,53,69667786015
Pedro Araújo Ribeiro,pedro.araujo.ribeiro.765@example.com,Fortaleza,Eletricista,63,11312102646
Débora Monteiro Martins,debora.monteiro.martins.766@example.com,Cuiabá,Coordenador administrativo,63,23383539267
Felipe Almeida Ribeiro,felipe.almeida.ribeiro.767@example.com,Curitiba,Vendedor,68,70798883868
Amanda Ribeiro Teixeira,amanda.ribeiro.teixeira.768@example.com,Joinville,Diretor comercial,54,90120985382
Paulo Teixeira Araújo,paulo.teixeira.araujo.769@example.com,Goiânia,Gerente de tecnologia,70,72134668459
Igor Gomes Oliveira,igor.gomes.oliveira.770@example.com,Maringá,Motorista,51,07636092158
Ana Alves Cardoso,ana.alves.cardoso.771@example.com,Rondonópolis,Diretor comercial,69,75626947823
Vinícius Silva Barros,vinicius.silva.barros.772@example.com,Uberlândia,Supervisor de qualidade,60,96106773812
Ana Martins Barbosa,ana.martins.barbosa.773@example.com,Natal,Gerente de recursos humanos,46,05071740988
Beatriz Teixeira Santos,beatriz.teixeira.santos.774@example.com,Santos,Supervisor de atendimento,30,71679506347
Carlos Nascimento Gomes,carlos.nascimento.gomes.775@example.com,Belém,Padeiro,64,48681383829
Letícia Nascimento Nascimento,leticia.nascimento.nascimento.776@example.com,Uberlândia,Supervisor de vendas,24,33845337765
Carlos Pereira Castro,carlos.pereira.castro.777@example.com,Sorocaba,Supervisor de vendas,33,72045912087
Pedro Barbosa Mendes,pedro.barbosa.mendes.778@example.com,Rondonópolis,Nutricionista,35,77653743963
Sérgio Gomes Freitas,sergio.gomes.freitas.779@example.com,Santos,Supervisor de manutenção,35,20783395785
Paulo Oliveira Silva,paulo.oliveira.silva.780@example.com,Santos,Atendente,47,58150340880
Gabriel Freitas Carvalho,gabriel.freitas.carvalho.781@example.com,Campo Grande,Analista de recursos humanos,23,18932453177
Amanda Oliveira Fernandes,amanda.oliveira.fernandes.782@example.com,Manaus,Diretor comercial,42,31535166018
Renata Barbosa Santos,renata.barbosa.santos.783@example.com,Rio de Janeiro,Supervisor de qualidade,46,48565320230
Eduardo Martins Barbosa,eduardo.martins.barbosa.784@example.com,Rondonópolis,Gerente de recursos humanos,27,18596487543
Bruno Nascimento Oliveira,bruno.nascimento.oliveira.785@example.com,Campo Grande,Encarregado de produção,27,15776939108
Igor Oliveira Teixeira,igor.oliveira.teixeira.786@example.com,São Paulo,Recepcionista,57,62106496109
Simone Almeida Almeida,simone.almeida.almeida.787@example.com,Niterói,Jornalista,53,58772610383
Rafael Monteiro Monteiro,rafael.monteiro.monteiro.788@example.com,Goiânia,Cozinheiro,35,04380703815
Marcelo Carvalho Souza,marcelo.carvalho.souza.789@example.com,Maringá,Programador,32,13597585031
Gustavo Souza Castro,gustavo.souza.castro.790@example.com,Manaus,Chefe de departamento pessoal,19,12547898982
Ana Alves Monteiro,ana.alves.monteiro.791@example.com,Rondonópolis,Analista de marketing,28,31152407824
José Nascimento Araújo,jose.nascimento.araujo.792@example.com,Campo Grande,Corretor de imóveis,26,82673031409
Carolina Almeida Fernandes,carolina.almeida.fernandes.793@example.com,Porto Alegre,Auxiliar de produção,70,63350562245
José Moreira Pereira,jose.moreira.pereira.794@example.com,Campinas,Estoquista,31,16586737663
Luana Carvalho Pereira,luana.carvalho.pereira.795@example.com,Salvador,Gerente de recursos humanos,58,77236104087
Patrícia Cardoso Silva,patricia.cardoso.silva.796@example.com,Florianópolis,Supervisor de qualidade,33,95929533476
Fernanda Martins Fernandes,fernanda.martins.fernandes.797@example.com,Rondonópolis,Pedreiro,68,63658152099
Camila Monteiro Teixeira,camila.monteiro.teixeira.798@example.com,Curitiba,Coordenador de produção,63,01412686234
Bruno Rocha Moreira,bruno.rocha.moreira.799@example.com,Joinville,Supervisor de qualidade,66,32313346431
Sandra Barbosa Silva,sandra.barbosa.silva.800@example.com,Brasília,Engenheiro civil,29,07270998347
Larissa Oliveira Freitas,larissa.oliveira.freitas.801@example.com,Joinville,Supervisor de atendimento,25,00516401715
Mariana Fernandes Nascimento,mariana.fernandes.nascimento.802@example.com,Caxias do Sul,Gerente de tecnologia,55,21782297718
Leonardo Carvalho Pereira,leonardo.carvalho.pereira.803@example.com,Salvador,Nutricionista,54,29873758943
Vinícius Fernandes Barros,vinicius.fernandes.barros.804@example.com,Maringá,Diretor comercial,65,63590930468
Rafael Rocha Nascimento,rafael.rocha.nascimento.805@example.com,Porto Alegre,Diretor comercial,49,15767529923
Vanessa Alves Cardoso,vanessa.alves.cardoso.806@example.com,Uberlândia,Pedreiro,45,90026447889
Gabriela Castro Castro,gabriela.castro.castro.807@example.com,Campinas,Vendedor,30,13594631121
Sérgio Almeida Freitas,sergio.almeida.freitas.808@example.com,Rondonópolis,Pedreiro,47,97552810280
Igor Silva Lima,igor.silva.lima.809@example.com,Cuiabá,Supervisor de qualidade,69,02532973093
Eduardo Nascimento Nascimento,eduardo.nascimento.nascimento.810@example.com,Cuiabá,Eletricista,25,85250987138
Otávio Lima Barros,otavio.lima.barros.811@example.com,Vitória,Estoquista,29,21931075156
Ricardo Fernandes Silva,ricardo.fernandes.silva.812@example.com,Vitória,Atendente,21,38076529387
Carlos Castro Barbosa,carlos.castro.barbosa.813@example.com,Belo Horizonte,Corretor de imóveis,66,78716331689
Amanda Santos Carvalho,amanda.santos.carvalho.814@example.com,São Paulo,Supervisor de qualidade,31,73755465664
Ana Oliveira Moreira,ana.oliveira.moreira.815@example.com,Belo Horizonte,Analista financeiro,46,21870485397
Simone Santos Oliveira,simone.santos.oliveira.816@example.com,Joinville,Coordenador administrativo,65,13913303079
Ana Cardoso Gomes,ana.cardoso.gomes.817@example.com,Uberlândia,Técnico em informática,42,67309854678
Diego Barbosa Silva,diego.barbosa.silva.818@example.com,Recife,Analista de recursos humanos,24,15395790021
Luana Teixeira Costa,luana.teixeira.costa.819@example.com,Campinas,Técnico de segurança do trabalho,68,95114447294
Igor Costa Carvalho,igor.costa.carvalho.820@example.com,Goiânia,Arquiteto,61,00790968172
Gustavo Costa Costa,gustavo.costa.costa.821@example.com,Rondonópolis,Eletricista,33,36841480576
Pedro Rocha Freitas,pedro.rocha.freitas.822@example.com,Campo Grande,Estoquista,70,57833787139
Vanessa Martins Oliveira,vanessa.martins.oliveira.823@example.com,Maringá,Vendedor,69,75951112290
Igor Ribeiro Mendes,igor.ribeiro.mendes.824@example.com,Belo Horizonte,Diretor comercial,66,69751001967
Igor Moreira Lima,igor.moreira.lima.825@example.com,Joinville,Coordenador de produção,55,72619455366
Juliana Costa Oliveira,juliana.costa.oliveira.826@example.com,Goiânia,Supervisor de vendas,65,64700951126
Gabriela Silva Alves,gabriela.silva.alves.827@example.com,Cuiabá,Operador de caixa,46,51558669146
Diego Lima Rocha,diego.lima.rocha.828@example.com,Dourados,Advogado,52,02523258729
Luana Rocha Cardoso,luana.rocha.cardoso.829@example.com,Cuiabá,Farmacêutico,42,64685121695
Sérgio Nascimento Cardoso,sergio.nascimento.cardoso.830@example.com,Florianópolis,Fisioterapeuta,24,18422260493
Nicolas Souza Araújo,nicolas.souza.araujo.831@example.com,Niterói,Supervisor de atendimento,34,44284862847
Carlos Ribeiro Araújo,carlos.ribeiro.araujo.832@example.com,Uberlândia,Cozinheiro,52,89218720376
Juliana Almeida Silva,juliana.almeida.silva.833@example.com,Fortaleza,Encarregado de produção,47,01286696050
Pedro Araújo Costa,pedro.araujo.costa.834@example.com,Uberlândia,Diretor de operações,63,62320421488
Sérgio Barbosa Rocha,sergio.barbosa.rocha.835@example.com,São Paulo,Estoquista,60,09814177814
Débora Gomes Rodrigues,debora.gomes.rodrigues.836@example.com,Natal,Padeiro,66,56679144098
Thiago Dias Souza,thiago.dias.souza.837@example.com,Caxias do Sul,Líder de equipe,30,90817193324
Bruno Carvalho Castro,bruno.carvalho.castro.838@example.com,Joinville,Analista de dados,46,66438950711
Lucas Rocha Silva,lucas.rocha.silva.839@example.com,Curitiba,Farmacêutico,62,24341938562
Ricardo Barbosa Alves,ricardo.barbosa.alves.840@example.com,Vitória,Farmacêutico,21,97547624414
Simone Fernandes Rocha,simone.fernandes.rocha.841@example.com,Fortaleza,Coordenador administrativo,21,61256169512
Gabriela Souza Freitas,gabriela.souza.freitas.842@example.com,Fortaleza,Chefe de almoxarifado,60,51315252705
Priscila Costa Rodrigues,priscila.costa.rodrigues.843@example.com,Maringá,Chefe de almoxarifado,47,18651220347
Carlos Mendes Oliveira,carlos.mendes.oliveira.844@example.com,Belo Horizonte,Gerente financeiro,51,04391516300
Letícia Rodrigues Mendes,leticia.rodrigues.mendes.845@example.com,Rondonópolis,Analista financeiro,31,43392523003
Vitória Carvalho Nascimento,vitoria.carvalho.nascimento.846@example.com,Campo Grande,Gerente financeiro,26,38237214162
Vitória Freitas Dias,vitoria.freitas.dias.847@example.com,São Paulo,Designer gráfico,51,00872006354
Igor Barros Gomes,igor.barros.gomes.848@example.com,Belém,Farmacêutico,54,72312586685
Vitória Dias Fernandes,vitoria.dias.fernandes.849@example.com,Dourados,Chefe de almoxarifado,58,27196907918
Eduardo Carvalho Freitas,eduardo.carvalho.freitas.850@example.com,Campinas,Técnico em informática,35,04205466973
Carolina Martins Dias,carolina.martins.dias.851@example.com,Dourados,Cozinheiro,33,28906167108
Renata Alves Freitas,renata.alves.freitas.852@example.com,Dourados,Encarregado de produção,58,75232098931
Priscila Barros Martins,priscila.barros.martins.853@example.com,Sorocaba,Designer gráfico,56,92032473835
Juliana Dias Fernandes,juliana.dias.fernandes.854@example.com,Campinas,Atendente,27,88804320979
Priscila Carvalho Gomes,priscila.carvalho.gomes.855@example.com,Santos,Gerente de tecnologia,55,06408914289
Renata Martins Costa,renata.martins.costa.856@example.com,Santos,Auxiliar de produção,49,35070087679
Igor Rodrigues Barbosa,igor.rodrigues.barbosa.857@example.com,Recife,Auxiliar de produção,38,91995635826
Sérgio Alves Costa,sergio.alves.costa.858@example.com,Rio de Janeiro,Supervisor de vendas,56,47093186230
Vitória Martins Martins,vitoria.martins.martins.859@example.com,Uberlândia,Analista de marketing,49,75762907952
Priscila Teixeira Rocha,priscila.teixeira.rocha.860@example.com,Curitiba,Assistente administrativo,38,91772386645
Carolina Fernandes Martins,carolina.fernandes.martins.861@example.com,Salvador,Gerente de tecnologia,41,23959956476
Marcelo Dias Gomes,marcelo.dias.gomes.862@example.com,Vitória,Engenheiro civil,41,79123220761
Bruno Monteiro Martins,bruno.monteiro.martins.863@example.com,Niterói,Nutricionista,49,96687013737
Pedro Mendes Teixeira,pedro.mendes.teixeira.864@example.com,Uberlândia,Analista de recursos humanos,24,13172092493
Juliana Almeida Santos,juliana.almeida.santos.865@example.com,Niterói,Diretor de operações,54,66952187801
Felipe Castro Mendes,felipe.castro.mendes.866@example.com,Belo Horizonte,Encarregado de produção,66,10349385330
Rafael Teixeira Lima,rafael.teixeira.lima.867@example.com,Sorocaba,Engenheiro civil,31,08890013412
Aline Ribeiro Almeida,aline.ribeiro.almeida.868@example.com,Dourados,Técnico de enfermagem,47,14477740621
Igor Araújo Rodrigues,igor.araujo.rodrigues.869@example.com,Campinas,Estoquista,42,23915848437
Paulo Rodrigues Mendes,paulo.rodrigues.mendes.870@example.com,Vitória,Programador,65,33136411945
Carlos Pereira Fernandes,carlos.pereira.fernandes.871@example.com,Campo Grande,Mecânico,49,24618601636
Rafael Silva Castro,rafael.silva.castro.872@example.com,Vitória,Líder de equipe,35,73228087691
Vanessa Silva Araújo,vanessa.silva.araujo.873@example.com,Fortaleza,Coordenador administrativo,58,67010859288
Letícia Costa Carvalho,leticia.costa.carvalho.874@example.com,Niterói,Analista de recursos humanos,28,21634935866
Letícia Lima Cardoso,leticia.lima.cardoso.875@example.com,Recife,Padeiro,24,53222005856
Sandra Silva Ribeiro,sandra.silva.ribeiro.876@example.com,Santos,Líder de equipe,25,76007093939
Rafael Castro Nascimento,rafael.castro.nascimento.877@example.com,Dourados,Coordenador de produção,23,18430977003
Sérgio Rocha Teixeira,sergio.rocha.teixeira.878@example.com,Natal,Pedreiro,47,08176985205
Sérgio Freitas Santos,sergio.freitas.santos.879@example.com,Cuiabá,Coordenador administrativo,32,57667348285
Lucas Ribeiro Rodrigues,lucas.ribeiro.rodrigues.880@example.com,Florianópolis,Analista de marketing,34,58322466102
Mariana Rodrigues Souza,mariana.rodrigues.souza.881@example.com,Londrina,Advogado,52,20673976981
Otávio Freitas Silva,otavio.freitas.silva.882@example.com,Dourados,Mecânico,58,48555395033
Igor Barros Cardoso,igor.barros.cardoso.883@example.com,Dourados,Técnico em informática,49,57915372213
Priscila Santos Araújo,priscila.santos.araujo.884@example.com,Campinas,Gerente de tecnologia,55,43523981161
Thiago Alves Araújo,thiago.alves.araujo.885@example.com,Uberlândia,Analista de marketing,64,06663611972
Renata Monteiro Araújo,renata.monteiro.araujo.886@example.com,Florianópolis,Supervisor de atendimento,30,99353756832
Patrícia Cardoso Santos,patricia.cardoso.santos.887@example.com,Salvador,Técnico em informática,66,71211007672
Eduardo Lima Freitas,eduardo.lima.freitas.888@example.com,Porto Alegre,Chefe de departamento pessoal,40,74606953666
Diego Dias Monteiro,diego.dias.monteiro.889@example.com,Belo Horizonte,Analista de marketing,62,73733989306
Nicolas Santos Barbosa,nicolas.santos.barbosa.890@example.com,Belo Horizonte,Coordenador de logística,45,58732946681
Priscila Almeida Moreira,priscila.almeida.moreira.891@example.com,Niterói,Supervisor de manutenção,32,68790739146
Ana Cardoso Barros,ana.cardoso.barros.892@example.com,Joinville,Analista financeiro,69,31437820209
Vanessa Souza Silva,vanessa.souza.silva.893@example.com,Maringá,Auxiliar de produção,34,75325749734
Diego Rocha Cardoso,diego.rocha.cardoso.894@example.com,Santos,Cozinheiro,26,51094686804
Renata Barbosa Almeida,renata.barbosa.almeida.895@example.com,Dourados,Analista de dados,25,43064996008
Henrique Mendes Pereira,henrique.mendes.pereira.896@example.com,Cuiabá,Nutricionista,60,07150919169
Felipe Cardoso Nascimento,felipe.cardoso.nascimento.897@example.com,Curitiba,Chefe de departamento pessoal,32,20157135814
Amanda Carvalho Castro,amanda.carvalho.castro.898@example.com,Caxias do Sul,Cozinheiro,31,69853383726
Vanessa Carvalho Teixeira,vanessa.carvalho.teixeira.899@example.com,Maringá,Designer gráfico,39,29744215037
Mariana Martins Costa,mariana.martins.costa.900@example.com,Londrina,Assistente administrativo,47,63778891071
Beatriz Nascimento Pereira,beatriz.nascimento.pereira.901@example.com,Porto Alegre,Farmacêutico,37,55499287648
Paulo Mendes Castro,paulo.mendes.castro.902@example.com,Dourados,Gerente comercial,51,20149300254
Ana Barros Teixeira,ana.barros.teixeira.903@example.com,Sorocaba,Coordenador de marketing,38,24751888667
Nicolas Carvalho Monteiro,nicolas.carvalho.monteiro.904@example.com,Curitiba,Gerente de operações,59,11056877805
Henrique Gomes Nascimento,henrique.gomes.nascimento.905@example.com,Rio de Janeiro,Coordenador administrativo,47,67464270408
Simone Moreira Martins,simone.moreira.martins.906@example.com,Maringá,Atendente,66,33543265629
Juliana Ribeiro Cardoso,juliana.ribeiro.cardoso.907@example.com,Maringá,Arquiteto,21,02597839759
Juliana Nascimento Nascimento,juliana.nascimento.nascimento.908@example.com,Fortaleza,Gerente de tecnologia,43,06353036229
Fernanda Carvalho Martins,fernanda.carvalho.martins.909@example.com,Goiânia,Operador de caixa,21,31223134993
Débora Moreira Barbosa,debora.moreira.barbosa.910@example.com,Curitiba,Supervisor de qualidade,36,03849379398
Beatriz Oliveira Ribeiro,beatriz.oliveira.ribeiro.911@example.com,Campinas,Coordenador de logística,33,84464682531
Amanda Ribeiro Ribeiro,amanda.ribeiro.ribeiro.912@example.com,Niterói,Arquiteto,40,96434142521
Aline Teixeira Nascimento,aline.teixeira.nascimento.913@example.com,Florianópolis,Coordenador administrativo,25,73852307668
Daniela Fernandes Martins,daniela.fernandes.martins.914@example.com,Caxias do Sul,Atendente,47,96254657729
Thiago Monteiro Carvalho,thiago.monteiro.carvalho.915@example.com,Rondonópolis,Corretor de imóveis,60,50368624724
Rafael Freitas Carvalho,rafael.freitas.carvalho.916@example.com,Fortaleza,Designer gráfico,69,31911370885
Bruno Santos Monteiro,bruno.santos.monteiro.917@example.com,Fortaleza,Padeiro,56,18961866198
Vinícius Lima Monteiro,vinicius.lima.monteiro.918@example.com,Maringá,Gerente de recursos humanos,46,21817239020
Aline Santos Barbosa,aline.santos.barbosa.919@example.com,Porto Alegre,Advogado,42,13727889365
Bruno Araújo Alves,bruno.araujo.alves.920@example.com,Recife,Programador,31,25040513165
Daniela Barros Araújo,daniela.barros.araujo.921@example.com,Londrina,Analista de marketing,19,37153307434
Sérgio Alves Santos,sergio.alves.santos.922@example.com,Curitiba,Pedreiro,30,70419233855
Priscila Teixeira Barbosa,priscila.teixeira.barbosa.923@example.com,Natal,Contador,24,95346492754
João Araújo Carvalho,joao.araujo.carvalho.924@example.com,Belo Horizonte,Auxiliar de produção,54,15195811905
Letícia Rocha Teixeira,leticia.rocha.teixeira.925@example.com,Rio de Janeiro,Comprador,66,76951335896
Camila Carvalho Souza,camila.carvalho.souza.926@example.com,Rio de Janeiro,Jornalista,52,56648018335
Vanessa Mendes Teixeira,vanessa.mendes.teixeira.927@example.com,Caxias do Sul,Assistente administrativo,51,94700266361
Gustavo Moreira Pereira,gustavo.moreira.pereira.928@example.com,Cuiabá,Gerente financeiro,23,80299574113
Thiago Barbosa Nascimento,thiago.barbosa.nascimento.929@example.com,Maringá,Operador de caixa,26,63188094483
Tatiane Mendes Freitas,tatiane.mendes.freitas.930@example.com,Sorocaba,Gerente comercial,57,95906727751
Renata Barros Rodrigues,renata.barros.rodrigues.931@example.com,Goiânia,Encarregado de produção,68,95760070274
Simone Rocha Oliveira,simone.rocha.oliveira.932@example.com,Cuiabá,Diretor de operações,58,27372977599
Igor Silva Moreira,igor.silva.moreira.933@example.com,Dourados,Coordenador de logística,45,55456502822
Felipe Alves Castro,felipe.alves.castro.934@example.com,Caxias do Sul,Coordenador administrativo,18,85507323126
Vanessa Cardoso Martins,vanessa.cardoso.martins.935@example.com,Porto Alegre,Comprador,45,16391419408
Sandra Barros Moreira,sandra.barros.moreira.936@example.com,Santos,Assistente comercial,27,91554272579
Carolina Teixeira Gomes,carolina.teixeira.gomes.937@example.com,Vitória,Auxiliar de produção,21,39698031556
Vitória Freitas Santos,vitoria.freitas.santos.938@example.com,Maringá,Professor,45,30454876290
Igor Dias Ribeiro,igor.dias.ribeiro.939@example.com,Vitória,Supervisor de qualidade,30,32707498376
Patrícia Monteiro Lima,patricia.monteiro.lima.940@example.com,Santos,Gerente de operações,44,41290114393
Leonardo Castro Moreira,leonardo.castro.moreira.941@example.com,Cuiabá,Motorista,45,94285114038
Gabriel Freitas Costa,gabriel.freitas.costa.942@example.com,Manaus,Fisioterapeuta,51,11946933263
Thiago Carvalho Mendes,thiago.carvalho.mendes.943@example.com,Belém,Nutricionista,28,10902498441
Gabriel Castro Rocha,gabriel.castro.rocha.944@example.com,Porto Alegre,Fisioterapeuta,70,30835062912
Ricardo Almeida Barros,ricardo.almeida.barros.945@example.com,Natal,Cozinheiro,68,50662392328
Pedro Carvalho Santos,pedro.carvalho.santos.946@example.com,Fortaleza,Designer gráfico,61,01374457783
Rafael Costa Mendes,rafael.costa.mendes.947@example.com,Maringá,Coordenador de produção,42,62053659132
Felipe Oliveira Moreira,felipe.oliveira.moreira.948@example.com,Dourados,Vendedor,40,10582943116
Igor Nascimento Teixeira,igor.nascimento.teixeira.949@example.com,Uberlândia,Vendedor,21,24602271532
Vinícius Santos Costa,vinicius.santos.costa.950@example.com,Santos,Chefe de almoxarifado,26,77222956970
Débora Dias Freitas,debora.dias.freitas.951@example.com,Santos,Analista de recursos humanos,67,05009695970
Leonardo Silva Rodrigues,leonardo.silva.rodrigues.952@example.com,Fortaleza,Diretor de operações,20,22869489499
Diego Lima Gomes,diego.lima.gomes.953@example.com,Florianópolis,Supervisor de vendas,29,20659663739
Camila Ribeiro Mendes,camila.ribeiro.mendes.954@example.com,Fortaleza,Fisioterapeuta,18,39115811858
Marcelo Silva Nascimento,marcelo.silva.nascimento.955@example.com,Dourados,Nutricionista,49,42368084794
Paulo Castro Silva,paulo.castro.silva.956@example.com,Sorocaba,Analista de recursos humanos,51,79086903171
Juliana Martins Araújo,juliana.martins.araujo.957@example.com,Curitiba,Programador,59,51846679344
Gabriel Nascimento Ribeiro,gabriel.nascimento.ribeiro.958@example.com,Belo Horizonte,Operador de caixa,43,48558981927
Renata Pereira Cardoso,renata.pereira.cardoso.959@example.com,Fortaleza,Designer gráfico,44,33416917620
Mariana Santos Freitas,mariana.santos.freitas.960@example.com,Manaus,Auxiliar de produção,46,41371387146
Pedro Mendes Alves,pedro.mendes.alves.961@example.com,São Paulo,Gerente financeiro,42,67922097319
Larissa Gomes Nascimento,larissa.gomes.nascimento.962@example.com,Natal,Coordenador administrativo,25,32883521767
Vitória Almeida Mendes,vitoria.almeida.mendes.963@example.com,Caxias do Sul,Líder de equipe,49,88884161862
Sérgio Lima Mendes,sergio.lima.mendes.964@example.com,Recife,Comprador,33,82648864935
Beatriz Carvalho Costa,beatriz.carvalho.costa.965@example.com,Brasília,Designer gráfico,61,55919903124
Aline Pereira Monteiro,aline.pereira.monteiro.966@example.com,Salvador,Diretor de operações,37,31259218637
Priscila Fernandes Freitas,priscila.fernandes.freitas.967@example.com,Sorocaba,Chefe de departamento pessoal,59,01451876863
Carlos Oliveira Castro,carlos.oliveira.castro.968@example.com,Sorocaba,Analista de recursos humanos,40,65476589963
Amanda Ribeiro Martins,amanda.ribeiro.martins.969@example.com,Rondonópolis,Diretor comercial,57,38664664362
Fernanda Barros Pereira,fernanda.barros.pereira.970@example.com,São Paulo,Gerente de recursos humanos,56,69288551466
Sérgio Rodrigues Ribeiro,sergio.rodrigues.ribeiro.971@example.com,Dourados,Supervisor de atendimento,45,41062134735
Camila Ribeiro Alves,camila.ribeiro.alves.972@example.com,Vitória,Técnico em informática,53,60988980493
Igor Barros Moreira,igor.barros.moreira.973@example.com,Goiânia,Vendedor,68,67991995449
Gabriel Carvalho Barros,gabriel.carvalho.barros.974@example.com,Campo Grande,Assistente administrativo,38,29102559101
Letícia Mendes Freitas,leticia.mendes.freitas.975@example.com,Uberlândia,Contador,29,16696297708
Camila Araújo Freitas,camila.araujo.freitas.976@example.com,Recife,Padeiro,61,30156117422
Mariana Silva Silva,mariana.silva.silva.977@example.com,Rondonópolis,Líder de equipe,25,98941037267
Luana Costa Alves,luana.costa.alves.978@example.com,Rio de Janeiro,Gerente financeiro,69,11996067717
Diego Nascimento Alves,diego.nascimento.alves.979@example.com,Vitória,Mecânico,66,53252223056
Gabriel Castro Mendes,gabriel.castro.mendes.980@example.com,Belém,Jornalista,32,67999964920
Nicolas Carvalho Nascimento,nicolas.carvalho.nascimento.981@example.com,Sorocaba,Técnico de segurança do trabalho,69,52200737979
Patrícia Silva Ribeiro,patricia.silva.ribeiro.982@example.com,Fortaleza,Gerente de recursos humanos,57,88807957028
João Gomes Martins,joao.gomes.martins.983@example.com,Campo Grande,Estoquista,46,10369378932
Carlos Souza Rocha,carlos.souza.rocha.984@example.com,Maringá,Gerente de tecnologia,43,55256878293
Gustavo Moreira Rodrigues,gustavo.moreira.rodrigues.985@example.com,Uberlândia,Nutricionista,38,18771747417
Vanessa Moreira Teixeira,vanessa.moreira.teixeira.986@example.com,Uberlândia,Programador,55,15354680351
Simone Fernandes Almeida,simone.fernandes.almeida.987@example.com,Niterói,Supervisor de atendimento,38,37556474850
Lucas Nascimento Silva,lucas.nascimento.silva.988@example.com,Santos,Assistente comercial,25,81114273616
Luana Silva Dias,luana.silva.dias.989@example.com,Curitiba,Analista de marketing,65,98844941678
Diego Lima Gomes,diego.lima.gomes.990@example.com,Goiânia,Contador,43,38151341367
Renata Moreira Araújo,renata.moreira.araujo.991@example.com,Caxias do Sul,Gerente de tecnologia,63,94255896280
Tatiane Costa Rodrigues,tatiane.costa.rodrigues.992@example.com,São Paulo,Coordenador de produção,68,73552162990
Lucas Alves Monteiro,lucas.alves.monteiro.993@example.com,Recife,Coordenador administrativo,49,71323983474
Simone Barbosa Santos,simone.barbosa.santos.994@example.com,Sorocaba,Gerente comercial,34,43186700282
Beatriz Freitas Almeida,beatriz.freitas.almeida.995@example.com,Recife,Comprador,23,14298620818
Sandra Almeida Lima,sandra.almeida.lima.996@example.com,Cuiabá,Gerente de operações,44,86490453266
Vitória Ribeiro Lima,vitoria.ribeiro.lima.997@example.com,São Paulo,Eletricista,35,17665468125
Paulo Lima Gomes,paulo.lima.gomes.998@example.com,Brasília,Eletricista,29,25517798946
João Barros Cardoso,joao.barros.cardoso.999@example.com,Dourados,Mecânico,44,25370265086
Eduardo Ribeiro Lima,eduardo.ribeiro.lima.1000@example.com,Maringá,Mecânico,66,32976820795
Patrícia Santos Rodrigues,patricia.santos.rodrigues.1001@example.com,Recife,Encarregado de produção,33,12882632001
Felipe Araújo Fernandes,felipe.araujo.fernandes.1002@example.com,Vitória,Técnico em informática,61,66605012446
Felipe Almeida Souza,felipe.almeida.souza.1003@example.com,Manaus,Gerente comercial,19,10291086083
Priscila Barbosa Araújo,priscila.barbosa.araujo.1004@example.com,Manaus,Operador de caixa,51,43374004834
Camila Silva Souza,camila.silva.souza.1005@example.com,Dourados,Designer gráfico,28,79859016119
Henrique Moreira Moreira,henrique.moreira.moreira.1006@example.com,Vitória,Encarregado de produção,56,06987016496
Carlos Moreira Gomes,carlos.moreira.gomes.1007@example.com,Rondonópolis,Técnico de enfermagem,53,69849839876
Marcelo Dias Teixeira,marcelo.dias.teixeira.1008@example.com,Belo Horizonte,Cozinheiro,68,74832558643
Daniela Rodrigues Silva,daniela.rodrigues.silva.1009@example.com,Vitória,Coordenador administrativo,68,93895396068
Nicolas Ribeiro Moreira,nicolas.ribeiro.moreira.1010@example.com,Fortaleza,Assistente administrativo,39,51965559399
Bruno Alves Costa,bruno.alves.costa.1011@example.com,Recife,Advogado,39,79420134472
Mariana Alves Castro,mariana.alves.castro.1012@example.com,Vitória,Gerente de operações,33,25046827803
Tatiane Castro Martins,tatiane.castro.martins.1013@example.com,Florianópolis,Eletricista,65,78568266050
Vinícius Moreira Barbosa,vinicius.moreira.barbosa.1014@example.com,Vitória,Coordenador administrativo,25,99856966939
Felipe Nascimento Pereira,felipe.nascimento.pereira.1015@example.com,Belém,Supervisor de manutenção,60,50947485904
Débora Barbosa Almeida,debora.barbosa.almeida.1016@example.com,Rondonópolis,Operador de caixa,27,85672878241
Gabriel Souza Fernandes,gabriel.souza.fernandes.1017@example.com,Porto Alegre,Gerente de recursos humanos,50,79506602878
Igor Freitas Almeida,igor.freitas.almeida.1018@example.com,Sorocaba,Enfermeiro,46,26068008309
Ricardo Barros Moreira,ricardo.barros.moreira.1019@example.com,Niterói,Chefe de compras,27,05131783677
Letícia Gomes Freitas,leticia.gomes.freitas.1020@example.com,Goiânia,Assistente administrativo,27,59152564081
Gabriel Monteiro Souza,gabriel.monteiro.souza.1021@example.com,Florianópolis,Supervisor de atendimento,52,63315742898
Priscila Gomes Nascimento,priscila.gomes.nascimento.1022@example.com,Porto Alegre,Pedreiro,42,88390045912
Letícia Barros Castro,leticia.barros.castro.1023@example.com,Fortaleza,Designer gráfico,27,58338060925
Felipe Monteiro Pereira,felipe.monteiro.pereira.1024@example.com,Porto Alegre,Analista de marketing,44,60554436592
Simone Moreira Nascimento,simone.moreira.nascimento.1025@example.com,Belo Horizonte,Estoquista,51,21171186478
Larissa Moreira Monteiro,larissa.moreira.monteiro.1026@example.com,Belo Horizonte,Contador,33,03013634471
Lucas Barbosa Ribeiro,lucas.barbosa.ribeiro.1027@example.com,Vitória,Chefe de compras,52,19656957772
Vitória Barros Almeida,vitoria.barros.almeida.1028@example.com,Maringá,Jornalista,55,90511252257
Débora Freitas Fernandes,debora.freitas.fernandes.1029@example.com,Rondonópolis,Recepcionista,27,09156399421
Pedro Lima Araújo,pedro.lima.araujo.1030@example.com,Florianópolis,Analista de marketing,32,15435351945
Thiago Barbosa Alves,thiago.barbosa.alves.1031@example.com,Salvador,Diretor de operações,28,09424231690
Juliana Barros Nascimento,juliana.barros.nascimento.1032@example.com,Rondonópolis,Estoquista,38,27932391502
José Araújo Dias,jose.araujo.dias.1033@example.com,Salvador,Atendente,53,61456929228
Gustavo Barbosa Barros,gustavo.barbosa.barros.1034@example.com,Londrina,Chefe de almoxarifado,26,42132060732
Renata Martins Alves,renata.martins.alves.1035@example.com,Londrina,Professor,67,95617484124
Sérgio Teixeira Souza,sergio.teixeira.souza.1036@example.com,Fortaleza,Arquiteto,65,48654837902
Daniela Silva Alves,daniela.silva.alves.1037@example.com,São Paulo,Coordenador de marketing,23,05180878051
Daniela Lima Freitas,daniela.lima.freitas.1038@example.com,Goiânia,Chefe de almoxarifado,41,25701791518
Mariana Rocha Silva,mariana.rocha.silva.1039@example.com,Sorocaba,Eletricista,47,12212821907
Letícia Araújo Barbosa,leticia.araujo.barbosa.1040@example.com,Brasília,Chefe de departamento pessoal,45,44927761812
Simone Ribeiro Rodrigues,simone.ribeiro.rodrigues.1041@example.com,Porto Alegre,Gerente financeiro,49,91268822462
Diego Moreira Almeida,diego.moreira.almeida.1042@example.com,Dourados,Gerente de recursos humanos,39,27714756993
José Pereira Freitas,jose.pereira.freitas.1043@example.com,Maringá,Chefe de departamento pessoal,69,57985861024
Débora Castro Nascimento,debora.castro.nascimento.1044@example.com,Salvador,Supervisor de qualidade,21,30349118146
Igor Rodrigues Barros,igor.rodrigues.barros.1045@example.com,Florianópolis,Enfermeiro,64,36884097310
Gabriela Martins Fernandes,gabriela.martins.fernandes.1046@example.com,Campinas,Assistente administrativo,65,00418702816
Marcelo Oliveira Mendes,marcelo.oliveira.mendes.1047@example.com,Joinville,Coordenador de marketing,64,48557255412
Henrique Silva Santos,henrique.silva.santos.1048@example.com,Londrina,Coordenador de logística,47,02854250172
Letícia Moreira Souza,leticia.moreira.souza.1049@example.com,Vitória,Chefe de compras,55,18819420176
Carlos Costa Almeida,carlos.costa.almeida.1050@example.com,Curitiba,Assistente administrativo,58,95294050924
Beatriz Pereira Gomes,beatriz.pereira.gomes.1051@example.com,Sorocaba,Chefe de almoxarifado,28,83770776302
Carlos Barros Souza,carlos.barros.souza.1052@example.com,Curitiba,Supervisor de vendas,67,67495257594
Larissa Rocha Martins,larissa.rocha.martins.1053@example.com,Dourados,Analista de recursos humanos,70,88350574774
Gabriela Oliveira Barbosa,gabriela.oliveira.barbosa.1054@example.com,Joinville,Vendedor,46,43237611341
Sérgio Teixeira Cardoso,sergio.teixeira.cardoso.1055@example.com,Rio de Janeiro,Coordenador de logística,24,97060944464
Lucas Freitas Fernandes,lucas.freitas.fernandes.1056@example.com,Belém,Coordenador de produção,31,00103967326
Fernanda Silva Santos,fernanda.silva.santos.1057@example.com,Vitória,Analista financeiro,38,18930723116
Carolina Fernandes Almeida,carolina.fernandes.almeida.1058@example.com,Florianópolis,Chefe de departamento pessoal,49,24643968388
Eduardo Cardoso Moreira,eduardo.cardoso.moreira.1059@example.com,Rondonópolis,Assistente administrativo,50,80700763004
Fernanda Silva Pereira,fernanda.silva.pereira.1060@example.com,Joinville,Encarregado de produção,45,79742974500
Juliana Rodrigues Gomes,juliana.rodrigues.gomes.1061@example.com,Sorocaba,Auxiliar de produção,32,43189725872
Otávio Barros Costa,otavio.barros.costa.1062@example.com,Londrina,Professor,45,02726512505
Nicolas Alves Souza,nicolas.alves.souza.1063@example.com,Belém,Gerente comercial,69,11605532362
Simone Carvalho Castro,simone.carvalho.castro.1064@example.com,Santos,Gerente de tecnologia,19,73085214133
Thiago Gomes Carvalho,thiago.gomes.carvalho.1065@example.com,Maringá,Chefe de almoxarifado,46,38818858467
Sérgio Ribeiro Rocha,sergio.ribeiro.rocha.1066@example.com,Rondonópolis,Assistente comercial,51,36433211693
Vinícius Castro Costa,vinicius.castro.costa.1067@example.com,Recife,Técnico de segurança do trabalho,70,88643877968
Renata Almeida Dias,renata.almeida.dias.1068@example.com,Rio de Janeiro,Jornalista,44,99551737104
Simone Fernandes Lima,simone.fernandes.lima.1069@example.com,Belém,Gerente de operações,18,80971066125
Ana Pereira Cardoso,ana.pereira.cardoso.1070@example.com,Campo Grande,Supervisor de qualidade,40,07566768109
Leonardo Freitas Dias,leonardo.freitas.dias.1071@example.com,Vitória,Jornalista,70,55850277868
Camila Fernandes Barros,camila.fernandes.barros.1072@example.com,Londrina,Auxiliar de produção,23,78980361320
Marcelo Oliveira Santos,marcelo.oliveira.santos.1073@example.com,Santos,Contador,43,82165808420
Vitória Rodrigues Martins,vitoria.rodrigues.martins.1074@example.com,Belém,Comprador,56,38375138580
Daniela Lima Silva,daniela.lima.silva.1075@example.com,Sorocaba,Chefe de almoxarifado,53,08084039170
Simone Alves Moreira,simone.alves.moreira.1076@example.com,Goiânia,Vendedor,34,42551805030
Thiago Ribeiro Ribeiro,thiago.ribeiro.ribeiro.1077@example.com,Natal,Nutricionista,41,42903258109
Eduardo Castro Barbosa,eduardo.castro.barbosa.1078@example.com,Rondonópolis,Farmacêutico,47,32283748657
Renata Araújo Monteiro,renata.araujo.monteiro.1079@example.com,Salvador,Gerente comercial,20,53819982423
Otávio Costa Fernandes,otavio.costa.fernandes.1080@example.com,Joinville,Mecânico,48,49008780659
Patrícia Costa Freitas,patricia.costa.freitas.1081@example.com,Salvador,Diretor de operações,39,40228474223
Vanessa Teixeira Barros,vanessa.teixeira.barros.1082@example.com,Curitiba,Analista financeiro,52,91731221687
Igor Oliveira Costa,igor.oliveira.costa.1083@example.com,Santos,Técnico de enfermagem,32,65609793946
Gabriela Teixeira Carvalho,gabriela.teixeira.carvalho.1084@example.com,Fortaleza,Designer gráfico,56,11241365000
Aline Ribeiro Carvalho,aline.ribeiro.carvalho.1085@example.com,Campo Grande,Auxiliar de produção,50,93645176386
Paulo Araújo Araújo,paulo.araujo.araujo.1086@example.com,Rio de Janeiro,Supervisor de vendas,26,64194898067
Sandra Barros Costa,sandra.barros.costa.1087@example.com,Curitiba,Técnico de segurança do trabalho,44,43292309401
Otávio Araújo Martins,otavio.araujo.martins.1088@example.com,Uberlândia,Supervisor de vendas,51,73913648636
José Freitas Pereira,jose.freitas.pereira.1089@example.com,Cuiabá,Técnico em informática,22,73899644950
Gustavo Moreira Barros,gustavo.moreira.barros.1090@example.com,Natal,Coordenador de marketing,59,07597563368
Pedro Monteiro Alves,pedro.monteiro.alves.1091@example.com,Campinas,Gerente de tecnologia,62,91968766326
Henrique Cardoso Souza,henrique.cardoso.souza.1092@example.com,Joinville,Nutricionista,70,41408418787
Eduardo Cardoso Nascimento,eduardo.cardoso.nascimento.1093@example.com,Campo Grande,Enfermeiro,66,21308092490
Igor Dias Mendes,igor.dias.mendes.1094@example.com,Recife,Gerente de operações,46,27074818563
Felipe Mendes Araújo,felipe.mendes.araujo.1095@example.com,Brasília,Jornalista,37,51488908293
Sérgio Martins Oliveira,sergio.martins.oliveira.1096@example.com,Uberlândia,Corretor de imóveis,44,49722290152
Vanessa Cardoso Silva,vanessa.cardoso.silva.1097@example.com,Curitiba,Supervisor de vendas,70,60193217015
Vanessa Araújo Moreira,vanessa.araujo.moreira.1098@example.com,Sorocaba,Corretor de imóveis,47,68542255092
Luana Monteiro Souza,luana.monteiro.souza.1099@example.com,Belo Horizonte,Supervisor de qualidade,57,31445399438
Priscila Monteiro Cardoso,priscila.monteiro.cardoso.1100@example.com,Uberlândia,Supervisor de atendimento,52,20904820606
Letícia Mendes Moreira,leticia.mendes.moreira.1101@example.com,Curitiba,Eletricista,31,75931028009
Sandra Araújo Ribeiro,sandra.araujo.ribeiro.1102@example.com,Brasília,Coordenador administrativo,64,13857658613
Marcelo Freitas Costa,marcelo.freitas.costa.1103@example.com,Uberlândia,Coordenador de produção,36,70708126151
Simone Alves Rodrigues,simone.alves.rodrigues.1104@example.com,Natal,Gerente de tecnologia,53,05431624124
Tatiane Rodrigues Teixeira,tatiane.rodrigues.teixeira.1105@example.com,Dourados,Coordenador de produção,46,28560547267
Diego Freitas Moreira,diego.freitas.moreira.1106@example.com,Joinville,Técnico de segurança do trabalho,36,59516298042
Beatriz Teixeira Monteiro,beatriz.teixeira.monteiro.1107@example.com,Uberlândia,Técnico de segurança do trabalho,46,83225118836
Thiago Gomes Freitas,thiago.gomes.freitas.1108@example.com,Maringá,Jornalista,45,87441463995
Felipe Oliveira Moreira,felipe.oliveira.moreira.1109@example.com,Campo Grande,Enfermeiro,61,11869926347
Ana Rocha Rodrigues,ana.rocha.rodrigues.1110@example.com,São Paulo,Gerente financeiro,59,91240422943
Débora Araújo Barbosa,debora.araujo.barbosa.1111@example.com,Cuiabá,Assistente administrativo,25,84017569805
Rafael Alves Almeida,rafael.alves.almeida.1112@example.com,São Paulo,Recepcionista,20,19581747723
Ana Rodrigues Dias,ana.rodrigues.dias.1113@example.com,Maringá,Atendente,67,44874720877
João Santos Teixeira,joao.santos.teixeira.1114@example.com,Rondonópolis,Assistente comercial,67,85027080804
Simone Fernandes Araújo,simone.fernandes.araujo.1115@example.com,São Paulo,Coordenador de logística,66,48199326629
José Alves Gomes,jose.alves.gomes.1116@example.com,Londrina,Estoquista,48,99559235956
Rafael Barros Oliveira,rafael.barros.oliveira.1117@example.com,Recife,Supervisor de atendimento,48,92711852986
Pedro Cardoso Castro,pedro.cardoso.castro.1118@example.com,Florianópolis,Professor,37,28294788386
Diego Santos Lima,diego.santos.lima.1119@example.com,Uberlândia,Estoquista,24,44619753179
Letícia Teixeira Rodrigues,leticia.teixeira.rodrigues.1120@example.com,Natal,Comprador,65,51666094879
Larissa Silva Cardoso,larissa.silva.cardoso.1121@example.com,Rio de Janeiro,Padeiro,43,38500511159
Bruno Nascimento Araújo,bruno.nascimento.araujo.1122@example.com,Salvador,Recepcionista,48,85060977628
Débora Fernandes Carvalho,debora.fernandes.carvalho.1123@example.com,Sorocaba,Chefe de compras,59,05172540780
Henrique Dias Costa,henrique.dias.costa.1124@example.com,Belo Horizonte,Contador,28,33000085136
Sandra Mendes Rodrigues,sandra.mendes.rodrigues.1125@example.com,Campinas,Padeiro,52,53085244506
Vitória Souza Nascimento,vitoria.souza.nascimento.1126@example.com,Niterói,Diretor de operações,50,76357240228
Tatiane Silva Lima,tatiane.silva.lima.1127@example.com,Recife,Analista de dados,29,18754194490
Diego Alves Moreira,diego.alves.moreira.1128@example.com,Belém,Coordenador administrativo,58,82676644127
Vitória Santos Pereira,vitoria.santos.pereira.1129@example.com,Campinas,Coordenador administrativo,57,77660415665
Carolina Silva Freitas,carolina.silva.freitas.1130@example.com,Cuiabá,Coordenador de logística,30,92055827513
Nicolas Mendes Gomes,nicolas.mendes.gomes.1131@example.com,Uberlândia,Assistente administrativo,37,99070517336
Amanda Rodrigues Alves,amanda.rodrigues.alves.1132@example.com,Santos,Diretor de operações,69,83217317478
Marcelo Martins Costa,marcelo.martins.costa.1133@example.com,Campo Grande,Pedreiro,36,25838894868
Aline Barbosa Pereira,aline.barbosa.pereira.1134@example.com,Caxias do Sul,Diretor comercial,35,27395064481
Leonardo Cardoso Barbosa,leonardo.cardoso.barbosa.1135@example.com,Manaus,Nutricionista,52,70846145880
Leonardo Nascimento Rodrigues,leonardo.nascimento.rodrigues.1136@example.com,Belém,Atendente,38,41350421481
José Pereira Castro,jose.pereira.castro.1137@example.com,Joinville,Recepcionista,42,04861142298
Marcelo Barbosa Rocha,marcelo.barbosa.rocha.1138@example.com,Natal,Pedreiro,58,32920969954
Juliana Moreira Cardoso,juliana.moreira.cardoso.1139@example.com,Rio de Janeiro,Analista de recursos humanos,63,01263167667
João Araújo Fernandes,joao.araujo.fernandes.1140@example.com,Manaus,Assistente comercial,53,71896868442
Letícia Fernandes Barbosa,leticia.fernandes.barbosa.1141@example.com,Florianópolis,Supervisor de manutenção,38,68996991965
Sandra Lima Gomes,sandra.lima.gomes.1142@example.com,Sorocaba,Analista de dados,43,30910615070
Juliana Oliveira Rocha,juliana.oliveira.rocha.1143@example.com,Florianópolis,Chefe de departamento pessoal,27,24619876086
Aline Rodrigues Almeida,aline.rodrigues.almeida.1144@example.com,Vitória,Corretor de imóveis,35,14733323602
Gabriel Gomes Fernandes,gabriel.gomes.fernandes.1145@example.com,Dourados,Técnico de segurança do trabalho,50,47040357899
Henrique Fernandes Alves,henrique.fernandes.alves.1146@example.com,Porto Alegre,Líder de equipe,40,28723093191
Otávio Nascimento Gomes,otavio.nascimento.gomes.1147@example.com,Campinas,Gerente comercial,52,03220787169
Larissa Santos Fernandes,larissa.santos.fernandes.1148@example.com,Uberlândia,Supervisor de qualidade,56,01224200701
Patrícia Martins Araújo,patricia.martins.araujo.1149@example.com,Campinas,Gerente comercial,33,99883801248
Felipe Mendes Cardoso,felipe.mendes.cardoso.1150@example.com,Campo Grande,Coordenador de marketing,24,66594177633
Henrique Carvalho Freitas,henrique.carvalho.freitas.1151@example.com,Sorocaba,Pedreiro,34,21923608516
Simone Alves Martins,simone.alves.martins.1152@example.com,Campinas,Chefe de departamento pessoal,52,53801313084
Luana Alves Costa,luana.alves.costa.1153@example.com,Goiânia,Técnico de enfermagem,42,63810750252
Amanda Teixeira Rodrigues,amanda.teixeira.rodrigues.1154@example.com,Niterói,Jornalista,42,57590936452
Felipe Ribeiro Rocha,felipe.ribeiro.rocha.1155@example.com,Florianópolis,Chefe de compras,49,19702542685
Carlos Rodrigues Martins,carlos.rodrigues.martins.1156@example.com,Brasília,Supervisor de atendimento,61,01187363743
José Santos Santos,jose.santos.santos.1157@example.com,Goiânia,Analista de dados,48,77343719923
Gabriela Castro Pereira,gabriela.castro.pereira.1158@example.com,Joinville,Estoquista,22,85815513526
Daniela Barbosa Fernandes,daniela.barbosa.fernandes.1159@example.com,Curitiba,Analista de marketing,29,92578128294
Gabriela Almeida Carvalho,gabriela.almeida.carvalho.1160@example.com,Joinville,Coordenador de logística,39,48631403605
Mariana Castro Barbosa,mariana.castro.barbosa.1161@example.com,Belém,Líder de equipe,47,39741221166
Letícia Rocha Oliveira,leticia.rocha.oliveira.1162@example.com,Sorocaba,Analista de marketing,70,33951312190
Sérgio Castro Teixeira,sergio.castro.teixeira.1163@example.com,Recife,Operador de caixa,70,57036612292
Igor Rocha Monteiro,igor.rocha.monteiro.1164@example.com,Recife,Supervisor de qualidade,38,42513614934
Beatriz Silva Martins,beatriz.silva.martins.1165@example.com,Belém,Programador,55,74246856491
Marcelo Costa Alves,marcelo.costa.alves.1166@example.com,Maringá,Contador,24,40761897879
João Freitas Oliveira,joao.freitas.oliveira.1167@example.com,Niterói,Supervisor de vendas,33,64626135302
Gabriela Oliveira Barros,gabriela.oliveira.barros.1168@example.com,Campinas,Engenheiro civil,45,67653649283
João Ribeiro Costa,joao.ribeiro.costa.1169@example.com,Niterói,Motorista,24,49267905824
Leonardo Dias Lima,leonardo.dias.lima.1170@example.com,Cuiabá,Analista financeiro,28,73747402435
Mariana Lima Rodrigues,mariana.lima.rodrigues.1171@example.com,Natal,Eletricista,60,10411425452
Diego Araújo Araújo,diego.araujo.araujo.1172@example.com,Curitiba,Supervisor de vendas,27,24269972423
Rafael Cardoso Castro,rafael.cardoso.castro.1173@example.com,Belém,Supervisor de manutenção,45,72045494585
Paulo Moreira Souza,paulo.moreira.souza.1174@example.com,Londrina,Diretor de operações,60,58319739476
Sandra Barbosa Castro,sandra.barbosa.castro.1175@example.com,Niterói,Nutricionista,37,28405972861
Marcelo Alves Barbosa,marcelo.alves.barbosa.1176@example.com,Natal,Designer gráfico,33,41885227038
José Moreira Mendes,jose.moreira.mendes.1177@example.com,Uberlândia,Supervisor de atendimento,57,75596524638
Diego Nascimento Carvalho,diego.nascimento.carvalho.1178@example.com,Niterói,Gerente de tecnologia,50,21362545225
Bruno Monteiro Araújo,bruno.monteiro.araujo.1179@example.com,Fortaleza,Vendedor,70,69649705213
Carolina Ribeiro Pereira,carolina.ribeiro.pereira.1180@example.com,Sorocaba,Supervisor de qualidade,21,86372233228
Pedro Cardoso Gomes,pedro.cardoso.gomes.1181@example.com,Belém,Diretor de operações,23,98564683857
Felipe Cardoso Barbosa,felipe.cardoso.barbosa.1182@example.com,Salvador,Operador de caixa,32,79272621907
Aline Freitas Almeida,aline.freitas.almeida.1183@example.com,Fortaleza,Coordenador de marketing,66,69128933036
Mariana Souza Alves,mariana.souza.alves.1184@example.com,Londrina,Estoquista,59,88657486477
Fernanda Cardoso Alves,fernanda.cardoso.alves.1185@example.com,Brasília,Farmacêutico,50,97893292098
Larissa Almeida Freitas,larissa.almeida.freitas.1186@example.com,Vitória,Analista de marketing,50,82118754721
Henrique Costa Silva,henrique.costa.silva.1187@example.com,Fortaleza,Chefe de departamento pessoal,63,29863649865
Priscila Carvalho Nascimento,priscila.carvalho.nascimento.1188@example.com,Goiânia,Atendente,31,11302240791
Henrique Rocha Carvalho,henrique.rocha.carvalho.1189@example.com,Manaus,Designer gráfico,67,87811148711
Larissa Fernandes Cardoso,larissa.fernandes.cardoso.1190@example.com,Florianópolis,Analista de recursos humanos,30,78534744289
Ana Almeida Oliveira,ana.almeida.oliveira.1191@example.com,Maringá,Professor,63,41562905483
Felipe Lima Santos,felipe.lima.santos.1192@example.com,Rondonópolis,Chefe de departamento pessoal,43,75911929456
Nicolas Gomes Nascimento,nicolas.gomes.nascimento.1193@example.com,Cuiabá,Mecânico,28,94080230882
José Rodrigues Teixeira,jose.rodrigues.teixeira.1194@example.com,Joinville,Analista de dados,67,82374858450
Amanda Lima Martins,amanda.lima.martins.1195@example.com,Belo Horizonte,Líder de equipe,56,16873285294
Igor Lima Castro,igor.lima.castro.1196@example.com,Salvador,Chefe de compras,59,86360630416
Mariana Teixeira Pereira,mariana.teixeira.pereira.1197@example.com,Belo Horizonte,Chefe de almoxarifado,45,26552887940
Simone Monteiro Pereira,simone.monteiro.pereira.1198@example.com,São Paulo,Coordenador administrativo,37,40177546862
Igor Souza Santos,igor.souza.santos.1199@example.com,Campo Grande,Supervisor de vendas,43,19549837707
João Costa Moreira,joao.costa.moreira.1200@example.com,Dourados,Chefe de departamento pessoal,32,35412095530
Thiago Silva Mendes,thiago.silva.mendes.1201@example.com,Brasília,Auxiliar de produção,18,32224967228
Daniela Cardoso Ribeiro,daniela.cardoso.ribeiro.1202@example.com,Goiânia,Programador,50,93811838677
Otávio Carvalho Martins,otavio.carvalho.martins.1203@example.com,Manaus,Diretor de operações,60,89796218494
Tatiane Barbosa Fernandes,tatiane.barbosa.fernandes.1204@example.com,Manaus,Técnico em informática,44,65084505855
Vinícius Castro Cardoso,vinicius.castro.cardoso.1205@example.com,Natal,Técnico de segurança do trabalho,67,76274043297
Felipe Martins Fernandes,felipe.martins.fernandes.1206@example.com,Sorocaba,Encarregado de produção,68,22172094450
Renata Rocha Barbosa,renata.rocha.barbosa.1207@example.com,Belo Horizonte,Gerente de operações,21,49077316270
Beatriz Carvalho Monteiro,beatriz.carvalho.monteiro.1208@example.com,São Paulo,Técnico de segurança do trabalho,45,99211216457
Vanessa Fernandes Lima,vanessa.fernandes.lima.1209@example.com,Belo Horizonte,Mecânico,70,56118422555
Paulo Pereira Pereira,paulo.pereira.pereira.1210@example.com,Natal,Chefe de compras,38,73750884107
Leonardo Carvalho Barbosa,leonardo.carvalho.barbosa.1211@example.com,Recife,Farmacêutico,50,03839269522
Thiago Gomes Pereira,thiago.gomes.pereira.1212@example.com,Joinville,Analista financeiro,58,71998416354
Bruno Almeida Cardoso,bruno.almeida.cardoso.1213@example.com,Curitiba,Vendedor,59,08871566416
Eduardo Barbosa Dias,eduardo.barbosa.dias.1214@example.com,Brasília,Gerente de operações,27,10876319745
Vinícius Mendes Araújo,vinicius.mendes.araujo.1215@example.com,Natal,Analista de dados,18,56389255998
Henrique Mendes Freitas,henrique.mendes.freitas.1216@example.com,Florianópolis,Arquiteto,53,71824409300
Mariana Carvalho Nascimento,mariana.carvalho.nascimento.1217@example.com,Belém,Eletricista,40,20176214547
Paulo Dias Mendes,paulo.dias.mendes.1218@example.com,Sorocaba,Cozinheiro,53,53714471773
Thiago Alves Lima,thiago.alves.lima.1219@example.com,Sorocaba,Supervisor de qualidade,53,44642807189
Tatiane Lima Cardoso,tatiane.lima.cardoso.1220@example.com,Porto Alegre,Líder de equipe,70,03487212302
Bruno Fernandes Souza,bruno.fernandes.souza.1221@example.com,Porto Alegre,Chefe de compras,63,92059638244
Henrique Nascimento Barbosa,henrique.nascimento.barbosa.1222@example.com,Campo Grande,Operador de caixa,49,92340562699
Fernanda Pereira Barbosa,fernanda.pereira.barbosa.1223@example.com,Campo Grande,Supervisor de qualidade,70,94290882124
Ricardo Santos Pereira,ricardo.santos.pereira.1224@example.com,Belém,Líder de equipe,55,26031021613
João Ribeiro Souza,joao.ribeiro.souza.1225@example.com,Londrina,Eletricista,40,05301141627
Nicolas Freitas Costa,nicolas.freitas.costa.1226@example.com,Dourados,Supervisor de atendimento,64,42766462309
Felipe Rocha Rodrigues,felipe.rocha.rodrigues.1227@example.com,Florianópolis,Eletricista,59,00364846809
Beatriz Silva Ribeiro,beatriz.silva.ribeiro.1228@example.com,Curitiba,Supervisor de manutenção,23,78899495697
Marcelo Cardoso Pereira,marcelo.cardoso.pereira.1229@example.com,Rio de Janeiro,Farmacêutico,21,93604654543
Ana Nascimento Nascimento,ana.nascimento.nascimento.1230@example.com,Fortaleza,Gerente de operações,55,41329126396
Sandra Cardoso Carvalho,sandra.cardoso.carvalho.1231@example.com,Niterói,Gerente de tecnologia,52,54073671594
Letícia Mendes Ribeiro,leticia.mendes.ribeiro.1232@example.com,Porto Alegre,Analista de dados,50,47875837155
Gabriel Martins Lima,gabriel.martins.lima.1233@example.com,Curitiba,Operador de caixa,64,80074096942
Vinícius Freitas Mendes,vinicius.freitas.mendes.1234@example.com,Rondonópolis,Atendente,65,93246960335
Mariana Alves Carvalho,mariana.alves.carvalho.1235@example.com,Brasília,Analista de dados,27,98538399637
Leonardo Santos Gomes,leonardo.santos.gomes.1236@example.com,Niterói,Diretor de operações,51,42357916978
Larissa Costa Carvalho,larissa.costa.carvalho.1237@example.com,Campinas,Operador de caixa,54,64373783483
Bruno Alves Fernandes,bruno.alves.fernandes.1238@example.com,Campinas,Arquiteto,50,25477228328
Sérgio Oliveira Lima,sergio.oliveira.lima.1239@example.com,Recife,Eletricista,53,90280937775
Pedro Santos Carvalho,pedro.santos.carvalho.1240@example.com,Campinas,Gerente financeiro,53,80617809628
Daniela Rocha Rocha,daniela.rocha.rocha.1241@example.com,Curitiba,Gerente comercial,30,46896635077
Igor Gomes Dias,igor.gomes.dias.1242@example.com,Campo Grande,Pedreiro,39,32388414622
Sandra Lima Moreira,sandra.lima.moreira.1243@example.com,Recife,Coordenador administrativo,67,91461759979
Sandra Rocha Ribeiro,sandra.rocha.ribeiro.1244@example.com,Maringá,Pedreiro,27,52462228216
Lucas Freitas Costa,lucas.freitas.costa.1245@example.com,Rio de Janeiro,Supervisor de manutenção,44,15413802020
Ana Araújo Mendes,ana.araujo.mendes.1246@example.com,Joinville,Operador de caixa,27,41821591521
Rafael Gomes Oliveira,rafael.gomes.oliveira.1247@example.com,Belém,Gerente de tecnologia,29,30459539428
José Monteiro Moreira,jose.monteiro.moreira.1248@example.com,Curitiba,Fisioterapeuta,47,52448911045
Beatriz Freitas Monteiro,beatriz.freitas.monteiro.1249@example.com,Porto Alegre,Farmacêutico,31,78591563637
Mariana Alves Pereira,mariana.alves.pereira.1250@example.com,Maringá,Diretor de operações,30,48009496320
Priscila Mendes Almeida,priscila.mendes.almeida.1251@example.com,Belém,Coordenador de produção,55,24066631153
Paulo Mendes Castro,paulo.mendes.castro.1252@example.com,Uberlândia,Supervisor de qualidade,70,31917882019
Felipe Rocha Moreira,felipe.rocha.moreira.1253@example.com,Uberlândia,Supervisor de atendimento,54,65805886546
Luana Castro Cardoso,luana.castro.cardoso.1254@example.com,Curitiba,Coordenador de produção,46,82518560632
Vinícius Santos Moreira,vinicius.santos.moreira.1255@example.com,Brasília,Jornalista,43,24915739445
Igor Oliveira Martins,igor.oliveira.martins.1256@example.com,Rondonópolis,Nutricionista,31,97470759844
Rafael Barros Rodrigues,rafael.barros.rodrigues.1257@example.com,Fortaleza,Analista de marketing,45,40931133239
Daniela Nascimento Pereira,daniela.nascimento.pereira.1258@example.com,Campinas,Coordenador de marketing,66,83312494689
Thiago Nascimento Oliveira,thiago.nascimento.oliveira.1259@example.com,São Paulo,Chefe de almoxarifado,43,10288518346
Leonardo Castro Barbosa,leonardo.castro.barbosa.1260@example.com,Belo Horizonte,Motorista,56,83028042112
Aline Santos Oliveira,aline.santos.oliveira.1261@example.com,Sorocaba,Motorista,43,69641046521
Vanessa Castro Ribeiro,vanessa.castro.ribeiro.1262@example.com,Rio de Janeiro,Pedreiro,39,85981158645
Leonardo Lima Silva,leonardo.lima.silva.1263@example.com,Curitiba,Corretor de imóveis,30,29086224640
Letícia Santos Barros,leticia.santos.barros.1264@example.com,Londrina,Advogado,19,62926650080
Bruno Rocha Martins,bruno.rocha.martins.1265@example.com,Niterói,Enfermeiro,41,55980151515
Marcelo Teixeira Souza,marcelo.teixeira.souza.1266@example.com,Dourados,Engenheiro civil,70,56348635216
Gabriel Pereira Oliveira,gabriel.pereira.oliveira.1267@example.com,Cuiabá,Coordenador de produção,36,24705139443
Rafael Souza Lima,rafael.souza.lima.1268@example.com,Porto Alegre,Chefe de compras,34,53534683207
Carlos Fernandes Pereira,carlos.fernandes.pereira.1269@example.com,Recife,Analista de recursos humanos,34,81522621782
Thiago Fernandes Mendes,thiago.fernandes.mendes.1270@example.com,Uberlândia,Coordenador de logística,65,32216645619
Mariana Gomes Barros,mariana.gomes.barros.1271@example.com,Niterói,Eletricista,45,42304487988
Juliana Cardoso Cardoso,juliana.cardoso.cardoso.1272@example.com,Manaus,Gerente financeiro,18,33037533473
Lucas Araújo Santos,lucas.araujo.santos.1273@example.com,Campinas,Mecânico,50,69940327746
Carolina Gomes Carvalho,carolina.gomes.carvalho.1274@example.com,Recife,Técnico em informática,26,83014686010
Nicolas Santos Lima,nicolas.santos.lima.1275@example.com,Goiânia,Nutricionista,50,80165196600
Paulo Souza Mendes,paulo.souza.mendes.1276@example.com,Florianópolis,Comprador,54,24774496026
Carolina Gomes Alves,carolina.gomes.alves.1277@example.com,Caxias do Sul,Diretor comercial,62,11835363373
Felipe Teixeira Barbosa,felipe.teixeira.barbosa.1278@example.com,Campo Grande,Diretor comercial,21,97299667665
Vanessa Gomes Moreira,vanessa.gomes.moreira.1279@example.com,Goiânia,Encarregado de produção,57,09950236045
Diego Freitas Costa,diego.freitas.costa.1280@example.com,Santos,Advogado,48,90923662638
Sérgio Dias Rodrigues,sergio.dias.rodrigues.1281@example.com,Florianópolis,Engenheiro civil,52,42550984141
Nicolas Santos Nascimento,nicolas.santos.nascimento.1282@example.com,Florianópolis,Diretor comercial,55,35009844602
Aline Araújo Silva,aline.araujo.silva.1283@example.com,Dourados,Recepcionista,69,18994493583
Sandra Rodrigues Souza,sandra.rodrigues.souza.1284@example.com,Rondonópolis,Motorista,62,47424853738
Ana Lima Almeida,ana.lima.almeida.1285@example.com,Manaus,Líder de equipe,43,66185289887
Ricardo Castro Fernandes,ricardo.castro.fernandes.1286@example.com,Rio de Janeiro,Fisioterapeuta,41,57111586307
Vanessa Nascimento Fernandes,vanessa.nascimento.fernandes.1287@example.com,Vitória,Engenheiro civil,67,33892469068
Camila Almeida Almeida,camila.almeida.almeida.1288@example.com,Dourados,Advogado,47,90097456635
Rafael Costa Castro,rafael.costa.castro.1289@example.com,Joinville,Arquiteto,53,77905001061
Paulo Nascimento Freitas,paulo.nascimento.freitas.1290@example.com,Belém,Supervisor de manutenção,30,55844515971
Diego Castro Araújo,diego.castro.araujo.1291@example.com,Campo Grande,Analista de recursos humanos,38,14131546537
Larissa Gomes Rodrigues,larissa.gomes.rodrigues.1292@example.com,Dourados,Auxiliar de produção,41,94282742202
Tatiane Almeida Martins,tatiane.almeida.martins.1293@example.com,Santos,Analista de marketing,54,55842504263
Amanda Castro Souza,amanda.castro.souza.1294@example.com,Sorocaba,Recepcionista,65,44272456321
Vanessa Costa Carvalho,vanessa.costa.carvalho.1295@example.com,Belo Horizonte,Mecânico,23,13572761094
Mariana Oliveira Moreira,mariana.oliveira.moreira.1296@example.com,Curitiba,Líder de equipe,21,40348746040
Leonardo Silva Almeida,leonardo.silva.almeida.1297@example.com,Campinas,Assistente administrativo,32,78823573763
Larissa Carvalho Silva,larissa.carvalho.silva.1298@example.com,Campinas,Gerente de recursos humanos,37,19941572607
Gustavo Monteiro Ribeiro,gustavo.monteiro.ribeiro.1299@example.com,Salvador,Supervisor de manutenção,62,98294140878
Sandra Costa Nascimento,sandra.costa.nascimento.1300@example.com,Uberlândia,Farmacêutico,49,04151595759
Lucas Gomes Moreira,lucas.gomes.moreira.1301@example.com,Florianópolis,Técnico em informática,64,83419744902
Marcelo Fernandes Gomes,marcelo.fernandes.gomes.1302@example.com,Brasília,Gerente comercial,47,65756010009
Ana Oliveira Costa,ana.oliveira.costa.1303@example.com,Sorocaba,Corretor de imóveis,22,56775081759
Priscila Gomes Martins,priscila.gomes.martins.1304@example.com,Santos,Supervisor de atendimento,62,87491986354
Vitória Souza Nascimento,vitoria.souza.nascimento.1305@example.com,Brasília,Gerente financeiro,43,66704820660
Diego Freitas Barros,diego.freitas.barros.1306@example.com,Uberlândia,Gerente comercial,51,72320383440
Paulo Alves Alves,paulo.alves.alves.1307@example.com,Curitiba,Analista de dados,53,80606620154
Sandra Lima Oliveira,sandra.lima.oliveira.1308@example.com,Joinville,Nutricionista,29,50420423836
Bruno Mendes Dias,bruno.mendes.dias.1309@example.com,Florianópolis,Eletricista,29,47873844838
Renata Santos Cardoso,renata.santos.cardoso.1310@example.com,Sorocaba,Cozinheiro,19,19735383155
Henrique Moreira Souza,henrique.moreira.souza.1311@example.com,Florianópolis,Padeiro,34,12380678550
João Costa Oliveira,joao.costa.oliveira.1312@example.com,Recife,Chefe de almoxarifado,48,28975572719
Ana Almeida Lima,ana.almeida.lima.1313@example.com,Brasília,Chefe de almoxarifado,41,65370624820
João Freitas Moreira,joao.freitas.moreira.1314@example.com,Rondonópolis,Motorista,32,55860762354
Luana Santos Santos,luana.santos.santos.1315@example.com,Curitiba,Supervisor de atendimento,30,20153627953
Letícia Moreira Freitas,leticia.moreira.freitas.1316@example.com,Belém,Professor,24,51096812916
Thiago Gomes Silva,thiago.gomes.silva.1317@example.com,Uberlândia,Jornalista,41,63748168219
Letícia Barros Rodrigues,leticia.barros.rodrigues.1318@example.com,Brasília,Assistente administrativo,59,83015723852
Camila Araújo Barbosa,camila.araujo.barbosa.1319@example.com,Londrina,Gerente comercial,39,80963533858
Vanessa Silva Castro,vanessa.silva.castro.1320@example.com,Brasília,Supervisor de vendas,22,19088879802
Otávio Nascimento Lima,otavio.nascimento.lima.1321@example.com,Santos,Nutricionista,26,75536086237
Leonardo Moreira Oliveira,leonardo.moreira.oliveira.1322@example.com,Curitiba,Gerente financeiro,37,83905159832
Carolina Costa Oliveira,carolina.costa.oliveira.1323@example.com,Caxias do Sul,Programador,58,47642592669
Débora Nascimento Moreira,debora.nascimento.moreira.1324@example.com,Curitiba,Coordenador de logística,66,08739423259
Débora Fernandes Monteiro,debora.fernandes.monteiro.1325@example.com,Porto Alegre,Assistente comercial,55,16427800034
Tatiane Nascimento Carvalho,tatiane.nascimento.carvalho.1326@example.com,Niterói,Assistente comercial,18,81388349032
Larissa Almeida Lima,larissa.almeida.lima.1327@example.com,Niterói,Engenheiro civil,31,57268807270
Vinícius Rodrigues Teixeira,vinicius.rodrigues.teixeira.1328@example.com,Niterói,Designer gráfico,19,00112512448
Marcelo Souza Almeida,marcelo.souza.almeida.1329@example.com,Belém,Chefe de almoxarifado,22,11489998350
Mariana Ribeiro Cardoso,mariana.ribeiro.cardoso.1330@example.com,Florianópolis,Farmacêutico,23,45837409746
Nicolas Moreira Santos,nicolas.moreira.santos.1331@example.com,Rondonópolis,Gerente comercial,52,01308516151
Vitória Fernandes Santos,vitoria.fernandes.santos.1332@example.com,Fortaleza,Coordenador de logística,67,45590088620
Marcelo Santos Oliveira,marcelo.santos.oliveira.1333@example.com,Belo Horizonte,Mecânico,63,98081023989
Daniela Barbosa Araújo,daniela.barbosa.araujo.1334@example.com,Manaus,Coordenador de logística,25,79514000506
Sérgio Rocha Mendes,sergio.rocha.mendes.1335@example.com,Londrina,Assistente comercial,39,65952432036
Vinícius Lima Freitas,vinicius.lima.freitas.1336@example.com,Belo Horizonte,Chefe de almoxarifado,23,81393103895
Ana Fernandes Cardoso,ana.fernandes.cardoso.1337@example.com,Fortaleza,Fisioterapeuta,59,31698111985
Nicolas Rodrigues Lima,nicolas.rodrigues.lima.1338@example.com,Uberlândia,Técnico de segurança do trabalho,63,36207822181
Rafael Monteiro Silva,rafael.monteiro.silva.1339@example.com,Goiânia,Jornalista,68,94801480574
Eduardo Barros Castro,eduardo.barros.castro.1340@example.com,Belo Horizonte,Atendente,24,51115606886
Carolina Mendes Barros,carolina.mendes.barros.1341@example.com,Niterói,Coordenador de produção,46,20320915597
Luana Dias Costa,luana.dias.costa.1342@example.com,Rio de Janeiro,Pedreiro,58,17970436692
Tatiane Cardoso Rocha,tatiane.cardoso.rocha.1343@example.com,Uberlândia,Enfermeiro,21,11992329696
Luana Nascimento Almeida,luana.nascimento.almeida.1344@example.com,Goiânia,Diretor comercial,45,75170827434
Daniela Cardoso Monteiro,daniela.cardoso.monteiro.1345@example.com,Rio de Janeiro,Padeiro,54,34348538191
Igor Rocha Oliveira,igor.rocha.oliveira.1346@example.com,Joinville,Gerente comercial,26,10412318891
Letícia Dias Souza,leticia.dias.souza.1347@example.com,Belo Horizonte,Operador de caixa,40,80135296110
Letícia Barros Pereira,leticia.barros.pereira.1348@example.com,Rio de Janeiro,Padeiro,55,09269310962
Bruno Mendes Carvalho,bruno.mendes.carvalho.1349@example.com,Florianópolis,Coordenador de produção,24,08003748027
Eduardo Alves Almeida,eduardo.alves.almeida.1350@example.com,Natal,Técnico de segurança do trabalho,67,07395492602
Otávio Carvalho Teixeira,otavio.carvalho.teixeira.1351@example.com,Cuiabá,Gerente de tecnologia,70,71843000448
Vitória Moreira Carvalho,vitoria.moreira.carvalho.1352@example.com,Campo Grande,Fisioterapeuta,66,66598464825
Pedro Fernandes Araújo,pedro.fernandes.araujo.1353@example.com,Fortaleza,Chefe de almoxarifado,48,14444216886
Paulo Gomes Monteiro,paulo.gomes.monteiro.1354@example.com,Vitória,Operador de caixa,54,35619654622
Mariana Barbosa Teixeira,mariana.barbosa.teixeira.1355@example.com,Curitiba,Diretor de operações,33,19379670956
Tatiane Carvalho Barbosa,tatiane.carvalho.barbosa.1356@example.com,Natal,Assistente administrativo,29,99825960165
Igor Castro Gomes,igor.castro.gomes.1357@example.com,Fortaleza,Gerente comercial,64,83123294368
Eduardo Carvalho Monteiro,eduardo.carvalho.monteiro.1358@example.com,Londrina,Líder de equipe,51,89025120674
Otávio Pereira Santos,otavio.pereira.santos.1359@example.com,Natal,Supervisor de qualidade,25,98807041480
Ricardo Fernandes Oliveira,ricardo.fernandes.oliveira.1360@example.com,Manaus,Mecânico,23,16827615117
Carlos Almeida Dias,carlos.almeida.dias.1361@example.com,São Paulo,Engenheiro civil,57,77033818709
Renata Barros Monteiro,renata.barros.monteiro.1362@example.com,Campo Grande,Operador de caixa,42,93686489926
Aline Costa Barros,aline.costa.barros.1363@example.com,Sorocaba,Professor,65,95396437560
Otávio Freitas Oliveira,otavio.freitas.oliveira.1364@example.com,Campo Grande,Vendedor,24,01505974000
Gabriela Silva Dias,gabriela.silva.dias.1365@example.com,Santos,Supervisor de qualidade,26,30892576379
Amanda Almeida Araújo,amanda.almeida.araujo.1366@example.com,Campo Grande,Designer gráfico,54,04299855452
Mariana Castro Freitas,mariana.castro.freitas.1367@example.com,Sorocaba,Fisioterapeuta,43,09647922876
Amanda Araújo Barros,amanda.araujo.barros.1368@example.com,Salvador,Professor,38,28972769158
Vitória Rodrigues Ribeiro,vitoria.rodrigues.ribeiro.1369@example.com,Dourados,Assistente administrativo,44,95698639620
Sandra Teixeira Monteiro,sandra.teixeira.monteiro.1370@example.com,Belém,Assistente administrativo,39,88457662066
Beatriz Freitas Barros,beatriz.freitas.barros.1371@example.com,Dourados,Vendedor,54,74756132356
Igor Fernandes Moreira,igor.fernandes.moreira.1372@example.com,Curitiba,Supervisor de vendas,58,76602927159
Vitória Alves Pereira,vitoria.alves.pereira.1373@example.com,Maringá,Técnico de enfermagem,24,62712591926
Nicolas Alves Lima,nicolas.alves.lima.1374@example.com,Dourados,Gerente de recursos humanos,25,87810756761
Eduardo Almeida Rocha,eduardo.almeida.rocha.1375@example.com,Fortaleza,Engenheiro civil,48,63518175322
Patrícia Alves Barbosa,patricia.alves.barbosa.1376@example.com,Fortaleza,Engenheiro civil,60,07143464956
Renata Pereira Costa,renata.pereira.costa.1377@example.com,São Paulo,Analista de marketing,18,50575049615
Thiago Gomes Barros,thiago.gomes.barros.1378@example.com,Salvador,Designer gráfico,48,03436637640
Thiago Souza Carvalho,thiago.souza.carvalho.1379@example.com,Santos,Padeiro,38,48290286923
Gustavo Lima Freitas,gustavo.lima.freitas.1380@example.com,Belo Horizonte,Gerente de recursos humanos,29,84800138537
Henrique Souza Silva,henrique.souza.silva.1381@example.com,Vitória,Analista financeiro,60,01260515489
Carlos Lima Ribeiro,carlos.lima.ribeiro.1382@example.com,Fortaleza,Motorista,27,00074636319
Eduardo Souza Rocha,eduardo.souza.rocha.1383@example.com,Manaus,Coordenador de produção,34,57935098778
Beatriz Rodrigues Mendes,beatriz.rodrigues.mendes.1384@example.com,Sorocaba,Gerente comercial,37,73381554094
Vanessa Lima Ribeiro,vanessa.lima.ribeiro.1385@example.com,São Paulo,Diretor de operações,61,37530907661
Beatriz Fernandes Cardoso,beatriz.fernandes.cardoso.1386@example.com,Caxias do Sul,Estoquista,47,08338360882
Sandra Fernandes Castro,sandra.fernandes.castro.1387@example.com,Florianópolis,Supervisor de vendas,27,19089385701
Priscila Fernandes Dias,priscila.fernandes.dias.1388@example.com,Maringá,Supervisor de vendas,28,06646409987
Débora Castro Silva,debora.castro.silva.1389@example.com,Caxias do Sul,Diretor comercial,39,66270863558
Priscila Fernandes Pereira,priscila.fernandes.pereira.1390@example.com,Florianópolis,Corretor de imóveis,60,83101429961
Daniela Monteiro Barros,daniela.monteiro.barros.1391@example.com,Belo Horizonte,Gerente de recursos humanos,62,15013732510
Vanessa Moreira Rocha,vanessa.moreira.rocha.1392@example.com,Joinville,Técnico de enfermagem,40,34763876847
Renata Costa Dias,renata.costa.dias.1393@example.com,Rio de Janeiro,Advogado,19,24848146005
Thiago Nascimento Rocha,thiago.nascimento.rocha.1394@example.com,Campinas,Nutricionista,66,63913884375
Lucas Ribeiro Silva,lucas.ribeiro.silva.1395@example.com,São Paulo,Eletricista,37,96967863555
Leonardo Monteiro Souza,leonardo.monteiro.souza.1396@example.com,Maringá,Analista de marketing,59,58745763098
Marcelo Costa Mendes,marcelo.costa.mendes.1397@example.com,Natal,Farmacêutico,39,61236394621
Renata Oliveira Teixeira,renata.oliveira.teixeira.1398@example.com,Fortaleza,Padeiro,50,07887144660
Leonardo Carvalho Rocha,leonardo.carvalho.rocha.1399@example.com,Fortaleza,Corretor de imóveis,18,21007617109
Ricardo Alves Barros,ricardo.alves.barros.1400@example.com,Florianópolis,Assistente administrativo,66,69471614980
Thiago Monteiro Rodrigues,thiago.monteiro.rodrigues.1401@example.com,Goiânia,Arquiteto,32,65688566217
Vinícius Martins Costa,vinicius.martins.costa.1402@example.com,Florianópolis,Coordenador de marketing,23,28832965520
Diego Almeida Fernandes,diego.almeida.fernandes.1403@example.com,Recife,Diretor de operações,44,59426493449
Lucas Lima Oliveira,lucas.lima.oliveira.1404@example.com,Rondonópolis,Supervisor de vendas,65,79344691739
Vanessa Moreira Ribeiro,vanessa.moreira.ribeiro.1405@example.com,Florianópolis,Supervisor de qualidade,41,83579225836
Pedro Ribeiro Araújo,pedro.ribeiro.araujo.1406@example.com,Rondonópolis,Técnico de enfermagem,46,23112124992
Simone Pereira Teixeira,simone.pereira.teixeira.1407@example.com,Vitória,Gerente de tecnologia,43,71525409499
Thiago Ribeiro Almeida,thiago.ribeiro.almeida.1408@example.com,Cuiabá,Farmacêutico,60,73916716543
Juliana Santos Alves,juliana.santos.alves.1409@example.com,Brasília,Diretor comercial,49,63757637073
Henrique Pereira Lima,henrique.pereira.lima.1410@example.com,Curitiba,Designer gráfico,28,08930489690
Paulo Freitas Gomes,paulo.freitas.gomes.1411@example.com,Salvador,Técnico de segurança do trabalho,43,67793921360
Gabriela Gomes Nascimento,gabriela.gomes.nascimento.1412@example.com,Niterói,Diretor de operações,62,10166062185
Mariana Nascimento Silva,mariana.nascimento.silva.1413@example.com,Santos,Técnico em informática,52,31233657643
Mariana Freitas Almeida,mariana.freitas.almeida.1414@example.com,Niterói,Supervisor de qualidade,47,08804203318
Rafael Almeida Mendes,rafael.almeida.mendes.1415@example.com,Fortaleza,Nutricionista,23,28724125285
Patrícia Souza Moreira,patricia.souza.moreira.1416@example.com,Niterói,Diretor comercial,66,50181442748
Lucas Ribeiro Araújo,lucas.ribeiro.araujo.1417@example.com,Cuiabá,Chefe de departamento pessoal,30,60724157441
Camila Fernandes Almeida,camila.fernandes.almeida.1418@example.com,Porto Alegre,Programador,59,88261398206
Ricardo Oliveira Mendes,ricardo.oliveira.mendes.1419@example.com,Florianópolis,Professor,49,07952015058
Aline Nascimento Rodrigues,aline.nascimento.rodrigues.1420@example.com,Niterói,Coordenador de marketing,63,25800581418
Débora Ribeiro Cardoso,debora.ribeiro.cardoso.1421@example.com,Salvador,Analista de dados,58,34711867966
Vanessa Rodrigues Martins,vanessa.rodrigues.martins.1422@example.com,Curitiba,Farmacêutico,22,24056233879
Paulo Ribeiro Silva,paulo.ribeiro.silva.1423@example.com,Manaus,Diretor comercial,43,67357257766
Eduardo Pereira Fernandes,eduardo.pereira.fernandes.1424@example.com,Cuiabá,Coordenador administrativo,55,85425628647
Fernanda Rodrigues Souza,fernanda.rodrigues.souza.1425@example.com,Maringá,Técnico de segurança do trabalho,44,22844620240
Henrique Rocha Dias,henrique.rocha.dias.1426@example.com,Londrina,Atendente,32,89777075701
Débora Nascimento Gomes,debora.nascimento.gomes.1427@example.com,Curitiba,Auxiliar de produção,59,09734639318
Bruno Santos Silva,bruno.santos.silva.1428@example.com,Maringá,Diretor de operações,42,34196381657
Felipe Rodrigues Gomes,felipe.rodrigues.gomes.1429@example.com,Caxias do Sul,Supervisor de atendimento,52,86192544619
Juliana Almeida Oliveira,juliana.almeida.oliveira.1430@example.com,Sorocaba,Atendente,68,81932681629
Igor Moreira Martins,igor.moreira.martins.1431@example.com,Recife,Gerente de recursos humanos,22,54370295829
Vinícius Freitas Nascimento,vinicius.freitas.nascimento.1432@example.com,Joinville,Líder de equipe,54,75003799398
Tatiane Monteiro Monteiro,tatiane.monteiro.monteiro.1433@example.com,Maringá,Supervisor de atendimento,35,44972286549
Ana Carvalho Monteiro,ana.carvalho.monteiro.1434@example.com,São Paulo,Cozinheiro,23,26383517348
Gustavo Teixeira Lima,gustavo.teixeira.lima.1435@example.com,Florianópolis,Gerente financeiro,52,91847660076
Gustavo Araújo Cardoso,gustavo.araujo.cardoso.1436@example.com,Santos,Analista de dados,49,14254248104
Débora Fernandes Carvalho,debora.fernandes.carvalho.1437@example.com,Belém,Comprador,37,28650279915
Igor Cardoso Barros,igor.cardoso.barros.1438@example.com,Santos,Técnico de segurança do trabalho,46,67803362865
Vinícius Barbosa Moreira,vinicius.barbosa.moreira.1439@example.com,Belém,Engenheiro civil,54,78796091317
Larissa Oliveira Araújo,larissa.oliveira.araujo.1440@example.com,Londrina,Analista financeiro,67,97178987582
Carlos Pereira Almeida,carlos.pereira.almeida.1441@example.com,Sorocaba,Professor,63,51702379385
Pedro Mendes Ribeiro,pedro.mendes.ribeiro.1442@example.com,Belém,Gerente financeiro,50,48686218798
Leonardo Lima Oliveira,leonardo.lima.oliveira.1443@example.com,Natal,Supervisor de qualidade,28,70925663960
Sérgio Oliveira Fernandes,sergio.oliveira.fernandes.1444@example.com,Campinas,Engenheiro civil,40,62918860328
Leonardo Ribeiro Silva,leonardo.ribeiro.silva.1445@example.com,Manaus,Assistente administrativo,21,00162038656
Fernanda Lima Barros,fernanda.lima.barros.1446@example.com,Porto Alegre,Professor,60,03960719271
Vitória Silva Freitas,vitoria.silva.freitas.1447@example.com,Joinville,Técnico de segurança do trabalho,70,93714180777
Carlos Alves Santos,carlos.alves.santos.1448@example.com,Natal,Auxiliar de produção,51,66850380389
Mariana Rodrigues Dias,mariana.rodrigues.dias.1449@example.com,Rio de Janeiro,Diretor de operações,29,35388837949
Marcelo Cardoso Almeida,marcelo.cardoso.almeida.1450@example.com,Belém,Diretor de operações,54,87825428551
Tatiane Lima Castro,tatiane.lima.castro.1451@example.com,Fortaleza,Analista de marketing,27,76394719643
Carolina Mendes Fernandes,carolina.mendes.fernandes.1452@example.com,Recife,Técnico de segurança do trabalho,21,99337510165
Beatriz Freitas Rodrigues,beatriz.freitas.rodrigues.1453@example.com,Vitória,Arquiteto,24,48398416596
Larissa Fernandes Araújo,larissa.fernandes.araujo.1454@example.com,Florianópolis,Chefe de almoxarifado,34,39069504029
Gabriela Martins Freitas,gabriela.martins.freitas.1455@example.com,Goiânia,Advogado,69,31198741498
Tatiane Ribeiro Dias,tatiane.ribeiro.dias.1456@example.com,Porto Alegre,Contador,21,90849466227
Fernanda Oliveira Almeida,fernanda.oliveira.almeida.1457@example.com,Belo Horizonte,Gerente financeiro,20,81065974025
Beatriz Monteiro Carvalho,beatriz.monteiro.carvalho.1458@example.com,Fortaleza,Engenheiro civil,40,24489066563
Nicolas Dias Fernandes,nicolas.dias.fernandes.1459@example.com,Londrina,Supervisor de vendas,41,38964239988
Simone Oliveira Rodrigues,simone.oliveira.rodrigues.1460@example.com,Porto Alegre,Diretor de operações,64,94874368991
Daniela Castro Barbosa,daniela.castro.barbosa.1461@example.com,Joinville,Analista de marketing,66,17303105513
Aline Alves Carvalho,aline.alves.carvalho.1462@example.com,Manaus,Supervisor de manutenção,49,07263276999
Eduardo Ribeiro Freitas,eduardo.ribeiro.freitas.1463@example.com,Campinas,Corretor de imóveis,33,88361865171
Débora Nascimento Barbosa,debora.nascimento.barbosa.1464@example.com,Goiânia,Chefe de compras,67,55428157406
Thiago Oliveira Rodrigues,thiago.oliveira.rodrigues.1465@example.com,Porto Alegre,Engenheiro civil,55,09913343188
Luana Moreira Oliveira,luana.moreira.oliveira.1466@example.com,Recife,Motorista,40,45649197943
Carlos Carvalho Santos,carlos.carvalho.santos.1467@example.com,São Paulo,Técnico em informática,31,94110170422
Gustavo Martins Fernandes,gustavo.martins.fernandes.1468@example.com,Campinas,Gerente de operações,33,95392615534
Beatriz Araújo Rodrigues,beatriz.araujo.rodrigues.1469@example.com,Campinas,Supervisor de atendimento,49,82546174668
Eduardo Barbosa Pereira,eduardo.barbosa.pereira.1470@example.com,Goiânia,Engenheiro civil,70,53212573915
Marcelo Cardoso Freitas,marcelo.cardoso.freitas.1471@example.com,Rondonópolis,Jornalista,29,56844394749
Felipe Araújo Barbosa,felipe.araujo.barbosa.1472@example.com,Campinas,Designer gráfico,34,58274575247
Felipe Rodrigues Oliveira,felipe.rodrigues.oliveira.1473@example.com,Rondonópolis,Mecânico,66,01346859099
Lucas Lima Carvalho,lucas.lima.carvalho.1474@example.com,Cuiabá,Gerente de operações,51,27428514790
Ricardo Martins Martins,ricardo.martins.martins.1475@example.com,São Paulo,Designer gráfico,35,40979495561
Fernanda Araújo Castro,fernanda.araujo.castro.1476@example.com,Rio de Janeiro,Gerente comercial,30,78781428148
Ricardo Costa Freitas,ricardo.costa.freitas.1477@example.com,Manaus,Padeiro,61,21931016805
Thiago Moreira Martins,thiago.moreira.martins.1478@example.com,Londrina,Padeiro,25,31388881881
Gabriel Barros Silva,gabriel.barros.silva.1479@example.com,Santos,Coordenador administrativo,43,77803395367
Igor Dias Teixeira,igor.dias.teixeira.1480@example.com,Rondonópolis,Técnico de enfermagem,42,61930257591
Amanda Araújo Araújo,amanda.araujo.araujo.1481@example.com,Cuiabá,Engenheiro civil,46,90715372475
Fernanda Souza Carvalho,fernanda.souza.carvalho.1482@example.com,Vitória,Gerente financeiro,56,84445844593
Henrique Pereira Fernandes,henrique.pereira.fernandes.1483@example.com,Belém,Engenheiro civil,20,89443254666
Amanda Costa Moreira,amanda.costa.moreira.1484@example.com,Belo Horizonte,Atendente,65,70197966045
Mariana Rocha Nascimento,mariana.rocha.nascimento.1485@example.com,São Paulo,Supervisor de qualidade,44,70265225947
Gustavo Barros Lima,gustavo.barros.lima.1486@example.com,Dourados,Supervisor de atendimento,19,65671377770
Marcelo Araújo Castro,marcelo.araujo.castro.1487@example.com,Fortaleza,Corretor de imóveis,68,47439518964
Mariana Barros Souza,mariana.barros.souza.1488@example.com,Natal,Engenheiro civil,29,88574149995
Renata Silva Araújo,renata.silva.araujo.1489@example.com,São Paulo,Chefe de almoxarifado,53,39467073877
Vinícius Costa Castro,vinicius.costa.castro.1490@example.com,Fortaleza,Motorista,66,58156287489
Aline Rocha Dias,aline.rocha.dias.1491@example.com,Cuiabá,Programador,50,84251657028
Diego Martins Araújo,diego.martins.araujo.1492@example.com,Manaus,Analista de recursos humanos,22,59732982134
Lucas Teixeira Carvalho,lucas.teixeira.carvalho.1493@example.com,Campo Grande,Coordenador de produção,67,10787104358
Rafael Freitas Carvalho,rafael.freitas.carvalho.1494@example.com,Maringá,Recepcionista,48,13710994448
Mariana Oliveira Teixeira,mariana.oliveira.teixeira.1495@example.com,Natal,Fisioterapeuta,29,86450381957
Aline Cardoso Pereira,aline.cardoso.pereira.1496@example.com,Maringá,Supervisor de vendas,42,83460104449
Ana Carvalho Santos,ana.carvalho.santos.1497@example.com,Rio de Janeiro,Assistente administrativo,41,13895673731
Renata Castro Ribeiro,renata.castro.ribeiro.1498@example.com,Rondonópolis,Farmacêutico,63,20155219523
Diego Freitas Cardoso,diego.freitas.cardoso.1499@example.com,Cuiabá,Advogado,51,96036178327
Juliana Moreira Dias,juliana.moreira.dias.1500@example.com,Londrina,Eletricista,28,16333369779
Ricardo Freitas Costa,ricardo.freitas.costa.1501@example.com,Salvador,Líder de equipe,63,26426958958
Juliana Martins Castro,juliana.martins.castro.1502@example.com,Florianópolis,Analista de dados,70,07638218394
Ricardo Moreira Costa,ricardo.moreira.costa.1503@example.com,Rondonópolis,Supervisor de manutenção,62,64502614750
Renata Monteiro Moreira,renata.monteiro.moreira.1504@example.com,Rio de Janeiro,Operador de caixa,43,70080552867
Letícia Barros Gomes,leticia.barros.gomes.1505@example.com,Rondonópolis,Jornalista,67,69653463499
Thiago Martins Souza,thiago.martins.souza.1506@example.com,Fortaleza,Técnico em informática,44,60582335780
Larissa Rodrigues Santos,larissa.rodrigues.santos.1507@example.com,Maringá,Coordenador de logística,69,14369012316
Sandra Araújo Santos,sandra.araujo.santos.1508@example.com,Brasília,Supervisor de manutenção,63,52013687207
José Araújo Rodrigues,jose.araujo.rodrigues.1509@example.com,Brasília,Designer gráfico,51,79361756160
Marcelo Almeida Cardoso,marcelo.almeida.cardoso.1510@example.com,Florianópolis,Supervisor de vendas,42,64285787737
Igor Freitas Ribeiro,igor.freitas.ribeiro.1511@example.com,Sorocaba,Analista financeiro,20,17653033416
Ricardo Barbosa Barros,ricardo.barbosa.barros.1512@example.com,Maringá,Coordenador administrativo,27,03954616543
Daniela Monteiro Souza,daniela.monteiro.souza.1513@example.com,Manaus,Arquiteto,26,40005828315
Leonardo Barbosa Araújo,leonardo.barbosa.araujo.1514@example.com,Cuiabá,Pedreiro,57,06029069633
Simone Oliveira Fernandes,simone.oliveira.fernandes.1515@example.com,Santos,Gerente comercial,40,88840631570
Henrique Santos Lima,henrique.santos.lima.1516@example.com,Natal,Assistente comercial,21,11838520098
Otávio Freitas Barbosa,otavio.freitas.barbosa.1517@example.com,Sorocaba,Operador de caixa,22,42251132668
Paulo Lima Gomes,paulo.lima.gomes.1518@example.com,Brasília,Analista de recursos humanos,45,43306148594
Mariana Monteiro Moreira,mariana.monteiro.moreira.1519@example.com,Rondonópolis,Atendente,30,41832717845
José Barros Nascimento,jose.barros.nascimento.1520@example.com,Santos,Corretor de imóveis,34,79053447173
Rafael Souza Nascimento,rafael.souza.nascimento.1521@example.com,Caxias do Sul,Coordenador de logística,36,88931845879
Débora Mendes Dias,debora.mendes.dias.1522@example.com,Vitória,Pedreiro,31,35506200092
Débora Santos Carvalho,debora.santos.carvalho.1523@example.com,Rondonópolis,Assistente comercial,30,18074217615
Felipe Barros Monteiro,felipe.barros.monteiro.1524@example.com,São Paulo,Padeiro,20,71247296216
Mariana Moreira Araújo,mariana.moreira.araujo.1525@example.com,Sorocaba,Gerente de tecnologia,38,37678588415
Gabriela Mendes Pereira,gabriela.mendes.pereira.1526@example.com,Campinas,Engenheiro civil,64,72303834223
Débora Silva Dias,debora.silva.dias.1527@example.com,Rondonópolis,Analista de marketing,52,08409831854
Sandra Rodrigues Castro,sandra.rodrigues.castro.1528@example.com,Cuiabá,Cozinheiro,30,15837337871
Patrícia Ribeiro Nascimento,patricia.ribeiro.nascimento.1529@example.com,Santos,Diretor de operações,22,99133399276
Luana Oliveira Martins,luana.oliveira.martins.1530@example.com,Recife,Gerente de recursos humanos,60,07904249147
Mariana Ribeiro Rodrigues,mariana.ribeiro.rodrigues.1531@example.com,Cuiabá,Coordenador de logística,25,60550901367
Camila Souza Souza,camila.souza.souza.1532@example.com,Belém,Supervisor de vendas,28,36372134703
Gabriela Santos Ribeiro,gabriela.santos.ribeiro.1533@example.com,Belo Horizonte,Gerente financeiro,44,91234586297
Larissa Martins Costa,larissa.martins.costa.1534@example.com,Rio de Janeiro,Analista de dados,62,38507050974
Carlos Monteiro Pereira,carlos.monteiro.pereira.1535@example.com,Londrina,Jornalista,61,47495902893
Larissa Freitas Pereira,larissa.freitas.pereira.1536@example.com,Goiânia,Padeiro,25,15296486906
Larissa Teixeira Gomes,larissa.teixeira.gomes.1537@example.com,Florianópolis,Diretor comercial,19,32615952584
Luana Castro Nascimento,luana.castro.nascimento.1538@example.com,Brasília,Atendente,64,99577917028
Eduardo Moreira Barbosa,eduardo.moreira.barbosa.1539@example.com,Recife,Chefe de almoxarifado,70,93129661649
João Monteiro Alves,joao.monteiro.alves.1540@example.com,Goiânia,Líder de equipe,53,43161456210
Sandra Almeida Moreira,sandra.almeida.moreira.1541@example.com,Salvador,Gerente financeiro,36,15864074307
Otávio Rodrigues Barbosa,otavio.rodrigues.barbosa.1542@example.com,Campinas,Coordenador administrativo,28,45872232232
Priscila Barros Teixeira,priscila.barros.teixeira.1543@example.com,Belém,Estoquista,63,50125164628
Vitória Gomes Dias,vitoria.gomes.dias.1544@example.com,Porto Alegre,Assistente comercial,26,94823152708
Tatiane Costa Lima,tatiane.costa.lima.1545@example.com,São Paulo,Analista de marketing,66,60525702722
Paulo Alves Silva,paulo.alves.silva.1546@example.com,Belo Horizonte,Diretor comercial,42,92497954312
João Barros Ribeiro,joao.barros.ribeiro.1547@example.com,São Paulo,Gerente financeiro,70,06879688469
Débora Barbosa Castro,debora.barbosa.castro.1548@example.com,Londrina,Engenheiro civil,53,04989787182
José Rodrigues Ribeiro,jose.rodrigues.ribeiro.1549@example.com,Caxias do Sul,Diretor comercial,32,89347526903
Paulo Carvalho Teixeira,paulo.carvalho.teixeira.1550@example.com,Sorocaba,Programador,38,21276557525
Sérgio Monteiro Ribeiro,sergio.monteiro.ribeiro.1551@example.com,Belo Horizonte,Coordenador de produção,57,13708973521
Diego Carvalho Oliveira,diego.carvalho.oliveira.1552@example.com,Brasília,Diretor comercial,26,03801282964
Daniela Lima Souza,daniela.lima.souza.1553@example.com,Recife,Eletricista,64,27265994213
Diego Rodrigues Teixeira,diego.rodrigues.teixeira.1554@example.com,Porto Alegre,Motorista,31,05241760318
Sérgio Souza Fernandes,sergio.souza.fernandes.1555@example.com,Niterói,Gerente financeiro,55,52114266854
Carolina Dias Lima,carolina.dias.lima.1556@example.com,Niterói,Vendedor,36,07347703494
Gabriel Freitas Santos,gabriel.freitas.santos.1557@example.com,Recife,Designer gráfico,35,51731270993
Paulo Almeida Teixeira,paulo.almeida.teixeira.1558@example.com,Belo Horizonte,Gerente de operações,29,53811414829
Thiago Moreira Mendes,thiago.moreira.mendes.1559@example.com,São Paulo,Jornalista,54,31912376455
Leonardo Silva Araújo,leonardo.silva.araujo.1560@example.com,Florianópolis,Cozinheiro,38,77312974761
Felipe Lima Martins,felipe.lima.martins.1561@example.com,Santos,Gerente comercial,58,10837346867
Carolina Gomes Araújo,carolina.gomes.araujo.1562@example.com,Fortaleza,Diretor comercial,53,77961589234
Patrícia Mendes Barbosa,patricia.mendes.barbosa.1563@example.com,Porto Alegre,Técnico em informática,38,36567794277
Vitória Teixeira Carvalho,vitoria.teixeira.carvalho.1564@example.com,Maringá,Farmacêutico,35,35817850364
Rafael Silva Rodrigues,rafael.silva.rodrigues.1565@example.com,Fortaleza,Assistente administrativo,50,85480440835
Gustavo Castro Mendes,gustavo.castro.mendes.1566@example.com,Florianópolis,Técnico de segurança do trabalho,67,26678544513
Luana Mendes Lima,luana.mendes.lima.1567@example.com,Florianópolis,Professor,41,27759220122
Amanda Moreira Costa,amanda.moreira.costa.1568@example.com,Dourados,Supervisor de vendas,60,70639427136
Bruno Santos Souza,bruno.santos.souza.1569@example.com,Salvador,Chefe de departamento pessoal,41,90509529531
Felipe Santos Almeida,felipe.santos.almeida.1570@example.com,Porto Alegre,Supervisor de vendas,29,32470997939
João Ribeiro Freitas,joao.ribeiro.freitas.1571@example.com,Cuiabá,Analista financeiro,45,17441364216
Ricardo Rocha Mendes,ricardo.rocha.mendes.1572@example.com,Maringá,Gerente financeiro,33,64089491414
Letícia Fernandes Carvalho,leticia.fernandes.carvalho.1573@example.com,Rondonópolis,Chefe de departamento pessoal,36,17606543630
Daniela Lima Costa,daniela.lima.costa.1574@example.com,Niterói,Coordenador de marketing,22,72156137285
Igor Souza Teixeira,igor.souza.teixeira.1575@example.com,Curitiba,Supervisor de manutenção,57,57862996336
Daniela Mendes Martins,daniela.mendes.martins.1576@example.com,Joinville,Líder de equipe,35,80191057837
Letícia Dias Rodrigues,leticia.dias.rodrigues.1577@example.com,São Paulo,Enfermeiro,61,11300943470
Paulo Fernandes Teixeira,paulo.fernandes.teixeira.1578@example.com,Salvador,Técnico de enfermagem,39,96813256429
Camila Souza Pereira,camila.souza.pereira.1579@example.com,Londrina,Encarregado de produção,21,66610035195
Aline Souza Rocha,aline.souza.rocha.1580@example.com,Dourados,Técnico de segurança do trabalho,59,56355286642
Gustavo Ribeiro Nascimento,gustavo.ribeiro.nascimento.1581@example.com,Belo Horizonte,Supervisor de vendas,49,16930852106
Nicolas Souza Ribeiro,nicolas.souza.ribeiro.1582@example.com,Belém,Advogado,30,30519588223
Priscila Castro Alves,priscila.castro.alves.1583@example.com,Natal,Vendedor,63,50559109910
João Lima Nascimento,joao.lima.nascimento.1584@example.com,Florianópolis,Estoquista,65,81246327974
Vanessa Cardoso Monteiro,vanessa.cardoso.monteiro.1585@example.com,Porto Alegre,Farmacêutico,31,56967268625
Thiago Rocha Pereira,thiago.rocha.pereira.1586@example.com,Brasília,Gerente de operações,70,29440753835
Vanessa Freitas Mendes,vanessa.freitas.mendes.1587@example.com,Londrina,Nutricionista,49,62748565381
Pedro Almeida Freitas,pedro.almeida.freitas.1588@example.com,Belo Horizonte,Pedreiro,61,06378399881
Diego Rodrigues Rocha,diego.rodrigues.rocha.1589@example.com,Dourados,Corretor de imóveis,36,60668147746
Vitória Lima Carvalho,vitoria.lima.carvalho.1590@example.com,Maringá,Enfermeiro,58,04798588738
Ana Dias Rodrigues,ana.dias.rodrigues.1591@example.com,Salvador,Professor,61,88902273598
Vinícius Dias Barbosa,vinicius.dias.barbosa.1592@example.com,Goiânia,Advogado,37,99484208665
Carlos Teixeira Barros,carlos.teixeira.barros.1593@example.com,Joinville,Diretor de operações,19,75866805343
Otávio Fernandes Ribeiro,otavio.fernandes.ribeiro.1594@example.com,Salvador,Contador,58,71569259215
Vitória Ribeiro Rocha,vitoria.ribeiro.rocha.1595@example.com,Goiânia,Chefe de compras,31,91462902830
Aline Teixeira Oliveira,aline.teixeira.oliveira.1596@example.com,Vitória,Pedreiro,64,91091898168
Marcelo Rocha Barros,marcelo.rocha.barros.1597@example.com,Joinville,Recepcionista,48,29351192624
Vanessa Gomes Almeida,vanessa.gomes.almeida.1598@example.com,Salvador,Assistente administrativo,30,87212384953
Carolina Carvalho Oliveira,carolina.carvalho.oliveira.1599@example.com,São Paulo,Gerente de tecnologia,39,91803380706
Diego Carvalho Martins,diego.carvalho.martins.1600@example.com,Uberlândia,Diretor de operações,52,60684995048
Amanda Silva Freitas,amanda.silva.freitas.1601@example.com,Cuiabá,Designer gráfico,46,35583053128
Vitória Dias Fernandes,vitoria.dias.fernandes.1602@example.com,Goiânia,Designer gráfico,31,99222940728
Vanessa Dias Silva,vanessa.dias.silva.1603@example.com,Manaus,Recepcionista,20,81788934120
Sandra Souza Cardoso,sandra.souza.cardoso.1604@example.com,Rio de Janeiro,Analista financeiro,49,83234718788
Priscila Dias Teixeira,priscila.dias.teixeira.1605@example.com,Uberlândia,Programador,54,52618329204
Igor Araújo Cardoso,igor.araujo.cardoso.1606@example.com,Cuiabá,Chefe de compras,46,13656102632
Pedro Freitas Monteiro,pedro.freitas.monteiro.1607@example.com,Campo Grande,Comprador,25,86270003492
Vanessa Lima Barros,vanessa.lima.barros.1608@example.com,Campinas,Vendedor,48,18841036884
Henrique Barbosa Souza,henrique.barbosa.souza.1609@example.com,Porto Alegre,Operador de caixa,28,23204116496
Henrique Nascimento Freitas,henrique.nascimento.freitas.1610@example.com,Manaus,Supervisor de atendimento,43,04313084748
Vinícius Pereira Monteiro,vinicius.pereira.monteiro.1611@example.com,Campinas,Designer gráfico,42,72076980236
Sérgio Silva Oliveira,sergio.silva.oliveira.1612@example.com,Niterói,Gerente financeiro,59,04268109431
Carlos Ribeiro Martins,carlos.ribeiro.martins.1613@example.com,Salvador,Assistente administrativo,42,12573833340
Nicolas Araújo Araújo,nicolas.araujo.araujo.1614@example.com,Santos,Designer gráfico,34,02893353821
Carlos Barbosa Silva,carlos.barbosa.silva.1615@example.com,São Paulo,Chefe de compras,46,39151670358
Vinícius Rocha Araújo,vinicius.rocha.araujo.1616@example.com,Campinas,Pedreiro,32,84942577099
Thiago Cardoso Rodrigues,thiago.cardoso.rodrigues.1617@example.com,Porto Alegre,Programador,37,08416792554
Paulo Ribeiro Cardoso,paulo.ribeiro.cardoso.1618@example.com,Niterói,Gerente de recursos humanos,37,12130483552
José Almeida Moreira,jose.almeida.moreira.1619@example.com,Salvador,Vendedor,22,00520478376
Sérgio Gomes Freitas,sergio.gomes.freitas.1620@example.com,Porto Alegre,Estoquista,44,07741778416
Vinícius Barros Oliveira,vinicius.barros.oliveira.1621@example.com,Belo Horizonte,Gerente financeiro,62,35961062348
Gabriela Oliveira Costa,gabriela.oliveira.costa.1622@example.com,Florianópolis,Gerente financeiro,18,24907143545
Simone Nascimento Almeida,simone.nascimento.almeida.1623@example.com,Campinas,Cozinheiro,48,50467555544
Henrique Oliveira Oliveira,henrique.oliveira.oliveira.1624@example.com,Campo Grande,Arquiteto,27,90522749424
Paulo Rodrigues Nascimento,paulo.rodrigues.nascimento.1625@example.com,Sorocaba,Coordenador de produção,69,37314767277
Patrícia Nascimento Alves,patricia.nascimento.alves.1626@example.com,Salvador,Técnico de enfermagem,35,83037517306
Diego Nascimento Araújo,diego.nascimento.araujo.1627@example.com,Belo Horizonte,Supervisor de atendimento,56,90239266895
Thiago Lima Monteiro,thiago.lima.monteiro.1628@example.com,Sorocaba,Analista de marketing,21,12821462600
Aline Mendes Alves,aline.mendes.alves.1629@example.com,Joinville,Técnico de enfermagem,63,63356796837
Gabriel Teixeira Teixeira,gabriel.teixeira.teixeira.1630@example.com,Niterói,Farmacêutico,18,03972479513
Luana Teixeira Costa,luana.teixeira.costa.1631@example.com,Salvador,Gerente de operações,45,00505384782
Letícia Castro Lima,leticia.castro.lima.1632@example.com,Rondonópolis,Designer gráfico,19,24032256729
Gabriela Barros Araújo,gabriela.barros.araujo.1633@example.com,São Paulo,Técnico de enfermagem,23,15230165936
Paulo Fernandes Almeida,paulo.fernandes.almeida.1634@example.com,Campo Grande,Fisioterapeuta,18,48276163936
Thiago Gomes Teixeira,thiago.gomes.teixeira.1635@example.com,Brasília,Coordenador administrativo,46,48569634261
Mariana Fernandes Barbosa,mariana.fernandes.barbosa.1636@example.com,Florianópolis,Supervisor de qualidade,33,31179628863
Rafael Costa Gomes,rafael.costa.gomes.1637@example.com,Goiânia,Operador de caixa,24,65723947328
Thiago Barros Gomes,thiago.barros.gomes.1638@example.com,Fortaleza,Gerente de tecnologia,64,11271767036
Simone Costa Dias,simone.costa.dias.1639@example.com,Rio de Janeiro,Professor,46,82395281088
Paulo Pereira Martins,paulo.pereira.martins.1640@example.com,Rondonópolis,Pedreiro,28,77402357991
Ricardo Fernandes Lima,ricardo.fernandes.lima.1641@example.com,Caxias do Sul,Supervisor de atendimento,51,65451219312
Paulo Nascimento Nascimento,paulo.nascimento.nascimento.1642@example.com,Porto Alegre,Motorista,62,81284788536
Larissa Araújo Nascimento,larissa.araujo.nascimento.1643@example.com,Cuiabá,Recepcionista,58,12243525811
Ana Almeida Mendes,ana.almeida.mendes.1644@example.com,Vitória,Professor,62,72340592280
Beatriz Rocha Silva,beatriz.rocha.silva.1645@example.com,Curitiba,Auxiliar de produção,56,25199604792
Mariana Carvalho Souza,mariana.carvalho.souza.1646@example.com,Rio de Janeiro,Cozinheiro,33,74599371983
Felipe Barbosa Araújo,felipe.barbosa.araujo.1647@example.com,Goiânia,Corretor de imóveis,53,02229872220
Vitória Rodrigues Rodrigues,vitoria.rodrigues.rodrigues.1648@example.com,Santos,Enfermeiro,20,25570685618
Camila Alves Gomes,camila.alves.gomes.1649@example.com,Santos,Encarregado de produção,31,66886380850
Fernanda Lima Silva,fernanda.lima.silva.1650@example.com,Niterói,Técnico de enfermagem,52,93071371390
Lucas Carvalho Santos,lucas.carvalho.santos.1651@example.com,Belém,Técnico de segurança do trabalho,51,37694136327
Marcelo Nascimento Ribeiro,marcelo.nascimento.ribeiro.1652@example.com,Rondonópolis,Pedreiro,36,89371057001
Renata Barbosa Araújo,renata.barbosa.araujo.1653@example.com,Natal,Supervisor de manutenção,28,40579082254
Gabriela Pereira Pereira,gabriela.pereira.pereira.1654@example.com,Campinas,Técnico em informática,68,88063638273
Eduardo Rodrigues Barbosa,eduardo.rodrigues.barbosa.1655@example.com,Campinas,Encarregado de produção,51,18116780644
Daniela Rocha Moreira,daniela.rocha.moreira.1656@example.com,Sorocaba,Analista de recursos humanos,59,47418248155
Patrícia Rodrigues Monteiro,patricia.rodrigues.monteiro.1657@example.com,Manaus,Enfermeiro,28,95796918809
Patrícia Silva Santos,patricia.silva.santos.1658@example.com,Niterói,Técnico em informática,34,07627162467
Débora Ribeiro Carvalho,debora.ribeiro.carvalho.1659@example.com,Campinas,Enfermeiro,37,53926891900
Vanessa Monteiro Moreira,vanessa.monteiro.moreira.1660@example.com,Vitória,Fisioterapeuta,39,87250108079
Gabriela Lima Moreira,gabriela.lima.moreira.1661@example.com,Natal,Comprador,70,50454332546
Beatriz Santos Pereira,beatriz.santos.pereira.1662@example.com,Dourados,Analista de recursos humanos,63,10508982787
Mariana Almeida Alves,mariana.almeida.alves.1663@example.com,Belém,Nutricionista,40,34384755286
Vinícius Alves Martins,vinicius.alves.martins.1664@example.com,Sorocaba,Professor,37,82294543783
Letícia Araújo Barbosa,leticia.araujo.barbosa.1665@example.com,Niterói,Cozinheiro,21,40465636507
Gabriel Almeida Carvalho,gabriel.almeida.carvalho.1666@example.com,Londrina,Arquiteto,18,15901119869
Débora Lima Santos,debora.lima.santos.1667@example.com,Natal,Advogado,39,72105987771
Lucas Fernandes Castro,lucas.fernandes.castro.1668@example.com,Rio de Janeiro,Fisioterapeuta,43,82393056963
Thiago Lima Souza,thiago.lima.souza.1669@example.com,Curitiba,Pedreiro,63,19722870235
Nicolas Oliveira Araújo,nicolas.oliveira.araujo.1670@example.com,Sorocaba,Chefe de compras,24,18575391393
Larissa Fernandes Santos,larissa.fernandes.santos.1671@example.com,Uberlândia,Chefe de almoxarifado,61,76215851958
Simone Fernandes Barbosa,simone.fernandes.barbosa.1672@example.com,Belo Horizonte,Corretor de imóveis,59,99755244344
Paulo Costa Barbosa,paulo.costa.barbosa.1673@example.com,Goiânia,Contador,58,04213011209
Carolina Lima Pereira,carolina.lima.pereira.1674@example.com,Fortaleza,Chefe de almoxarifado,63,76942960545
Vitória Monteiro Lima,vitoria.monteiro.lima.1675@example.com,Campo Grande,Técnico em informática,33,38221281676
Felipe Lima Martins,felipe.lima.martins.1676@example.com,Florianópolis,Gerente financeiro,26,52056239531
Marcelo Barros Almeida,marcelo.barros.almeida.1677@example.com,Niterói,Gerente comercial,62,02038253387
Débora Lima Fernandes,debora.lima.fernandes.1678@example.com,Recife,Contador,59,37100158473
Lucas Pereira Gomes,lucas.pereira.gomes.1679@example.com,Porto Alegre,Coordenador de produção,31,36433930495
Priscila Araújo Dias,priscila.araujo.dias.1680@example.com,Salvador,Assistente administrativo,55,67792436090
Beatriz Gomes Almeida,beatriz.gomes.almeida.1681@example.com,Londrina,Técnico de segurança do trabalho,57,00540569540
Gabriela Teixeira Fernandes,gabriela.teixeira.fernandes.1682@example.com,Natal,Cozinheiro,34,43892951675
Gabriela Cardoso Nascimento,gabriela.cardoso.nascimento.1683@example.com,Belo Horizonte,Fisioterapeuta,43,98689130855
Sérgio Martins Alves,sergio.martins.alves.1684@example.com,Niterói,Gerente comercial,46,21690590447
Beatriz Lima Moreira,beatriz.lima.moreira.1685@example.com,Santos,Contador,54,73794679128
Aline Barbosa Rodrigues,aline.barbosa.rodrigues.1686@example.com,Londrina,Coordenador de produção,40,14228383789
Rafael Teixeira Costa,rafael.teixeira.costa.1687@example.com,São Paulo,Estoquista,49,74561004722
Beatriz Rodrigues Costa,beatriz.rodrigues.costa.1688@example.com,Sorocaba,Encarregado de produção,51,38197969265
Simone Ribeiro Cardoso,simone.ribeiro.cardoso.1689@example.com,Curitiba,Cozinheiro,19,30384663270
Gustavo Moreira Martins,gustavo.moreira.martins.1690@example.com,Santos,Coordenador de marketing,52,19827889586
Felipe Freitas Souza,felipe.freitas.souza.1691@example.com,Rondonópolis,Pedreiro,40,53484166283
Ricardo Araújo Souza,ricardo.araujo.souza.1692@example.com,Goiânia,Contador,43,61596695156
Gabriela Mendes Costa,gabriela.mendes.costa.1693@example.com,Niterói,Estoquista,69,47305589810
Henrique Alves Cardoso,henrique.alves.cardoso.1694@example.com,Londrina,Supervisor de qualidade,32,75530474963
Larissa Ribeiro Oliveira,larissa.ribeiro.oliveira.1695@example.com,Fortaleza,Vendedor,47,05877100478
Larissa Rodrigues Ribeiro,larissa.rodrigues.ribeiro.1696@example.com,Fortaleza,Gerente comercial,22,12122283069
Felipe Gomes Rodrigues,felipe.gomes.rodrigues.1697@example.com,Florianópolis,Chefe de almoxarifado,63,20675726935
Daniela Castro Monteiro,daniela.castro.monteiro.1698@example.com,Florianópolis,Professor,69,30936824257
Débora Costa Alves,debora.costa.alves.1699@example.com,Campinas,Supervisor de qualidade,30,65638458337
Ricardo Santos Pereira,ricardo.santos.pereira.1700@example.com,Uberlândia,Comprador,27,88517961004
Pedro Silva Almeida,pedro.silva.almeida.1701@example.com,Londrina,Supervisor de qualidade,57,80952661865
Tatiane Nascimento Teixeira,tatiane.nascimento.teixeira.1702@example.com,Brasília,Cozinheiro,67,59296394207
José Almeida Pereira,jose.almeida.pereira.1703@example.com,Maringá,Gerente de recursos humanos,20,03057412935
Gabriel Carvalho Dias,gabriel.carvalho.dias.1704@example.com,Belo Horizonte,Supervisor de qualidade,37,57081685288
Priscila Barbosa Moreira,priscila.barbosa.moreira.1705@example.com,Curitiba,Jornalista,53,71074847855
Bruno Carvalho Pereira,bruno.carvalho.pereira.1706@example.com,Salvador,Coordenador de produção,42,30091617279
Fernanda Carvalho Dias,fernanda.carvalho.dias.1707@example.com,Porto Alegre,Chefe de compras,45,42029906352
Letícia Souza Cardoso,leticia.souza.cardoso.1708@example.com,Santos,Gerente de tecnologia,51,21318466309
Leonardo Cardoso Rodrigues,leonardo.cardoso.rodrigues.1709@example.com,Santos,Supervisor de manutenção,36,15150744179
Larissa Barros Ribeiro,larissa.barros.ribeiro.1710@example.com,Rondonópolis,Gerente financeiro,53,14515172029
Leonardo Monteiro Pereira,leonardo.monteiro.pereira.1711@example.com,Niterói,Professor,25,27808285544
Sérgio Teixeira Lima,sergio.teixeira.lima.1712@example.com,Recife,Padeiro,24,35231311249
Gabriel Carvalho Barros,gabriel.carvalho.barros.1713@example.com,Goiânia,Líder de equipe,23,48561035204
Mariana Rodrigues Gomes,mariana.rodrigues.gomes.1714@example.com,Salvador,Assistente administrativo,32,59246902339
Nicolas Pereira Pereira,nicolas.pereira.pereira.1715@example.com,Fortaleza,Coordenador de logística,43,75906413159
Marcelo Monteiro Mendes,marcelo.monteiro.mendes.1716@example.com,Dourados,Professor,53,69358153658
Paulo Carvalho Carvalho,paulo.carvalho.carvalho.1717@example.com,Londrina,Analista financeiro,29,94285602533
Igor Cardoso Silva,igor.cardoso.silva.1718@example.com,Fortaleza,Chefe de departamento pessoal,50,07845752199
Diego Nascimento Teixeira,diego.nascimento.teixeira.1719@example.com,Salvador,Jornalista,23,45262727402
Lucas Moreira Pereira,lucas.moreira.pereira.1720@example.com,Natal,Eletricista,59,96214713118
Igor Lima Araújo,igor.lima.araujo.1721@example.com,Caxias do Sul,Pedreiro,40,51669057015
Gabriela Costa Gomes,gabriela.costa.gomes.1722@example.com,Uberlândia,Assistente comercial,19,36730279015
Priscila Barros Nascimento,priscila.barros.nascimento.1723@example.com,Niterói,Chefe de departamento pessoal,35,07384900677
Paulo Teixeira Carvalho,paulo.teixeira.carvalho.1724@example.com,Curitiba,Diretor de operações,35,21943558882
Sérgio Almeida Costa,sergio.almeida.costa.1725@example.com,Goiânia,Recepcionista,59,56631937746
Nicolas Fernandes Moreira,nicolas.fernandes.moreira.1726@example.com,Niterói,Pedreiro,19,04841476910
Aline Carvalho Alves,aline.carvalho.alves.1727@example.com,Rio de Janeiro,Supervisor de qualidade,47,32521089884
Marcelo Lima Mendes,marcelo.lima.mendes.1728@example.com,São Paulo,Diretor de operações,45,82245667555
Otávio Alves Teixeira,otavio.alves.teixeira.1729@example.com,Fortaleza,Supervisor de vendas,55,22279932750
Leonardo Barbosa Fernandes,leonardo.barbosa.fernandes.1730@example.com,Florianópolis,Encarregado de produção,61,08314249158
Pedro Martins Rodrigues,pedro.martins.rodrigues.1731@example.com,Maringá,Supervisor de manutenção,30,08804162929
Larissa Barbosa Barros,larissa.barbosa.barros.1732@example.com,Rondonópolis,Supervisor de qualidade,38,84417859025
Otávio Ribeiro Costa,otavio.ribeiro.costa.1733@example.com,Rondonópolis,Coordenador de marketing,33,20432642535
Simone Dias Rodrigues,simone.dias.rodrigues.1734@example.com,Florianópolis,Jornalista,69,92243351901
Diego Dias Cardoso,diego.dias.cardoso.1735@example.com,Belo Horizonte,Professor,20,50366020802
Sérgio Souza Oliveira,sergio.souza.oliveira.1736@example.com,Dourados,Diretor de operações,33,20784461848
Luana Martins Silva,luana.martins.silva.1737@example.com,Uberlândia,Técnico de enfermagem,46,38607180557
Paulo Martins Alves,paulo.martins.alves.1738@example.com,Salvador,Coordenador de logística,67,69921468932
Camila Silva Oliveira,camila.silva.oliveira.1739@example.com,Recife,Assistente comercial,44,46829418681
Amanda Almeida Souza,amanda.almeida.souza.1740@example.com,Cuiabá,Motorista,36,91298759547
Bruno Moreira Fernandes,bruno.moreira.fernandes.1741@example.com,Rondonópolis,Coordenador de marketing,34,53552263171
Otávio Freitas Almeida,otavio.freitas.almeida.1742@example.com,Rondonópolis,Pedreiro,33,00753058765
João Souza Ribeiro,joao.souza.ribeiro.1743@example.com,Curitiba,Gerente de tecnologia,29,48260620549
Luana Souza Lima,luana.souza.lima.1744@example.com,Brasília,Diretor de operações,23,27977270433
Juliana Barbosa Monteiro,juliana.barbosa.monteiro.1745@example.com,Fortaleza,Encarregado de produção,55,05486383198
Lucas Freitas Fernandes,lucas.freitas.fernandes.1746@example.com,Fortaleza,Analista de dados,45,36435241228
Bruno Araújo Rodrigues,bruno.araujo.rodrigues.1747@example.com,Curitiba,Técnico de enfermagem,27,64026552661
Ana Rocha Alves,ana.rocha.alves.1748@example.com,Cuiabá,Analista de dados,23,19514343383
Mariana Freitas Pereira,mariana.freitas.pereira.1749@example.com,Salvador,Técnico em informática,69,65634613790
Tatiane Fernandes Mendes,tatiane.fernandes.mendes.1750@example.com,Cuiabá,Pedreiro,55,78018663124
Tatiane Nascimento Moreira,tatiane.nascimento.moreira.1751@example.com,Cuiabá,Gerente de recursos humanos,30,02808350638
Ana Santos Almeida,ana.santos.almeida.1752@example.com,Brasília,Supervisor de vendas,44,61502260653
Rafael Rocha Alves,rafael.rocha.alves.1753@example.com,Belém,Operador de caixa,25,53767193570
Carlos Santos Costa,carlos.santos.costa.1754@example.com,Manaus,Técnico de enfermagem,62,75732311407
Bruno Martins Silva,bruno.martins.silva.1755@example.com,Belo Horizonte,Analista de recursos humanos,32,35758662377
Rafael Alves Rodrigues,rafael.alves.rodrigues.1756@example.com,Salvador,Motorista,67,97967952420
Lucas Araújo Pereira,lucas.araujo.pereira.1757@example.com,Salvador,Arquiteto,42,51194672596
Thiago Mendes Rodrigues,thiago.mendes.rodrigues.1758@example.com,Sorocaba,Gerente de tecnologia,70,62146755138
Débora Freitas Gomes,debora.freitas.gomes.1759@example.com,Maringá,Gerente comercial,66,07755609701
Luana Freitas Carvalho,luana.freitas.carvalho.1760@example.com,Florianópolis,Analista de marketing,67,42476274835
Débora Santos Pereira,debora.santos.pereira.1761@example.com,Recife,Encarregado de produção,18,21267334163
Vinícius Dias Souza,vinicius.dias.souza.1762@example.com,Joinville,Pedreiro,41,08651014706
José Gomes Silva,jose.gomes.silva.1763@example.com,Salvador,Recepcionista,40,06081060529
Patrícia Cardoso Rocha,patricia.cardoso.rocha.1764@example.com,Rio de Janeiro,Advogado,42,00327173553
Sandra Fernandes Silva,sandra.fernandes.silva.1765@example.com,Campo Grande,Advogado,27,39976346517
Carolina Martins Barros,carolina.martins.barros.1766@example.com,Fortaleza,Gerente de recursos humanos,60,48075424234
José Moreira Nascimento,jose.moreira.nascimento.1767@example.com,Maringá,Analista de recursos humanos,44,13247744322
Luana Castro Nascimento,luana.castro.nascimento.1768@example.com,Florianópolis,Gerente de operações,53,08773777124
Gabriela Silva Araújo,gabriela.silva.araujo.1769@example.com,Vitória,Engenheiro civil,55,28730164592
Henrique Rodrigues Cardoso,henrique.rodrigues.cardoso.1770@example.com,Joinville,Chefe de almoxarifado,69,91739501114
Paulo Almeida Dias,paulo.almeida.dias.1771@example.com,Porto Alegre,Comprador,64,68710699879
Paulo Teixeira Silva,paulo.teixeira.silva.1772@example.com,Joinville,Técnico de enfermagem,26,74409088109
Larissa Carvalho Moreira,larissa.carvalho.moreira.1773@example.com,Niterói,Enfermeiro,67,53417639354
Paulo Mendes Nascimento,paulo.mendes.nascimento.1774@example.com,Campo Grande,Engenheiro civil,64,51346469881
Mariana Teixeira Santos,mariana.teixeira.santos.1775@example.com,São Paulo,Assistente comercial,58,42511657703
Pedro Souza Costa,pedro.souza.costa.1776@example.com,Brasília,Nutricionista,26,71402134825
Gustavo Mendes Freitas,gustavo.mendes.freitas.1777@example.com,Goiânia,Jornalista,27,53569730376
Pedro Ribeiro Fernandes,pedro.ribeiro.fernandes.1778@example.com,Brasília,Chefe de almoxarifado,66,24952927499
Rafael Moreira Cardoso,rafael.moreira.cardoso.1779@example.com,Joinville,Diretor comercial,18,63557771517
Daniela Gomes Mendes,daniela.gomes.mendes.1780@example.com,Sorocaba,Analista de marketing,24,26537408563
Pedro Dias Gomes,pedro.dias.gomes.1781@example.com,Rio de Janeiro,Líder de equipe,34,11865186966
Vitória Mendes Almeida,vitoria.mendes.almeida.1782@example.com,Goiânia,Estoquista,66,55890628839
Sérgio Nascimento Rodrigues,sergio.nascimento.rodrigues.1783@example.com,Goiânia,Técnico de enfermagem,37,51836499155
Amanda Monteiro Alves,amanda.monteiro.alves.1784@example.com,Porto Alegre,Gerente de tecnologia,33,47717233932
Letícia Freitas Almeida,leticia.freitas.almeida.1785@example.com,Recife,Eletricista,44,39472281526
Igor Silva Martins,igor.silva.martins.1786@example.com,Santos,Fisioterapeuta,31,22324043316
Débora Ribeiro Oliveira,debora.ribeiro.oliveira.1787@example.com,Salvador,Atendente,18,20337862925
Carolina Mendes Almeida,carolina.mendes.almeida.1788@example.com,Campo Grande,Analista de recursos humanos,57,42746727446
Sérgio Alves Castro,sergio.alves.castro.1789@example.com,Campinas,Jornalista,23,46298413601
Rafael Silva Cardoso,rafael.silva.cardoso.1790@example.com,Uberlândia,Chefe de compras,43,76957320076
Patrícia Barros Costa,patricia.barros.costa.1791@example.com,Salvador,Comprador,61,07988875227
Simone Lima Alves,simone.lima.alves.1792@example.com,Recife,Fisioterapeuta,60,86815742134
Paulo Silva Silva,paulo.silva.silva.1793@example.com,Maringá,Assistente administrativo,43,70310118346
Vanessa Souza Lima,vanessa.souza.lima.1794@example.com,Salvador,Programador,51,00156078822
Mariana Barbosa Monteiro,mariana.barbosa.monteiro.1795@example.com,Porto Alegre,Arquiteto,32,87366711417
Gabriel Rocha Martins,gabriel.rocha.martins.1796@example.com,Recife,Diretor de operações,32,69368111018
Débora Alves Araújo,debora.alves.araujo.1797@example.com,Recife,Eletricista,25,96141148928
Juliana Pereira Cardoso,juliana.pereira.cardoso.1798@example.com,Sorocaba,Gerente comercial,27,80831868772
Renata Lima Gomes,renata.lima.gomes.1799@example.com,Sorocaba,Supervisor de atendimento,40,52617856106
Nicolas Martins Mendes,nicolas.martins.mendes.1800@example.com,Belo Horizonte,Estoquista,39,54143523690
Felipe Cardoso Martins,felipe.cardoso.martins.1801@example.com,Caxias do Sul,Supervisor de vendas,51,55620833943
Thiago Lima Barros,thiago.lima.barros.1802@example.com,Santos,Coordenador de produção,24,66476639831
Sérgio Lima Rocha,sergio.lima.rocha.1803@example.com,Sorocaba,Supervisor de qualidade,23,68758829283
Débora Teixeira Rodrigues,debora.teixeira.rodrigues.1804@example.com,Natal,Jornalista,30,22845023614
Letícia Pereira Rodrigues,leticia.pereira.rodrigues.1805@example.com,Santos,Advogado,37,49632034365
Eduardo Nascimento Lima,eduardo.nascimento.lima.1806@example.com,Fortaleza,Farmacêutico,21,21273207449
Juliana Souza Oliveira,juliana.souza.oliveira.1807@example.com,Campo Grande,Professor,24,31965428290
Paulo Oliveira Fernandes,paulo.oliveira.fernandes.1808@example.com,Porto Alegre,Farmacêutico,38,07364477759
Priscila Santos Alves,priscila.santos.alves.1809@example.com,Belo Horizonte,Mecânico,58,76341292225
Carlos Dias Araújo,carlos.dias.araujo.1810@example.com,Niterói,Chefe de departamento pessoal,30,30178549770
Vinícius Castro Pereira,vinicius.castro.pereira.1811@example.com,Rondonópolis,Assistente comercial,49,27436619710
Henrique Monteiro Oliveira,henrique.monteiro.oliveira.1812@example.com,Belém,Estoquista,55,14693676016
Camila Moreira Freitas,camila.moreira.freitas.1813@example.com,Brasília,Mecânico,32,46769872526
Amanda Araújo Gomes,amanda.araujo.gomes.1814@example.com,Brasília,Técnico de enfermagem,63,97943713127
Nicolas Rocha Rodrigues,nicolas.rocha.rodrigues.1815@example.com,Joinville,Coordenador de produção,69,04213751987
Gabriela Fernandes Moreira,gabriela.fernandes.moreira.1816@example.com,Joinville,Analista financeiro,25,91817492963
Igor Carvalho Castro,igor.carvalho.castro.1817@example.com,Joinville,Operador de caixa,18,70610853986
Carolina Mendes Cardoso,carolina.mendes.cardoso.1818@example.com,Goiânia,Supervisor de vendas,47,08305079048
Sandra Lima Pereira,sandra.lima.pereira.1819@example.com,São Paulo,Nutricionista,53,44729925763
Aline Monteiro Souza,aline.monteiro.souza.1820@example.com,Vitória,Gerente de operações,53,10055581256
Letícia Monteiro Rodrigues,leticia.monteiro.rodrigues.1821@example.com,Londrina,Comprador,65,72022363839
Bruno Souza Fernandes,bruno.souza.fernandes.1822@example.com,Santos,Motorista,50,16667687958
Igor Barros Alves,igor.barros.alves.1823@example.com,Rio de Janeiro,Farmacêutico,44,41688309482
Igor Barros Costa,igor.barros.costa.1824@example.com,Florianópolis,Arquiteto,66,13342376100
Ricardo Santos Oliveira,ricardo.santos.oliveira.1825@example.com,Recife,Supervisor de vendas,56,79318312217
Beatriz Teixeira Ribeiro,beatriz.teixeira.ribeiro.1826@example.com,Rio de Janeiro,Padeiro,22,10129318291
Fernanda Souza Alves,fernanda.souza.alves.1827@example.com,Campinas,Coordenador de marketing,49,19576414647
Gabriel Barbosa Cardoso,gabriel.barbosa.cardoso.1828@example.com,Sorocaba,Diretor de operações,55,52073775879
Daniela Pereira Lima,daniela.pereira.lima.1829@example.com,Natal,Eletricista,39,58952161133
Lucas Barros Pereira,lucas.barros.pereira.1830@example.com,Brasília,Fisioterapeuta,45,50646291662
Ricardo Freitas Costa,ricardo.freitas.costa.1831@example.com,Fortaleza,Gerente comercial,58,86717109384
Camila Rodrigues Almeida,camila.rodrigues.almeida.1832@example.com,Curitiba,Analista de dados,68,43540751267
Bruno Oliveira Carvalho,bruno.oliveira.carvalho.1833@example.com,Manaus,Assistente comercial,58,99917452740
Letícia Santos Mendes,leticia.santos.mendes.1834@example.com,Recife,Gerente financeiro,59,85008117355
Nicolas Barbosa Souza,nicolas.barbosa.souza.1835@example.com,Dourados,Eletricista,68,75222331272
Carlos Barros Almeida,carlos.barros.almeida.1836@example.com,Cuiabá,Supervisor de vendas,38,70594318658
Larissa Monteiro Rodrigues,larissa.monteiro.rodrigues.1837@example.com,Goiânia,Coordenador administrativo,35,62034387973
Vinícius Rodrigues Ribeiro,vinicius.rodrigues.ribeiro.1838@example.com,Goiânia,Professor,57,73173779687
Paulo Rodrigues Araújo,paulo.rodrigues.araujo.1839@example.com,Natal,Atendente,62,55640273756
Tatiane Lima Carvalho,tatiane.lima.carvalho.1840@example.com,Santos,Contador,69,96368544539
Diego Almeida Rocha,diego.almeida.rocha.1841@example.com,Maringá,Gerente de tecnologia,58,16669789113
Vitória Oliveira Nascimento,vitoria.oliveira.nascimento.1842@example.com,Recife,Analista de marketing,27,61823393669
Priscila Costa Ribeiro,priscila.costa.ribeiro.1843@example.com,Vitória,Recepcionista,69,43485744945
Larissa Costa Alves,larissa.costa.alves.1844@example.com,São Paulo,Farmacêutico,68,62178052842
Eduardo Rocha Ribeiro,eduardo.rocha.ribeiro.1845@example.com,Campinas,Coordenador administrativo,61,01248904738
Vinícius Oliveira Oliveira,vinicius.oliveira.oliveira.1846@example.com,Goiânia,Chefe de departamento pessoal,43,62305034522
Vanessa Ribeiro Nascimento,vanessa.ribeiro.nascimento.1847@example.com,Belo Horizonte,Engenheiro civil,20,30818914263
Eduardo Souza Mendes,eduardo.souza.mendes.1848@example.com,Joinville,Coordenador de marketing,21,09969641012
Diego Cardoso Lima,diego.cardoso.lima.1849@example.com,Fortaleza,Chefe de departamento pessoal,21,04339812688
Otávio Oliveira Mendes,otavio.oliveira.mendes.1850@example.com,Florianópolis,Contador,68,11090090262
Thiago Dias Moreira,thiago.dias.moreira.1851@example.com,Sorocaba,Diretor comercial,49,81996438014
Tatiane Nascimento Cardoso,tatiane.nascimento.cardoso.1852@example.com,São Paulo,Diretor de operações,42,47662953307
Bruno Alves Lima,bruno.alves.lima.1853@example.com,Vitória,Jornalista,66,82020373004
Larissa Araújo Lima,larissa.araujo.lima.1854@example.com,Porto Alegre,Comprador,43,50214851044
Amanda Santos Carvalho,amanda.santos.carvalho.1855@example.com,Santos,Assistente administrativo,68,76135983943
Diego Pereira Carvalho,diego.pereira.carvalho.1856@example.com,São Paulo,Gerente de operações,28,52853098735
Aline Carvalho Dias,aline.carvalho.dias.1857@example.com,Rio de Janeiro,Líder de equipe,65,31972373742
Gustavo Oliveira Barbosa,gustavo.oliveira.barbosa.1858@example.com,Caxias do Sul,Pedreiro,45,78221772084
João Pereira Martins,joao.pereira.martins.1859@example.com,Santos,Farmacêutico,57,77967463521
Rafael Martins Rodrigues,rafael.martins.rodrigues.1860@example.com,Londrina,Analista de marketing,58,09918595117
Henrique Almeida Nascimento,henrique.almeida.nascimento.1861@example.com,Caxias do Sul,Padeiro,31,63258467310
Eduardo Alves Moreira,eduardo.alves.moreira.1862@example.com,Manaus,Técnico em informática,52,27802287607
Luana Castro Dias,luana.castro.dias.1863@example.com,Niterói,Farmacêutico,20,79223692578
Gabriel Gomes Rocha,gabriel.gomes.rocha.1864@example.com,Curitiba,Enfermeiro,25,83518372279
Ricardo Nascimento Alves,ricardo.nascimento.alves.1865@example.com,Campinas,Analista de marketing,20,80066117175
Vitória Costa Rodrigues,vitoria.costa.rodrigues.1866@example.com,Cuiabá,Técnico de segurança do trabalho,67,95597119628
Otávio Araújo Nascimento,otavio.araujo.nascimento.1867@example.com,Natal,Vendedor,62,82586956533
Carlos Costa Silva,carlos.costa.silva.1868@example.com,Natal,Motorista,29,93089183944
Mariana Dias Gomes,mariana.dias.gomes.1869@example.com,Caxias do Sul,Advogado,21,57844859422
Aline Lima Moreira,aline.lima.moreira.1870@example.com,Porto Alegre,Contador,57,13886177868
Felipe Alves Barbosa,felipe.alves.barbosa.1871@example.com,Caxias do Sul,Gerente de tecnologia,56,53492434353
Amanda Fernandes Dias,amanda.fernandes.dias.1872@example.com,Caxias do Sul,Arquiteto,19,67281782673
Vinícius Rocha Barbosa,vinicius.rocha.barbosa.1873@example.com,Florianópolis,Chefe de departamento pessoal,63,04974795856
Patrícia Almeida Barros,patricia.almeida.barros.1874@example.com,Porto Alegre,Analista de dados,48,75109195115
Patrícia Pereira Souza,patricia.pereira.souza.1875@example.com,Niterói,Supervisor de manutenção,40,49934572276
Otávio Silva Teixeira,otavio.silva.teixeira.1876@example.com,Recife,Líder de equipe,49,84534488744
Vitória Barros Castro,vitoria.barros.castro.1877@example.com,Dourados,Gerente de operações,61,72914110332
Gabriel Dias Santos,gabriel.dias.santos.1878@example.com,São Paulo,Padeiro,47,85695407921
Mariana Fernandes Martins,mariana.fernandes.martins.1879@example.com,Belém,Operador de caixa,55,90638606960
Lucas Teixeira Santos,lucas.teixeira.santos.1880@example.com,Campinas,Técnico de enfermagem,39,76219452799
Daniela Moreira Castro,daniela.moreira.castro.1881@example.com,Fortaleza,Chefe de compras,56,42636398204
Thiago Cardoso Fernandes,thiago.cardoso.fernandes.1882@example.com,Florianópolis,Diretor de operações,29,52938856982
Gabriel Freitas Rodrigues,gabriel.freitas.rodrigues.1883@example.com,Campinas,Atendente,53,33255973740
Tatiane Souza Nascimento,tatiane.souza.nascimento.1884@example.com,Rondonópolis,Operador de caixa,38,01784130418
Lucas Almeida Alves,lucas.almeida.alves.1885@example.com,Uberlândia,Gerente financeiro,36,80718332047
Bruno Martins Mendes,bruno.martins.mendes.1886@example.com,Londrina,Analista de recursos humanos,56,81705365956
Amanda Souza Dias,amanda.souza.dias.1887@example.com,Campo Grande,Coordenador de produção,52,70638393642
Marcelo Ribeiro Almeida,marcelo.ribeiro.almeida.1888@example.com,Campinas,Enfermeiro,48,23101568774
Ana Almeida Freitas,ana.almeida.freitas.1889@example.com,Cuiabá,Líder de equipe,29,46044148305
Lucas Fernandes Gomes,lucas.fernandes.gomes.1890@example.com,Rio de Janeiro,Advogado,20,27763006884
Letícia Monteiro Fernandes,leticia.monteiro.fernandes.1891@example.com,Dourados,Operador de caixa,59,19032095967
Henrique Rocha Mendes,henrique.rocha.mendes.1892@example.com,Porto Alegre,Técnico de enfermagem,37,72935551092
Amanda Araújo Nascimento,amanda.araujo.nascimento.1893@example.com,São Paulo,Padeiro,61,94374685568
Amanda Araújo Oliveira,amanda.araujo.oliveira.1894@example.com,Sorocaba,Chefe de departamento pessoal,59,73935756750
Fernanda Barbosa Barbosa,fernanda.barbosa.barbosa.1895@example.com,Dourados,Vendedor,66,13674604709
Gabriel Dias Lima,gabriel.dias.lima.1896@example.com,Recife,Líder de equipe,38,29729200163
Paulo Pereira Gomes,paulo.pereira.gomes.1897@example.com,Cuiabá,Técnico de enfermagem,31,63148419240
Vanessa Almeida Santos,vanessa.almeida.santos.1898@example.com,Caxias do Sul,Enfermeiro,53,78334671955
Gustavo Rodrigues Rocha,gustavo.rodrigues.rocha.1899@example.com,Curitiba,Eletricista,53,40553438442
João Moreira Santos,joao.moreira.santos.1900@example.com,Fortaleza,Pedreiro,55,46514528172
Felipe Castro Araújo,felipe.castro.araujo.1901@example.com,Cuiabá,Operador de caixa,25,50631459908
Camila Monteiro Dias,camila.monteiro.dias.1902@example.com,Fortaleza,Analista de recursos humanos,19,50762109474
Camila Santos Martins,camila.santos.martins.1903@example.com,Florianópolis,Gerente de tecnologia,39,44776952178
Bruno Teixeira Teixeira,bruno.teixeira.teixeira.1904@example.com,Salvador,Vendedor,54,78562846464
Fernanda Nascimento Fernandes,fernanda.nascimento.fernandes.1905@example.com,Manaus,Analista de dados,43,56739703570
Henrique Rodrigues Mendes,henrique.rodrigues.mendes.1906@example.com,Caxias do Sul,Eletricista,29,52711131378
Patrícia Castro Souza,patricia.castro.souza.1907@example.com,Rondonópolis,Técnico em informática,25,05019657793
Mariana Costa Pereira,mariana.costa.pereira.1908@example.com,Niterói,Coordenador de logística,47,88518701587
Larissa Castro Cardoso,larissa.castro.cardoso.1909@example.com,Sorocaba,Analista financeiro,49,58230009796
Eduardo Moreira Costa,eduardo.moreira.costa.1910@example.com,Cuiabá,Jornalista,47,82126764783
Camila Fernandes Fernandes,camila.fernandes.fernandes.1911@example.com,Caxias do Sul,Supervisor de vendas,50,95111021597
Larissa Alves Nascimento,larissa.alves.nascimento.1912@example.com,Santos,Programador,68,52673033614
Thiago Castro Oliveira,thiago.castro.oliveira.1913@example.com,Belém,Pedreiro,22,52539771737
Mariana Barros Mendes,mariana.barros.mendes.1914@example.com,Manaus,Supervisor de vendas,32,67146053640
Renata Rocha Oliveira,renata.rocha.oliveira.1915@example.com,Sorocaba,Coordenador administrativo,66,43594237116
Nicolas Nascimento Freitas,nicolas.nascimento.freitas.1916@example.com,Londrina,Técnico em informática,63,48462262617
Otávio Costa Pereira,otavio.costa.pereira.1917@example.com,Florianópolis,Padeiro,51,40920954968
Sérgio Ribeiro Freitas,sergio.ribeiro.freitas.1918@example.com,Natal,Corretor de imóveis,48,93898057552
Thiago Fernandes Alves,thiago.fernandes.alves.1919@example.com,Maringá,Gerente comercial,47,57597617185
Eduardo Fernandes Dias,eduardo.fernandes.dias.1920@example.com,Vitória,Recepcionista,27,97309269767
Ricardo Souza Barros,ricardo.souza.barros.1921@example.com,Campinas,Supervisor de atendimento,40,05718896784
Larissa Lima Carvalho,larissa.lima.carvalho.1922@example.com,Porto Alegre,Gerente de tecnologia,63,99433985956
Gustavo Santos Costa,gustavo.santos.costa.1923@example.com,Londrina,Contador,70,77169055318
José Nascimento Barbosa,jose.nascimento.barbosa.1924@example.com,Londrina,Contador,41,23940777661
Camila Rocha Souza,camila.rocha.souza.1925@example.com,São Paulo,Jornalista,26,81453518267
Carolina Pereira Freitas,carolina.pereira.freitas.1926@example.com,Caxias do Sul,Advogado,33,36234791981
Amanda Almeida Castro,amanda.almeida.castro.1927@example.com,Natal,Chefe de almoxarifado,46,55277316709
Bruno Gomes Dias,bruno.gomes.dias.1928@example.com,Sorocaba,Supervisor de manutenção,28,99864319642
Daniela Rocha Monteiro,daniela.rocha.monteiro.1929@example.com,Curitiba,Chefe de compras,45,43640843201
Pedro Santos Nascimento,pedro.santos.nascimento.1930@example.com,Santos,Chefe de compras,31,93123763733
Sandra Dias Pereira,sandra.dias.pereira.1931@example.com,Recife,Atendente,57,29735055091
Marcelo Rocha Ribeiro,marcelo.rocha.ribeiro.1932@example.com,Campo Grande,Mecânico,60,88911400580
Juliana Rocha Costa,juliana.rocha.costa.1933@example.com,Brasília,Nutricionista,33,59529813384
Larissa Martins Araújo,larissa.martins.araujo.1934@example.com,Vitória,Contador,69,50967068463
Lucas Oliveira Alves,lucas.oliveira.alves.1935@example.com,Belo Horizonte,Comprador,37,50951318632
Leonardo Pereira Santos,leonardo.pereira.santos.1936@example.com,Brasília,Gerente financeiro,40,46493602964
Luana Pereira Carvalho,luana.pereira.carvalho.1937@example.com,Santos,Gerente de operações,23,95036330469
Débora Alves Cardoso,debora.alves.cardoso.1938@example.com,Cuiabá,Supervisor de atendimento,37,91845276111
Sandra Alves Almeida,sandra.alves.almeida.1939@example.com,Goiânia,Coordenador administrativo,65,32507254927
Carlos Barbosa Santos,carlos.barbosa.santos.1940@example.com,Florianópolis,Diretor comercial,61,18833334439
Vinícius Rocha Alves,vinicius.rocha.alves.1941@example.com,Belém,Corretor de imóveis,69,71502817649
Gabriela Costa Santos,gabriela.costa.santos.1942@example.com,Campo Grande,Técnico em informática,63,38023091375
Camila Gomes Costa,camila.gomes.costa.1943@example.com,São Paulo,Eletricista,20,18007875466
Patrícia Martins Carvalho,patricia.martins.carvalho.1944@example.com,Porto Alegre,Diretor comercial,47,36061071666
João Barbosa Nascimento,joao.barbosa.nascimento.1945@example.com,São Paulo,Chefe de almoxarifado,25,01066425979
Otávio Castro Almeida,otavio.castro.almeida.1946@example.com,Caxias do Sul,Técnico em informática,47,38970346297
Leonardo Barros Rodrigues,leonardo.barros.rodrigues.1947@example.com,Dourados,Recepcionista,47,65855006304
Nicolas Castro Cardoso,nicolas.castro.cardoso.1948@example.com,Vitória,Supervisor de qualidade,21,40662831203
Gabriela Dias Carvalho,gabriela.dias.carvalho.1949@example.com,Maringá,Supervisor de vendas,31,72083822044
Amanda Silva Oliveira,amanda.silva.oliveira.1950@example.com,Campinas,Gerente de recursos humanos,42,72697267936
Larissa Santos Castro,larissa.santos.castro.1951@example.com,Salvador,Cozinheiro,56,39273665734
José Rodrigues Teixeira,jose.rodrigues.teixeira.1952@example.com,Londrina,Eletricista,56,30762025472
Bruno Pereira Nascimento,bruno.pereira.nascimento.1953@example.com,Maringá,Farmacêutico,34,80775103592
Thiago Dias Rocha,thiago.dias.rocha.1954@example.com,Uberlândia,Operador de caixa,39,19958737476
Lucas Monteiro Dias,lucas.monteiro.dias.1955@example.com,Florianópolis,Mecânico,30,88591120824
Simone Carvalho Fernandes,simone.carvalho.fernandes.1956@example.com,Caxias do Sul,Corretor de imóveis,41,65161901971
Vitória Mendes Rodrigues,vitoria.mendes.rodrigues.1957@example.com,Maringá,Arquiteto,19,71990539032
Bruno Silva Freitas,bruno.silva.freitas.1958@example.com,Rio de Janeiro,Nutricionista,68,75844853097
Débora Nascimento Monteiro,debora.nascimento.monteiro.1959@example.com,Belém,Farmacêutico,45,34626846514
João Carvalho Cardoso,joao.carvalho.cardoso.1960@example.com,Porto Alegre,Supervisor de qualidade,48,18929934739
Carlos Lima Santos,carlos.lima.santos.1961@example.com,Niterói,Técnico de enfermagem,30,96448470830
Carolina Barbosa Teixeira,carolina.barbosa.teixeira.1962@example.com,Recife,Supervisor de vendas,63,09259098460
Sérgio Castro Freitas,sergio.castro.freitas.1963@example.com,Londrina,Diretor de operações,23,18626638454
Luana Barros Almeida,luana.barros.almeida.1964@example.com,Porto Alegre,Gerente de operações,31,08953011156
Patrícia Pereira Rocha,patricia.pereira.rocha.1965@example.com,Rondonópolis,Vendedor,57,85406831326
Leonardo Costa Monteiro,leonardo.costa.monteiro.1966@example.com,Porto Alegre,Arquiteto,54,34043608146
Otávio Souza Araújo,otavio.souza.araujo.1967@example.com,Vitória,Mecânico,23,02103222268
Patrícia Rodrigues Moreira,patricia.rodrigues.moreira.1968@example.com,Joinville,Diretor comercial,70,76391520044
Daniela Teixeira Rodrigues,daniela.teixeira.rodrigues.1969@example.com,Salvador,Gerente financeiro,69,16669655838
Lucas Castro Teixeira,lucas.castro.teixeira.1970@example.com,Caxias do Sul,Advogado,70,32679140524
Renata Monteiro Lima,renata.monteiro.lima.1971@example.com,Joinville,Vendedor,18,04125542386
Ana Santos Ribeiro,ana.santos.ribeiro.1972@example.com,Niterói,Advogado,63,78469850097
Camila Freitas Alves,camila.freitas.alves.1973@example.com,Santos,Técnico de segurança do trabalho,65,34734389506
Thiago Fernandes Lima,thiago.fernandes.lima.1974@example.com,Sorocaba,Chefe de departamento pessoal,29,04519630294
Mariana Nascimento Silva,mariana.nascimento.silva.1975@example.com,Niterói,Supervisor de vendas,59,41509788338
Ana Rodrigues Ribeiro,ana.rodrigues.ribeiro.1976@example.com,Rondonópolis,Comprador,51,84787545794
Patrícia Almeida Carvalho,patricia.almeida.carvalho.1977@example.com,Maringá,Técnico de segurança do trabalho,31,42534122460
Camila Rocha Santos,camila.rocha.santos.1978@example.com,Uberlândia,Atendente,26,15820297771
Igor Nascimento Fernandes,igor.nascimento.fernandes.1979@example.com,Londrina,Fisioterapeuta,25,20201414545
Eduardo Barros Teixeira,eduardo.barros.teixeira.1980@example.com,Goiânia,Analista de dados,63,60293188998
Ricardo Ribeiro Fernandes,ricardo.ribeiro.fernandes.1981@example.com,Recife,Professor,24,72151943522
Fernanda Costa Pereira,fernanda.costa.pereira.1982@example.com,Caxias do Sul,Supervisor de qualidade,70,45346524816
Larissa Teixeira Barros,larissa.teixeira.barros.1983@example.com,Dourados,Técnico de enfermagem,39,10876212469
Tatiane Rocha Oliveira,tatiane.rocha.oliveira.1984@example.com,Salvador,Coordenador de produção,60,39143465509
Lucas Fernandes Rocha,lucas.fernandes.rocha.1985@example.com,Porto Alegre,Fisioterapeuta,60,26786747519
Carolina Teixeira Oliveira,carolina.teixeira.oliveira.1986@example.com,Londrina,Supervisor de manutenção,46,12554993139
Bruno Teixeira Araújo,bruno.teixeira.araujo.1987@example.com,Caxias do Sul,Assistente administrativo,52,50371621979
Patrícia Lima Cardoso,patricia.lima.cardoso.1988@example.com,Caxias do Sul,Coordenador administrativo,36,90381561872
Igor Rodrigues Santos,igor.rodrigues.santos.1989@example.com,Rio de Janeiro,Técnico em informática,34,79676213478
Marcelo Freitas Freitas,marcelo.freitas.freitas.1990@example.com,Belém,Supervisor de manutenção,41,33916586510
Larissa Lima Carvalho,larissa.lima.carvalho.1991@example.com,Brasília,Cozinheiro,28,57543953999
João Alves Gomes,joao.alves.gomes.1992@example.com,Belo Horizonte,Técnico em informática,29,20261215786
Luana Araújo Costa,luana.araujo.costa.1993@example.com,Caxias do Sul,Analista de recursos humanos,34,41984154516
Fernanda Santos Souza,fernanda.santos.souza.1994@example.com,Caxias do Sul,Professor,35,04251131586
Otávio Dias Mendes,otavio.dias.mendes.1995@example.com,Salvador,Coordenador de produção,70,06867988235
Henrique Ribeiro Rodrigues,henrique.ribeiro.rodrigues.1996@example.com,Sorocaba,Arquiteto,29,57599364195
Débora Moreira Mendes,debora.moreira.mendes.1997@example.com,Sorocaba,Técnico de segurança do trabalho,58,88391048468
Amanda Fernandes Rocha,amanda.fernandes.rocha.1998@example.com,Belo Horizonte,Coordenador administrativo,68,97410222956
Larissa Monteiro Lima,larissa.monteiro.lima.1999@example.com,Salvador,Atendente,41,71182055977
Ana Gomes Lima,ana.gomes.lima.2000@example.com,Joinville,Comprador,22,07318356951
Gabriel Moreira Costa,gabriel.moreira.costa.2001@example.com,Brasília,Supervisor de vendas,30,65682407746
Tatiane Barros Ribeiro,tatiane.barros.ribeiro.2002@example.com,Uberlândia,Gerente de recursos humanos,61,23039948461
Camila Rocha Lima,camila.rocha.lima.2003@example.com,Florianópolis,Enfermeiro,21,85393762163
Priscila Barros Oliveira,priscila.barros.oliveira.2004@example.com,Cuiabá,Supervisor de manutenção,56,54431573736
Thiago Souza Araújo,thiago.souza.araujo.2005@example.com,Uberlândia,Contador,22,60834486859
Rafael Rocha Rocha,rafael.rocha.rocha.2006@example.com,Curitiba,Analista de marketing,62,85495000374
Beatriz Rocha Teixeira,beatriz.rocha.teixeira.2007@example.com,Campinas,Chefe de almoxarifado,33,83516794329
Juliana Rocha Monteiro,juliana.rocha.monteiro.2008@example.com,Rio de Janeiro,Diretor comercial,44,04071571661
Ana Oliveira Martins,ana.oliveira.martins.2009@example.com,Recife,Encarregado de produção,58,56381870277
Nicolas Lima Fernandes,nicolas.lima.fernandes.2010@example.com,Fortaleza,Gerente de operações,46,20936832228
Débora Rodrigues Martins,debora.rodrigues.martins.2011@example.com,Maringá,Técnico de segurança do trabalho,20,11703951813
Beatriz Mendes Pereira,beatriz.mendes.pereira.2012@example.com,Santos,Gerente de tecnologia,57,05836510344
Marcelo Costa Silva,marcelo.costa.silva.2013@example.com,Fortaleza,Advogado,55,96744365317
Vitória Costa Alves,vitoria.costa.alves.2014@example.com,Belo Horizonte,Gerente de recursos humanos,52,69441799859
Gabriela Silva Fernandes,gabriela.silva.fernandes.2015@example.com,Florianópolis,Eletricista,50,68589093133
Gustavo Dias Alves,gustavo.dias.alves.2016@example.com,Recife,Analista financeiro,68,79414267512
Felipe Nascimento Costa,felipe.nascimento.costa.2017@example.com,Natal,Supervisor de atendimento,18,60967235140
Vanessa Teixeira Martins,vanessa.teixeira.martins.2018@example.com,Rio de Janeiro,Advogado,26,65192709491
Renata Fernandes Barros,renata.fernandes.barros.2019@example.com,São Paulo,Corretor de imóveis,43,20592128024
Fernanda Alves Almeida,fernanda.alves.almeida.2020@example.com,Londrina,Mecânico,61,41634921055
Simone Carvalho Rodrigues,simone.carvalho.rodrigues.2021@example.com,Maringá,Vendedor,52,03145925681
Gabriela Martins Oliveira,gabriela.martins.oliveira.2022@example.com,Rondonópolis,Corretor de imóveis,53,35030064891
Sandra Gomes Silva,sandra.gomes.silva.2023@example.com,Brasília,Farmacêutico,28,32949559503
Gabriel Alves Lima,gabriel.alves.lima.2024@example.com,Florianópolis,Gerente de tecnologia,55,44111001919
Carlos Silva Nascimento,carlos.silva.nascimento.2025@example.com,Salvador,Arquiteto,45,72685675609
Paulo Santos Freitas,paulo.santos.freitas.2026@example.com,Campinas,Coordenador de logística,34,41959411936
Nicolas Oliveira Mendes,nicolas.oliveira.mendes.2027@example.com,Belo Horizonte,Programador,27,05882170158
Leonardo Carvalho Lima,leonardo.carvalho.lima.2028@example.com,Salvador,Coordenador de marketing,46,65701372886
Amanda Costa Araújo,amanda.costa.araujo.2029@example.com,Campo Grande,Coordenador de produção,42,10378050999
Tatiane Rocha Teixeira,tatiane.rocha.teixeira.2030@example.com,Vitória,Recepcionista,39,67041993302
Sérgio Nascimento Silva,sergio.nascimento.silva.2031@example.com,Niterói,Chefe de departamento pessoal,50,12929683576
Igor Souza Nascimento,igor.souza.nascimento.2032@example.com,Florianópolis,Assistente comercial,69,23237623161
Sérgio Fernandes Mendes,sergio.fernandes.mendes.2033@example.com,Curitiba,Enfermeiro,66,05979086274
Pedro Mendes Nascimento,pedro.mendes.nascimento.2034@example.com,Goiânia,Analista de dados,21,35439261902
João Monteiro Teixeira,joao.monteiro.teixeira.2035@example.com,Joinville,Coordenador administrativo,25,44931237683
Otávio Oliveira Castro,otavio.oliveira.castro.2036@example.com,Rio de Janeiro,Gerente comercial,63,32121564617
Ricardo Barros Oliveira,ricardo.barros.oliveira.2037@example.com,São Paulo,Designer gráfico,50,24424890734
Aline Carvalho Castro,aline.carvalho.castro.2038@example.com,Natal,Auxiliar de produção,31,06109267681
Gustavo Silva Martins,gustavo.silva.martins.2039@example.com,Campo Grande,Auxiliar de produção,42,55349876293
Aline Teixeira Santos,aline.teixeira.santos.2040@example.com,Belém,Encarregado de produção,43,29457741578
Paulo Silva Araújo,paulo.silva.araujo.2041@example.com,Campinas,Atendente,34,66965023027
Patrícia Rodrigues Ribeiro,patricia.rodrigues.ribeiro.2042@example.com,Sorocaba,Técnico em informática,19,62036095410
Nicolas Pereira Martins,nicolas.pereira.martins.2043@example.com,São Paulo,Jornalista,25,02238883619
Simone Gomes Santos,simone.gomes.santos.2044@example.com,Sorocaba,Analista financeiro,30,09268680081
Patrícia Barbosa Rodrigues,patricia.barbosa.rodrigues.2045@example.com,Rondonópolis,Analista de dados,28,60089053928
Ricardo Martins Silva,ricardo.martins.silva.2046@example.com,Niterói,Farmacêutico,42,91441364870
Carolina Freitas Souza,carolina.freitas.souza.2047@example.com,Salvador,Gerente de operações,50,68276502825
Camila Oliveira Rodrigues,camila.oliveira.rodrigues.2048@example.com,Niterói,Analista de recursos humanos,51,74875047174
Fernanda Gomes Moreira,fernanda.gomes.moreira.2049@example.com,Belo Horizonte,Gerente comercial,29,09163197696
José Pereira Fernandes,jose.pereira.fernandes.2050@example.com,Salvador,Supervisor de atendimento,50,00946293254
Sandra Cardoso Moreira,sandra.cardoso.moreira.2051@example.com,Campinas,Coordenador administrativo,65,27623472118
José Gomes Costa,jose.gomes.costa.2052@example.com,Brasília,Nutricionista,28,23506980746
Amanda Pereira Araújo,amanda.pereira.araujo.2053@example.com,Brasília,Enfermeiro,32,92022227337
Rafael Ribeiro Alves,rafael.ribeiro.alves.2054@example.com,Recife,Designer gráfico,21,67474085839
Marcelo Souza Martins,marcelo.souza.martins.2055@example.com,Uberlândia,Cozinheiro,57,36374640409
Gustavo Rodrigues Araújo,gustavo.rodrigues.araujo.2056@example.com,Cuiabá,Chefe de departamento pessoal,58,78538381477
Débora Rodrigues Dias,debora.rodrigues.dias.2057@example.com,Cuiabá,Supervisor de manutenção,24,88085138235
Carolina Barros Martins,carolina.barros.martins.2058@example.com,Dourados,Assistente comercial,35,07242113584
Ricardo Rocha Ribeiro,ricardo.rocha.ribeiro.2059@example.com,Rio de Janeiro,Coordenador de logística,57,52018710766
Diego Moreira Barros,diego.moreira.barros.2060@example.com,Salvador,Encarregado de produção,29,30681811973
Leonardo Teixeira Almeida,leonardo.teixeira.almeida.2061@example.com,Joinville,Programador,68,23367605109
Carlos Costa Araújo,carlos.costa.araujo.2062@example.com,Salvador,Motorista,44,08951401240
Juliana Barbosa Mendes,juliana.barbosa.mendes.2063@example.com,Campinas,Analista de dados,68,10259076751
Renata Rodrigues Gomes,renata.rodrigues.gomes.2064@example.com,Natal,Designer gráfico,57,54512531090
Priscila Santos Rocha,priscila.santos.rocha.2065@example.com,Porto Alegre,Chefe de compras,31,99565090149
Paulo Martins Rodrigues,paulo.martins.rodrigues.2066@example.com,Natal,Gerente financeiro,56,54636862729
Priscila Alves Costa,priscila.alves.costa.2067@example.com,Rondonópolis,Padeiro,48,73913997596
Tatiane Pereira Castro,tatiane.pereira.castro.2068@example.com,Cuiabá,Analista de dados,23,91071642214
Eduardo Dias Santos,eduardo.dias.santos.2069@example.com,Belo Horizonte,Corretor de imóveis,48,66356507118
Ricardo Barros Castro,ricardo.barros.castro.2070@example.com,Sorocaba,Gerente comercial,28,36322033005
Beatriz Silva Alves,beatriz.silva.alves.2071@example.com,Maringá,Vendedor,18,55800922828
Pedro Castro Ribeiro,pedro.castro.ribeiro.2072@example.com,Salvador,Pedreiro,47,95861723989
Leonardo Cardoso Monteiro,leonardo.cardoso.monteiro.2073@example.com,Manaus,Supervisor de manutenção,59,44996153620
Paulo Souza Barros,paulo.souza.barros.2074@example.com,Manaus,Cozinheiro,34,06089894282
Vinícius Carvalho Costa,vinicius.carvalho.costa.2075@example.com,Belo Horizonte,Supervisor de vendas,48,82879488627
Priscila Rodrigues Santos,priscila.rodrigues.santos.2076@example.com,Fortaleza,Coordenador de produção,19,51605705844
Gabriel Barbosa Araújo,gabriel.barbosa.araujo.2077@example.com,Rondonópolis,Supervisor de qualidade,64,11334046429
Gustavo Rodrigues Silva,gustavo.rodrigues.silva.2078@example.com,Belo Horizonte,Assistente comercial,70,77764647456
José Carvalho Lima,jose.carvalho.lima.2079@example.com,Uberlândia,Analista de marketing,62,48452286844
Ana Alves Silva,ana.alves.silva.2080@example.com,Niterói,Chefe de departamento pessoal,41,54852584647
João Alves Oliveira,joao.alves.oliveira.2081@example.com,Cuiabá,Analista de marketing,23,31558583124
Aline Rodrigues Barbosa,aline.rodrigues.barbosa.2082@example.com,Caxias do Sul,Operador de caixa,32,44463985992
Mariana Pereira Ribeiro,mariana.pereira.ribeiro.2083@example.com,Uberlândia,Chefe de compras,36,90183257437
Amanda Oliveira Gomes,amanda.oliveira.gomes.2084@example.com,Recife,Professor,57,68618511076
Daniela Freitas Almeida,daniela.freitas.almeida.2085@example.com,Dourados,Supervisor de vendas,24,79546859919
Sérgio Monteiro Pereira,sergio.monteiro.pereira.2086@example.com,Santos,Analista de marketing,22,30767154658
Daniela Freitas Lima,daniela.freitas.lima.2087@example.com,Joinville,Advogado,52,52852367779
Fernanda Fernandes Silva,fernanda.fernandes.silva.2088@example.com,Fortaleza,Analista de dados,41,29888777776
Gustavo Rocha Silva,gustavo.rocha.silva.2089@example.com,Belo Horizonte,Jornalista,18,13717863562
Carolina Mendes Lima,carolina.mendes.lima.2090@example.com,Curitiba,Engenheiro civil,27,42257703284
Vanessa Castro Santos,vanessa.castro.santos.2091@example.com,Manaus,Mecânico,57,64662998658
Otávio Santos Barros,otavio.santos.barros.2092@example.com,Curitiba,Assistente comercial,22,72731541796
Tatiane Souza Lima,tatiane.souza.lima.2093@example.com,Londrina,Cozinheiro,33,09392556838
Henrique Souza Castro,henrique.souza.castro.2094@example.com,Londrina,Supervisor de vendas,30,19541854303
Patrícia Monteiro Dias,patricia.monteiro.dias.2095@example.com,Belém,Recepcionista,65,05504073163
Juliana Souza Cardoso,juliana.souza.cardoso.2096@example.com,Campo Grande,Supervisor de manutenção,23,94799272516
Henrique Dias Monteiro,henrique.dias.monteiro.2097@example.com,Goiânia,Técnico em informática,52,33005809595
Juliana Costa Fernandes,juliana.costa.fernandes.2098@example.com,Campo Grande,Padeiro,39,11005979880
Simone Souza Teixeira,simone.souza.teixeira.2099@example.com,Londrina,Motorista,61,80515746070
Renata Martins Oliveira,renata.martins.oliveira.2100@example.com,Fortaleza,Jornalista,24,52130151654
Vitória Barros Moreira,vitoria.barros.moreira.2101@example.com,Curitiba,Operador de caixa,62,70651687061
Sandra Carvalho Costa,sandra.carvalho.costa.2102@example.com,Recife,Operador de caixa,20,76388553010
Bruno Dias Araújo,bruno.dias.araujo.2103@example.com,Joinville,Assistente comercial,69,31732937269
Henrique Cardoso Monteiro,henrique.cardoso.monteiro.2104@example.com,Brasília,Corretor de imóveis,41,28506872387
Renata Ribeiro Teixeira,renata.ribeiro.teixeira.2105@example.com,Joinville,Analista de marketing,18,12661087042
Débora Barbosa Oliveira,debora.barbosa.oliveira.2106@example.com,Sorocaba,Analista financeiro,53,38220893208
Camila Mendes Dias,camila.mendes.dias.2107@example.com,Florianópolis,Chefe de compras,46,49072757512
Bruno Silva Lima,bruno.silva.lima.2108@example.com,Rio de Janeiro,Gerente de tecnologia,53,67243221489
João Ribeiro Barbosa,joao.ribeiro.barbosa.2109@example.com,Campo Grande,Analista de dados,45,45539319046
Amanda Castro Rodrigues,amanda.castro.rodrigues.2110@example.com,Uberlândia,Assistente comercial,34,93598036906
José Santos Araújo,jose.santos.araujo.2111@example.com,Campinas,Mecânico,45,22381959725
Paulo Silva Santos,paulo.silva.santos.2112@example.com,Goiânia,Supervisor de manutenção,41,01420888481
Sérgio Nascimento Ribeiro,sergio.nascimento.ribeiro.2113@example.com,Salvador,Coordenador de logística,28,35835891388
Tatiane Barros Barbosa,tatiane.barros.barbosa.2114@example.com,São Paulo,Motorista,37,17536287626
José Nascimento Teixeira,jose.nascimento.teixeira.2115@example.com,Uberlândia,Nutricionista,68,59165308816
Gustavo Carvalho Mendes,gustavo.carvalho.mendes.2116@example.com,Brasília,Líder de equipe,65,72304799678
Luana Araújo Gomes,luana.araujo.gomes.2117@example.com,Florianópolis,Coordenador de logística,65,62582142514
Beatriz Nascimento Cardoso,beatriz.nascimento.cardoso.2118@example.com,Manaus,Pedreiro,38,75960852695
Carolina Costa Teixeira,carolina.costa.teixeira.2119@example.com,Curitiba,Supervisor de atendimento,19,13677339228
Gustavo Rocha Rodrigues,gustavo.rocha.rodrigues.2120@example.com,Caxias do Sul,Mecânico,61,04629715527
Gabriela Freitas Ribeiro,gabriela.freitas.ribeiro.2121@example.com,Fortaleza,Advogado,20,87630248996
Vitória Oliveira Silva,vitoria.oliveira.silva.2122@example.com,Curitiba,Enfermeiro,25,88976827903
Thiago Oliveira Gomes,thiago.oliveira.gomes.2123@example.com,Salvador,Assistente comercial,34,99797675124
Patrícia Barros Freitas,patricia.barros.freitas.2124@example.com,Manaus,Gerente financeiro,29,58876175670
Sandra Alves Alves,sandra.alves.alves.2125@example.com,Vitória,Coordenador de produção,41,82979974814
Leonardo Pereira Costa,leonardo.pereira.costa.2126@example.com,Porto Alegre,Fisioterapeuta,34,26076517213
Priscila Moreira Fernandes,priscila.moreira.fernandes.2127@example.com,Rondonópolis,Eletricista,55,52150986961
Sérgio Teixeira Lima,sergio.teixeira.lima.2128@example.com,Porto Alegre,Eletricista,52,19162375945
Lucas Freitas Ribeiro,lucas.freitas.ribeiro.2129@example.com,Joinville,Analista de recursos humanos,68,87468707383
Daniela Cardoso Rocha,daniela.cardoso.rocha.2130@example.com,Maringá,Enfermeiro,59,83594458761
Felipe Carvalho Rodrigues,felipe.carvalho.rodrigues.2131@example.com,Salvador,Pedreiro,63,20177088547
Aline Lima Rocha,aline.lima.rocha.2132@example.com,Cuiabá,Chefe de compras,64,50460388427
Vinícius Castro Barbosa,vinicius.castro.barbosa.2133@example.com,Cuiabá,Gerente de tecnologia,45,84272144067
Vitória Rodrigues Lima,vitoria.rodrigues.lima.2134@example.com,Fortaleza,Mecânico,29,17009696493
Patrícia Ribeiro Moreira,patricia.ribeiro.moreira.2135@example.com,Curitiba,Gerente de tecnologia,33,06045703614
Carolina Monteiro Teixeira,carolina.monteiro.teixeira.2136@example.com,Belo Horizonte,Contador,38,76672778331
Vanessa Costa Barbosa,vanessa.costa.barbosa.2137@example.com,Joinville,Supervisor de atendimento,19,41704574161
Renata Souza Souza,renata.souza.souza.2138@example.com,Niterói,Arquiteto,33,55323788688
Leonardo Araújo Gomes,leonardo.araujo.gomes.2139@example.com,Caxias do Sul,Técnico em informática,68,45506041444
Beatriz Barbosa Dias,beatriz.barbosa.dias.2140@example.com,Joinville,Assistente administrativo,24,50762108213
Vitória Rodrigues Monteiro,vitoria.rodrigues.monteiro.2141@example.com,Goiânia,Programador,33,00728268492
Henrique Silva Martins,henrique.silva.martins.2142@example.com,Uberlândia,Supervisor de atendimento,47,20315113593
Leonardo Oliveira Dias,leonardo.oliveira.dias.2143@example.com,Rondonópolis,Coordenador de marketing,24,71842030898
Diego Mendes Silva,diego.mendes.silva.2144@example.com,São Paulo,Gerente de recursos humanos,51,97953868943
Carolina Dias Rocha,carolina.dias.rocha.2145@example.com,Sorocaba,Cozinheiro,60,91115756328
Marcelo Souza Castro,marcelo.souza.castro.2146@example.com,Maringá,Auxiliar de produção,22,40081219871
Marcelo Nascimento Mendes,marcelo.nascimento.mendes.2147@example.com,Dourados,Analista de dados,41,19829657541
Henrique Teixeira Rocha,henrique.teixeira.rocha.2148@example.com,Curitiba,Gerente financeiro,68,10089274133
Letícia Cardoso Alves,leticia.cardoso.alves.2149@example.com,Vitória,Coordenador de marketing,66,39572709332
Marcelo Barros Oliveira,marcelo.barros.oliveira.2150@example.com,Brasília,Enfermeiro,29,23139732269
Vitória Lima Dias,vitoria.lima.dias.2151@example.com,Manaus,Engenheiro civil,31,40305725078
João Souza Moreira,joao.souza.moreira.2152@example.com,Goiânia,Cozinheiro,62,71492712475
Diego Freitas Gomes,diego.freitas.gomes.2153@example.com,Dourados,Nutricionista,69,56441200871
Leonardo Araújo Araújo,leonardo.araujo.araujo.2154@example.com,Santos,Auxiliar de produção,32,33801497195
Sandra Moreira Santos,sandra.moreira.santos.2155@example.com,Manaus,Mecânico,62,50206391112
Camila Rocha Castro,camila.rocha.castro.2156@example.com,Rio de Janeiro,Contador,30,29729311782
João Moreira Souza,joao.moreira.souza.2157@example.com,Natal,Analista de marketing,30,90914973618
Beatriz Cardoso Barros,beatriz.cardoso.barros.2158@example.com,Florianópolis,Coordenador administrativo,61,82454504910
Daniela Araújo Almeida,daniela.araujo.almeida.2159@example.com,Sorocaba,Analista de marketing,51,76080451141
Vitória Mendes Almeida,vitoria.mendes.almeida.2160@example.com,Belém,Técnico de segurança do trabalho,21,29650854798
Patrícia Oliveira Santos,patricia.oliveira.santos.2161@example.com,Belém,Contador,52,16775711658
Thiago Araújo Teixeira,thiago.araujo.teixeira.2162@example.com,Dourados,Enfermeiro,41,13496614238
Carlos Costa Araújo,carlos.costa.araujo.2163@example.com,Campo Grande,Analista financeiro,29,27479180234
Ana Souza Freitas,ana.souza.freitas.2164@example.com,Campinas,Enfermeiro,33,85307435683
Gustavo Martins Lima,gustavo.martins.lima.2165@example.com,Belo Horizonte,Nutricionista,67,44134213425
Gustavo Barros Rodrigues,gustavo.barros.rodrigues.2166@example.com,Brasília,Chefe de departamento pessoal,19,93802532589
Pedro Cardoso Ribeiro,pedro.cardoso.ribeiro.2167@example.com,Sorocaba,Supervisor de manutenção,51,32378543340
Gabriel Gomes Cardoso,gabriel.gomes.cardoso.2168@example.com,Santos,Recepcionista,30,82885465524
Letícia Rocha Araújo,leticia.rocha.araujo.2169@example.com,Londrina,Comprador,27,70362170882
Henrique Lima Dias,henrique.lima.dias.2170@example.com,Cuiabá,Estoquista,33,17183130383
Patrícia Lima Alves,patricia.lima.alves.2171@example.com,Rio de Janeiro,Cozinheiro,54,94161947764
Pedro Souza Mendes,pedro.souza.mendes.2172@example.com,Fortaleza,Atendente,22,17759777900
Larissa Moreira Dias,larissa.moreira.dias.2173@example.com,Curitiba,Técnico de enfermagem,60,17199478171
Sandra Costa Lima,sandra.costa.lima.2174@example.com,Campinas,Técnico de segurança do trabalho,42,49007445083
Renata Araújo Pereira,renata.araujo.pereira.2175@example.com,Maringá,Contador,42,47062207396
Luana Teixeira Lima,luana.teixeira.lima.2176@example.com,Florianópolis,Operador de caixa,20,22538354770
Marcelo Alves Carvalho,marcelo.alves.carvalho.2177@example.com,Rondonópolis,Chefe de almoxarifado,27,35903109378
Tatiane Freitas Santos,tatiane.freitas.santos.2178@example.com,Porto Alegre,Técnico de enfermagem,27,49636434894
Renata Mendes Alves,renata.mendes.alves.2179@example.com,Londrina,Programador,35,27787837203
Daniela Lima Lima,daniela.lima.lima.2180@example.com,Curitiba,Operador de caixa,36,04084895230
Ricardo Ribeiro Almeida,ricardo.ribeiro.almeida.2181@example.com,Rio de Janeiro,Comprador,70,44305305035
Paulo Santos Alves,paulo.santos.alves.2182@example.com,Brasília,Encarregado de produção,41,40434542038
Pedro Rodrigues Lima,pedro.rodrigues.lima.2183@example.com,Fortaleza,Programador,35,61588422281
Vanessa Rodrigues Pereira,vanessa.rodrigues.pereira.2184@example.com,Curitiba,Assistente comercial,63,17525704571
Letícia Carvalho Gomes,leticia.carvalho.gomes.2185@example.com,Niterói,Coordenador administrativo,49,20978271070
Marcelo Gomes Nascimento,marcelo.gomes.nascimento.2186@example.com,Dourados,Corretor de imóveis,42,01834370564
Aline Barros Araújo,aline.barros.araujo.2187@example.com,Campo Grande,Técnico em informática,34,78543468363
Vanessa Araújo Martins,vanessa.araujo.martins.2188@example.com,Brasília,Técnico em informática,50,81425658359
Pedro Araújo Mendes,pedro.araujo.mendes.2189@example.com,Niterói,Nutricionista,24,22268276562
Luana Ribeiro Santos,luana.ribeiro.santos.2190@example.com,Goiânia,Técnico em informática,34,18463460766
Henrique Ribeiro Santos,henrique.ribeiro.santos.2191@example.com,Santos,Padeiro,47,59463655924
Larissa Carvalho Almeida,larissa.carvalho.almeida.2192@example.com,Uberlândia,Programador,66,16626376264
Thiago Pereira Moreira,thiago.pereira.moreira.2193@example.com,Belo Horizonte,Analista de marketing,55,75853327158
Amanda Almeida Cardoso,amanda.almeida.cardoso.2194@example.com,São Paulo,Supervisor de vendas,58,92236945789
Eduardo Rodrigues Freitas,eduardo.rodrigues.freitas.2195@example.com,Rondonópolis,Técnico de segurança do trabalho,53,81557113344
Ana Lima Dias,ana.lima.dias.2196@example.com,Rio de Janeiro,Atendente,52,31968966117
Letícia Barros Santos,leticia.barros.santos.2197@example.com,Maringá,Supervisor de vendas,46,07481924294
Simone Barros Barbosa,simone.barros.barbosa.2198@example.com,Florianópolis,Enfermeiro,19,12147419607
Thiago Teixeira Freitas,thiago.teixeira.freitas.2199@example.com,Natal,Assistente administrativo,29,13125091679
Paulo Carvalho Almeida,paulo.carvalho.almeida.2200@example.com,Cuiabá,Gerente de operações,67,49893300893
Gabriela Barbosa Nascimento,gabriela.barbosa.nascimento.2201@example.com,Brasília,Mecânico,50,62636015279
Leonardo Oliveira Oliveira,leonardo.oliveira.oliveira.2202@example.com,Brasília,Analista de recursos humanos,24,44786136430
Tatiane Barbosa Dias,tatiane.barbosa.dias.2203@example.com,Florianópolis,Pedreiro,37,46781717464
Beatriz Freitas Monteiro,beatriz.freitas.monteiro.2204@example.com,Rondonópolis,Coordenador de logística,48,53579197565
Carlos Moreira Barbosa,carlos.moreira.barbosa.2205@example.com,Maringá,Fisioterapeuta,36,77345850618
Marcelo Rocha Dias,marcelo.rocha.dias.2206@example.com,Goiânia,Técnico de segurança do trabalho,21,51201134482
Carolina Freitas Freitas,carolina.freitas.freitas.2207@example.com,Sorocaba,Professor,29,60841324154
Aline Martins Rocha,aline.martins.rocha.2208@example.com,Niterói,Coordenador de marketing,63,75548622953
Igor Ribeiro Mendes,igor.ribeiro.mendes.2209@example.com,Curitiba,Supervisor de qualidade,51,39065277345
Amanda Fernandes Rocha,amanda.fernandes.rocha.2210@example.com,Rondonópolis,Programador,37,91570433064
Nicolas Lima Dias,nicolas.lima.dias.2211@example.com,Belo Horizonte,Jornalista,20,91953036106
Patrícia Rodrigues Costa,patricia.rodrigues.costa.2212@example.com,Sorocaba,Chefe de almoxarifado,21,08191131810
João Costa Cardoso,joao.costa.cardoso.2213@example.com,Belém,Professor,41,53839051944
José Santos Gomes,jose.santos.gomes.2214@example.com,Florianópolis,Supervisor de qualidade,59,04814876453
Pedro Ribeiro Ribeiro,pedro.ribeiro.ribeiro.2215@example.com,Salvador,Supervisor de manutenção,61,94442231814
Diego Oliveira Barros,diego.oliveira.barros.2216@example.com,Sorocaba,Supervisor de qualidade,53,07258500995
Leonardo Oliveira Gomes,leonardo.oliveira.gomes.2217@example.com,Natal,Operador de caixa,34,73655085756
Aline Freitas Freitas,aline.freitas.freitas.2218@example.com,Sorocaba,Jornalista,57,51325376760
Renata Martins Gomes,renata.martins.gomes.2219@example.com,Fortaleza,Eletricista,57,84314369424
Letícia Moreira Martins,leticia.moreira.martins.2220@example.com,Sorocaba,Enfermeiro,56,12711804143
Luana Santos Castro,luana.santos.castro.2221@example.com,Sorocaba,Professor,59,44400946081
Vanessa Barros Fernandes,vanessa.barros.fernandes.2222@example.com,Fortaleza,Jornalista,70,32792631476
José Alves Pereira,jose.alves.pereira.2223@example.com,Fortaleza,Auxiliar de produção,24,80374454044
Pedro Monteiro Silva,pedro.monteiro.silva.2224@example.com,Campinas,Encarregado de produção,41,69052165998
João Costa Barbosa,joao.costa.barbosa.2225@example.com,Vitória,Comprador,29,86904958388
Gabriel Martins Teixeira,gabriel.martins.teixeira.2226@example.com,Vitória,Diretor comercial,65,46718036687
Daniela Rocha Mendes,daniela.rocha.mendes.2227@example.com,Cuiabá,Gerente de recursos humanos,27,40284350696
Pedro Monteiro Araújo,pedro.monteiro.araujo.2228@example.com,Natal,Gerente financeiro,31,67214366053
Aline Cardoso Fernandes,aline.cardoso.fernandes.2229@example.com,Dourados,Analista de recursos humanos,20,48516438075
Henrique Cardoso Rocha,henrique.cardoso.rocha.2230@example.com,Natal,Operador de caixa,45,09556651804
Otávio Santos Rocha,otavio.santos.rocha.2231@example.com,Maringá,Chefe de departamento pessoal,47,19868731577
Rafael Pereira Dias,rafael.pereira.dias.2232@example.com,Santos,Coordenador de logística,33,89235299291
Leonardo Martins Gomes,leonardo.martins.gomes.2233@example.com,Niterói,Designer gráfico,25,62051374408
Nicolas Alves Barros,nicolas.alves.barros.2234@example.com,Maringá,Comprador,56,96768259728
Patrícia Costa Freitas,patricia.costa.freitas.2235@example.com,Natal,Supervisor de vendas,70,03588339527
Priscila Lima Costa,priscila.lima.costa.2236@example.com,Santos,Vendedor,20,58760052669
José Alves Alves,jose.alves.alves.2237@example.com,Campinas,Engenheiro civil,61,17870616821
Diego Souza Martins,diego.souza.martins.2238@example.com,Porto Alegre,Programador,38,88682056007
Ricardo Dias Ribeiro,ricardo.dias.ribeiro.2239@example.com,Dourados,Gerente de tecnologia,31,27569402935
Juliana Dias Fernandes,juliana.dias.fernandes.2240@example.com,Campo Grande,Diretor comercial,50,87051034693
Ricardo Martins Nascimento,ricardo.martins.nascimento.2241@example.com,Florianópolis,Chefe de departamento pessoal,54,11389676773
Ricardo Ribeiro Santos,ricardo.ribeiro.santos.2242@example.com,Uberlândia,Gerente financeiro,42,35913768094
João Rocha Castro,joao.rocha.castro.2243@example.com,Belém,Analista de dados,32,25627085281
Mariana Barbosa Nascimento,mariana.barbosa.nascimento.2244@example.com,Maringá,Programador,36,06532703616
Gabriel Rocha Costa,gabriel.rocha.costa.2245@example.com,Goiânia,Fisioterapeuta,32,77192602975
Camila Gomes Dias,camila.gomes.dias.2246@example.com,Natal,Coordenador administrativo,37,45815085417
Gabriel Teixeira Silva,gabriel.teixeira.silva.2247@example.com,Londrina,Designer gráfico,35,81215560229
Otávio Dias Gomes,otavio.dias.gomes.2248@example.com,Curitiba,Motorista,51,22024590266
Rafael Gomes Ribeiro,rafael.gomes.ribeiro.2249@example.com,Curitiba,Atendente,63,43449714802
Priscila Teixeira Castro,priscila.teixeira.castro.2250@example.com,Niterói,Gerente de operações,69,80011958430
Gustavo Barros Oliveira,gustavo.barros.oliveira.2251@example.com,Uberlândia,Supervisor de qualidade,64,34357904145
Priscila Ribeiro Almeida,priscila.ribeiro.almeida.2252@example.com,Belém,Assistente administrativo,54,88132677192
João Barros Ribeiro,joao.barros.ribeiro.2253@example.com,Dourados,Advogado,58,85513449177
Nicolas Monteiro Barros,nicolas.monteiro.barros.2254@example.com,Sorocaba,Cozinheiro,41,68258624233
Renata Cardoso Gomes,renata.cardoso.gomes.2255@example.com,Manaus,Nutricionista,53,93017057830
Ricardo Nascimento Martins,ricardo.nascimento.martins.2256@example.com,São Paulo,Analista de marketing,44,53021046158
Gabriel Silva Santos,gabriel.silva.santos.2257@example.com,Florianópolis,Assistente comercial,56,44208548534
Simone Silva Carvalho,simone.silva.carvalho.2258@example.com,Manaus,Mecânico,65,03747292085
Ana Moreira Rocha,ana.moreira.rocha.2259@example.com,Salvador,Analista financeiro,24,55909143652
Carolina Alves Souza,carolina.alves.souza.2260@example.com,Campo Grande,Supervisor de vendas,22,23296520299
Leonardo Barros Barros,leonardo.barros.barros.2261@example.com,Belém,Técnico em informática,23,59538300918
Pedro Pereira Barros,pedro.pereira.barros.2262@example.com,Londrina,Farmacêutico,31,91945690032
Camila Almeida Alves,camila.almeida.alves.2263@example.com,Salvador,Gerente financeiro,29,00627494616
Patrícia Fernandes Rodrigues,patricia.fernandes.rodrigues.2264@example.com,Maringá,Contador,23,46117036363
Ricardo Costa Dias,ricardo.costa.dias.2265@example.com,Belo Horizonte,Contador,20,41602558237
Priscila Costa Araújo,priscila.costa.araujo.2266@example.com,São Paulo,Recepcionista,39,44758068848
Luana Costa Barros,luana.costa.barros.2267@example.com,Brasília,Engenheiro civil,58,35067253646
José Almeida Almeida,jose.almeida.almeida.2268@example.com,Campo Grande,Jornalista,26,62808644049
Diego Carvalho Fernandes,diego.carvalho.fernandes.2269@example.com,Rondonópolis,Diretor de operações,28,35028812637
Eduardo Araújo Alves,eduardo.araujo.alves.2270@example.com,Curitiba,Corretor de imóveis,33,13248215029
Débora Martins Martins,debora.martins.martins.2271@example.com,Joinville,Supervisor de qualidade,58,36712393587
Gustavo Teixeira Nascimento,gustavo.teixeira.nascimento.2272@example.com,Manaus,Mecânico,52,27284977730
Tatiane Carvalho Costa,tatiane.carvalho.costa.2273@example.com,Rondonópolis,Gerente comercial,23,92480282037
Rafael Moreira Rocha,rafael.moreira.rocha.2274@example.com,Recife,Vendedor,34,76283556662
Sérgio Araújo Teixeira,sergio.araujo.teixeira.2275@example.com,Porto Alegre,Engenheiro civil,31,97390764717
Igor Santos Barros,igor.santos.barros.2276@example.com,Belo Horizonte,Gerente financeiro,24,32049123200
Nicolas Barbosa Barros,nicolas.barbosa.barros.2277@example.com,Rio de Janeiro,Mecânico,56,08102279782
Camila Freitas Pereira,camila.freitas.pereira.2278@example.com,Cuiabá,Assistente administrativo,26,01832976688
Vitória Cardoso Martins,vitoria.cardoso.martins.2279@example.com,Natal,Eletricista,32,26094811952
Henrique Lima Castro,henrique.lima.castro.2280@example.com,Niterói,Operador de caixa,37,13512220909
Tatiane Mendes Mendes,tatiane.mendes.mendes.2281@example.com,Caxias do Sul,Supervisor de manutenção,52,66321605623
Carlos Silva Silva,carlos.silva.silva.2282@example.com,Fortaleza,Assistente comercial,42,05744201682
Simone Alves Carvalho,simone.alves.carvalho.2283@example.com,Vitória,Técnico em informática,24,76712534621
Pedro Rocha Dias,pedro.rocha.dias.2284@example.com,Cuiabá,Auxiliar de produção,56,65092176605
José Moreira Castro,jose.moreira.castro.2285@example.com,Campo Grande,Coordenador administrativo,36,70320021229
Nicolas Rodrigues Nascimento,nicolas.rodrigues.nascimento.2286@example.com,Cuiabá,Cozinheiro,61,11998660305
Igor Costa Carvalho,igor.costa.carvalho.2287@example.com,Sorocaba,Auxiliar de produção,51,11603467428
Fernanda Dias Almeida,fernanda.dias.almeida.2288@example.com,Manaus,Motorista,48,28253967752
Renata Barros Nascimento,renata.barros.nascimento.2289@example.com,Curitiba,Diretor de operações,25,46369136967
Otávio Mendes Lima,otavio.mendes.lima.2290@example.com,Fortaleza,Gerente de recursos humanos,63,03898928868
João Costa Oliveira,joao.costa.oliveira.2291@example.com,Belo Horizonte,Líder de equipe,33,36905556722
Letícia Santos Rocha,leticia.santos.rocha.2292@example.com,Niterói,Gerente de operações,42,99847317562
Nicolas Silva Oliveira,nicolas.silva.oliveira.2293@example.com,Curitiba,Gerente financeiro,40,83655711695
Simone Souza Barbosa,simone.souza.barbosa.2294@example.com,Caxias do Sul,Chefe de compras,29,64706781622
Fernanda Cardoso Nascimento,fernanda.cardoso.nascimento.2295@example.com,Brasília,Gerente comercial,37,40153370654
Carolina Rocha Santos,carolina.rocha.santos.2296@example.com,São Paulo,Coordenador de logística,35,20570257190
Débora Pereira Pereira,debora.pereira.pereira.2297@example.com,Florianópolis,Coordenador de marketing,40,68836380149
Larissa Mendes Oliveira,larissa.mendes.oliveira.2298@example.com,Dourados,Cozinheiro,66,59194324302
Amanda Rodrigues Moreira,amanda.rodrigues.moreira.2299@example.com,Campo Grande,Recepcionista,50,92598378289
Henrique Cardoso Nascimento,henrique.cardoso.nascimento.2300@example.com,Maringá,Professor,58,64006697596
Felipe Costa Teixeira,felipe.costa.teixeira.2301@example.com,Belo Horizonte,Supervisor de qualidade,37,20773339157
Sandra Freitas Almeida,sandra.freitas.almeida.2302@example.com,Niterói,Estoquista,41,99310521606
Rafael Nascimento Lima,rafael.nascimento.lima.2303@example.com,Salvador,Supervisor de manutenção,66,00532882182
Daniela Moreira Barros,daniela.moreira.barros.2304@example.com,Porto Alegre,Gerente de tecnologia,28,43856797051
Ricardo Araújo Rocha,ricardo.araujo.rocha.2305@example.com,Curitiba,Coordenador de logística,66,60530370215
Eduardo Santos Cardoso,eduardo.santos.cardoso.2306@example.com,Fortaleza,Coordenador de marketing,41,75646485406
Carolina Rocha Carvalho,carolina.rocha.carvalho.2307@example.com,Campinas,Arquiteto,49,88389489335
Igor Pereira Fernandes,igor.pereira.fernandes.2308@example.com,Recife,Arquiteto,33,91735425044
Diego Almeida Pereira,diego.almeida.pereira.2309@example.com,Belo Horizonte,Supervisor de manutenção,31,54301346646
Vitória Fernandes Araújo,vitoria.fernandes.araujo.2310@example.com,Sorocaba,Auxiliar de produção,35,84931945773
Beatriz Nascimento Freitas,beatriz.nascimento.freitas.2311@example.com,Cuiabá,Supervisor de qualidade,58,15490235504
Otávio Teixeira Alves,otavio.teixeira.alves.2312@example.com,Belém,Atendente,43,36299366581
Ricardo Fernandes Carvalho,ricardo.fernandes.carvalho.2313@example.com,Uberlândia,Assistente comercial,63,83284847396
Henrique Monteiro Costa,henrique.monteiro.costa.2314@example.com,Niterói,Motorista,44,87238777837
Tatiane Lima Pereira,tatiane.lima.pereira.2315@example.com,Santos,Pedreiro,68,31935728516
Pedro Dias Souza,pedro.dias.souza.2316@example.com,Caxias do Sul,Encarregado de produção,38,64619207488
Henrique Carvalho Gomes,henrique.carvalho.gomes.2317@example.com,Belém,Arquiteto,68,70901426251
Gabriela Pereira Gomes,gabriela.pereira.gomes.2318@example.com,Curitiba,Gerente de tecnologia,39,56276190835
Débora Freitas Nascimento,debora.freitas.nascimento.2319@example.com,Cuiabá,Diretor de operações,53,37116721256
Vanessa Barbosa Rodrigues,vanessa.barbosa.rodrigues.2320@example.com,Natal,Gerente de operações,49,07682281811
Débora Barros Oliveira,debora.barros.oliveira.2321@example.com,Porto Alegre,Cozinheiro,31,52455837503
Juliana Mendes Alves,juliana.mendes.alves.2322@example.com,Rio de Janeiro,Coordenador de marketing,50,98896365206
Gabriela Monteiro Ribeiro,gabriela.monteiro.ribeiro.2323@example.com,Sorocaba,Supervisor de vendas,39,17984690670
Marcelo Santos Rodrigues,marcelo.santos.rodrigues.2324@example.com,Curitiba,Designer gráfico,64,26432406690
Fernanda Rodrigues Barros,fernanda.rodrigues.barros.2325@example.com,Florianópolis,Chefe de compras,58,94168821107
Rafael Barbosa Freitas,rafael.barbosa.freitas.2326@example.com,Niterói,Chefe de almoxarifado,22,37279560250
Gustavo Martins Oliveira,gustavo.martins.oliveira.2327@example.com,Sorocaba,Advogado,20,57574864321
Gabriel Mendes Mendes,gabriel.mendes.mendes.2328@example.com,Porto Alegre,Contador,45,26942799914
Luana Moreira Rocha,luana.moreira.rocha.2329@example.com,Campo Grande,Engenheiro civil,41,20300183482
Pedro Martins Santos,pedro.martins.santos.2330@example.com,Sorocaba,Estoquista,21,65351114902
Diego Castro Rodrigues,diego.castro.rodrigues.2331@example.com,Cuiabá,Arquiteto,49,57305465763
Gabriel Barbosa Souza,gabriel.barbosa.souza.2332@example.com,Belém,Diretor comercial,62,58888900542
Daniela Alves Dias,daniela.alves.dias.2333@example.com,Caxias do Sul,Diretor de operações,45,13918838597
Bruno Almeida Almeida,bruno.almeida.almeida.2334@example.com,Dourados,Gerente financeiro,28,85287135244
João Alves Moreira,joao.alves.moreira.2335@example.com,Niterói,Operador de caixa,58,51101943704
Felipe Cardoso Almeida,felipe.cardoso.almeida.2336@example.com,Vitória,Operador de caixa,47,90011156531
João Cardoso Barros,joao.cardoso.barros.2337@example.com,Curitiba,Líder de equipe,34,55815416697
Larissa Santos Oliveira,larissa.santos.oliveira.2338@example.com,Uberlândia,Advogado,28,77635507285
Mariana Santos Rodrigues,mariana.santos.rodrigues.2339@example.com,Manaus,Analista financeiro,30,48221917947
Bruno Alves Monteiro,bruno.alves.monteiro.2340@example.com,Florianópolis,Coordenador administrativo,32,38232640571
Igor Lima Nascimento,igor.lima.nascimento.2341@example.com,Florianópolis,Operador de caixa,58,95494997240
Vinícius Mendes Mendes,vinicius.mendes.mendes.2342@example.com,São Paulo,Técnico de segurança do trabalho,46,92477221526
Sandra Freitas Fernandes,sandra.freitas.fernandes.2343@example.com,Brasília,Contador,23,61260414879
Amanda Oliveira Gomes,amanda.oliveira.gomes.2344@example.com,Salvador,Coordenador administrativo,33,34228321362
Rafael Moreira Monteiro,rafael.moreira.monteiro.2345@example.com,Curitiba,Técnico em informática,49,38111531917
Renata Silva Alves,renata.silva.alves.2346@example.com,Caxias do Sul,Assistente comercial,63,43979537641
Vitória Lima Pereira,vitoria.lima.pereira.2347@example.com,Porto Alegre,Comprador,66,34331336547
Ana Freitas Pereira,ana.freitas.pereira.2348@example.com,Caxias do Sul,Engenheiro civil,26,00589825237
Beatriz Carvalho Rocha,beatriz.carvalho.rocha.2349@example.com,Maringá,Analista de recursos humanos,21,13507912619
Diego Gomes Rocha,diego.gomes.rocha.2350@example.com,Campinas,Analista de recursos humanos,58,16742271660
Leonardo Freitas Cardoso,leonardo.freitas.cardoso.2351@example.com,Florianópolis,Supervisor de qualidade,21,07796218692
Luana Fernandes Costa,luana.fernandes.costa.2352@example.com,Sorocaba,Gerente de tecnologia,54,44358784267
Gustavo Cardoso Ribeiro,gustavo.cardoso.ribeiro.2353@example.com,Niterói,Gerente financeiro,52,08172612458
Gustavo Monteiro Carvalho,gustavo.monteiro.carvalho.2354@example.com,Goiânia,Auxiliar de produção,48,55107546580
Paulo Costa Martins,paulo.costa.martins.2355@example.com,Fortaleza,Designer gráfico,66,07981042003
Juliana Ribeiro Gomes,juliana.ribeiro.gomes.2356@example.com,Florianópolis,Chefe de departamento pessoal,45,99717293811
Vanessa Teixeira Gomes,vanessa.teixeira.gomes.2357@example.com,Rondonópolis,Mecânico,62,73682610222
Priscila Ribeiro Cardoso,priscila.ribeiro.cardoso.2358@example.com,Florianópolis,Coordenador administrativo,54,92445993004
Nicolas Lima Rocha,nicolas.lima.rocha.2359@example.com,Manaus,Diretor comercial,63,54759138754
Carolina Araújo Rodrigues,carolina.araujo.rodrigues.2360@example.com,Porto Alegre,Nutricionista,22,23710146716
Vitória Carvalho Souza,vitoria.carvalho.souza.2361@example.com,Belém,Coordenador de logística,63,79990505771
Priscila Santos Gomes,priscila.santos.gomes.2362@example.com,Curitiba,Gerente de recursos humanos,47,70047135795
Ana Almeida Santos,ana.almeida.santos.2363@example.com,Rio de Janeiro,Arquiteto,40,55998279056
Renata Moreira Rodrigues,renata.moreira.rodrigues.2364@example.com,Dourados,Atendente,68,98411130375
Diego Silva Rocha,diego.silva.rocha.2365@example.com,Fortaleza,Jornalista,63,67897644639
Larissa Cardoso Moreira,larissa.cardoso.moreira.2366@example.com,Rio de Janeiro,Gerente comercial,69,83785351065
Rafael Castro Mendes,rafael.castro.mendes.2367@example.com,Caxias do Sul,Operador de caixa,24,32879745748
Ana Costa Barbosa,ana.costa.barbosa.2368@example.com,Natal,Técnico de enfermagem,58,33278306754
Otávio Rodrigues Araújo,otavio.rodrigues.araujo.2369@example.com,Rondonópolis,Analista de recursos humanos,18,82971163311
Gabriela Rodrigues Silva,gabriela.rodrigues.silva.2370@example.com,Curitiba,Coordenador administrativo,44,99458833497
Rafael Monteiro Cardoso,rafael.monteiro.cardoso.2371@example.com,Maringá,Programador,23,61805661494
Pedro Rodrigues Martins,pedro.rodrigues.martins.2372@example.com,Sorocaba,Arquiteto,47,24059943595
Vinícius Costa Costa,vinicius.costa.costa.2373@example.com,Porto Alegre,Assistente administrativo,37,90255933879
Mariana Moreira Mendes,mariana.moreira.mendes.2374@example.com,Belém,Engenheiro civil,32,83268077131
Tatiane Castro Ribeiro,tatiane.castro.ribeiro.2375@example.com,Goiânia,Supervisor de vendas,36,47978251665
Vitória Castro Barros,vitoria.castro.barros.2376@example.com,Belo Horizonte,Chefe de compras,66,76622501559
Letícia Carvalho Martins,leticia.carvalho.martins.2377@example.com,Curitiba,Supervisor de qualidade,48,17184448846
Rafael Castro Alves,rafael.castro.alves.2378@example.com,São Paulo,Gerente de operações,19,02332884198
Aline Moreira Castro,aline.moreira.castro.2379@example.com,Rio de Janeiro,Corretor de imóveis,30,97757088059
Débora Silva Freitas,debora.silva.freitas.2380@example.com,Vitória,Supervisor de atendimento,27,24145573343
Carolina Monteiro Moreira,carolina.monteiro.moreira.2381@example.com,Salvador,Técnico de enfermagem,65,79900678389
Carolina Rocha Dias,carolina.rocha.dias.2382@example.com,Vitória,Gerente de operações,56,37652313937
Lucas Nascimento Santos,lucas.nascimento.santos.2383@example.com,Joinville,Arquiteto,48,57788944490
Larissa Oliveira Mendes,larissa.oliveira.mendes.2384@example.com,Curitiba,Mecânico,54,88782861962
Simone Souza Gomes,simone.souza.gomes.2385@example.com,Joinville,Recepcionista,65,85516187280
Pedro Oliveira Rocha,pedro.oliveira.rocha.2386@example.com,Manaus,Pedreiro,24,45684197330
Letícia Freitas Nascimento,leticia.freitas.nascimento.2387@example.com,Cuiabá,Eletricista,44,58192930621
Bruno Gomes Lima,bruno.gomes.lima.2388@example.com,Belo Horizonte,Arquiteto,33,42015576268
João Moreira Cardoso,joao.moreira.cardoso.2389@example.com,Campo Grande,Assistente administrativo,66,19792659521
Paulo Fernandes Gomes,paulo.fernandes.gomes.2390@example.com,São Paulo,Jornalista,23,74949937419
Diego Araújo Ribeiro,diego.araujo.ribeiro.2391@example.com,Florianópolis,Analista de dados,49,62604984229
Diego Fernandes Barros,diego.fernandes.barros.2392@example.com,Dourados,Arquiteto,35,64486767887
Luana Nascimento Mendes,luana.nascimento.mendes.2393@example.com,Vitória,Professor,18,91230894218
Leonardo Lima Rocha,leonardo.lima.rocha.2394@example.com,Rondonópolis,Chefe de almoxarifado,53,88623189255
Débora Souza Pereira,debora.souza.pereira.2395@example.com,São Paulo,Arquiteto,70,73938453179
Aline Rodrigues Costa,aline.rodrigues.costa.2396@example.com,Campinas,Enfermeiro,70,09041223876
Luana Almeida Carvalho,luana.almeida.carvalho.2397@example.com,Brasília,Gerente de operações,25,61143548328
Henrique Oliveira Santos,henrique.oliveira.santos.2398@example.com,Londrina,Analista de dados,58,24673986964
Beatriz Moreira Nascimento,beatriz.moreira.nascimento.2399@example.com,Joinville,Assistente comercial,43,24754866212
Sérgio Mendes Lima,sergio.mendes.lima.2400@example.com,Belém,Supervisor de vendas,36,06239525244
Ricardo Almeida Nascimento,ricardo.almeida.nascimento.2401@example.com,Maringá,Cozinheiro,70,35411665826
Leonardo Pereira Barbosa,leonardo.pereira.barbosa.2402@example.com,Natal,Comprador,25,36847852002
Nicolas Mendes Lima,nicolas.mendes.lima.2403@example.com,Maringá,Engenheiro civil,34,30144647562
Felipe Rodrigues Freitas,felipe.rodrigues.freitas.2404@example.com,Uberlândia,Coordenador de logística,46,05652031302
Amanda Dias Martins,amanda.dias.martins.2405@example.com,Sorocaba,Supervisor de vendas,25,87950412979
Amanda Pereira Nascimento,amanda.pereira.nascimento.2406@example.com,Rio de Janeiro,Mecânico,25,58958643851
Lucas Gomes Lima,lucas.gomes.lima.2407@example.com,Manaus,Supervisor de vendas,64,44933831854
Felipe Rocha Nascimento,felipe.rocha.nascimento.2408@example.com,Maringá,Assistente comercial,39,53637931666
Pedro Santos Gomes,pedro.santos.gomes.2409@example.com,Curitiba,Assistente administrativo,31,04372433526
Carolina Lima Gomes,carolina.lima.gomes.2410@example.com,Recife,Operador de caixa,24,89120548373
João Gomes Costa,joao.gomes.costa.2411@example.com,Cuiabá,Líder de equipe,34,97094541090
Ricardo Carvalho Martins,ricardo.carvalho.martins.2412@example.com,Dourados,Coordenador de marketing,30,48480225677
Nicolas Ribeiro Cardoso,nicolas.ribeiro.cardoso.2413@example.com,Curitiba,Fisioterapeuta,41,77690983814
Débora Oliveira Gomes,debora.oliveira.gomes.2414@example.com,Uberlândia,Professor,53,33453682949
Pedro Rocha Barbosa,pedro.rocha.barbosa.2415@example.com,Campinas,Líder de equipe,44,28741801187
Gustavo Barros Rocha,gustavo.barros.rocha.2416@example.com,Joinville,Supervisor de vendas,69,21991806553
Renata Oliveira Oliveira,renata.oliveira.oliveira.2417@example.com,Cuiabá,Recepcionista,45,61576072939
Gabriel Carvalho Souza,gabriel.carvalho.souza.2418@example.com,Sorocaba,Assistente comercial,26,21333271710
Sandra Rodrigues Nascimento,sandra.rodrigues.nascimento.2419@example.com,Fortaleza,Mecânico,66,58064021036
Otávio Costa Rodrigues,otavio.costa.rodrigues.2420@example.com,Natal,Líder de equipe,34,67190059089
Priscila Santos Teixeira,priscila.santos.teixeira.2421@example.com,Cuiabá,Diretor comercial,30,30221734079
Mariana Almeida Gomes,mariana.almeida.gomes.2422@example.com,Porto Alegre,Pedreiro,57,91783888441
Gabriela Castro Nascimento,gabriela.castro.nascimento.2423@example.com,Sorocaba,Diretor comercial,58,02115711965
Henrique Araújo Silva,henrique.araujo.silva.2424@example.com,Joinville,Auxiliar de produção,60,88673068144
Thiago Barbosa Nascimento,thiago.barbosa.nascimento.2425@example.com,Sorocaba,Atendente,33,30620433666
Fernanda Lima Teixeira,fernanda.lima.teixeira.2426@example.com,Londrina,Coordenador de produção,51,25348373785
Daniela Rodrigues Almeida,daniela.rodrigues.almeida.2427@example.com,Rondonópolis,Assistente comercial,24,55580937700
Amanda Cardoso Moreira,amanda.cardoso.moreira.2428@example.com,Natal,Eletricista,67,46884967337
Henrique Fernandes Freitas,henrique.fernandes.freitas.2429@example.com,Rondonópolis,Pedreiro,38,72032472427
Sérgio Barbosa Costa,sergio.barbosa.costa.2430@example.com,Belo Horizonte,Designer gráfico,61,13695402192
Igor Lima Ribeiro,igor.lima.ribeiro.2431@example.com,Rondonópolis,Fisioterapeuta,29,59337873033
Camila Moreira Freitas,camila.moreira.freitas.2432@example.com,Cuiabá,Coordenador de produção,32,98112690556
Priscila Oliveira Ribeiro,priscila.oliveira.ribeiro.2433@example.com,Vitória,Gerente financeiro,35,80038185882
José Mendes Araújo,jose.mendes.araujo.2434@example.com,Joinville,Gerente de tecnologia,31,41181690788
Amanda Carvalho Oliveira,amanda.carvalho.oliveira.2435@example.com,Fortaleza,Vendedor,33,36080039870
Carolina Nascimento Freitas,carolina.nascimento.freitas.2436@example.com,Sorocaba,Diretor de operações,35,40940009629
Débora Fernandes Dias,debora.fernandes.dias.2437@example.com,Rio de Janeiro,Coordenador administrativo,65,68046117838
Igor Barbosa Mendes,igor.barbosa.mendes.2438@example.com,Rio de Janeiro,Encarregado de produção,61,87234079678
Patrícia Mendes Almeida,patricia.mendes.almeida.2439@example.com,Natal,Jornalista,67,72887126312
Priscila Castro Souza,priscila.castro.souza.2440@example.com,Brasília,Contador,64,80025054523
Bruno Dias Nascimento,bruno.dias.nascimento.2441@example.com,Dourados,Supervisor de manutenção,58,18063398721
Simone Dias Barros,simone.dias.barros.2442@example.com,Rio de Janeiro,Líder de equipe,55,76165290271
Daniela Alves Dias,daniela.alves.dias.2443@example.com,Vitória,Diretor de operações,28,70190956562
Tatiane Monteiro Fernandes,tatiane.monteiro.fernandes.2444@example.com,Uberlândia,Analista financeiro,39,82497134077
Nicolas Barbosa Lima,nicolas.barbosa.lima.2445@example.com,Belém,Advogado,42,05242468144
Letícia Martins Costa,leticia.martins.costa.2446@example.com,Belo Horizonte,Coordenador de marketing,38,63943688801
Larissa Rodrigues Freitas,larissa.rodrigues.freitas.2447@example.com,Niterói,Fisioterapeuta,31,09323212920
Juliana Alves Barbosa,juliana.alves.barbosa.2448@example.com,Natal,Motorista,45,95259405262
Tatiane Oliveira Teixeira,tatiane.oliveira.teixeira.2449@example.com,Curitiba,Coordenador de marketing,64,04593350819
Ana Martins Fernandes,ana.martins.fernandes.2450@example.com,Campinas,Padeiro,25,44622337441
Vinícius Fernandes Moreira,vinicius.fernandes.moreira.2451@example.com,Belo Horizonte,Fisioterapeuta,66,77040320313
Vinícius Santos Teixeira,vinicius.santos.teixeira.2452@example.com,Florianópolis,Supervisor de manutenção,48,37142287521
Fernanda Dias Fernandes,fernanda.dias.fernandes.2453@example.com,Goiânia,Engenheiro civil,46,60846952509
Fernanda Cardoso Monteiro,fernanda.cardoso.monteiro.2454@example.com,Dourados,Técnico em informática,63,74048922638
Pedro Nascimento Barbosa,pedro.nascimento.barbosa.2455@example.com,Dourados,Operador de caixa,29,37777953858
Paulo Barbosa Santos,paulo.barbosa.santos.2456@example.com,Belém,Motorista,22,16341183487
Leonardo Oliveira Costa,leonardo.oliveira.costa.2457@example.com,Maringá,Líder de equipe,64,35086050357
Vinícius Barbosa Ribeiro,vinicius.barbosa.ribeiro.2458@example.com,Joinville,Padeiro,48,55694917613
Amanda Gomes Almeida,amanda.gomes.almeida.2459@example.com,Natal,Diretor comercial,61,70290083779
Thiago Oliveira Freitas,thiago.oliveira.freitas.2460@example.com,Goiânia,Analista de marketing,70,27806970758
Eduardo Teixeira Monteiro,eduardo.teixeira.monteiro.2461@example.com,Recife,Jornalista,44,20904450101
Ricardo Barros Nascimento,ricardo.barros.nascimento.2462@example.com,Manaus,Coordenador de logística,68,58393375281
Eduardo Fernandes Pereira,eduardo.fernandes.pereira.2463@example.com,Manaus,Supervisor de vendas,46,17169678002
Marcelo Nascimento Moreira,marcelo.nascimento.moreira.2464@example.com,Belo Horizonte,Gerente financeiro,56,42687850737
Beatriz Cardoso Moreira,beatriz.cardoso.moreira.2465@example.com,Curitiba,Professor,26,47443819764
Débora Rodrigues Rocha,debora.rodrigues.rocha.2466@example.com,Niterói,Analista de dados,61,32308188751
Camila Rodrigues Fernandes,camila.rodrigues.fernandes.2467@example.com,Salvador,Líder de equipe,55,42294075733
Paulo Costa Souza,paulo.costa.souza.2468@example.com,Campo Grande,Diretor comercial,51,64094478708
Tatiane Rocha Teixeira,tatiane.rocha.teixeira.2469@example.com,Sorocaba,Enfermeiro,20,04661227755
Nicolas Moreira Martins,nicolas.moreira.martins.2470@example.com,Recife,Padeiro,46,96708482298
Ana Souza Santos,ana.souza.santos.2471@example.com,Florianópolis,Analista de marketing,58,51621752432
Gabriela Rodrigues Rodrigues,gabriela.rodrigues.rodrigues.2472@example.com,Vitória,Líder de equipe,39,83975234702
Henrique Araújo Nascimento,henrique.araujo.nascimento.2473@example.com,São Paulo,Assistente comercial,57,69787842274
Sandra Alves Lima,sandra.alves.lima.2474@example.com,Porto Alegre,Enfermeiro,57,78047599174
Fernanda Ribeiro Alves,fernanda.ribeiro.alves.2475@example.com,Rio de Janeiro,Professor,38,13916140302
Nicolas Costa Almeida,nicolas.costa.almeida.2476@example.com,Joinville,Diretor de operações,56,29481435821
Vanessa Barbosa Freitas,vanessa.barbosa.freitas.2477@example.com,Fortaleza,Diretor de operações,53,43231800978
Eduardo Mendes Costa,eduardo.mendes.costa.2478@example.com,Recife,Recepcionista,62,77645919321
Vinícius Alves Castro,vinicius.alves.castro.2479@example.com,Recife,Coordenador de produção,43,63936903321
Vitória Rocha Moreira,vitoria.rocha.moreira.2480@example.com,Belém,Fisioterapeuta,37,53459364221
Igor Freitas Moreira,igor.freitas.moreira.2481@example.com,Rio de Janeiro,Motorista,26,42982928022
Thiago Costa Almeida,thiago.costa.almeida.2482@example.com,Cuiabá,Assistente administrativo,55,28012298648
Larissa Gomes Lima,larissa.gomes.lima.2483@example.com,Goiânia,Motorista,28,95980994001
Marcelo Oliveira Rodrigues,marcelo.oliveira.rodrigues.2484@example.com,Belo Horizonte,Diretor comercial,44,90529340023
Gustavo Souza Santos,gustavo.souza.santos.2485@example.com,Curitiba,Gerente de operações,28,70459005176
Aline Fernandes Araújo,aline.fernandes.araujo.2486@example.com,Fortaleza,Cozinheiro,45,12762742826
Eduardo Carvalho Dias,eduardo.carvalho.dias.2487@example.com,Belo Horizonte,Diretor de operações,63,25090525040
Igor Santos Almeida,igor.santos.almeida.2488@example.com,Fortaleza,Gerente financeiro,58,18834693408
Nicolas Dias Pereira,nicolas.dias.pereira.2489@example.com,Rondonópolis,Enfermeiro,42,27445088113
João Rocha Barbosa,joao.rocha.barbosa.2490@example.com,Florianópolis,Supervisor de qualidade,61,90539609100
Beatriz Mendes Fernandes,beatriz.mendes.fernandes.2491@example.com,Florianópolis,Técnico de segurança do trabalho,59,68135774841
Débora Alves Barros,debora.alves.barros.2492@example.com,Maringá,Chefe de almoxarifado,66,57399434676
Ana Souza Costa,ana.souza.costa.2493@example.com,Curitiba,Chefe de departamento pessoal,65,02033344160
Rafael Fernandes Santos,rafael.fernandes.santos.2494@example.com,Natal,Estoquista,61,23827056412
Igor Freitas Dias,igor.freitas.dias.2495@example.com,Joinville,Supervisor de manutenção,67,88457710015
Larissa Freitas Barbosa,larissa.freitas.barbosa.2496@example.com,Niterói,Gerente comercial,65,65867317994
Luana Oliveira Moreira,luana.oliveira.moreira.2497@example.com,São Paulo,Professor,30,77275362502
Bruno Rodrigues Nascimento,bruno.rodrigues.nascimento.2498@example.com,São Paulo,Operador de caixa,43,50157293135
Pedro Oliveira Pereira,pedro.oliveira.pereira.2499@example.com,Fortaleza,Chefe de almoxarifado,66,35674010734
João Dias Martins,joao.dias.martins.2500@example.com,Porto Alegre,Coordenador administrativo,70,71054464312
Paulo Teixeira Souza,paulo.teixeira.souza.2501@example.com,Recife,Programador,48,75505460428
Renata Lima Rodrigues,renata.lima.rodrigues.2502@example.com,Curitiba,Gerente comercial,69,49044389821
Vinícius Carvalho Fernandes,vinicius.carvalho.fernandes.2503@example.com,Maringá,Analista de marketing,58,15241627422
João Silva Cardoso,joao.silva.cardoso.2504@example.com,São Paulo,Vendedor,21,64276758645
João Lima Dias,joao.lima.dias.2505@example.com,Dourados,Chefe de compras,27,24831816307
Gabriel Costa Barros,gabriel.costa.barros.2506@example.com,Fortaleza,Chefe de almoxarifado,65,85041960719
Nicolas Oliveira Mendes,nicolas.oliveira.mendes.2507@example.com,Londrina,Advogado,42,40583921395
Carolina Silva Gomes,carolina.silva.gomes.2508@example.com,Rio de Janeiro,Jornalista,25,82619123618
Gabriela Mendes Silva,gabriela.mendes.silva.2509@example.com,Maringá,Gerente de tecnologia,50,40508876226
Ana Gomes Silva,ana.gomes.silva.2510@example.com,Campo Grande,Enfermeiro,46,30252268498
Ricardo Costa Monteiro,ricardo.costa.monteiro.2511@example.com,Rio de Janeiro,Técnico em informática,68,38251471371
Gabriel Carvalho Silva,gabriel.carvalho.silva.2512@example.com,Curitiba,Gerente de recursos humanos,36,52537156227
Sandra Fernandes Mendes,sandra.fernandes.mendes.2513@example.com,Rio de Janeiro,Fisioterapeuta,52,13248219501
Mariana Barros Moreira,mariana.barros.moreira.2514@example.com,Joinville,Designer gráfico,43,35736999069
Ana Alves Monteiro,ana.alves.monteiro.2515@example.com,Recife,Pedreiro,70,50611641229
Tatiane Martins Cardoso,tatiane.martins.cardoso.2516@example.com,Rio de Janeiro,Chefe de almoxarifado,60,06430767109
Pedro Mendes Martins,pedro.mendes.martins.2517@example.com,Londrina,Arquiteto,49,58265997922
Nicolas Gomes Monteiro,nicolas.gomes.monteiro.2518@example.com,Belém,Coordenador de marketing,40,70953640004
Luana Cardoso Fernandes,luana.cardoso.fernandes.2519@example.com,Vitória,Chefe de compras,62,06213073680
Eduardo Santos Rodrigues,eduardo.santos.rodrigues.2520@example.com,Caxias do Sul,Atendente,46,97806854069
Letícia Moreira Teixeira,leticia.moreira.teixeira.2521@example.com,Joinville,Analista de recursos humanos,44,65401126131
Carolina Almeida Rodrigues,carolina.almeida.rodrigues.2522@example.com,Goiânia,Supervisor de manutenção,48,51463829781
Marcelo Santos Pereira,marcelo.santos.pereira.2523@example.com,Salvador,Professor,70,39283361806
Gustavo Almeida Cardoso,gustavo.almeida.cardoso.2524@example.com,Brasília,Técnico de enfermagem,32,84376592193
Sandra Rodrigues Castro,sandra.rodrigues.castro.2525@example.com,Uberlândia,Analista de marketing,53,03532854426
Ricardo Gomes Teixeira,ricardo.gomes.teixeira.2526@example.com,Natal,Jornalista,59,99797920870
Bruno Mendes Araújo,bruno.mendes.araujo.2527@example.com,Salvador,Fisioterapeuta,21,62214244649
Carolina Teixeira Souza,carolina.teixeira.souza.2528@example.com,Belém,Motorista,58,90296288571
Leonardo Costa Mendes,leonardo.costa.mendes.2529@example.com,Manaus,Coordenador de marketing,61,00223843233
Vitória Freitas Silva,vitoria.freitas.silva.2530@example.com,Manaus,Assistente administrativo,59,26229216732
Paulo Rodrigues Teixeira,paulo.rodrigues.teixeira.2531@example.com,Porto Alegre,Vendedor,29,51321905720
Thiago Costa Alves,thiago.costa.alves.2532@example.com,Campinas,Engenheiro civil,23,68604921644
Vitória Araújo Dias,vitoria.araujo.dias.2533@example.com,Londrina,Nutricionista,61,95339833374
Gustavo Costa Ribeiro,gustavo.costa.ribeiro.2534@example.com,Goiânia,Diretor de operações,25,17454359340
Aline Gomes Teixeira,aline.gomes.teixeira.2535@example.com,Londrina,Supervisor de atendimento,44,75603152659
Priscila Dias Freitas,priscila.dias.freitas.2536@example.com,Joinville,Recepcionista,36,66476371141
Sandra Cardoso Teixeira,sandra.cardoso.teixeira.2537@example.com,Belo Horizonte,Supervisor de manutenção,34,21652525437
Paulo Lima Mendes,paulo.lima.mendes.2538@example.com,Recife,Atendente,34,99710246862
Henrique Alves Souza,henrique.alves.souza.2539@example.com,São Paulo,Coordenador administrativo,59,50546502001
Sandra Ribeiro Souza,sandra.ribeiro.souza.2540@example.com,Campo Grande,Farmacêutico,50,72457181589
Otávio Oliveira Barbosa,otavio.oliveira.barbosa.2541@example.com,Brasília,Supervisor de atendimento,32,04232155050
Mariana Freitas Cardoso,mariana.freitas.cardoso.2542@example.com,Santos,Cozinheiro,28,48228254862
Aline Silva Rodrigues,aline.silva.rodrigues.2543@example.com,Vitória,Motorista,57,97894995627
Vinícius Freitas Gomes,vinicius.freitas.gomes.2544@example.com,Vitória,Chefe de compras,58,03731955292
Beatriz Costa Monteiro,beatriz.costa.monteiro.2545@example.com,Caxias do Sul,Recepcionista,27,07419816462
Vitória Lima Teixeira,vitoria.lima.teixeira.2546@example.com,Dourados,Jornalista,38,62945256969
Renata Moreira Nascimento,renata.moreira.nascimento.2547@example.com,Joinville,Supervisor de manutenção,60,36377715305
Patrícia Freitas Almeida,patricia.freitas.almeida.2548@example.com,Fortaleza,Chefe de almoxarifado,39,31478408445
Ana Teixeira Santos,ana.teixeira.santos.2549@example.com,Brasília,Chefe de almoxarifado,25,31256919342
Renata Santos Almeida,renata.santos.almeida.2550@example.com,Cuiabá,Supervisor de vendas,19,43961549791
Tatiane Pereira Mendes,tatiane.pereira.mendes.2551@example.com,Vitória,Cozinheiro,59,52005244116
Simone Santos Freitas,simone.santos.freitas.2552@example.com,Fortaleza,Nutricionista,42,92644426086
Ricardo Almeida Costa,ricardo.almeida.costa.2553@example.com,Santos,Cozinheiro,43,73280113167
Vanessa Lima Ribeiro,vanessa.lima.ribeiro.2554@example.com,Campinas,Programador,48,65909828462
João Freitas Monteiro,joao.freitas.monteiro.2555@example.com,Recife,Assistente administrativo,31,59841783166
Nicolas Martins Barbosa,nicolas.martins.barbosa.2556@example.com,Belém,Arquiteto,32,55386041474
Débora Monteiro Barros,debora.monteiro.barros.2557@example.com,Maringá,Programador,45,82635293177
Igor Moreira Silva,igor.moreira.silva.2558@example.com,Fortaleza,Atendente,69,05478574322
Fernanda Rodrigues Gomes,fernanda.rodrigues.gomes.2559@example.com,Belém,Coordenador de marketing,30,99230324740
Carolina Rocha Monteiro,carolina.rocha.monteiro.2560@example.com,Niterói,Analista de marketing,49,59997932644
Thiago Rocha Costa,thiago.rocha.costa.2561@example.com,Santos,Atendente,30,43563379922
Bruno Rodrigues Pereira,bruno.rodrigues.pereira.2562@example.com,Uberlândia,Supervisor de manutenção,41,27452066815
Henrique Dias Mendes,henrique.dias.mendes.2563@example.com,Brasília,Supervisor de manutenção,47,12289266967
Priscila Silva Silva,priscila.silva.silva.2564@example.com,Fortaleza,Estoquista,24,49877418079
Patrícia Moreira Rocha,patricia.moreira.rocha.2565@example.com,Uberlândia,Programador,40,01314676196
Henrique Souza Souza,henrique.souza.souza.2566@example.com,São Paulo,Enfermeiro,49,13316263772
Vinícius Ribeiro Monteiro,vinicius.ribeiro.monteiro.2567@example.com,Manaus,Chefe de almoxarifado,50,65008032194
Lucas Araújo Mendes,lucas.araujo.mendes.2568@example.com,Londrina,Analista de marketing,40,18496855468
Leonardo Rocha Silva,leonardo.rocha.silva.2569@example.com,Goiânia,Padeiro,32,99769676376
Priscila Monteiro Lima,priscila.monteiro.lima.2570@example.com,Brasília,Eletricista,24,41808728863
Carlos Monteiro Monteiro,carlos.monteiro.monteiro.2571@example.com,Belém,Operador de caixa,24,99616261849
Bruno Cardoso Mendes,bruno.cardoso.mendes.2572@example.com,Fortaleza,Diretor comercial,32,97122125481
Larissa Barbosa Castro,larissa.barbosa.castro.2573@example.com,Cuiabá,Estoquista,47,71091202082
Pedro Alves Alves,pedro.alves.alves.2574@example.com,Manaus,Pedreiro,34,72469717106
Letícia Oliveira Almeida,leticia.oliveira.almeida.2575@example.com,Dourados,Coordenador de marketing,60,16957621510
Felipe Oliveira Silva,felipe.oliveira.silva.2576@example.com,Brasília,Vendedor,61,36947349346
Sérgio Monteiro Martins,sergio.monteiro.martins.2577@example.com,Curitiba,Analista de recursos humanos,68,41032165608
Gabriel Fernandes Rodrigues,gabriel.fernandes.rodrigues.2578@example.com,Florianópolis,Chefe de compras,54,91249833559
Tatiane Cardoso Rocha,tatiane.cardoso.rocha.2579@example.com,Goiânia,Assistente administrativo,29,65454091098
Thiago Moreira Rodrigues,thiago.moreira.rodrigues.2580@example.com,Londrina,Arquiteto,66,75687898757
Fernanda Monteiro Araújo,fernanda.monteiro.araujo.2581@example.com,Goiânia,Vendedor,51,39912637025
José Costa Almeida,jose.costa.almeida.2582@example.com,Maringá,Analista de marketing,68,22782089568
Felipe Santos Pereira,felipe.santos.pereira.2583@example.com,Uberlândia,Diretor comercial,37,79133262687
Thiago Rocha Oliveira,thiago.rocha.oliveira.2584@example.com,Niterói,Professor,40,19869400568
Beatriz Moreira Costa,beatriz.moreira.costa.2585@example.com,Porto Alegre,Encarregado de produção,57,87162940406
Renata Souza Pereira,renata.souza.pereira.2586@example.com,Recife,Jornalista,36,09675435706
Leonardo Gomes Araújo,leonardo.gomes.araujo.2587@example.com,Londrina,Comprador,60,92655003798
Amanda Costa Souza,amanda.costa.souza.2588@example.com,Belém,Líder de equipe,69,76482607657
Carlos Barbosa Pereira,carlos.barbosa.pereira.2589@example.com,Londrina,Comprador,40,15611561395
Mariana Fernandes Ribeiro,mariana.fernandes.ribeiro.2590@example.com,Campo Grande,Estoquista,20,49653366794
Patrícia Teixeira Ribeiro,patricia.teixeira.ribeiro.2591@example.com,Sorocaba,Corretor de imóveis,59,47755495869
Luana Santos Mendes,luana.santos.mendes.2592@example.com,Goiânia,Diretor comercial,52,02508801277
Tatiane Castro Souza,tatiane.castro.souza.2593@example.com,Niterói,Analista de dados,62,51427424812
Sérgio Silva Gomes,sergio.silva.gomes.2594@example.com,São Paulo,Chefe de compras,18,84844391684
Sandra Mendes Oliveira,sandra.mendes.oliveira.2595@example.com,Caxias do Sul,Gerente de tecnologia,68,79522718659
Luana Dias Rodrigues,luana.dias.rodrigues.2596@example.com,Manaus,Coordenador de marketing,67,89097786806
Lucas Barbosa Freitas,lucas.barbosa.freitas.2597@example.com,Goiânia,Corretor de imóveis,57,09546024955
Larissa Nascimento Alves,larissa.nascimento.alves.2598@example.com,Cuiabá,Designer gráfico,20,89658522869
Fernanda Rodrigues Martins,fernanda.rodrigues.martins.2599@example.com,Brasília,Analista de dados,28,46629075542
João Carvalho Gomes,joao.carvalho.gomes.2600@example.com,Brasília,Nutricionista,24,47112047580
Débora Souza Lima,debora.souza.lima.2601@example.com,Joinville,Vendedor,68,38491171792
Sérgio Mendes Martins,sergio.mendes.martins.2602@example.com,Natal,Coordenador administrativo,35,37164105528
Tatiane Mendes Almeida,tatiane.mendes.almeida.2603@example.com,Joinville,Padeiro,38,81092476171
Ricardo Mendes Fernandes,ricardo.mendes.fernandes.2604@example.com,Natal,Líder de equipe,34,33136319092
Letícia Moreira Cardoso,leticia.moreira.cardoso.2605@example.com,Recife,Coordenador de produção,66,30243234620
Ricardo Barros Rodrigues,ricardo.barros.rodrigues.2606@example.com,Joinville,Corretor de imóveis,46,05616380604
Priscila Ribeiro Alves,priscila.ribeiro.alves.2607@example.com,Cuiabá,Corretor de imóveis,61,22864529205
Priscila Teixeira Oliveira,priscila.teixeira.oliveira.2608@example.com,Sorocaba,Chefe de departamento pessoal,35,66197313802
Mariana Gomes Mendes,mariana.gomes.mendes.2609@example.com,Brasília,Chefe de compras,44,73605159611
Bruno Cardoso Teixeira,bruno.cardoso.teixeira.2610@example.com,Recife,Professor,63,18441066697
Eduardo Mendes Carvalho,eduardo.mendes.carvalho.2611@example.com,Campo Grande,Estoquista,47,53421829526
Aline Silva Costa,aline.silva.costa.2612@example.com,Brasília,Supervisor de atendimento,49,52414176663
Gabriel Barbosa Monteiro,gabriel.barbosa.monteiro.2613@example.com,Salvador,Analista de dados,46,82579504353
Aline Teixeira Mendes,aline.teixeira.mendes.2614@example.com,Recife,Supervisor de qualidade,27,95299580752
Gabriel Ribeiro Martins,gabriel.ribeiro.martins.2615@example.com,Florianópolis,Gerente comercial,50,65911639755
Ana Rocha Lima,ana.rocha.lima.2616@example.com,Londrina,Contador,54,91396745307
Otávio Rocha Alves,otavio.rocha.alves.2617@example.com,Manaus,Advogado,66,19398611288
Marcelo Barbosa Rocha,marcelo.barbosa.rocha.2618@example.com,Londrina,Fisioterapeuta,21,49773379998
Lucas Mendes Castro,lucas.mendes.castro.2619@example.com,Vitória,Técnico em informática,58,41780621535
Felipe Araújo Lima,felipe.araujo.lima.2620@example.com,Maringá,Cozinheiro,49,12574651250
Igor Martins Carvalho,igor.martins.carvalho.2621@example.com,Joinville,Programador,47,39140787172
Rafael Costa Barros,rafael.costa.barros.2622@example.com,Rio de Janeiro,Chefe de almoxarifado,22,09771339259
Lucas Lima Martins,lucas.lima.martins.2623@example.com,Belo Horizonte,Corretor de imóveis,58,73201324558
Luana Alves Teixeira,luana.alves.teixeira.2624@example.com,Porto Alegre,Farmacêutico,61,40914532764
Amanda Almeida Moreira,amanda.almeida.moreira.2625@example.com,Caxias do Sul,Vendedor,25,43761061684
Thiago Nascimento Rocha,thiago.nascimento.rocha.2626@example.com,Campo Grande,Designer gráfico,51,31668590469
Eduardo Silva Almeida,eduardo.silva.almeida.2627@example.com,Joinville,Supervisor de atendimento,58,82727977341
Larissa Nascimento Rodrigues,larissa.nascimento.rodrigues.2628@example.com,Recife,Jornalista,47,77360845772
José Santos Carvalho,jose.santos.carvalho.2629@example.com,Natal,Contador,28,98027353730
Vanessa Fernandes Santos,vanessa.fernandes.santos.2630@example.com,Uberlândia,Arquiteto,28,11118131699
Aline Rocha Alves,aline.rocha.alves.2631@example.com,Rondonópolis,Advogado,23,11416348305
Patrícia Freitas Barbosa,patricia.freitas.barbosa.2632@example.com,Belém,Gerente comercial,37,27180350283
Lucas Martins Dias,lucas.martins.dias.2633@example.com,Natal,Comprador,25,01343250375
Carlos Lima Barbosa,carlos.lima.barbosa.2634@example.com,Sorocaba,Coordenador de logística,29,72243505852
Amanda Freitas Barros,amanda.freitas.barros.2635@example.com,Curitiba,Assistente comercial,43,29913209479
Aline Teixeira Moreira,aline.teixeira.moreira.2636@example.com,Porto Alegre,Operador de caixa,68,53171013132
Rafael Cardoso Santos,rafael.cardoso.santos.2637@example.com,Porto Alegre,Advogado,59,51984965107
Luana Ribeiro Monteiro,luana.ribeiro.monteiro.2638@example.com,Joinville,Chefe de almoxarifado,59,74944498076
Fernanda Moreira Pereira,fernanda.moreira.pereira.2639@example.com,Recife,Professor,52,15503934016
Mariana Costa Pereira,mariana.costa.pereira.2640@example.com,Campinas,Professor,70,33918425779
Nicolas Silva Oliveira,nicolas.silva.oliveira.2641@example.com,Cuiabá,Supervisor de qualidade,28,64432792096
Tatiane Rodrigues Araújo,tatiane.rodrigues.araujo.2642@example.com,Campinas,Programador,29,11063957787
Camila Barros Souza,camila.barros.souza.2643@example.com,Salvador,Nutricionista,69,58295711646
Gabriela Pereira Teixeira,gabriela.pereira.teixeira.2644@example.com,Cuiabá,Arquiteto,42,08785025681
Tatiane Almeida Freitas,tatiane.almeida.freitas.2645@example.com,Florianópolis,Programador,55,31050787110
Carolina Oliveira Alves,carolina.oliveira.alves.2646@example.com,Santos,Técnico em informática,33,50777506926
Gustavo Barbosa Fernandes,gustavo.barbosa.fernandes.2647@example.com,Sorocaba,Nutricionista,46,56700781671
Pedro Carvalho Silva,pedro.carvalho.silva.2648@example.com,Sorocaba,Contador,43,64828222406
José Araújo Ribeiro,jose.araujo.ribeiro.2649@example.com,Belo Horizonte,Auxiliar de produção,67,55624365974
Nicolas Fernandes Araújo,nicolas.fernandes.araujo.2650@example.com,Rio de Janeiro,Analista de dados,30,14659715843
Vinícius Carvalho Rodrigues,vinicius.carvalho.rodrigues.2651@example.com,Recife,Gerente de operações,49,51611960430
Henrique Barros Carvalho,henrique.barros.carvalho.2652@example.com,Santos,Atendente,61,85224912856
Patrícia Monteiro Oliveira,patricia.monteiro.oliveira.2653@example.com,Joinville,Pedreiro,67,09276182283
Rafael Teixeira Teixeira,rafael.teixeira.teixeira.2654@example.com,Londrina,Coordenador de logística,30,65849132294
Beatriz Costa Souza,beatriz.costa.souza.2655@example.com,Rondonópolis,Engenheiro civil,31,78482004462
Débora Oliveira Mendes,debora.oliveira.mendes.2656@example.com,Manaus,Gerente de recursos humanos,57,08470902254
Marcelo Fernandes Gomes,marcelo.fernandes.gomes.2657@example.com,Maringá,Motorista,67,35314599628
João Rodrigues Fernandes,joao.rodrigues.fernandes.2658@example.com,Uberlândia,Chefe de compras,67,69251236468
Aline Rocha Gomes,aline.rocha.gomes.2659@example.com,Fortaleza,Eletricista,63,44585984383
Ana Fernandes Rodrigues,ana.fernandes.rodrigues.2660@example.com,Curitiba,Técnico de segurança do trabalho,19,72804273851
Renata Almeida Moreira,renata.almeida.moreira.2661@example.com,Belo Horizonte,Estoquista,68,63370867778
Letícia Freitas Fernandes,leticia.freitas.fernandes.2662@example.com,Manaus,Técnico de segurança do trabalho,26,68095178879
Letícia Almeida Souza,leticia.almeida.souza.2663@example.com,Florianópolis,Analista financeiro,39,71998444184
Ana Lima Castro,ana.lima.castro.2664@example.com,Londrina,Cozinheiro,63,90524373455
Marcelo Freitas Fernandes,marcelo.freitas.fernandes.2665@example.com,Curitiba,Supervisor de atendimento,18,47354676675
Vanessa Oliveira Silva,vanessa.oliveira.silva.2666@example.com,Campo Grande,Supervisor de vendas,41,85812708385
Ricardo Almeida Castro,ricardo.almeida.castro.2667@example.com,São Paulo,Cozinheiro,66,57031894346
Sandra Moreira Cardoso,sandra.moreira.cardoso.2668@example.com,Manaus,Diretor comercial,41,52934664614
Rafael Monteiro Alves,rafael.monteiro.alves.2669@example.com,Salvador,Coordenador de produção,28,86346944501
Daniela Rocha Barros,daniela.rocha.barros.2670@example.com,Belém,Atendente,54,06354798786
Débora Cardoso Souza,debora.cardoso.souza.2671@example.com,Cuiabá,Analista de recursos humanos,25,08090742486
Bruno Monteiro Martins,bruno.monteiro.martins.2672@example.com,Florianópolis,Estoquista,22,68309556103
Nicolas Martins Martins,nicolas.martins.martins.2673@example.com,Florianópolis,Técnico de segurança do trabalho,62,92239810324
Otávio Souza Barros,otavio.souza.barros.2674@example.com,Rondonópolis,Coordenador de logística,61,03995581684
Gustavo Souza Mendes,gustavo.souza.mendes.2675@example.com,Belém,Enfermeiro,44,62485653761
Pedro Gomes Silva,pedro.gomes.silva.2676@example.com,Caxias do Sul,Enfermeiro,67,38024323842
Leonardo Gomes Ribeiro,leonardo.gomes.ribeiro.2677@example.com,Curitiba,Supervisor de atendimento,31,29235140366
Thiago Moreira Gomes,thiago.moreira.gomes.2678@example.com,Uberlândia,Auxiliar de produção,27,02436567411
Paulo Ribeiro Barbosa,paulo.ribeiro.barbosa.2679@example.com,Vitória,Coordenador de logística,47,80342305838
Nicolas Mendes Oliveira,nicolas.mendes.oliveira.2680@example.com,Salvador,Chefe de almoxarifado,55,47698633581
Henrique Barbosa Costa,henrique.barbosa.costa.2681@example.com,Manaus,Arquiteto,68,35222420034
Renata Rodrigues Pereira,renata.rodrigues.pereira.2682@example.com,Florianópolis,Eletricista,58,92757712575
Bruno Nascimento Mendes,bruno.nascimento.mendes.2683@example.com,Dourados,Pedreiro,48,47592158004
Juliana Souza Silva,juliana.souza.silva.2684@example.com,Campinas,Cozinheiro,57,71642146842
Eduardo Gomes Oliveira,eduardo.gomes.oliveira.2685@example.com,Brasília,Coordenador de logística,18,60501420966
Luana Almeida Costa,luana.almeida.costa.2686@example.com,Salvador,Chefe de compras,40,69740524912
Ricardo Silva Dias,ricardo.silva.dias.2687@example.com,Rondonópolis,Técnico de enfermagem,67,67860076903
Simone Cardoso Mendes,simone.cardoso.mendes.2688@example.com,Joinville,Atendente,56,26818304324
Diego Souza Castro,diego.souza.castro.2689@example.com,Dourados,Advogado,49,63156430114
Simone Araújo Rodrigues,simone.araujo.rodrigues.2690@example.com,Londrina,Supervisor de atendimento,23,13644425924
Letícia Rodrigues Dias,leticia.rodrigues.dias.2691@example.com,Dourados,Estoquista,69,07023935679
Ricardo Barbosa Gomes,ricardo.barbosa.gomes.2692@example.com,Campinas,Técnico de enfermagem,32,59677144255
Amanda Souza Martins,amanda.souza.martins.2693@example.com,Cuiabá,Corretor de imóveis,48,34495708044
Diego Castro Lima,diego.castro.lima.2694@example.com,Uberlândia,Jornalista,66,76137577535
Débora Souza Araújo,debora.souza.araujo.2695@example.com,Curitiba,Gerente de operações,53,01153648588
Bruno Costa Almeida,bruno.costa.almeida.2696@example.com,Cuiabá,Diretor de operações,51,29154850112
Juliana Alves Freitas,juliana.alves.freitas.2697@example.com,Caxias do Sul,Gerente comercial,35,18191761171
Pedro Monteiro Fernandes,pedro.monteiro.fernandes.2698@example.com,Sorocaba,Supervisor de manutenção,22,04608271990
Ana Castro Silva,ana.castro.silva.2699@example.com,Goiânia,Recepcionista,21,30655096974
Leonardo Rocha Teixeira,leonardo.rocha.teixeira.2700@example.com,Belo Horizonte,Corretor de imóveis,40,49090928013
Vanessa Nascimento Mendes,vanessa.nascimento.mendes.2701@example.com,Campinas,Estoquista,29,12492162677
Patrícia Gomes Dias,patricia.gomes.dias.2702@example.com,Porto Alegre,Padeiro,28,09835950641
Thiago Monteiro Santos,thiago.monteiro.santos.2703@example.com,Porto Alegre,Diretor comercial,66,75858035841
Renata Barbosa Rocha,renata.barbosa.rocha.2704@example.com,Dourados,Programador,40,52489874100
Gustavo Mendes Santos,gustavo.mendes.santos.2705@example.com,Dourados,Padeiro,40,54124117245
Ana Cardoso Fernandes,ana.cardoso.fernandes.2706@example.com,Goiânia,Encarregado de produção,25,05547507810
Eduardo Carvalho Santos,eduardo.carvalho.santos.2707@example.com,Curitiba,Supervisor de manutenção,51,56037912524
Gustavo Carvalho Martins,gustavo.carvalho.martins.2708@example.com,Curitiba,Corretor de imóveis,44,34943195139
Otávio Dias Rocha,otavio.dias.rocha.2709@example.com,Fortaleza,Chefe de compras,31,68354978935
Débora Castro Araújo,debora.castro.araujo.2710@example.com,Campo Grande,Vendedor,58,57360549090
Diego Souza Gomes,diego.souza.gomes.2711@example.com,Campo Grande,Supervisor de qualidade,55,84683696942
Carlos Almeida Oliveira,carlos.almeida.oliveira.2712@example.com,Niterói,Assistente comercial,39,69536248450
Fernanda Gomes Santos,fernanda.gomes.santos.2713@example.com,Niterói,Analista de dados,61,77373216817
Camila Souza Santos,camila.souza.santos.2714@example.com,Joinville,Assistente comercial,52,22773356310
Renata Castro Rodrigues,renata.castro.rodrigues.2715@example.com,Campinas,Gerente comercial,45,62421132379
Daniela Rodrigues Barros,daniela.rodrigues.barros.2716@example.com,Curitiba,Coordenador administrativo,26,31215270729
Priscila Pereira Oliveira,priscila.pereira.oliveira.2717@example.com,Vitória,Motorista,66,00100419628
Pedro Araújo Oliveira,pedro.araujo.oliveira.2718@example.com,Belém,Gerente de tecnologia,33,29029042026
Nicolas Oliveira Nascimento,nicolas.oliveira.nascimento.2719@example.com,Fortaleza,Gerente comercial,38,76326777558
Patrícia Gomes Barros,patricia.gomes.barros.2720@example.com,Rio de Janeiro,Enfermeiro,67,92274055530
Carolina Alves Martins,carolina.alves.martins.2721@example.com,Joinville,Gerente de tecnologia,33,95881799402
Vinícius Monteiro Rocha,vinicius.monteiro.rocha.2722@example.com,Belo Horizonte,Gerente de tecnologia,60,45414277868
Diego Monteiro Monteiro,diego.monteiro.monteiro.2723@example.com,Santos,Cozinheiro,57,54211289248
Sandra Martins Almeida,sandra.martins.almeida.2724@example.com,Niterói,Analista financeiro,47,63782808372
Otávio Moreira Barros,otavio.moreira.barros.2725@example.com,Salvador,Designer gráfico,22,30255899763
Diego Costa Freitas,diego.costa.freitas.2726@example.com,São Paulo,Diretor de operações,35,84829044588
Nicolas Souza Lima,nicolas.souza.lima.2727@example.com,Belo Horizonte,Analista de marketing,25,77341947714
José Almeida Alves,jose.almeida.alves.2728@example.com,Santos,Diretor de operações,38,19396627445
Aline Moreira Souza,aline.moreira.souza.2729@example.com,Brasília,Pedreiro,66,81147883766
Fernanda Rocha Rodrigues,fernanda.rocha.rodrigues.2730@example.com,Campinas,Gerente de recursos humanos,56,98165035925
Leonardo Rodrigues Monteiro,leonardo.rodrigues.monteiro.2731@example.com,Brasília,Padeiro,63,67023541700
Rafael Cardoso Monteiro,rafael.cardoso.monteiro.2732@example.com,Campo Grande,Coordenador de produção,55,19070037563
Amanda Lima Martins,amanda.lima.martins.2733@example.com,Niterói,Supervisor de manutenção,47,05302132236
José Almeida Pereira,jose.almeida.pereira.2734@example.com,Rondonópolis,Assistente administrativo,38,74773308134
Rafael Rodrigues Dias,rafael.rodrigues.dias.2735@example.com,Joinville,Designer gráfico,50,64069925536
Gabriel Nascimento Silva,gabriel.nascimento.silva.2736@example.com,Niterói,Arquiteto,62,12063380029
Renata Carvalho Barbosa,renata.carvalho.barbosa.2737@example.com,Curitiba,Coordenador administrativo,24,33624683949
Sandra Nascimento Souza,sandra.nascimento.souza.2738@example.com,Florianópolis,Gerente financeiro,33,81102312861
Thiago Carvalho Silva,thiago.carvalho.silva.2739@example.com,Goiânia,Operador de caixa,48,07367972248
Igor Almeida Freitas,igor.almeida.freitas.2740@example.com,Brasília,Operador de caixa,39,48507310374
Felipe Rodrigues Monteiro,felipe.rodrigues.monteiro.2741@example.com,Porto Alegre,Coordenador de logística,24,07404384123
Camila Carvalho Barros,camila.carvalho.barros.2742@example.com,São Paulo,Eletricista,51,41724358456
Leonardo Lima Silva,leonardo.lima.silva.2743@example.com,Manaus,Enfermeiro,48,30858696654
Mariana Rodrigues Pereira,mariana.rodrigues.pereira.2744@example.com,Londrina,Arquiteto,65,86481143633
Vitória Martins Oliveira,vitoria.martins.oliveira.2745@example.com,Campinas,Fisioterapeuta,20,10521867686
Renata Gomes Ribeiro,renata.gomes.ribeiro.2746@example.com,Curitiba,Chefe de compras,56,46988082772
Carlos Oliveira Barros,carlos.oliveira.barros.2747@example.com,Cuiabá,Coordenador de produção,51,46369790552
Amanda Souza Gomes,amanda.souza.gomes.2748@example.com,Joinville,Professor,53,15001881214
Débora Ribeiro Castro,debora.ribeiro.castro.2749@example.com,Salvador,Diretor comercial,63,03148128777
Vinícius Costa Lima,vinicius.costa.lima.2750@example.com,Fortaleza,Líder de equipe,46,55001582583
José Castro Oliveira,jose.castro.oliveira.2751@example.com,Dourados,Atendente,39,99641445945
Igor Freitas Barros,igor.freitas.barros.2752@example.com,Cuiabá,Analista financeiro,23,81216303682
Letícia Araújo Silva,leticia.araujo.silva.2753@example.com,Rio de Janeiro,Analista financeiro,37,52712731003
Carolina Souza Gomes,carolina.souza.gomes.2754@example.com,Belém,Diretor comercial,23,54107052732
Vitória Almeida Almeida,vitoria.almeida.almeida.2755@example.com,Brasília,Corretor de imóveis,34,13475744787
Gustavo Cardoso Carvalho,gustavo.cardoso.carvalho.2756@example.com,Goiânia,Corretor de imóveis,68,17192523411
Carlos Freitas Castro,carlos.freitas.castro.2757@example.com,Brasília,Chefe de almoxarifado,60,80523686463
Eduardo Barbosa Freitas,eduardo.barbosa.freitas.2758@example.com,Santos,Comprador,43,13060782615
Juliana Freitas Barbosa,juliana.freitas.barbosa.2759@example.com,Caxias do Sul,Chefe de compras,49,49936146714
Gabriela Lima Almeida,gabriela.lima.almeida.2760@example.com,Natal,Comprador,67,78622597520
Ricardo Monteiro Moreira,ricardo.monteiro.moreira.2761@example.com,Porto Alegre,Designer gráfico,61,30813783242
Sandra Alves Pereira,sandra.alves.pereira.2762@example.com,Rio de Janeiro,Analista de marketing,22,15102210139
José Freitas Martins,jose.freitas.martins.2763@example.com,Porto Alegre,Corretor de imóveis,69,94331158359
Fernanda Alves Rodrigues,fernanda.alves.rodrigues.2764@example.com,Manaus,Diretor de operações,43,34534281758
Camila Silva Silva,camila.silva.silva.2765@example.com,Porto Alegre,Encarregado de produção,70,88153987052
Tatiane Souza Martins,tatiane.souza.martins.2766@example.com,Uberlândia,Pedreiro,38,57158096068
Felipe Lima Carvalho,felipe.lima.carvalho.2767@example.com,Salvador,Gerente de recursos humanos,59,13472457807
Otávio Costa Freitas,otavio.costa.freitas.2768@example.com,Uberlândia,Analista de marketing,54,94248427843
Beatriz Ribeiro Pereira,beatriz.ribeiro.pereira.2769@example.com,Vitória,Técnico de segurança do trabalho,38,53639691234
Ricardo Alves Freitas,ricardo.alves.freitas.2770@example.com,Rio de Janeiro,Contador,26,79169498297
Gabriela Ribeiro Fernandes,gabriela.ribeiro.fernandes.2771@example.com,Rondonópolis,Gerente de recursos humanos,34,98701697139
Lucas Rodrigues Costa,lucas.rodrigues.costa.2772@example.com,Brasília,Estoquista,37,15131711754
Vanessa Santos Mendes,vanessa.santos.mendes.2773@example.com,Belo Horizonte,Supervisor de qualidade,20,78864104102
Gustavo Cardoso Castro,gustavo.cardoso.castro.2774@example.com,São Paulo,Gerente financeiro,38,64404717769
Simone Castro Monteiro,simone.castro.monteiro.2775@example.com,Belém,Cozinheiro,18,50321410390
Henrique Souza Monteiro,henrique.souza.monteiro.2776@example.com,Florianópolis,Diretor comercial,53,28346340425
Thiago Freitas Rocha,thiago.freitas.rocha.2777@example.com,Curitiba,Gerente de tecnologia,67,55397821372
Renata Moreira Gomes,renata.moreira.gomes.2778@example.com,Maringá,Gerente de operações,59,78743608669
Paulo Dias Alves,paulo.dias.alves.2779@example.com,Porto Alegre,Supervisor de qualidade,36,50629471639
Nicolas Monteiro Souza,nicolas.monteiro.souza.2780@example.com,Salvador,Vendedor,32,33919509881
Thiago Oliveira Gomes,thiago.oliveira.gomes.2781@example.com,Natal,Jornalista,50,54218768715
Paulo Santos Fernandes,paulo.santos.fernandes.2782@example.com,Florianópolis,Encarregado de produção,70,41725153436
Vinícius Lima Barros,vinicius.lima.barros.2783@example.com,Belém,Gerente de tecnologia,35,20148122814
Gustavo Barros Barbosa,gustavo.barros.barbosa.2784@example.com,Niterói,Motorista,53,78875007943
Ricardo Cardoso Mendes,ricardo.cardoso.mendes.2785@example.com,Natal,Farmacêutico,30,06181448598
Carlos Martins Monteiro,carlos.martins.monteiro.2786@example.com,Manaus,Recepcionista,43,63257090361
Gustavo Dias Fernandes,gustavo.dias.fernandes.2787@example.com,Rio de Janeiro,Coordenador de marketing,44,48184704305
Gabriel Cardoso Rodrigues,gabriel.cardoso.rodrigues.2788@example.com,Fortaleza,Analista de marketing,21,42184385745
Letícia Monteiro Rocha,leticia.monteiro.rocha.2789@example.com,Uberlândia,Analista financeiro,46,94904344586
Pedro Oliveira Martins,pedro.oliveira.martins.2790@example.com,Rondonópolis,Gerente comercial,51,67765214754
Simone Alves Gomes,simone.alves.gomes.2791@example.com,Uberlândia,Programador,18,00904066352
Carolina Nascimento Santos,carolina.nascimento.santos.2792@example.com,Brasília,Corretor de imóveis,47,90603418588
Eduardo Monteiro Pereira,eduardo.monteiro.pereira.2793@example.com,Vitória,Analista de dados,39,80479100899
Gustavo Costa Lima,gustavo.costa.lima.2794@example.com,Rondonópolis,Coordenador de logística,66,33085652950
Igor Barbosa Mendes,igor.barbosa.mendes.2795@example.com,Campo Grande,Assistente comercial,23,87781565704
José Lima Monteiro,jose.lima.monteiro.2796@example.com,Cuiabá,Corretor de imóveis,25,15603597011
Henrique Barbosa Santos,henrique.barbosa.santos.2797@example.com,Porto Alegre,Gerente de operações,56,72271862552
Carolina Oliveira Rocha,carolina.oliveira.rocha.2798@example.com,Caxias do Sul,Supervisor de atendimento,64,05798418907
Juliana Monteiro Cardoso,juliana.monteiro.cardoso.2799@example.com,Fortaleza,Chefe de compras,49,64055357281
José Gomes Freitas,jose.gomes.freitas.2800@example.com,Campo Grande,Chefe de almoxarifado,50,94597776387
Gabriela Almeida Carvalho,gabriela.almeida.carvalho.2801@example.com,Fortaleza,Enfermeiro,31,62750749797
Thiago Gomes Alves,thiago.gomes.alves.2802@example.com,Caxias do Sul,Fisioterapeuta,60,35661091399
Patrícia Rodrigues Moreira,patricia.rodrigues.moreira.2803@example.com,Maringá,Gerente de tecnologia,40,81173709670
Camila Monteiro Pereira,camila.monteiro.pereira.2804@example.com,Joinville,Operador de caixa,68,83494933675
Carlos Souza Santos,carlos.souza.santos.2805@example.com,Natal,Engenheiro civil,26,78277234474
Pedro Ribeiro Cardoso,pedro.ribeiro.cardoso.2806@example.com,Sorocaba,Assistente administrativo,66,95312486556
Amanda Barros Alves,amanda.barros.alves.2807@example.com,Natal,Analista financeiro,37,62555931188
Gabriela Castro Nascimento,gabriela.castro.nascimento.2808@example.com,Dourados,Pedreiro,64,30794428862
Carolina Oliveira Freitas,carolina.oliveira.freitas.2809@example.com,Campinas,Técnico em informática,64,05100777774
Bruno Castro Rocha,bruno.castro.rocha.2810@example.com,Porto Alegre,Farmacêutico,18,98653321137
Camila Santos Almeida,camila.santos.almeida.2811@example.com,Uberlândia,Analista de marketing,61,04368162416
Bruno Santos Oliveira,bruno.santos.oliveira.2812@example.com,São Paulo,Supervisor de qualidade,68,45137718750
Mariana Barros Alves,mariana.barros.alves.2813@example.com,Campinas,Operador de caixa,39,05028449907
Letícia Dias Gomes,leticia.dias.gomes.2814@example.com,Rio de Janeiro,Analista de dados,67,36649240195
Carlos Santos Almeida,carlos.santos.almeida.2815@example.com,Salvador,Coordenador de logística,46,23604311987
Aline Costa Carvalho,aline.costa.carvalho.2816@example.com,Joinville,Supervisor de vendas,50,80786599320
Felipe Costa Dias,felipe.costa.dias.2817@example.com,Belo Horizonte,Eletricista,33,49383906469
Leonardo Teixeira Mendes,leonardo.teixeira.mendes.2818@example.com,Belém,Supervisor de vendas,21,68122808049
Vinícius Souza Pereira,vinicius.souza.pereira.2819@example.com,Recife,Chefe de compras,46,47451149042
Marcelo Nascimento Alves,marcelo.nascimento.alves.2820@example.com,Belo Horizonte,Designer gráfico,65,72847784447
Amanda Almeida Mendes,amanda.almeida.mendes.2821@example.com,Belém,Analista de dados,53,42010760432
Letícia Oliveira Carvalho,leticia.oliveira.carvalho.2822@example.com,Londrina,Padeiro,63,20356930244
Camila Silva Araújo,camila.silva.araujo.2823@example.com,Londrina,Coordenador de produção,36,61506452330
Nicolas Cardoso Rodrigues,nicolas.cardoso.rodrigues.2824@example.com,Sorocaba,Coordenador de marketing,48,15380817442
Juliana Moreira Cardoso,juliana.moreira.cardoso.2825@example.com,Salvador,Cozinheiro,45,62584774224
Letícia Moreira Lima,leticia.moreira.lima.2826@example.com,Rondonópolis,Líder de equipe,63,05762325190
Vitória Barros Silva,vitoria.barros.silva.2827@example.com,Campinas,Nutricionista,68,37742386634
Letícia Souza Rodrigues,leticia.souza.rodrigues.2828@example.com,Santos,Farmacêutico,67,89531063162
Renata Dias Freitas,renata.dias.freitas.2829@example.com,Uberlândia,Fisioterapeuta,26,07584772015
Patrícia Monteiro Monteiro,patricia.monteiro.monteiro.2830@example.com,Santos,Farmacêutico,18,47082423690
Otávio Teixeira Teixeira,otavio.teixeira.teixeira.2831@example.com,Goiânia,Advogado,46,71569869559
Larissa Martins Nascimento,larissa.martins.nascimento.2832@example.com,Rondonópolis,Jornalista,47,48513057374
João Monteiro Dias,joao.monteiro.dias.2833@example.com,Campinas,Programador,38,03074542041
Otávio Almeida Castro,otavio.almeida.castro.2834@example.com,Manaus,Gerente financeiro,20,90081549625
Bruno Barbosa Barbosa,bruno.barbosa.barbosa.2835@example.com,Maringá,Coordenador de marketing,43,24486176181
Débora Teixeira Ribeiro,debora.teixeira.ribeiro.2836@example.com,Campinas,Chefe de almoxarifado,35,23187177523
Igor Castro Santos,igor.castro.santos.2837@example.com,Dourados,Corretor de imóveis,30,12727773913
Amanda Castro Silva,amanda.castro.silva.2838@example.com,Porto Alegre,Contador,39,76684853580
Diego Monteiro Almeida,diego.monteiro.almeida.2839@example.com,São Paulo,Técnico de segurança do trabalho,18,81008519363
Daniela Fernandes Fernandes,daniela.fernandes.fernandes.2840@example.com,São Paulo,Analista de marketing,62,76596987109
Débora Carvalho Silva,debora.carvalho.silva.2841@example.com,Sorocaba,Eletricista,39,98984512241
Rafael Lima Araújo,rafael.lima.araujo.2842@example.com,São Paulo,Pedreiro,38,01469355634
Felipe Alves Souza,felipe.alves.souza.2843@example.com,Campo Grande,Cozinheiro,27,02903216818
Marcelo Nascimento Oliveira,marcelo.nascimento.oliveira.2844@example.com,Rondonópolis,Coordenador administrativo,23,76992647815
Nicolas Mendes Freitas,nicolas.mendes.freitas.2845@example.com,Belém,Gerente de tecnologia,55,02071448149
Sandra Moreira Mendes,sandra.moreira.mendes.2846@example.com,Campo Grande,Comprador,50,70996969075
Igor Oliveira Fernandes,igor.oliveira.fernandes.2847@example.com,Goiânia,Nutricionista,61,86820491460
Diego Teixeira Alves,diego.teixeira.alves.2848@example.com,Curitiba,Vendedor,70,85219700009
Pedro Costa Pereira,pedro.costa.pereira.2849@example.com,Uberlândia,Coordenador de produção,20,38842769188
Pedro Barros Araújo,pedro.barros.araujo.2850@example.com,Recife,Gerente comercial,67,74475218955
Tatiane Pereira Alves,tatiane.pereira.alves.2851@example.com,Recife,Recepcionista,28,74497168383
Luana Rocha Almeida,luana.rocha.almeida.2852@example.com,Joinville,Gerente comercial,27,22738112360
Gustavo Barbosa Freitas,gustavo.barbosa.freitas.2853@example.com,Brasília,Analista de dados,44,26717514236
João Dias Santos,joao.dias.santos.2854@example.com,Uberlândia,Diretor de operações,36,82183163056
Sandra Martins Souza,sandra.martins.souza.2855@example.com,Florianópolis,Engenheiro civil,56,21659209772
Otávio Freitas Ribeiro,otavio.freitas.ribeiro.2856@example.com,Curitiba,Programador,41,73593490356
Otávio Rocha Barros,otavio.rocha.barros.2857@example.com,Natal,Motorista,43,65734392408
Gabriel Oliveira Teixeira,gabriel.oliveira.teixeira.2858@example.com,Maringá,Coordenador de marketing,48,74256508936
Luana Carvalho Araújo,luana.carvalho.araujo.2859@example.com,Niterói,Pedreiro,66,14262404846
Sérgio Nascimento Nascimento,sergio.nascimento.nascimento.2860@example.com,Campinas,Mecânico,23,91992100134
Débora Barros Araújo,debora.barros.araujo.2861@example.com,São Paulo,Farmacêutico,29,11890238968
Eduardo Araújo Nascimento,eduardo.araujo.nascimento.2862@example.com,Recife,Pedreiro,69,45138657754
Vinícius Rodrigues Martins,vinicius.rodrigues.martins.2863@example.com,Fortaleza,Coordenador de marketing,27,00159146658
Henrique Ribeiro Martins,henrique.ribeiro.martins.2864@example.com,Caxias do Sul,Auxiliar de produção,57,23926618398
Gabriela Araújo Santos,gabriela.araujo.santos.2865@example.com,Natal,Técnico em informática,39,87760294339
Vitória Freitas Barbosa,vitoria.freitas.barbosa.2866@example.com,Dourados,Supervisor de manutenção,51,39769926118
Beatriz Monteiro Carvalho,beatriz.monteiro.carvalho.2867@example.com,Belém,Supervisor de atendimento,70,92453920051
Vitória Monteiro Silva,vitoria.monteiro.silva.2868@example.com,Caxias do Sul,Advogado,61,33892912125
Beatriz Ribeiro Rocha,beatriz.ribeiro.rocha.2869@example.com,Rondonópolis,Contador,54,32459211137
Gabriela Barros Araújo,gabriela.barros.araujo.2870@example.com,Rondonópolis,Arquiteto,25,00380581781
Vitória Santos Mendes,vitoria.santos.mendes.2871@example.com,Belo Horizonte,Corretor de imóveis,31,46450678305
João Nascimento Souza,joao.nascimento.souza.2872@example.com,Salvador,Operador de caixa,32,52108230747
Simone Mendes Costa,simone.mendes.costa.2873@example.com,Fortaleza,Vendedor,36,84077221204
Renata Monteiro Lima,renata.monteiro.lima.2874@example.com,Brasília,Coordenador de produção,47,19604889824
Mariana Moreira Souza,mariana.moreira.souza.2875@example.com,Recife,Chefe de compras,47,90341329333
Renata Oliveira Fernandes,renata.oliveira.fernandes.2876@example.com,Dourados,Recepcionista,28,80710534422
Gabriela Mendes Pereira,gabriela.mendes.pereira.2877@example.com,Rondonópolis,Cozinheiro,26,84598534021
Vinícius Lima Barros,vinicius.lima.barros.2878@example.com,Goiânia,Coordenador de marketing,24,26172261527
Débora Castro Cardoso,debora.castro.cardoso.2879@example.com,Belo Horizonte,Gerente comercial,60,58653711893
Eduardo Moreira Cardoso,eduardo.moreira.cardoso.2880@example.com,Florianópolis,Coordenador de logística,60,04223368308
Carlos Barros Martins,carlos.barros.martins.2881@example.com,Maringá,Comprador,31,69327103339
Ana Dias Cardoso,ana.dias.cardoso.2882@example.com,Vitória,Chefe de almoxarifado,33,79091147977
Tatiane Araújo Dias,tatiane.araujo.dias.2883@example.com,Brasília,Professor,24,17837193591
Beatriz Gomes Ribeiro,beatriz.gomes.ribeiro.2884@example.com,Belém,Cozinheiro,25,58087211692
Otávio Gomes Martins,otavio.gomes.martins.2885@example.com,Campo Grande,Fisioterapeuta,68,80962440307
Priscila Lima Silva,priscila.lima.silva.2886@example.com,Sorocaba,Estoquista,40,22499714459
João Souza Araújo,joao.souza.araujo.2887@example.com,Caxias do Sul,Líder de equipe,59,71098944900
Débora Moreira Nascimento,debora.moreira.nascimento.2888@example.com,Manaus,Gerente comercial,55,77126020593
Débora Alves Rocha,debora.alves.rocha.2889@example.com,Cuiabá,Cozinheiro,67,84706718363
João Martins Santos,joao.martins.santos.2890@example.com,Caxias do Sul,Supervisor de atendimento,19,53234077490
Carlos Gomes Martins,carlos.gomes.martins.2891@example.com,Joinville,Mecânico,37,21631910039
Priscila Almeida Rocha,priscila.almeida.rocha.2892@example.com,Santos,Técnico de segurança do trabalho,52,32130750775
Vinícius Carvalho Carvalho,vinicius.carvalho.carvalho.2893@example.com,Salvador,Pedreiro,55,72839557191
Otávio Rocha Oliveira,otavio.rocha.oliveira.2894@example.com,Sorocaba,Nutricionista,40,04624514851
Sérgio Almeida Moreira,sergio.almeida.moreira.2895@example.com,Joinville,Chefe de compras,18,72343990104
Renata Barbosa Araújo,renata.barbosa.araujo.2896@example.com,Salvador,Contador,25,18451671297
Paulo Costa Araújo,paulo.costa.araujo.2897@example.com,Salvador,Técnico em informática,26,00407831205
Juliana Alves Barros,juliana.alves.barros.2898@example.com,Belo Horizonte,Diretor comercial,31,01627079972
Pedro Martins Araújo,pedro.martins.araujo.2899@example.com,Rio de Janeiro,Assistente administrativo,62,29831035657
Leonardo Freitas Ribeiro,leonardo.freitas.ribeiro.2900@example.com,Goiânia,Atendente,18,87888993506
Sérgio Castro Cardoso,sergio.castro.cardoso.2901@example.com,São Paulo,Enfermeiro,36,37675662986
Henrique Costa Alves,henrique.costa.alves.2902@example.com,Belo Horizonte,Analista de marketing,45,31617443892
Carolina Araújo Freitas,carolina.araujo.freitas.2903@example.com,São Paulo,Supervisor de qualidade,50,25338506891
Simone Araújo Gomes,simone.araujo.gomes.2904@example.com,Curitiba,Assistente comercial,32,81760080235
Vanessa Barbosa Castro,vanessa.barbosa.castro.2905@example.com,Recife,Pedreiro,50,22993632325
Nicolas Silva Araújo,nicolas.silva.araujo.2906@example.com,Belém,Coordenador de produção,55,48984197166
Sérgio Gomes Carvalho,sergio.gomes.carvalho.2907@example.com,Vitória,Técnico de segurança do trabalho,34,86654933955
Carlos Lima Freitas,carlos.lima.freitas.2908@example.com,Belém,Nutricionista,35,61662612440
Luana Freitas Teixeira,luana.freitas.teixeira.2909@example.com,Campinas,Gerente financeiro,53,90349799599
Vitória Freitas Oliveira,vitoria.freitas.oliveira.2910@example.com,Salvador,Técnico de segurança do trabalho,24,90909812160
Letícia Rodrigues Nascimento,leticia.rodrigues.nascimento.2911@example.com,Belo Horizonte,Analista de recursos humanos,18,29256007424
Aline Martins Nascimento,aline.martins.nascimento.2912@example.com,Vitória,Advogado,29,50646180860
Carlos Monteiro Barbosa,carlos.monteiro.barbosa.2913@example.com,Londrina,Mecânico,70,77010591399
Gabriel Pereira Araújo,gabriel.pereira.araujo.2914@example.com,Campo Grande,Assistente administrativo,68,65932276949
Nicolas Alves Alves,nicolas.alves.alves.2915@example.com,Campo Grande,Mecânico,61,55223905205
Sérgio Dias Gomes,sergio.dias.gomes.2916@example.com,Uberlândia,Enfermeiro,43,31227779578
Fernanda Teixeira Alves,fernanda.teixeira.alves.2917@example.com,Campinas,Nutricionista,64,68461226763
Nicolas Barros Dias,nicolas.barros.dias.2918@example.com,Rio de Janeiro,Supervisor de qualidade,45,81051549429
Felipe Santos Rocha,felipe.santos.rocha.2919@example.com,Londrina,Fisioterapeuta,54,38673672716
Bruno Monteiro Dias,bruno.monteiro.dias.2920@example.com,Campo Grande,Auxiliar de produção,45,37523711829
Marcelo Freitas Dias,marcelo.freitas.dias.2921@example.com,Rondonópolis,Cozinheiro,62,19294930595
Ricardo Araújo Freitas,ricardo.araujo.freitas.2922@example.com,Porto Alegre,Supervisor de qualidade,53,85453455387
Igor Castro Oliveira,igor.castro.oliveira.2923@example.com,Manaus,Gerente de recursos humanos,59,20496666976
Larissa Freitas Lima,larissa.freitas.lima.2924@example.com,Florianópolis,Programador,32,01218487470
Tatiane Rocha Mendes,tatiane.rocha.mendes.2925@example.com,Vitória,Enfermeiro,21,77451054816
Ricardo Pereira Oliveira,ricardo.pereira.oliveira.2926@example.com,Santos,Programador,48,45327638159
Pedro Martins Santos,pedro.martins.santos.2927@example.com,Dourados,Advogado,19,85593869203
Amanda Santos Barbosa,amanda.santos.barbosa.2928@example.com,Caxias do Sul,Técnico em informática,30,12646230140
Fernanda Silva Ribeiro,fernanda.silva.ribeiro.2929@example.com,Curitiba,Designer gráfico,21,91021646273
Vanessa Mendes Rocha,vanessa.mendes.rocha.2930@example.com,Sorocaba,Coordenador de logística,59,44443298316
Luana Barros Monteiro,luana.barros.monteiro.2931@example.com,Campo Grande,Supervisor de vendas,33,34635413501
Vanessa Lima Moreira,vanessa.lima.moreira.2932@example.com,Porto Alegre,Diretor comercial,18,33034330454
Daniela Freitas Silva,daniela.freitas.silva.2933@example.com,Rondonópolis,Supervisor de qualidade,59,93919054355
Felipe Barbosa Santos,felipe.barbosa.santos.2934@example.com,Fortaleza,Gerente de recursos humanos,28,14690836336
Carolina Oliveira Barbosa,carolina.oliveira.barbosa.2935@example.com,Campinas,Coordenador administrativo,70,39666024439
Juliana Martins Alves,juliana.martins.alves.2936@example.com,Goiânia,Programador,46,93697148418
Letícia Lima Costa,leticia.lima.costa.2937@example.com,Campo Grande,Chefe de departamento pessoal,43,62295379803
Mariana Carvalho Carvalho,mariana.carvalho.carvalho.2938@example.com,Dourados,Chefe de departamento pessoal,22,75058956506
Priscila Santos Alves,priscila.santos.alves.2939@example.com,Maringá,Coordenador de logística,28,02263684163
Henrique Mendes Pereira,henrique.mendes.pereira.2940@example.com,Sorocaba,Diretor comercial,54,68692326000
Igor Ribeiro Castro,igor.ribeiro.castro.2941@example.com,Florianópolis,Programador,24,96067053468
Thiago Ribeiro Barros,thiago.ribeiro.barros.2942@example.com,Curitiba,Chefe de almoxarifado,64,99413655520
Priscila Costa Carvalho,priscila.costa.carvalho.2943@example.com,Curitiba,Coordenador de marketing,22,18465364841
Paulo Araújo Costa,paulo.araujo.costa.2944@example.com,São Paulo,Analista de recursos humanos,34,71639618343
Gabriela Barbosa Dias,gabriela.barbosa.dias.2945@example.com,Vitória,Advogado,51,42211348237
Sérgio Cardoso Santos,sergio.cardoso.santos.2946@example.com,Campinas,Coordenador de produção,39,27956002427
Otávio Barros Nascimento,otavio.barros.nascimento.2947@example.com,Campinas,Designer gráfico,21,03685652195
Leonardo Lima Castro,leonardo.lima.castro.2948@example.com,Uberlândia,Diretor de operações,40,43960234566
Igor Cardoso Cardoso,igor.cardoso.cardoso.2949@example.com,Maringá,Corretor de imóveis,53,07523016455
Gustavo Moreira Souza,gustavo.moreira.souza.2950@example.com,Joinville,Assistente comercial,65,27959777560
José Barbosa Araújo,jose.barbosa.araujo.2951@example.com,Maringá,Coordenador de logística,54,04646562544
Aline Almeida Monteiro,aline.almeida.monteiro.2952@example.com,Santos,Gerente de recursos humanos,52,39190144453
Patrícia Costa Barros,patricia.costa.barros.2953@example.com,Goiânia,Coordenador administrativo,47,22144985306
Aline Carvalho Martins,aline.carvalho.martins.2954@example.com,Santos,Estoquista,33,51759841764
Gustavo Fernandes Moreira,gustavo.fernandes.moreira.2955@example.com,São Paulo,Engenheiro civil,43,46565300222
Lucas Castro Mendes,lucas.castro.mendes.2956@example.com,Campo Grande,Estoquista,20,58397373367
Amanda Carvalho Martins,amanda.carvalho.martins.2957@example.com,Goiânia,Programador,57,37209331171
Fernanda Silva Dias,fernanda.silva.dias.2958@example.com,Manaus,Supervisor de atendimento,52,17299221572
Vinícius Pereira Fernandes,vinicius.pereira.fernandes.2959@example.com,Manaus,Enfermeiro,67,35518749740
Henrique Souza Nascimento,henrique.souza.nascimento.2960@example.com,Caxias do Sul,Chefe de compras,21,96731154435
Igor Barbosa Costa,igor.barbosa.costa.2961@example.com,Belo Horizonte,Supervisor de qualidade,49,85716906391
João Santos Fernandes,joao.santos.fernandes.2962@example.com,Joinville,Recepcionista,19,69704187512
Igor Cardoso Fernandes,igor.cardoso.fernandes.2963@example.com,Londrina,Jornalista,33,02213242539
Igor Moreira Rocha,igor.moreira.rocha.2964@example.com,Belém,Mecânico,25,05355037181
Pedro Mendes Monteiro,pedro.mendes.monteiro.2965@example.com,Cuiabá,Professor,58,30211759495
Daniela Ribeiro Fernandes,daniela.ribeiro.fernandes.2966@example.com,Campinas,Supervisor de manutenção,41,08411536908
Thiago Barbosa Freitas,thiago.barbosa.freitas.2967@example.com,Caxias do Sul,Professor,25,52418679771
José Teixeira Teixeira,jose.teixeira.teixeira.2968@example.com,Rondonópolis,Jornalista,68,61012746940
Amanda Costa Moreira,amanda.costa.moreira.2969@example.com,Campo Grande,Mecânico,62,01698134947
Amanda Oliveira Gomes,amanda.oliveira.gomes.2970@example.com,Maringá,Atendente,64,35245547291
Vanessa Fernandes Ribeiro,vanessa.fernandes.ribeiro.2971@example.com,Santos,Advogado,30,75356156429
Vinícius Martins Ribeiro,vinicius.martins.ribeiro.2972@example.com,Caxias do Sul,Designer gráfico,65,92704483487
Letícia Rocha Monteiro,leticia.rocha.monteiro.2973@example.com,Recife,Arquiteto,67,05391211142
Mariana Dias Rocha,mariana.dias.rocha.2974@example.com,Uberlândia,Chefe de almoxarifado,64,27951533094
Simone Rocha Gomes,simone.rocha.gomes.2975@example.com,Joinville,Chefe de almoxarifado,44,96231746269
Lucas Nascimento Araújo,lucas.nascimento.araujo.2976@example.com,Campo Grande,Diretor comercial,63,24570008248
Carlos Fernandes Dias,carlos.fernandes.dias.2977@example.com,Vitória,Atendente,48,14801759306
Rafael Barros Rocha,rafael.barros.rocha.2978@example.com,Londrina,Mecânico,41,68268948667
Igor Souza Almeida,igor.souza.almeida.2979@example.com,Belém,Advogado,55,36162822773
Eduardo Ribeiro Almeida,eduardo.ribeiro.almeida.2980@example.com,Niterói,Recepcionista,52,56123812145
Vinícius Carvalho Rocha,vinicius.carvalho.rocha.2981@example.com,Porto Alegre,Supervisor de atendimento,24,55442403177
Ricardo Alves Castro,ricardo.alves.castro.2982@example.com,Santos,Comprador,56,77723341900
Carolina Dias Cardoso,carolina.dias.cardoso.2983@example.com,Salvador,Coordenador de produção,59,10210038426
Otávio Rocha Costa,otavio.rocha.costa.2984@example.com,Natal,Supervisor de qualidade,67,77599965605
Nicolas Barros Santos,nicolas.barros.santos.2985@example.com,Brasília,Vendedor,68,04277646932
Otávio Nascimento Rodrigues,otavio.nascimento.rodrigues.2986@example.com,Florianópolis,Professor,64,85056994791
Paulo Lima Costa,paulo.lima.costa.2987@example.com,Curitiba,Farmacêutico,60,97930051973
Henrique Souza Rodrigues,henrique.souza.rodrigues.2988@example.com,Vitória,Analista financeiro,28,71147159573
Simone Dias Moreira,simone.dias.moreira.2989@example.com,Belo Horizonte,Estoquista,32,17062035487
Diego Santos Ribeiro,diego.santos.ribeiro.2990@example.com,Rio de Janeiro,Arquiteto,44,73937385927
Gustavo Pereira Carvalho,gustavo.pereira.carvalho.2991@example.com,Porto Alegre,Gerente financeiro,49,90798301480
Carlos Dias Rocha,carlos.dias.rocha.2992@example.com,Uberlândia,Nutricionista,56,95205346202
Mariana Gomes Rodrigues,mariana.gomes.rodrigues.2993@example.com,Salvador,Fisioterapeuta,66,44005989134
Carlos Nascimento Martins,carlos.nascimento.martins.2994@example.com,Florianópolis,Gerente de tecnologia,69,12603756233
Fernanda Pereira Rocha,fernanda.pereira.rocha.2995@example.com,Caxias do Sul,Coordenador de marketing,55,46858019654
Priscila Mendes Almeida,priscila.mendes.almeida.2996@example.com,Maringá,Farmacêutico,18,13109322131
Ana Santos Souza,ana.santos.souza.2997@example.com,Rondonópolis,Supervisor de vendas,47,86399754944
Débora Costa Souza,debora.costa.souza.2998@example.com,Florianópolis,Gerente comercial,35,59084594715
Diego Alves Carvalho,diego.alves.carvalho.2999@example.com,Campo Grande,Motorista,70,18533250284
Vanessa Barros Silva,vanessa.barros.silva.3000@example.com,Recife,Coordenador de logística,53,56153988067
