nome,email,cidade,profissao,idade,cpf
Beatriz Santos Souza,beatriz.santos.souza.27001@example.com,Goiânia,Analista de marketing,29,94238337339
José Monteiro Souza,jose.monteiro.souza.27002@example.com,Campo Grande,Gerente de tecnologia,29,31622667629
Thiago Castro Rocha,thiago.castro.rocha.27003@example.com,Curitiba,Técnico de segurança do trabalho,37,53395842139
Igor Ribeiro Rocha,igor.ribeiro.rocha.27004@example.com,Natal,Cozinheiro,50,21767428946
Lucas Castro Carvalho,lucas.castro.carvalho.27005@example.com,Belém,Analista de dados,56,90326413576
Camila Souza Teixeira,camila.souza.teixeira.27006@example.com,Rio de Janeiro,Gerente de operações,67,83872346617
Juliana Santos Oliveira,juliana.santos.oliveira.27007@example.com,Campo Grande,Assistente administrativo,57,70653312604
Lucas Fernandes Almeida,lucas.fernandes.almeida.27008@example.com,Caxias do Sul,Técnico em informática,48,63222888443
Renata Freitas Fernandes,renata.freitas.fernandes.27009@example.com,Curitiba,Cozinheiro,43,54570178597
Marcelo Martins Moreira,marcelo.martins.moreira.27010@example.com,Londrina,Gerente de operações,64,63031019606
Nicolas Rocha Ribeiro,nicolas.rocha.ribeiro.27011@example.com,Caxias do Sul,Coordenador administrativo,34,35026642108
Lucas Moreira Ribeiro,lucas.moreira.ribeiro.27012@example.com,Cuiabá,Enfermeiro,52,50454295005
Renata Barros Moreira,renata.barros.moreira.27013@example.com,Campo Grande,Chefe de almoxarifado,62,83873264891
Aline Castro Costa,aline.castro.costa.27014@example.com,Porto Alegre,Gerente de recursos humanos,52,63466541000
Thiago Rodrigues Carvalho,thiago.rodrigues.carvalho.27015@example.com,Porto Alegre,Analista de marketing,28,87021736389
Ricardo Rodrigues Barbosa,ricardo.rodrigues.barbosa.27016@example.com,Curitiba,Fisioterapeuta,31,64657956918
Renata Santos Silva,renata.santos.silva.27017@example.com,Curitiba,Técnico em informática,69,12789244399
Daniela Santos Gomes,daniela.santos.gomes.27018@example.com,Cuiabá,Farmacêutico,42,33124927681
Leonardo Freitas Gomes,leonardo.freitas.gomes.27019@example.com,Dourados,Advogado,36,76653821429
Sérgio Oliveira Lima,sergio.oliveira.lima.27020@example.com,Vitória,Encarregado de produção,53,45961746466
Leonardo Santos Almeida,leonardo.santos.almeida.27021@example.com,Campo Grande,Diretor comercial,61,27472940103
Aline Mendes Castro,aline.mendes.castro.27022@example.com,Maringá,Atendente,64,80574775766
Otávio Pereira Dias,otavio.pereira.dias.27023@example.com,Salvador,Diretor comercial,31,27729687903
Carolina Freitas Souza,carolina.freitas.souza.27024@example.com,Rio de Janeiro,Coordenador de logística,30,24317620568
Mariana Souza Cardoso,mariana.souza.cardoso.27025@example.com,São Paulo,Analista de marketing,59,06164054637
Nicolas Ribeiro Lima,nicolas.ribeiro.lima.27026@example.com,Recife,Programador,42,90965274707
Nicolas Alves Carvalho,nicolas.alves.carvalho.27027@example.com,Rio de Janeiro,Técnico de enfermagem,23,15875058357
Lucas Freitas Barros,lucas.freitas.barros.27028@example.com,Goiânia,Recepcionista,50,13551897552
Vinícius Gomes Freitas,vinicius.gomes.freitas.27029@example.com,Cuiabá,Jornalista,37,93594617616
Gabriela Freitas Silva,gabriela.freitas.silva.27030@example.com,Recife,Advogado,36,31033437415
Vanessa Alves Monteiro,vanessa.alves.monteiro.27031@example.com,Vitória,Gerente de tecnologia,45,40270102220
Marcelo Silva Almeida,marcelo.silva.almeida.27032@example.com,Campinas,Coordenador de produção,28,39215046972
Daniela Costa Gomes,daniela.costa.gomes.27033@example.com,Rio de Janeiro,Chefe de departamento pessoal,66,09811853354
Diego Barros Moreira,diego.barros.moreira.27034@example.com,Salvador,Enfermeiro,52,58364941316
Eduardo Araújo Carvalho,eduardo.araujo.carvalho.27035@example.com,Curitiba,Farmacêutico,38,08579072101
Eduardo Costa Costa,eduardo.costa.costa.27036@example.com,Florianópolis,Chefe de departamento pessoal,59,08275177818
Diego Ribeiro Oliveira,diego.ribeiro.oliveira.27037@example.com,Brasília,Técnico de segurança do trabalho,39,77572262920
Renata Silva Souza,renata.silva.souza.27038@example.com,Vitória,Corretor de imóveis,24,21357607979
Vanessa Rocha Rocha,vanessa.rocha.rocha.27039@example.com,Belo Horizonte,Líder de equipe,38,69081351899
Vitória Araújo Rodrigues,vitoria.araujo.rodrigues.27040@example.com,Caxias do Sul,Encarregado de produção,28,45200976870
Lucas Silva Moreira,lucas.silva.moreira.27041@example.com,Fortaleza,Fisioterapeuta,46,92269501136
Juliana Rocha Rodrigues,juliana.rocha.rodrigues.27042@example.com,Brasília,Gerente de tecnologia,58,89451303252
Sandra Souza Fernandes,sandra.souza.fernandes.27043@example.com,Belo Horizonte,Padeiro,45,56026821974
Vinícius Rodrigues Ribeiro,vinicius.rodrigues.ribeiro.27044@example.com,Cuiabá,Gerente de recursos humanos,58,43198446972
Fernanda Santos Barbosa,fernanda.santos.barbosa.27045@example.com,Manaus,Líder de equipe,35,21145703501
Camila Cardoso Barbosa,camila.cardoso.barbosa.27046@example.com,Campinas,Enfermeiro,23,93737589725
Daniela Castro Moreira,daniela.castro.moreira.27047@example.com,Uberlândia,Coordenador administrativo,35,66523893079
Gabriela Martins Carvalho,gabriela.martins.carvalho.27048@example.com,São Paulo,Corretor de imóveis,55,06430906438
Pedro Souza Araújo,pedro.souza.araujo.27049@example.com,Belo Horizonte,Programador,26,01366243896
Nicolas Carvalho Carvalho,nicolas.carvalho.carvalho.27050@example.com,Goiânia,Encarregado de produção,35,00805172602
Carolina Gomes Ribeiro,carolina.gomes.ribeiro.27051@example.com,Florianópolis,Diretor de operações,36,91889518380
Luana Araújo Gomes,luana.araujo.gomes.27052@example.com,Campo Grande,Chefe de compras,22,99988921520
Renata Alves Martins,renata.alves.martins.27053@example.com,Belém,Recepcionista,59,17064210693
Ricardo Gomes Freitas,ricardo.gomes.freitas.27054@example.com,Florianópolis,Corretor de imóveis,50,54191465981
Carolina Moreira Costa,carolina.moreira.costa.27055@example.com,Belém,Coordenador de logística,62,45795231670
Vinícius Silva Silva,vinicius.silva.silva.27056@example.com,Rio de Janeiro,Gerente de recursos humanos,25,86440313734
Larissa Rodrigues Teixeira,larissa.rodrigues.teixeira.27057@example.com,Joinville,Diretor comercial,50,69886610541
Tatiane Moreira Monteiro,tatiane.moreira.monteiro.27058@example.com,Uberlândia,Vendedor,70,76281597268
Juliana Almeida Santos,juliana.almeida.santos.27059@example.com,Sorocaba,Analista de marketing,30,24755555392
Luana Nascimento Pereira,luana.nascimento.pereira.27060@example.com,Florianópolis,Enfermeiro,53,99451877925
José Rocha Castro,jose.rocha.castro.27061@example.com,Santos,Coordenador de marketing,39,97366637840
Tatiane Martins Teixeira,tatiane.martins.teixeira.27062@example.com,Florianópolis,Corretor de imóveis,24,92853654663
Nicolas Cardoso Teixeira,nicolas.cardoso.teixeira.27063@example.com,Manaus,Eletricista,37,07849614807
Otávio Moreira Mendes,otavio.moreira.mendes.27064@example.com,Rondonópolis,Analista de marketing,67,03836370585
Daniela Pereira Lima,daniela.pereira.lima.27065@example.com,Belém,Supervisor de vendas,35,69834228286
Sandra Barros Araújo,sandra.barros.araujo.27066@example.com,Uberlândia,Analista financeiro,33,90653172072
Nicolas Santos Oliveira,nicolas.santos.oliveira.27067@example.com,Joinville,Técnico de enfermagem,33,70992282161
Débora Mendes Almeida,debora.mendes.almeida.27068@example.com,Natal,Supervisor de vendas,55,32589186631
Ana Lima Moreira,ana.lima.moreira.27069@example.com,Salvador,Coordenador de marketing,19,57823975291
Pedro Pereira Castro,pedro.pereira.castro.27070@example.com,Rio de Janeiro,Fisioterapeuta,56,46740817228
Larissa Fernandes Pereira,larissa.fernandes.pereira.27071@example.com,Florianópolis,Engenheiro civil,28,55404557872
Fernanda Santos Barbosa,fernanda.santos.barbosa.27072@example.com,Belém,Programador,57,54115976938
Renata Martins Gomes,renata.martins.gomes.27073@example.com,Dourados,Líder de equipe,68,56635842249
Ricardo Costa Rodrigues,ricardo.costa.rodrigues.27074@example.com,Vitória,Vendedor,36,01639302689
Bruno Castro Moreira,bruno.castro.moreira.27075@example.com,Dourados,Mecânico,28,15949578174
Henrique Rodrigues Rocha,henrique.rodrigues.rocha.27076@example.com,Vitória,Coordenador de marketing,59,15330246206
Amanda Carvalho Nascimento,amanda.carvalho.nascimento.27077@example.com,Caxias do Sul,Programador,64,85608589258
Gabriel Martins Rocha,gabriel.martins.rocha.27078@example.com,Campo Grande,Comprador,39,39879170660
Tatiane Nascimento Cardoso,tatiane.nascimento.cardoso.27079@example.com,São Paulo,Padeiro,65,86406008099
Vinícius Araújo Silva,vinicius.araujo.silva.27080@example.com,Campinas,Coordenador de produção,31,33120148803
Nicolas Rodrigues Carvalho,nicolas.rodrigues.carvalho.27081@example.com,Joinville,Operador de caixa,20,97800267205
Gustavo Teixeira Mendes,gustavo.teixeira.mendes.27082@example.com,Fortaleza,Gerente de recursos humanos,29,52709267286
Aline Mendes Teixeira,aline.mendes.teixeira.27083@example.com,Fortaleza,Analista de recursos humanos,54,59233756617
Aline Alves Alves,aline.alves.alves.27084@example.com,Sorocaba,Nutricionista,60,04478380560
Simone Almeida Fernandes,simone.almeida.fernandes.27085@example.com,Florianópolis,Recepcionista,37,28946488366
Henrique Barbosa Martins,henrique.barbosa.martins.27086@example.com,Manaus,Técnico em informática,23,16596061587
Camila Martins Freitas,camila.martins.freitas.27087@example.com,Campinas,Professor,19,38399946882
Carlos Dias Martins,carlos.dias.martins.27088@example.com,Belém,Designer gráfico,68,59540510563
Diego Teixeira Oliveira,diego.teixeira.oliveira.27089@example.com,Maringá,Jornalista,58,62827820405
Gustavo Rodrigues Oliveira,gustavo.rodrigues.oliveira.27090@example.com,Natal,Assistente comercial,70,37750197083
Patrícia Carvalho Mendes,patricia.carvalho.mendes.27091@example.com,São Paulo,Comprador,26,87056959144
Vitória Santos Rodrigues,vitoria.santos.rodrigues.27092@example.com,São Paulo,Analista de dados,45,43991131295
Lucas Freitas Barbosa,lucas.freitas.barbosa.27093@example.com,Brasília,Diretor comercial,63,10498513738
Patrícia Teixeira Barbosa,patricia.teixeira.barbosa.27094@example.com,Fortaleza,Coordenador de logística,49,57706416860
Daniela Souza Castro,daniela.souza.castro.27095@example.com,Dourados,Analista de recursos humanos,24,25842528142
Beatriz Cardoso Souza,beatriz.cardoso.souza.27096@example.com,Campo Grande,Comprador,48,16093916843
Thiago Dias Rodrigues,thiago.dias.rodrigues.27097@example.com,Uberlândia,Cozinheiro,65,31710345505
Juliana Ribeiro Costa,juliana.ribeiro.costa.27098@example.com,Campo Grande,Jornalista,36,65435053362
Letícia Pereira Teixeira,leticia.pereira.teixeira.27099@example.com,Porto Alegre,Analista financeiro,64,85994514345
Renata Moreira Santos,renata.moreira.santos.27100@example.com,Dourados,Estoquista,53,45449954313
José Pereira Martins,jose.pereira.martins.27101@example.com,Goiânia,Gerente comercial,50,90216472079
Ana Oliveira Castro,ana.oliveira.castro.27102@example.com,Rondonópolis,Vendedor,54,30554535820
Felipe Almeida Carvalho,felipe.almeida.carvalho.27103@example.com,Santos,Analista de marketing,20,39553988713
Patrícia Nascimento Fernandes,patricia.nascimento.fernandes.27104@example.com,Belo Horizonte,Analista de marketing,59,90858740599
Gustavo Lima Silva,gustavo.lima.silva.27105@example.com,Salvador,Técnico de enfermagem,48,60880730261
Gabriel Rodrigues Santos,gabriel.rodrigues.santos.27106@example.com,Sorocaba,Encarregado de produção,29,75265923540
Beatriz Silva Santos,beatriz.silva.santos.27107@example.com,Salvador,Técnico de segurança do trabalho,50,89017539647
Ana Barbosa Almeida,ana.barbosa.almeida.27108@example.com,Salvador,Supervisor de atendimento,39,40312473294
Gabriel Freitas Barbosa,gabriel.freitas.barbosa.27109@example.com,Londrina,Chefe de compras,61,01828638071
Ana Moreira Carvalho,ana.moreira.carvalho.27110@example.com,Porto Alegre,Vendedor,19,07152977371
Gabriela Santos Almeida,gabriela.santos.almeida.27111@example.com,Salvador,Corretor de imóveis,53,99905841467
Carolina Nascimento Martins,carolina.nascimento.martins.27112@example.com,Belém,Supervisor de vendas,28,72693331820
Patrícia Ribeiro Santos,patricia.ribeiro.santos.27113@example.com,Uberlândia,Corretor de imóveis,31,54757529349
Sandra Martins Lima,sandra.martins.lima.27114@example.com,Recife,Técnico de segurança do trabalho,20,02205870729
José Teixeira Martins,jose.teixeira.martins.27115@example.com,Manaus,Eletricista,33,64100322607
Gabriela Moreira Barbosa,gabriela.moreira.barbosa.27116@example.com,Maringá,Recepcionista,52,57814998852
Vitória Oliveira Monteiro,vitoria.oliveira.monteiro.27117@example.com,Sorocaba,Técnico de segurança do trabalho,19,91552472632
Débora Alves Barros,debora.alves.barros.27118@example.com,Porto Alegre,Enfermeiro,45,14431498686
Letícia Ribeiro Lima,leticia.ribeiro.lima.27119@example.com,Porto Alegre,Técnico em informática,60,22579700113
Ricardo Barbosa Cardoso,ricardo.barbosa.cardoso.27120@example.com,Salvador,Padeiro,20,66337451953
Aline Souza Oliveira,aline.souza.oliveira.27121@example.com,Porto Alegre,Analista financeiro,51,05403741132
Vinícius Almeida Oliveira,vinicius.almeida.oliveira.27122@example.com,Maringá,Gerente de tecnologia,41,50415732845
Igor Martins Mendes,igor.martins.mendes.27123@example.com,Manaus,Gerente comercial,56,14900231136
Ana Almeida Dias,ana.almeida.dias.27124@example.com,Salvador,Auxiliar de produção,52,73348993227
João Rocha Ribeiro,joao.rocha.ribeiro.27125@example.com,Niterói,Recepcionista,23,69806563563
Vanessa Carvalho Carvalho,vanessa.carvalho.carvalho.27126@example.com,Uberlândia,Gerente financeiro,32,39762658121
Priscila Teixeira Santos,priscila.teixeira.santos.27127@example.com,Sorocaba,Advogado,49,04059193315
Vinícius Castro Souza,vinicius.castro.souza.27128@example.com,Dourados,Analista financeiro,33,44725699050
Patrícia Barbosa Cardoso,patricia.barbosa.cardoso.27129@example.com,Joinville,Designer gráfico,69,48364342219
Mariana Araújo Almeida,mariana.araujo.almeida.27130@example.com,Belo Horizonte,Padeiro,32,42562551809
Ana Oliveira Lima,ana.oliveira.lima.27131@example.com,Campo Grande,Técnico de enfermagem,18,15831095235
Débora Barros Pereira,debora.barros.pereira.27132@example.com,Campo Grande,Padeiro,64,25930766323
Ricardo Oliveira Araújo,ricardo.oliveira.araujo.27133@example.com,Campo Grande,Estoquista,18,76702489440
Marcelo Freitas Martins,marcelo.freitas.martins.27134@example.com,Uberlândia,Farmacêutico,32,23427698853
João Cardoso Lima,joao.cardoso.lima.27135@example.com,Florianópolis,Gerente de tecnologia,45,17669941262
Henrique Dias Almeida,henrique.dias.almeida.27136@example.com,Joinville,Coordenador de marketing,29,39941769862
Priscila Cardoso Araújo,priscila.cardoso.araujo.27137@example.com,Manaus,Farmacêutico,26,95081268945
Aline Gomes Teixeira,aline.gomes.teixeira.27138@example.com,Rio de Janeiro,Analista de dados,63,96171784437
Nicolas Almeida Lima,nicolas.almeida.lima.27139@example.com,Rondonópolis,Enfermeiro,60,93690964262
Otávio Silva Carvalho,otavio.silva.carvalho.27140@example.com,Belém,Pedreiro,47,84800304979
Eduardo Ribeiro Freitas,eduardo.ribeiro.freitas.27141@example.com,Maringá,Técnico em informática,24,71613298779
Tatiane Nascimento Gomes,tatiane.nascimento.gomes.27142@example.com,Santos,Arquiteto,29,36317664544
Daniela Costa Pereira,daniela.costa.pereira.27143@example.com,Dourados,Assistente administrativo,36,18566160050
Vanessa Lima Monteiro,vanessa.lima.monteiro.27144@example.com,Santos,Supervisor de manutenção,21,27654701146
Thiago Rodrigues Costa,thiago.rodrigues.costa.27145@example.com,Dourados,Chefe de departamento pessoal,59,51369806728
Amanda Silva Mendes,amanda.silva.mendes.27146@example.com,Goiânia,Farmacêutico,67,08935203001
Priscila Monteiro Barbosa,priscila.monteiro.barbosa.27147@example.com,Salvador,Chefe de compras,20,98786709952
Henrique Carvalho Souza,henrique.carvalho.souza.27148@example.com,Belém,Gerente de tecnologia,46,68077818246
Pedro Almeida Carvalho,pedro.almeida.carvalho.27149@example.com,Sorocaba,Coordenador de marketing,21,59741768817
Débora Nascimento Nascimento,debora.nascimento.nascimento.27150@example.com,Santos,Diretor comercial,41,40519065662
Fernanda Silva Costa,fernanda.silva.costa.27151@example.com,Fortaleza,Estoquista,19,02202810677
Amanda Rodrigues Araújo,amanda.rodrigues.araujo.27152@example.com,Maringá,Encarregado de produção,40,28522652401
Vinícius Ribeiro Mendes,vinicius.ribeiro.mendes.27153@example.com,Cuiabá,Recepcionista,60,02952696571
Simone Gomes Teixeira,simone.gomes.teixeira.27154@example.com,Rio de Janeiro,Diretor comercial,20,86298961246
Eduardo Nascimento Barbosa,eduardo.nascimento.barbosa.27155@example.com,Natal,Mecânico,23,79022856990
Tatiane Santos Martins,tatiane.santos.martins.27156@example.com,Recife,Supervisor de vendas,52,39293948661
Felipe Costa Mendes,felipe.costa.mendes.27157@example.com,Niterói,Designer gráfico,33,50727418921
Eduardo Pereira Mendes,eduardo.pereira.mendes.27158@example.com,Salvador,Padeiro,20,90041397608
Tatiane Lima Dias,tatiane.lima.dias.27159@example.com,Niterói,Diretor comercial,59,22783390320
Vitória Araújo Castro,vitoria.araujo.castro.27160@example.com,Manaus,Técnico de segurança do trabalho,60,21595283621
Henrique Almeida Freitas,henrique.almeida.freitas.27161@example.com,Curitiba,Designer gráfico,39,60646668777
Tatiane Santos Alves,tatiane.santos.alves.27162@example.com,Caxias do Sul,Gerente de recursos humanos,61,93200572988
Otávio Barros Carvalho,otavio.barros.carvalho.27163@example.com,Curitiba,Fisioterapeuta,40,23283223622
Otávio Rodrigues Santos,otavio.rodrigues.santos.27164@example.com,Santos,Engenheiro civil,64,14386415454
Paulo Cardoso Freitas,paulo.cardoso.freitas.27165@example.com,Recife,Fisioterapeuta,46,49336595374
Luana Costa Souza,luana.costa.souza.27166@example.com,Vitória,Contador,35,90538150856
Tatiane Souza Martins,tatiane.souza.martins.27167@example.com,Recife,Professor,28,37882366172
Gabriel Carvalho Carvalho,gabriel.carvalho.carvalho.27168@example.com,Santos,Vendedor,59,87967003026
Amanda Gomes Gomes,amanda.gomes.gomes.27169@example.com,Londrina,Motorista,42,81893538778
Eduardo Almeida Rodrigues,eduardo.almeida.rodrigues.27170@example.com,Salvador,Assistente comercial,24,20801104043
Larissa Dias Barros,larissa.dias.barros.27171@example.com,Florianópolis,Motorista,30,87221091608
Amanda Barros Moreira,amanda.barros.moreira.27172@example.com,Belém,Contador,22,35991880952
Camila Almeida Nascimento,camila.almeida.nascimento.27173@example.com,Uberlândia,Gerente de tecnologia,39,59356784761
Thiago Freitas Barros,thiago.freitas.barros.27174@example.com,Londrina,Coordenador de produção,41,64244703349
Simone Rocha Castro,simone.rocha.castro.27175@example.com,Uberlândia,Analista de recursos humanos,58,77219499986
Marcelo Alves Martins,marcelo.alves.martins.27176@example.com,Maringá,Assistente administrativo,64,49142130026
Igor Lima Pereira,igor.lima.pereira.27177@example.com,Salvador,Corretor de imóveis,47,30897485859
Vinícius Gomes Teixeira,vinicius.gomes.teixeira.27178@example.com,Rio de Janeiro,Corretor de imóveis,33,16241617322
Rafael Rodrigues Dias,rafael.rodrigues.dias.27179@example.com,Manaus,Designer gráfico,51,50765234857
Rafael Fernandes Santos,rafael.fernandes.santos.27180@example.com,Niterói,Coordenador de logística,34,11613705440
Rafael Pereira Nascimento,rafael.pereira.nascimento.27181@example.com,Belém,Coordenador de logística,70,85064752088
Renata Barros Silva,renata.barros.silva.27182@example.com,Niterói,Analista de dados,70,41888424261
Priscila Gomes Alves,priscila.gomes.alves.27183@example.com,Curitiba,Técnico em informática,52,18475829207
Gustavo Souza Castro,gustavo.souza.castro.27184@example.com,Campinas,Supervisor de qualidade,18,11798597419
Vanessa Mendes Cardoso,vanessa.mendes.cardoso.27185@example.com,Rio de Janeiro,Chefe de departamento pessoal,28,52259208373
Vinícius Monteiro Lima,vinicius.monteiro.lima.27186@example.com,Cuiabá,Auxiliar de produção,27,85368118962
Vinícius Araújo Almeida,vinicius.araujo.almeida.27187@example.com,Maringá,Programador,21,86084467852
Vinícius Rodrigues Almeida,vinicius.rodrigues.almeida.27188@example.com,Caxias do Sul,Engenheiro civil,60,76002670357
José Castro Barros,jose.castro.barros.27189@example.com,Salvador,Enfermeiro,27,00499905447
Renata Souza Pereira,renata.souza.pereira.27190@example.com,Campinas,Mecânico,62,18728729189
Eduardo Rocha Monteiro,eduardo.rocha.monteiro.27191@example.com,Sorocaba,Gerente financeiro,18,22402931330
Vinícius Gomes Costa,vinicius.gomes.costa.27192@example.com,Salvador,Jornalista,68,67503510723
Rafael Barbosa Fernandes,rafael.barbosa.fernandes.27193@example.com,Brasília,Supervisor de atendimento,65,24577046351
Patrícia Monteiro Almeida,patricia.monteiro.almeida.27194@example.com,Rondonópolis,Chefe de compras,44,13298557468
Beatriz Carvalho Barros,beatriz.carvalho.barros.27195@example.com,Dourados,Professor,57,47640424982
Mariana Pereira Costa,mariana.pereira.costa.27196@example.com,Manaus,Engenheiro civil,33,19458186003
Carlos Rodrigues Silva,carlos.rodrigues.silva.27197@example.com,Dourados,Chefe de almoxarifado,65,64102819736
Thiago Dias Rocha,thiago.dias.rocha.27198@example.com,Recife,Padeiro,27,62409420956
Sandra Alves Barbosa,sandra.alves.barbosa.27199@example.com,Porto Alegre,Gerente financeiro,40,28449999416
João Ribeiro Nascimento,joao.ribeiro.nascimento.27200@example.com,Natal,Operador de caixa,39,43783275487
Fernanda Araújo Dias,fernanda.araujo.dias.27201@example.com,Sorocaba,Técnico em informática,39,90288427712
Tatiane Barros Teixeira,tatiane.barros.teixeira.27202@example.com,Campinas,Diretor comercial,27,62756638761
Débora Araújo Costa,debora.araujo.costa.27203@example.com,Recife,Corretor de imóveis,58,60218088604
Vanessa Silva Monteiro,vanessa.silva.monteiro.27204@example.com,Vitória,Mecânico,36,84987976798
Felipe Almeida Martins,felipe.almeida.martins.27205@example.com,Dourados,Engenheiro civil,37,89597581774
Tatiane Barros Nascimento,tatiane.barros.nascimento.27206@example.com,Cuiabá,Gerente financeiro,64,26807610708
Henrique Carvalho Silva,henrique.carvalho.silva.27207@example.com,Belo Horizonte,Diretor de operações,23,44609125914
Carolina Monteiro Gomes,carolina.monteiro.gomes.27208@example.com,Santos,Analista financeiro,46,53064047122
João Teixeira Almeida,joao.teixeira.almeida.27209@example.com,Vitória,Chefe de almoxarifado,22,66169126147
Igor Ribeiro Gomes,igor.ribeiro.gomes.27210@example.com,Natal,Diretor comercial,52,19301684122
Vanessa Gomes Ribeiro,vanessa.gomes.ribeiro.27211@example.com,Londrina,Professor,53,18828284191
Gabriel Monteiro Barros,gabriel.monteiro.barros.27212@example.com,Vitória,Diretor comercial,52,57607699193
Daniela Araújo Nascimento,daniela.araujo.nascimento.27213@example.com,Niterói,Eletricista,44,57637458568
Carolina Rodrigues Monteiro,carolina.rodrigues.monteiro.27214@example.com,São Paulo,Arquiteto,50,62879233152
Vinícius Martins Fernandes,vinicius.martins.fernandes.27215@example.com,São Paulo,Chefe de compras,36,69883424833
Aline Alves Freitas,aline.alves.freitas.27216@example.com,Londrina,Técnico em informática,26,91210011723
Sandra Santos Lima,sandra.santos.lima.27217@example.com,Brasília,Engenheiro civil,35,77853697925
Henrique Araújo Rocha,henrique.araujo.rocha.27218@example.com,Curitiba,Contador,57,35638547109
Gabriela Rocha Monteiro,gabriela.rocha.monteiro.27219@example.com,Porto Alegre,Diretor comercial,69,14021441778
Ana Fernandes Cardoso,ana.fernandes.cardoso.27220@example.com,Rio de Janeiro,Técnico em informática,39,22840094168
Rafael Rodrigues Oliveira,rafael.rodrigues.oliveira.27221@example.com,Florianópolis,Programador,66,40303981637
Ricardo Nascimento Dias,ricardo.nascimento.dias.27222@example.com,Caxias do Sul,Atendente,35,70184064478
Letícia Nascimento Barbosa,leticia.nascimento.barbosa.27223@example.com,Sorocaba,Gerente financeiro,47,52484880068
Leonardo Santos Araújo,leonardo.santos.araujo.27224@example.com,Santos,Corretor de imóveis,59,03217209570
Igor Gomes Martins,igor.gomes.martins.27225@example.com,Goiânia,Motorista,65,40866110741
Vanessa Ribeiro Oliveira,vanessa.ribeiro.oliveira.27226@example.com,Recife,Técnico de enfermagem,33,94073768340
Bruno Dias Almeida,bruno.dias.almeida.27227@example.com,Campo Grande,Operador de caixa,41,96119886216
Igor Monteiro Dias,igor.monteiro.dias.27228@example.com,Maringá,Vendedor,33,10415401652
Henrique Castro Nascimento,henrique.castro.nascimento.27229@example.com,Goiânia,Diretor comercial,31,50986162017
Vinícius Araújo Barros,vinicius.araujo.barros.27230@example.com,Brasília,Designer gráfico,37,92094330642
Renata Almeida Moreira,renata.almeida.moreira.27231@example.com,Natal,Designer gráfico,54,73199571469
Felipe Pereira Teixeira,felipe.pereira.teixeira.27232@example.com,Fortaleza,Coordenador de logística,43,57505405863
Sandra Barros Ribeiro,sandra.barros.ribeiro.27233@example.com,Natal,Supervisor de vendas,23,38594185699
Nicolas Lima Barbosa,nicolas.lima.barbosa.27234@example.com,Sorocaba,Líder de equipe,65,21493242708
José Teixeira Ribeiro,jose.teixeira.ribeiro.27235@example.com,Dourados,Corretor de imóveis,56,52898528165
Pedro Carvalho Freitas,pedro.carvalho.freitas.27236@example.com,Belém,Chefe de departamento pessoal,59,11165506651
Henrique Alves Costa,henrique.alves.costa.27237@example.com,Rio de Janeiro,Supervisor de atendimento,60,00947220640
Luana Silva Rocha,luana.silva.rocha.27238@example.com,Manaus,Coordenador de logística,29,81533359270
Felipe Araújo Alves,felipe.araujo.alves.27239@example.com,Campo Grande,Programador,34,50620695954
Diego Santos Araújo,diego.santos.araujo.27240@example.com,Florianópolis,Supervisor de vendas,57,93681822855
Renata Cardoso Martins,renata.cardoso.martins.27241@example.com,Belém,Comprador,70,10542057513
Amanda Alves Barbosa,amanda.alves.barbosa.27242@example.com,Campinas,Analista de marketing,23,69271588334
Carlos Souza Alves,carlos.souza.alves.27243@example.com,Niterói,Cozinheiro,26,76075188730
Priscila Ribeiro Mendes,priscila.ribeiro.mendes.27244@example.com,Campinas,Fisioterapeuta,61,19831432383
Carolina Castro Pereira,carolina.castro.pereira.27245@example.com,Uberlândia,Chefe de departamento pessoal,44,23694428951
Vinícius Araújo Mendes,vinicius.araujo.mendes.27246@example.com,Brasília,Analista de dados,49,96498321330
Larissa Souza Souza,larissa.souza.souza.27247@example.com,Campinas,Técnico em informática,59,42304405095
Gabriela Barros Fernandes,gabriela.barros.fernandes.27248@example.com,Belém,Designer gráfico,42,58595461837
Diego Lima Gomes,diego.lima.gomes.27249@example.com,Dourados,Chefe de compras,49,14332875640
Patrícia Oliveira Alves,patricia.oliveira.alves.27250@example.com,Rio de Janeiro,Supervisor de manutenção,19,49129883073
Amanda Teixeira Mendes,amanda.teixeira.mendes.27251@example.com,Santos,Coordenador de produção,66,85877090436
Ana Lima Almeida,ana.lima.almeida.27252@example.com,Goiânia,Vendedor,66,66899687318
Tatiane Santos Rodrigues,tatiane.santos.rodrigues.27253@example.com,Natal,Padeiro,54,43868922584
Vitória Oliveira Pereira,vitoria.oliveira.pereira.27254@example.com,Santos,Contador,57,97079391158
Luana Ribeiro Barros,luana.ribeiro.barros.27255@example.com,Uberlândia,Coordenador administrativo,38,46939995978
Carlos Lima Carvalho,carlos.lima.carvalho.27256@example.com,Dourados,Encarregado de produção,48,19318765944
Carolina Dias Souza,carolina.dias.souza.27257@example.com,Curitiba,Cozinheiro,62,05739868159
Vitória Dias Carvalho,vitoria.dias.carvalho.27258@example.com,Curitiba,Assistente administrativo,45,53464322350
Débora Cardoso Ribeiro,debora.cardoso.ribeiro.27259@example.com,Porto Alegre,Líder de equipe,47,51605317108
Simone Teixeira Martins,simone.teixeira.martins.27260@example.com,Manaus,Técnico de segurança do trabalho,55,68454948661
Luana Alves Souza,luana.alves.souza.27261@example.com,Manaus,Nutricionista,46,82973208126
Vinícius Rocha Gomes,vinicius.rocha.gomes.27262@example.com,Joinville,Gerente comercial,65,06738105385
Carolina Gomes Ribeiro,carolina.gomes.ribeiro.27263@example.com,Natal,Supervisor de qualidade,30,17811164355
Marcelo Rodrigues Cardoso,marcelo.rodrigues.cardoso.27264@example.com,Joinville,Mecânico,43,34839334342
Luana Carvalho Ribeiro,luana.carvalho.ribeiro.27265@example.com,Vitória,Assistente administrativo,29,40617545863
Tatiane Carvalho Oliveira,tatiane.carvalho.oliveira.27266@example.com,Porto Alegre,Auxiliar de produção,64,11866186381
Fernanda Mendes Silva,fernanda.mendes.silva.27267@example.com,Belém,Cozinheiro,66,60861520056
Marcelo Nascimento Silva,marcelo.nascimento.silva.27268@example.com,Londrina,Cozinheiro,67,30798062129
Diego Nascimento Silva,diego.nascimento.silva.27269@example.com,Cuiabá,Analista de recursos humanos,42,22250893571
Beatriz Mendes Rocha,beatriz.mendes.rocha.27270@example.com,Belo Horizonte,Analista de marketing,27,04958923986
Gabriela Araújo Ribeiro,gabriela.araujo.ribeiro.27271@example.com,Maringá,Chefe de almoxarifado,29,83396670487
Camila Teixeira Fernandes,camila.teixeira.fernandes.27272@example.com,Rondonópolis,Supervisor de qualidade,53,73241732159
Larissa Moreira Costa,larissa.moreira.costa.27273@example.com,Recife,Diretor de operações,18,95520182418
Patrícia Monteiro Souza,patricia.monteiro.souza.27274@example.com,Belém,Padeiro,40,42560216973
Vinícius Rocha Araújo,vinicius.rocha.araujo.27275@example.com,Salvador,Diretor de operações,35,09917598710
Diego Teixeira Gomes,diego.teixeira.gomes.27276@example.com,Campinas,Analista de dados,43,62028182790
Mariana Barros Barbosa,mariana.barros.barbosa.27277@example.com,Dourados,Supervisor de atendimento,65,45366827925
Paulo Almeida Lima,paulo.almeida.lima.27278@example.com,Niterói,Encarregado de produção,30,81970331323
Ricardo Souza Cardoso,ricardo.souza.cardoso.27279@example.com,Niterói,Analista financeiro,37,81844975065
Pedro Cardoso Oliveira,pedro.cardoso.oliveira.27280@example.com,Belém,Mecânico,34,48062130547
Rafael Barbosa Silva,rafael.barbosa.silva.27281@example.com,Maringá,Jornalista,46,00716366689
Vitória Souza Alves,vitoria.souza.alves.27282@example.com,Uberlândia,Nutricionista,53,76337318852
Igor Oliveira Lima,igor.oliveira.lima.27283@example.com,Florianópolis,Programador,61,15910455193
Sandra Rodrigues Moreira,sandra.rodrigues.moreira.27284@example.com,Londrina,Gerente de operações,63,63677182694
Simone Mendes Carvalho,simone.mendes.carvalho.27285@example.com,Fortaleza,Líder de equipe,28,95124621969
Mariana Alves Cardoso,mariana.alves.cardoso.27286@example.com,São Paulo,Coordenador de logística,50,03734241373
Thiago Almeida Nascimento,thiago.almeida.nascimento.27287@example.com,Londrina,Vendedor,48,62243124065
Igor Cardoso Gomes,igor.cardoso.gomes.27288@example.com,Cuiabá,Técnico em informática,29,33528059150
Henrique Souza Moreira,henrique.souza.moreira.27289@example.com,Fortaleza,Supervisor de qualidade,53,04930791297
Letícia Lima Souza,leticia.lima.souza.27290@example.com,Goiânia,Assistente comercial,69,40195391661
Paulo Barbosa Silva,paulo.barbosa.silva.27291@example.com,Dourados,Coordenador de logística,52,23744546335
Gabriel Rodrigues Freitas,gabriel.rodrigues.freitas.27292@example.com,Caxias do Sul,Analista de dados,32,07150896585
Vanessa Barros Gomes,vanessa.barros.gomes.27293@example.com,Campo Grande,Advogado,46,71158678845
Paulo Gomes Moreira,paulo.gomes.moreira.27294@example.com,Londrina,Engenheiro civil,22,74222307022
Vinícius Martins Freitas,vinicius.martins.freitas.27295@example.com,Recife,Analista de dados,20,23318409074
Nicolas Freitas Rocha,nicolas.freitas.rocha.27296@example.com,Santos,Supervisor de manutenção,45,36351523530
Gustavo Monteiro Souza,gustavo.monteiro.souza.27297@example.com,Dourados,Motorista,21,53197587618
Henrique Souza Castro,henrique.souza.castro.27298@example.com,Caxias do Sul,Coordenador administrativo,70,55227392126
Thiago Ribeiro Freitas,thiago.ribeiro.freitas.27299@example.com,Dourados,Assistente administrativo,67,48316637408
Juliana Barbosa Souza,juliana.barbosa.souza.27300@example.com,Maringá,Mecânico,58,32323869124
Amanda Santos Mendes,amanda.santos.mendes.27301@example.com,Santos,Diretor de operações,41,31817394685
Tatiane Oliveira Moreira,tatiane.oliveira.moreira.27302@example.com,Uberlândia,Jornalista,63,92395440665
Otávio Teixeira Castro,otavio.teixeira.castro.27303@example.com,Salvador,Programador,45,74889668639
Henrique Castro Ribeiro,henrique.castro.ribeiro.27304@example.com,Rio de Janeiro,Coordenador de marketing,48,33010859188
Aline Lima Rodrigues,aline.lima.rodrigues.27305@example.com,Brasília,Engenheiro civil,40,85995435667
Larissa Silva Silva,larissa.silva.silva.27306@example.com,Niterói,Assistente administrativo,36,77889223671
Eduardo Castro Mendes,eduardo.castro.mendes.27307@example.com,Niterói,Coordenador administrativo,23,54884201754
Débora Santos Gomes,debora.santos.gomes.27308@example.com,Recife,Atendente,62,87998685447
Vitória Rodrigues Teixeira,vitoria.rodrigues.teixeira.27309@example.com,Campinas,Técnico em informática,20,73612514273
Gabriela Alves Nascimento,gabriela.alves.nascimento.27310@example.com,Salvador,Coordenador de logística,35,92715692099
Luana Pereira Araújo,luana.pereira.araujo.27311@example.com,Goiânia,Coordenador de produção,28,82533803617
Gabriela Dias Nascimento,gabriela.dias.nascimento.27312@example.com,Florianópolis,Jornalista,48,98213716344
Henrique Monteiro Moreira,henrique.monteiro.moreira.27313@example.com,Brasília,Gerente financeiro,58,50155628585
Bruno Moreira Mendes,bruno.moreira.mendes.27314@example.com,Porto Alegre,Assistente comercial,56,78379941981
Felipe Rocha Lima,felipe.rocha.lima.27315@example.com,Maringá,Mecânico,53,66151748528
Patrícia Oliveira Martins,patricia.oliveira.martins.27316@example.com,Joinville,Jornalista,57,67619244866
Gustavo Dias Costa,gustavo.dias.costa.27317@example.com,Campinas,Pedreiro,65,02704633890
Lucas Freitas Fernandes,lucas.freitas.fernandes.27318@example.com,Recife,Motorista,58,89825222220
Simone Barros Dias,simone.barros.dias.27319@example.com,Vitória,Gerente de tecnologia,55,83736893179
Tatiane Barros Araújo,tatiane.barros.araujo.27320@example.com,Recife,Supervisor de qualidade,59,90300784552
Leonardo Costa Almeida,leonardo.costa.almeida.27321@example.com,Caxias do Sul,Nutricionista,70,96148536582
Camila Castro Carvalho,camila.castro.carvalho.27322@example.com,Fortaleza,Gerente financeiro,24,14724358471
Vanessa Martins Rocha,vanessa.martins.rocha.27323@example.com,Campinas,Supervisor de qualidade,30,44862380220
Sandra Cardoso Rocha,sandra.cardoso.rocha.27324@example.com,São Paulo,Analista financeiro,58,58391350989
Diego Cardoso Nascimento,diego.cardoso.nascimento.27325@example.com,Niterói,Designer gráfico,53,07770060436
Bruno Alves Barbosa,bruno.alves.barbosa.27326@example.com,Santos,Mecânico,37,49920546634
Gabriela Araújo Rodrigues,gabriela.araujo.rodrigues.27327@example.com,Caxias do Sul,Engenheiro civil,34,44638303539
Patrícia Araújo Silva,patricia.araujo.silva.27328@example.com,Vitória,Coordenador administrativo,40,57837891137
Mariana Rocha Oliveira,mariana.rocha.oliveira.27329@example.com,Maringá,Supervisor de vendas,26,77426177690
João Souza Freitas,joao.souza.freitas.27330@example.com,Recife,Gerente de operações,46,72704944141
Camila Moreira Ribeiro,camila.moreira.ribeiro.27331@example.com,Campo Grande,Recepcionista,68,51927029477
Igor Santos Monteiro,igor.santos.monteiro.27332@example.com,Natal,Analista de recursos humanos,57,38579160996
Marcelo Pereira Moreira,marcelo.pereira.moreira.27333@example.com,Niterói,Advogado,34,01635922133
Lucas Lima Silva,lucas.lima.silva.27334@example.com,Curitiba,Chefe de departamento pessoal,59,61330267321
Eduardo Moreira Santos,eduardo.moreira.santos.27335@example.com,Campinas,Coordenador administrativo,57,19960617048
Pedro Santos Teixeira,pedro.santos.teixeira.27336@example.com,Joinville,Chefe de departamento pessoal,58,00869355172
Amanda Nascimento Castro,amanda.nascimento.castro.27337@example.com,Brasília,Coordenador administrativo,55,38221064991
Henrique Souza Mendes,henrique.souza.mendes.27338@example.com,Manaus,Gerente comercial,29,14591895984
Lucas Almeida Lima,lucas.almeida.lima.27339@example.com,Fortaleza,Supervisor de atendimento,34,54450435982
Vinícius Gomes Oliveira,vinicius.gomes.oliveira.27340@example.com,Vitória,Chefe de departamento pessoal,44,01238806066
Daniela Rodrigues Gomes,daniela.rodrigues.gomes.27341@example.com,Joinville,Designer gráfico,34,25838471038
Aline Fernandes Cardoso,aline.fernandes.cardoso.27342@example.com,Belém,Assistente comercial,36,16306626402
Gabriel Lima Carvalho,gabriel.lima.carvalho.27343@example.com,Porto Alegre,Gerente financeiro,29,77539108856
Mariana Ribeiro Lima,mariana.ribeiro.lima.27344@example.com,Manaus,Comprador,37,08250428125
Gabriela Ribeiro Rodrigues,gabriela.ribeiro.rodrigues.27345@example.com,Caxias do Sul,Assistente comercial,49,56975286256
Camila Santos Barros,camila.santos.barros.27346@example.com,Belo Horizonte,Chefe de compras,45,63827619001
Igor Rocha Fernandes,igor.rocha.fernandes.27347@example.com,São Paulo,Vendedor,28,78047734244
Leonardo Monteiro Alves,leonardo.monteiro.alves.27348@example.com,Caxias do Sul,Mecânico,61,45715042820
Gabriela Castro Oliveira,gabriela.castro.oliveira.27349@example.com,Campinas,Pedreiro,37,54178408631
Fernanda Pereira Nascimento,fernanda.pereira.nascimento.27350@example.com,Londrina,Técnico de segurança do trabalho,20,20777689725
Camila Almeida Ribeiro,camila.almeida.ribeiro.27351@example.com,Campo Grande,Mecânico,55,26696872278
Priscila Pereira Oliveira,priscila.pereira.oliveira.27352@example.com,Recife,Auxiliar de produção,21,32511963783
Paulo Mendes Martins,paulo.mendes.martins.27353@example.com,Caxias do Sul,Chefe de almoxarifado,47,28212943638
Luana Cardoso Santos,luana.cardoso.santos.27354@example.com,Manaus,Gerente de tecnologia,45,29102687544
Carolina Dias Gomes,carolina.dias.gomes.27355@example.com,Maringá,Técnico em informática,38,19752672272
Bruno Teixeira Lima,bruno.teixeira.lima.27356@example.com,Manaus,Supervisor de qualidade,42,64066953904
Ana Pereira Pereira,ana.pereira.pereira.27357@example.com,Vitória,Assistente administrativo,46,85314710275
Beatriz Fernandes Monteiro,beatriz.fernandes.monteiro.27358@example.com,Brasília,Diretor de operações,69,39242392789
Letícia Freitas Lima,leticia.freitas.lima.27359@example.com,Florianópolis,Padeiro,65,39597165484
Gabriel Oliveira Costa,gabriel.oliveira.costa.27360@example.com,Manaus,Supervisor de manutenção,51,19496608554
Vanessa Fernandes Castro,vanessa.fernandes.castro.27361@example.com,São Paulo,Líder de equipe,34,80974261407
Henrique Teixeira Souza,henrique.teixeira.souza.27362@example.com,Dourados,Chefe de compras,45,16451266140
Daniela Araújo Ribeiro,daniela.araujo.ribeiro.27363@example.com,Fortaleza,Gerente de operações,52,05414096492
Camila Pereira Oliveira,camila.pereira.oliveira.27364@example.com,Curitiba,Líder de equipe,38,56969277649
Gabriela Castro Oliveira,gabriela.castro.oliveira.27365@example.com,Salvador,Gerente comercial,19,59619536844
Gabriela Costa Santos,gabriela.costa.santos.27366@example.com,Manaus,Professor,39,78423403254
Ricardo Costa Teixeira,ricardo.costa.teixeira.27367@example.com,Londrina,Engenheiro civil,51,37942420808
Gabriel Teixeira Dias,gabriel.teixeira.dias.27368@example.com,Vitória,Fisioterapeuta,46,73408371736
Sérgio Moreira Freitas,sergio.moreira.freitas.27369@example.com,Recife,Encarregado de produção,59,72504252851
Sérgio Cardoso Lima,sergio.cardoso.lima.27370@example.com,Santos,Encarregado de produção,19,95518381604
Tatiane Rocha Dias,tatiane.rocha.dias.27371@example.com,Recife,Gerente de recursos humanos,61,65657874872
Vitória Mendes Moreira,vitoria.mendes.moreira.27372@example.com,Belém,Gerente de tecnologia,56,41882321258
Bruno Nascimento Almeida,bruno.nascimento.almeida.27373@example.com,Londrina,Gerente comercial,42,06840692239
Marcelo Freitas Araújo,marcelo.freitas.araujo.27374@example.com,Joinville,Farmacêutico,32,00294050323
Marcelo Alves Fernandes,marcelo.alves.fernandes.27375@example.com,Fortaleza,Coordenador administrativo,37,58403344893
Lucas Gomes Castro,lucas.gomes.castro.27376@example.com,Natal,Designer gráfico,26,55051528209
Nicolas Souza Rocha,nicolas.souza.rocha.27377@example.com,São Paulo,Contador,54,99755079782
Juliana Araújo Santos,juliana.araujo.santos.27378@example.com,Recife,Mecânico,37,16755538717
Pedro Pereira Barbosa,pedro.pereira.barbosa.27379@example.com,Fortaleza,Analista de recursos humanos,28,73666837526
Leonardo Alves Alves,leonardo.alves.alves.27380@example.com,Campo Grande,Comprador,66,23328945552
Carlos Lima Rocha,carlos.lima.rocha.27381@example.com,Goiânia,Eletricista,47,56310463715
Aline Castro Castro,aline.castro.castro.27382@example.com,Niterói,Gerente financeiro,53,94363802838
Marcelo Rocha Freitas,marcelo.rocha.freitas.27383@example.com,Cuiabá,Recepcionista,26,74535041384
Amanda Ribeiro Costa,amanda.ribeiro.costa.27384@example.com,Sorocaba,Jornalista,24,34330567324
Eduardo Teixeira Fernandes,eduardo.teixeira.fernandes.27385@example.com,Florianópolis,Técnico de enfermagem,38,40424444966
Rafael Araújo Mendes,rafael.araujo.mendes.27386@example.com,Londrina,Eletricista,39,99893696246
Otávio Rodrigues Monteiro,otavio.rodrigues.monteiro.27387@example.com,Porto Alegre,Engenheiro civil,34,63120444258
Juliana Ribeiro Barros,juliana.ribeiro.barros.27388@example.com,Rio de Janeiro,Analista financeiro,33,69385811928
Daniela Barbosa Nascimento,daniela.barbosa.nascimento.27389@example.com,Rondonópolis,Gerente de operações,64,92199037885
Sandra Rocha Souza,sandra.rocha.souza.27390@example.com,Belém,Analista de recursos humanos,32,91505727263
Henrique Fernandes Gomes,henrique.fernandes.gomes.27391@example.com,Joinville,Analista de marketing,63,90298181908
Otávio Santos Dias,otavio.santos.dias.27392@example.com,Joinville,Gerente financeiro,50,72173463744
Carlos Gomes Almeida,carlos.gomes.almeida.27393@example.com,Belo Horizonte,Chefe de compras,42,78264411315
Eduardo Costa Rodrigues,eduardo.costa.rodrigues.27394@example.com,Fortaleza,Diretor de operações,39,34461385608
Mariana Araújo Nascimento,mariana.araujo.nascimento.27395@example.com,Londrina,Advogado,42,37389850606
Fernanda Teixeira Rodrigues,fernanda.teixeira.rodrigues.27396@example.com,Campo Grande,Estoquista,49,67591434740
Aline Souza Moreira,aline.souza.moreira.27397@example.com,Belém,Coordenador administrativo,50,60982125619
Eduardo Lima Gomes,eduardo.lima.gomes.27398@example.com,Natal,Diretor de operações,22,79596617914
João Freitas Ribeiro,joao.freitas.ribeiro.27399@example.com,Natal,Analista financeiro,27,32657823083
Eduardo Rodrigues Freitas,eduardo.rodrigues.freitas.27400@example.com,Recife,Nutricionista,55,86041642399
Paulo Almeida Alves,paulo.almeida.alves.27401@example.com,Salvador,Motorista,60,65529824629
Rafael Freitas Rocha,rafael.freitas.rocha.27402@example.com,Brasília,Programador,54,35633333110
Aline Dias Araújo,aline.dias.araujo.27403@example.com,Dourados,Jornalista,24,72594752354
Gustavo Gomes Barbosa,gustavo.gomes.barbosa.27404@example.com,Fortaleza,Nutricionista,63,20937238308
Sandra Rodrigues Rodrigues,sandra.rodrigues.rodrigues.27405@example.com,Porto Alegre,Professor,24,60444729150
Vitória Barros Fernandes,vitoria.barros.fernandes.27406@example.com,Florianópolis,Gerente comercial,23,13080326072
Tatiane Mendes Santos,tatiane.mendes.santos.27407@example.com,Goiânia,Gerente de recursos humanos,35,42286227486
Felipe Araújo Pereira,felipe.araujo.pereira.27408@example.com,Londrina,Chefe de almoxarifado,55,69885477787
Tatiane Martins Cardoso,tatiane.martins.cardoso.27409@example.com,Curitiba,Técnico em informática,20,60363457481
Fernanda Costa Monteiro,fernanda.costa.monteiro.27410@example.com,Sorocaba,Chefe de compras,20,89909074548
Marcelo Araújo Ribeiro,marcelo.araujo.ribeiro.27411@example.com,Vitória,Atendente,53,10024172476
Ricardo Carvalho Barros,ricardo.carvalho.barros.27412@example.com,Salvador,Chefe de compras,68,21713480166
Pedro Martins Nascimento,pedro.martins.nascimento.27413@example.com,Belém,Corretor de imóveis,20,97361157753
Carlos Fernandes Rodrigues,carlos.fernandes.rodrigues.27414@example.com,Uberlândia,Analista financeiro,46,32578960484
Vanessa Santos Castro,vanessa.santos.castro.27415@example.com,Recife,Supervisor de atendimento,28,60029787992
João Almeida Alves,joao.almeida.alves.27416@example.com,Joinville,Diretor de operações,37,17033752630
Diego Monteiro Castro,diego.monteiro.castro.27417@example.com,São Paulo,Coordenador de produção,39,22920042641
Sérgio Lima Mendes,sergio.lima.mendes.27418@example.com,Sorocaba,Programador,28,36741550119
Paulo Souza Araújo,paulo.souza.araujo.27419@example.com,Salvador,Designer gráfico,43,99551613850
Letícia Carvalho Alves,leticia.carvalho.alves.27420@example.com,Fortaleza,Pedreiro,53,35268801261
Diego Carvalho Fernandes,diego.carvalho.fernandes.27421@example.com,Dourados,Diretor de operações,28,33897690080
Fernanda Teixeira Castro,fernanda.teixeira.castro.27422@example.com,Rondonópolis,Cozinheiro,30,51289236297
Carlos Martins Mendes,carlos.martins.mendes.27423@example.com,Rondonópolis,Cozinheiro,33,79926266505
Vitória Silva Alves,vitoria.silva.alves.27424@example.com,Belém,Coordenador administrativo,25,84827691809
Felipe Castro Silva,felipe.castro.silva.27425@example.com,São Paulo,Recepcionista,55,30010242925
Diego Moreira Fernandes,diego.moreira.fernandes.27426@example.com,Sorocaba,Padeiro,41,24584423261
Nicolas Almeida Costa,nicolas.almeida.costa.27427@example.com,Belém,Motorista,29,84779932751
Paulo Barros Cardoso,paulo.barros.cardoso.27428@example.com,Campo Grande,Assistente comercial,69,99551781755
Juliana Freitas Rodrigues,juliana.freitas.rodrigues.27429@example.com,Santos,Coordenador de produção,29,71126545444
José Moreira Carvalho,jose.moreira.carvalho.27430@example.com,Fortaleza,Corretor de imóveis,68,09530575226
Carlos Castro Gomes,carlos.castro.gomes.27431@example.com,Londrina,Supervisor de manutenção,23,28171463832
Larissa Silva Carvalho,larissa.silva.carvalho.27432@example.com,Porto Alegre,Diretor de operações,45,97200060178
Larissa Monteiro Castro,larissa.monteiro.castro.27433@example.com,Rondonópolis,Analista de dados,34,50514858984
Thiago Oliveira Santos,thiago.oliveira.santos.27434@example.com,Florianópolis,Fisioterapeuta,70,22294173049
Fernanda Rodrigues Lima,fernanda.rodrigues.lima.27435@example.com,Niterói,Fisioterapeuta,19,28094888106
Renata Moreira Santos,renata.moreira.santos.27436@example.com,Sorocaba,Assistente administrativo,19,56968985646
Luana Souza Silva,luana.souza.silva.27437@example.com,Rio de Janeiro,Coordenador de logística,44,58376464975
Felipe Cardoso Monteiro,felipe.cardoso.monteiro.27438@example.com,Cuiabá,Cozinheiro,48,86590038429
Henrique Mendes Araújo,henrique.mendes.araujo.27439@example.com,Uberlândia,Líder de equipe,44,00594414148
Simone Fernandes Moreira,simone.fernandes.moreira.27440@example.com,Campo Grande,Técnico de enfermagem,27,46374892392
Felipe Nascimento Rocha,felipe.nascimento.rocha.27441@example.com,Cuiabá,Designer gráfico,62,23308667761
Otávio Gomes Fernandes,otavio.gomes.fernandes.27442@example.com,Santos,Gerente comercial,43,55024356694
Tatiane Almeida Almeida,tatiane.almeida.almeida.27443@example.com,São Paulo,Supervisor de manutenção,38,80071557685
Daniela Lima Almeida,daniela.lima.almeida.27444@example.com,Santos,Estoquista,63,13640701288
João Barros Monteiro,joao.barros.monteiro.27445@example.com,Belo Horizonte,Analista de recursos humanos,24,52602891872
Igor Almeida Freitas,igor.almeida.freitas.27446@example.com,Manaus,Mecânico,18,31635610456
Aline Dias Dias,aline.dias.dias.27447@example.com,Fortaleza,Corretor de imóveis,45,15074908336
Sandra Freitas Monteiro,sandra.freitas.monteiro.27448@example.com,Niterói,Supervisor de vendas,29,04587715163
Sérgio Rodrigues Freitas,sergio.rodrigues.freitas.27449@example.com,Florianópolis,Vendedor,29,80929996690
Patrícia Gomes Araújo,patricia.gomes.araujo.27450@example.com,Campo Grande,Gerente comercial,24,51383412358
Thiago Almeida Dias,thiago.almeida.dias.27451@example.com,Fortaleza,Gerente de operações,63,98579036125
Beatriz Martins Rodrigues,beatriz.martins.rodrigues.27452@example.com,Vitória,Corretor de imóveis,28,17075096109
Priscila Moreira Santos,priscila.moreira.santos.27453@example.com,Uberlândia,Técnico em informática,51,54877812897
Renata Araújo Freitas,renata.araujo.freitas.27454@example.com,Sorocaba,Gerente financeiro,58,59066093091
Lucas Rodrigues Carvalho,lucas.rodrigues.carvalho.27455@example.com,Belém,Assistente administrativo,25,07743340354
Diego Teixeira Silva,diego.teixeira.silva.27456@example.com,Curitiba,Farmacêutico,31,78653736361
Marcelo Nascimento Teixeira,marcelo.nascimento.teixeira.27457@example.com,Caxias do Sul,Coordenador de logística,22,20894957762
Aline Lima Freitas,aline.lima.freitas.27458@example.com,Natal,Coordenador de produção,58,56007797395
Gabriel Carvalho Martins,gabriel.carvalho.martins.27459@example.com,Dourados,Assistente comercial,25,40444537960
Henrique Nascimento Carvalho,henrique.nascimento.carvalho.27460@example.com,Florianópolis,Operador de caixa,29,19416504112
Lucas Cardoso Santos,lucas.cardoso.santos.27461@example.com,Goiânia,Gerente de operações,37,14188856629
Daniela Silva Silva,daniela.silva.silva.27462@example.com,Rondonópolis,Supervisor de atendimento,63,48624238140
Felipe Ribeiro Almeida,felipe.ribeiro.almeida.27463@example.com,Belo Horizonte,Técnico em informática,65,18541148361
Mariana Araújo Santos,mariana.araujo.santos.27464@example.com,Rondonópolis,Gerente de operações,19,32534320852
João Rocha Monteiro,joao.rocha.monteiro.27465@example.com,Londrina,Gerente de recursos humanos,32,03748373943
Vinícius Costa Silva,vinicius.costa.silva.27466@example.com,Recife,Chefe de departamento pessoal,23,64525314802
Gabriela Gomes Monteiro,gabriela.gomes.monteiro.27467@example.com,Porto Alegre,Gerente de recursos humanos,53,95345481921
Ana Oliveira Dias,ana.oliveira.dias.27468@example.com,Cuiabá,Encarregado de produção,33,24689509355
João Mendes Oliveira,joao.mendes.oliveira.27469@example.com,Sorocaba,Supervisor de qualidade,67,37088573748
Sandra Dias Dias,sandra.dias.dias.27470@example.com,Niterói,Farmacêutico,28,13474439748
Henrique Moreira Monteiro,henrique.moreira.monteiro.27471@example.com,Campinas,Chefe de departamento pessoal,33,40715218022
Larissa Pereira Costa,larissa.pereira.costa.27472@example.com,Rondonópolis,Técnico em informática,26,86153317802
Marcelo Teixeira Lima,marcelo.teixeira.lima.27473@example.com,Sorocaba,Supervisor de qualidade,59,27241464182
Luana Carvalho Martins,luana.carvalho.martins.27474@example.com,Goiânia,Supervisor de qualidade,23,41063094103
Leonardo Fernandes Barros,leonardo.fernandes.barros.27475@example.com,Uberlândia,Encarregado de produção,33,14173067699
Aline Cardoso Castro,aline.cardoso.castro.27476@example.com,Uberlândia,Analista de dados,30,36375735987
Carolina Pereira Silva,carolina.pereira.silva.27477@example.com,Campinas,Jornalista,63,47849780299
Aline Oliveira Barbosa,aline.oliveira.barbosa.27478@example.com,Fortaleza,Auxiliar de produção,40,23876991586
Lucas Dias Lima,lucas.dias.lima.27479@example.com,Brasília,Coordenador de produção,31,25704614852
Ricardo Almeida Rodrigues,ricardo.almeida.rodrigues.27480@example.com,Santos,Diretor comercial,65,52151744517
Gabriela Nascimento Ribeiro,gabriela.nascimento.ribeiro.27481@example.com,Uberlândia,Designer gráfico,60,60168313204
Paulo Rocha Rodrigues,paulo.rocha.rodrigues.27482@example.com,Campo Grande,Contador,63,41560201570
João Santos Cardoso,joao.santos.cardoso.27483@example.com,Belém,Padeiro,55,85781547433
Sandra Moreira Monteiro,sandra.moreira.monteiro.27484@example.com,Caxias do Sul,Analista de marketing,60,18510441477
Ricardo Pereira Rodrigues,ricardo.pereira.rodrigues.27485@example.com,Natal,Analista de marketing,50,27158442466
Lucas Monteiro Alves,lucas.monteiro.alves.27486@example.com,Belo Horizonte,Chefe de almoxarifado,50,09693695107
Fernanda Nascimento Costa,fernanda.nascimento.costa.27487@example.com,Manaus,Padeiro,43,79540700409
Vanessa Almeida Monteiro,vanessa.almeida.monteiro.27488@example.com,Vitória,Gerente de recursos humanos,33,20939564064
Juliana Santos Silva,juliana.santos.silva.27489@example.com,Campinas,Recepcionista,69,23630708191
Diego Freitas Araújo,diego.freitas.araujo.27490@example.com,Campo Grande,Gerente de operações,68,71017721207
Fernanda Cardoso Castro,fernanda.cardoso.castro.27491@example.com,Niterói,Fisioterapeuta,46,15709337042
Rafael Pereira Silva,rafael.pereira.silva.27492@example.com,Cuiabá,Diretor comercial,41,85710479200
Ricardo Carvalho Nascimento,ricardo.carvalho.nascimento.27493@example.com,Londrina,Professor,33,23144602289
Sandra Cardoso Oliveira,sandra.cardoso.oliveira.27494@example.com,Salvador,Vendedor,25,44996400648
Pedro Gomes Pereira,pedro.gomes.pereira.27495@example.com,Salvador,Supervisor de vendas,18,96551242058
Mariana Barros Costa,mariana.barros.costa.27496@example.com,Dourados,Chefe de departamento pessoal,18,26850130966
Larissa Martins Barros,larissa.martins.barros.27497@example.com,Florianópolis,Arquiteto,59,66746074290
Mariana Pereira Rodrigues,mariana.pereira.rodrigues.27498@example.com,Fortaleza,Técnico de segurança do trabalho,22,84361790976
Gabriela Freitas Pereira,gabriela.freitas.pereira.27499@example.com,Vitória,Analista de dados,51,17733528258
Henrique Cardoso Monteiro,henrique.cardoso.monteiro.27500@example.com,Uberlândia,Supervisor de manutenção,19,91367583152
Gabriela Silva Martins,gabriela.silva.martins.27501@example.com,Belém,Farmacêutico,26,93944374819
Débora Moreira Dias,debora.moreira.dias.27502@example.com,Campinas,Líder de equipe,39,40159901258
Simone Barbosa Rodrigues,simone.barbosa.rodrigues.27503@example.com,Florianópolis,Nutricionista,35,12791658739
Amanda Nascimento Pereira,amanda.nascimento.pereira.27504@example.com,Campo Grande,Comprador,64,40943407095
Daniela Araújo Rocha,daniela.araujo.rocha.27505@example.com,Porto Alegre,Técnico de segurança do trabalho,38,14686060709
Gabriela Rodrigues Oliveira,gabriela.rodrigues.oliveira.27506@example.com,Santos,Designer gráfico,63,24391634624
Otávio Freitas Barros,otavio.freitas.barros.27507@example.com,Niterói,Gerente de recursos humanos,31,21774749397
Débora Teixeira Silva,debora.teixeira.silva.27508@example.com,Florianópolis,Líder de equipe,21,04867027618
Pedro Moreira Freitas,pedro.moreira.freitas.27509@example.com,Belo Horizonte,Corretor de imóveis,44,01425060991
Henrique Nascimento Dias,henrique.nascimento.dias.27510@example.com,Salvador,Eletricista,35,31470528400
Beatriz Costa Ribeiro,beatriz.costa.ribeiro.27511@example.com,Niterói,Programador,35,13833132164
José Gomes Gomes,jose.gomes.gomes.27512@example.com,Cuiabá,Coordenador de marketing,44,71758102450
Sérgio Dias Rocha,sergio.dias.rocha.27513@example.com,Vitória,Programador,22,44320932156
Gabriela Pereira Silva,gabriela.pereira.silva.27514@example.com,Sorocaba,Coordenador de marketing,65,77852122895
João Oliveira Barros,joao.oliveira.barros.27515@example.com,Dourados,Supervisor de qualidade,66,83293809498
Renata Barros Pereira,renata.barros.pereira.27516@example.com,Londrina,Chefe de departamento pessoal,49,15854192569
Leonardo Lima Martins,leonardo.lima.martins.27517@example.com,Sorocaba,Chefe de compras,35,83684604057
Sandra Souza Souza,sandra.souza.souza.27518@example.com,Rio de Janeiro,Cozinheiro,30,97544545492
João Rocha Mendes,joao.rocha.mendes.27519@example.com,Fortaleza,Corretor de imóveis,37,98465461489
Débora Mendes Barbosa,debora.mendes.barbosa.27520@example.com,Natal,Gerente de tecnologia,69,79198276289
Daniela Martins Moreira,daniela.martins.moreira.27521@example.com,Belém,Assistente administrativo,54,09469046860
Felipe Mendes Ribeiro,felipe.mendes.ribeiro.27522@example.com,Sorocaba,Supervisor de atendimento,21,14647693556
Tatiane Araújo Martins,tatiane.araujo.martins.27523@example.com,Vitória,Gerente de recursos humanos,49,26872893687
Felipe Gomes Dias,felipe.gomes.dias.27524@example.com,Dourados,Engenheiro civil,24,77488931709
Igor Souza Gomes,igor.souza.gomes.27525@example.com,Recife,Chefe de compras,52,17501822437
Patrícia Oliveira Carvalho,patricia.oliveira.carvalho.27526@example.com,Salvador,Técnico de segurança do trabalho,53,81478077082
Aline Oliveira Moreira,aline.oliveira.moreira.27527@example.com,Santos,Comprador,34,59215472404
João Moreira Souza,joao.moreira.souza.27528@example.com,Niterói,Técnico em informática,54,54834624540
Carlos Moreira Rocha,carlos.moreira.rocha.27529@example.com,Vitória,Coordenador de produção,37,34809427127
Juliana Araújo Barros,juliana.araujo.barros.27530@example.com,Porto Alegre,Operador de caixa,57,87728129846
Renata Cardoso Fernandes,renata.cardoso.fernandes.27531@example.com,Brasília,Gerente financeiro,46,31781069182
Camila Barros Dias,camila.barros.dias.27532@example.com,Belém,Analista de dados,61,70359530737
Paulo Barbosa Araújo,paulo.barbosa.araujo.27533@example.com,Dourados,Programador,47,00521522895
Débora Ribeiro Costa,debora.ribeiro.costa.27534@example.com,Rondonópolis,Técnico de segurança do trabalho,66,30069368595
Igor Pereira Fernandes,igor.pereira.fernandes.27535@example.com,Salvador,Chefe de departamento pessoal,35,82027238506
Bruno Lima Almeida,bruno.lima.almeida.27536@example.com,Curitiba,Gerente de operações,55,63663507521
Juliana Dias Dias,juliana.dias.dias.27537@example.com,Fortaleza,Chefe de compras,26,63604225074
Ricardo Almeida Gomes,ricardo.almeida.gomes.27538@example.com,Curitiba,Supervisor de qualidade,33,19336447621
Vanessa Pereira Cardoso,vanessa.pereira.cardoso.27539@example.com,São Paulo,Fisioterapeuta,49,49208757331
Camila Santos Santos,camila.santos.santos.27540@example.com,Porto Alegre,Coordenador de produção,66,49318090737
João Rocha Gomes,joao.rocha.gomes.27541@example.com,Dourados,Analista de dados,23,70017324724
Patrícia Moreira Dias,patricia.moreira.dias.27542@example.com,Belo Horizonte,Coordenador de marketing,55,94612076882
Henrique Rodrigues Pereira,henrique.rodrigues.pereira.27543@example.com,Porto Alegre,Fisioterapeuta,23,76182826106
Ricardo Souza Freitas,ricardo.souza.freitas.27544@example.com,Sorocaba,Supervisor de manutenção,62,66646555896
Gustavo Oliveira Cardoso,gustavo.oliveira.cardoso.27545@example.com,Belo Horizonte,Motorista,47,18122496643
Pedro Rocha Pereira,pedro.rocha.pereira.27546@example.com,Caxias do Sul,Chefe de almoxarifado,41,07359483840
Ana Silva Freitas,ana.silva.freitas.27547@example.com,Maringá,Chefe de almoxarifado,44,37405874861
Patrícia Santos Araújo,patricia.santos.araujo.27548@example.com,Caxias do Sul,Analista de recursos humanos,33,14980115437
Sandra Ribeiro Rocha,sandra.ribeiro.rocha.27549@example.com,Fortaleza,Comprador,69,65212391872
Marcelo Souza Barros,marcelo.souza.barros.27550@example.com,Brasília,Supervisor de qualidade,36,22775325735
Marcelo Martins Araújo,marcelo.martins.araujo.27551@example.com,Natal,Analista de recursos humanos,31,72281596379
Beatriz Carvalho Freitas,beatriz.carvalho.freitas.27552@example.com,Porto Alegre,Analista financeiro,60,68251311838
Eduardo Monteiro Barbosa,eduardo.monteiro.barbosa.27553@example.com,Recife,Estoquista,53,86777375854
Ana Castro Costa,ana.castro.costa.27554@example.com,Vitória,Gerente de operações,63,44019898983
Eduardo Araújo Alves,eduardo.araujo.alves.27555@example.com,Cuiabá,Chefe de departamento pessoal,29,31737486689
Juliana Mendes Moreira,juliana.mendes.moreira.27556@example.com,Brasília,Pedreiro,25,57966233890
Marcelo Souza Santos,marcelo.souza.santos.27557@example.com,Florianópolis,Corretor de imóveis,30,64192156620
Otávio Fernandes Rocha,otavio.fernandes.rocha.27558@example.com,Rondonópolis,Coordenador de marketing,51,16680111846
Vinícius Dias Cardoso,vinicius.dias.cardoso.27559@example.com,Caxias do Sul,Designer gráfico,43,31432446694
Gustavo Costa Lima,gustavo.costa.lima.27560@example.com,Rio de Janeiro,Engenheiro civil,65,57901815674
Pedro Araújo Dias,pedro.araujo.dias.27561@example.com,Londrina,Coordenador de logística,59,37604778543
Beatriz Rocha Monteiro,beatriz.rocha.monteiro.27562@example.com,Manaus,Gerente financeiro,27,12015433771
Fernanda Pereira Nascimento,fernanda.pereira.nascimento.27563@example.com,Porto Alegre,Vendedor,39,29120545065
Beatriz Moreira Araújo,beatriz.moreira.araujo.27564@example.com,Belo Horizonte,Gerente de operações,43,02826021071
Gabriel Ribeiro Mendes,gabriel.ribeiro.mendes.27565@example.com,Campo Grande,Padeiro,55,41906173945
Camila Lima Costa,camila.lima.costa.27566@example.com,Maringá,Coordenador de produção,60,53527387663
Patrícia Santos Nascimento,patricia.santos.nascimento.27567@example.com,Maringá,Supervisor de vendas,41,68716825405
Carolina Gomes Freitas,carolina.gomes.freitas.27568@example.com,Joinville,Coordenador administrativo,42,84149557805
Felipe Freitas Monteiro,felipe.freitas.monteiro.27569@example.com,Campo Grande,Enfermeiro,68,68597072700
Patrícia Silva Lima,patricia.silva.lima.27570@example.com,Brasília,Jornalista,70,97225895502
Renata Dias Silva,renata.dias.silva.27571@example.com,São Paulo,Assistente comercial,60,38391317862
Beatriz Freitas Gomes,beatriz.freitas.gomes.27572@example.com,São Paulo,Comprador,27,62793626726
Ricardo Teixeira Barros,ricardo.teixeira.barros.27573@example.com,São Paulo,Programador,62,27316788986
Vinícius Rocha Carvalho,vinicius.rocha.carvalho.27574@example.com,Rio de Janeiro,Comprador,31,61523045642
Vanessa Lima Carvalho,vanessa.lima.carvalho.27575@example.com,Caxias do Sul,Pedreiro,65,36736260876
Eduardo Almeida Costa,eduardo.almeida.costa.27576@example.com,Dourados,Eletricista,22,19350273900
Camila Martins Mendes,camila.martins.mendes.27577@example.com,Rondonópolis,Professor,69,30216200162
Carlos Silva Cardoso,carlos.silva.cardoso.27578@example.com,Caxias do Sul,Professor,35,01174147262
Pedro Moreira Teixeira,pedro.moreira.teixeira.27579@example.com,Porto Alegre,Diretor comercial,39,87362881162
Letícia Teixeira Gomes,leticia.teixeira.gomes.27580@example.com,Salvador,Diretor de operações,18,59183161993
Larissa Barbosa Mendes,larissa.barbosa.mendes.27581@example.com,Dourados,Analista de recursos humanos,40,17853203278
Marcelo Santos Souza,marcelo.santos.souza.27582@example.com,Campinas,Corretor de imóveis,41,52917204417
Ricardo Fernandes Araújo,ricardo.fernandes.araujo.27583@example.com,Caxias do Sul,Designer gráfico,41,26947327464
Letícia Rocha Almeida,leticia.rocha.almeida.27584@example.com,Manaus,Fisioterapeuta,43,63211152279
Carlos Araújo Teixeira,carlos.araujo.teixeira.27585@example.com,Salvador,Analista financeiro,29,67950298893
Simone Teixeira Silva,simone.teixeira.silva.27586@example.com,Natal,Técnico de enfermagem,18,38994805158
Aline Mendes Pereira,aline.mendes.pereira.27587@example.com,Rondonópolis,Pedreiro,41,16561117380
Aline Pereira Rocha,aline.pereira.rocha.27588@example.com,Niterói,Recepcionista,20,79385004007
Gabriela Ribeiro Fernandes,gabriela.ribeiro.fernandes.27589@example.com,Vitória,Programador,40,57766039445
Sandra Pereira Castro,sandra.pereira.castro.27590@example.com,Sorocaba,Gerente de tecnologia,24,70771629536
Diego Alves Moreira,diego.alves.moreira.27591@example.com,Maringá,Gerente financeiro,36,31169263212
Igor Rodrigues Moreira,igor.rodrigues.moreira.27592@example.com,Porto Alegre,Assistente administrativo,22,10647465931
Ricardo Gomes Almeida,ricardo.gomes.almeida.27593@example.com,Cuiabá,Diretor comercial,68,39784627041
Pedro Rocha Almeida,pedro.rocha.almeida.27594@example.com,Cuiabá,Auxiliar de produção,52,80768498088
Letícia Gomes Teixeira,leticia.gomes.teixeira.27595@example.com,Vitória,Recepcionista,49,93899633858
Henrique Dias Nascimento,henrique.dias.nascimento.27596@example.com,Caxias do Sul,Comprador,23,77495452170
Paulo Dias Oliveira,paulo.dias.oliveira.27597@example.com,Sorocaba,Analista de marketing,36,05015336615
Paulo Monteiro Nascimento,paulo.monteiro.nascimento.27598@example.com,Londrina,Jornalista,47,43249164746
Eduardo Teixeira Gomes,eduardo.teixeira.gomes.27599@example.com,Maringá,Comprador,70,38894352274
Bruno Nascimento Martins,bruno.nascimento.martins.27600@example.com,Caxias do Sul,Contador,33,88569289838
Gustavo Almeida Rodrigues,gustavo.almeida.rodrigues.27601@example.com,Manaus,Diretor comercial,34,79268973398
Nicolas Teixeira Moreira,nicolas.teixeira.moreira.27602@example.com,Curitiba,Diretor de operações,21,75162105265
Sandra Freitas Alves,sandra.freitas.alves.27603@example.com,Sorocaba,Farmacêutico,49,07944386769
Carolina Dias Teixeira,carolina.dias.teixeira.27604@example.com,Salvador,Coordenador de logística,59,23453782517
Patrícia Monteiro Cardoso,patricia.monteiro.cardoso.27605@example.com,Salvador,Arquiteto,27,15475003086
Gabriel Fernandes Martins,gabriel.fernandes.martins.27606@example.com,Florianópolis,Assistente administrativo,21,31887055703
Henrique Monteiro Moreira,henrique.monteiro.moreira.27607@example.com,Goiânia,Enfermeiro,28,68460547128
Vitória Teixeira Almeida,vitoria.teixeira.almeida.27608@example.com,Joinville,Pedreiro,47,65711760416
Carolina Souza Rocha,carolina.souza.rocha.27609@example.com,Natal,Diretor de operações,57,90841859642
Daniela Lima Freitas,daniela.lima.freitas.27610@example.com,Natal,Diretor comercial,43,02145904428
Carlos Freitas Martins,carlos.freitas.martins.27611@example.com,Recife,Vendedor,61,36976232589
João Cardoso Lima,joao.cardoso.lima.27612@example.com,Goiânia,Comprador,33,82688438390
Débora Carvalho Araújo,debora.carvalho.araujo.27613@example.com,Vitória,Chefe de departamento pessoal,54,46866947310
Juliana Souza Barbosa,juliana.souza.barbosa.27614@example.com,Caxias do Sul,Supervisor de qualidade,53,29407227422
Gabriel Dias Teixeira,gabriel.dias.teixeira.27615@example.com,Salvador,Coordenador de marketing,49,73086742645
Felipe Almeida Costa,felipe.almeida.costa.27616@example.com,Joinville,Coordenador de logística,22,97881723418
Beatriz Gomes Rocha,beatriz.gomes.rocha.27617@example.com,Salvador,Líder de equipe,56,29230262857
Gustavo Fernandes Carvalho,gustavo.fernandes.carvalho.27618@example.com,Manaus,Assistente comercial,69,05224555307
Henrique Souza Santos,henrique.souza.santos.27619@example.com,Joinville,Professor,31,10977300549
Carolina Oliveira Freitas,carolina.oliveira.freitas.27620@example.com,Goiânia,Supervisor de atendimento,60,88950644758
Henrique Mendes Araújo,henrique.mendes.araujo.27621@example.com,Cuiabá,Jornalista,65,32161207007
Sandra Rodrigues Moreira,sandra.rodrigues.moreira.27622@example.com,Belém,Analista de recursos humanos,41,40298239732
Henrique Ribeiro Rodrigues,henrique.ribeiro.rodrigues.27623@example.com,Dourados,Comprador,70,38018841762
Otávio Gomes Lima,otavio.gomes.lima.27624@example.com,Sorocaba,Coordenador de logística,49,05244771668
Marcelo Gomes Moreira,marcelo.gomes.moreira.27625@example.com,Uberlândia,Analista financeiro,70,90410493642
Renata Fernandes Cardoso,renata.fernandes.cardoso.27626@example.com,Belém,Pedreiro,49,33720610516
Sérgio Costa Gomes,sergio.costa.gomes.27627@example.com,Florianópolis,Cozinheiro,31,43067677360
Beatriz Freitas Dias,beatriz.freitas.dias.27628@example.com,Rondonópolis,Pedreiro,60,04710834782
Patrícia Mendes Moreira,patricia.mendes.moreira.27629@example.com,Florianópolis,Analista de marketing,47,57165239478
Bruno Teixeira Cardoso,bruno.teixeira.cardoso.27630@example.com,Porto Alegre,Fisioterapeuta,47,75866681146
Pedro Barros Monteiro,pedro.barros.monteiro.27631@example.com,Cuiabá,Analista de marketing,48,60980829894
Pedro Almeida Barbosa,pedro.almeida.barbosa.27632@example.com,Manaus,Chefe de compras,34,26461882059
José Barros Lima,jose.barros.lima.27633@example.com,Recife,Operador de caixa,37,07337158868
Leonardo Oliveira Barbosa,leonardo.oliveira.barbosa.27634@example.com,Dourados,Coordenador administrativo,46,09003833278
Thiago Costa Silva,thiago.costa.silva.27635@example.com,Maringá,Atendente,68,94674590734
Sandra Rocha Dias,sandra.rocha.dias.27636@example.com,Caxias do Sul,Estoquista,58,82793131238
Sérgio Ribeiro Gomes,sergio.ribeiro.gomes.27637@example.com,Brasília,Eletricista,48,65008427380
Vanessa Araújo Castro,vanessa.araujo.castro.27638@example.com,Campo Grande,Professor,27,55771787753
Sérgio Freitas Fernandes,sergio.freitas.fernandes.27639@example.com,Rio de Janeiro,Técnico de segurança do trabalho,70,74009569622
Ricardo Costa Mendes,ricardo.costa.mendes.27640@example.com,Joinville,Programador,30,72831740863
Gabriel Moreira Cardoso,gabriel.moreira.cardoso.27641@example.com,Caxias do Sul,Assistente administrativo,36,64360537674
Diego Cardoso Araújo,diego.cardoso.araujo.27642@example.com,Belo Horizonte,Coordenador administrativo,33,72489687220
Tatiane Monteiro Mendes,tatiane.monteiro.mendes.27643@example.com,Salvador,Técnico de segurança do trabalho,49,58499704435
Felipe Rodrigues Costa,felipe.rodrigues.costa.27644@example.com,Caxias do Sul,Enfermeiro,37,98536545580
Letícia Costa Barbosa,leticia.costa.barbosa.27645@example.com,São Paulo,Encarregado de produção,46,23958532583
Diego Ribeiro Lima,diego.ribeiro.lima.27646@example.com,Belo Horizonte,Vendedor,21,50091230545
Henrique Monteiro Fernandes,henrique.monteiro.fernandes.27647@example.com,Salvador,Recepcionista,64,13618312318
Luana Carvalho Dias,luana.carvalho.dias.27648@example.com,Salvador,Coordenador de marketing,40,72880879458
Letícia Martins Oliveira,leticia.martins.oliveira.27649@example.com,Salvador,Eletricista,30,49071678780
Gustavo Oliveira Pereira,gustavo.oliveira.pereira.27650@example.com,Fortaleza,Supervisor de vendas,68,81608054362
Luana Teixeira Oliveira,luana.teixeira.oliveira.27651@example.com,Campo Grande,Comprador,47,89443533050
Felipe Oliveira Carvalho,felipe.oliveira.carvalho.27652@example.com,Belém,Diretor de operações,19,60541353370
Gabriela Oliveira Costa,gabriela.oliveira.costa.27653@example.com,Rondonópolis,Técnico de enfermagem,60,57664403441
Igor Oliveira Pereira,igor.oliveira.pereira.27654@example.com,Rondonópolis,Diretor comercial,29,85064789752
Ana Barbosa Barbosa,ana.barbosa.barbosa.27655@example.com,Uberlândia,Corretor de imóveis,41,66350047921
Carolina Silva Costa,carolina.silva.costa.27656@example.com,Londrina,Nutricionista,26,95078425038
Carolina Carvalho Carvalho,carolina.carvalho.carvalho.27657@example.com,Brasília,Gerente de tecnologia,42,61613123001
Juliana Cardoso Freitas,juliana.cardoso.freitas.27658@example.com,Campo Grande,Gerente de recursos humanos,30,19709168712
Vanessa Rocha Barros,vanessa.rocha.barros.27659@example.com,Belém,Cozinheiro,27,66665132720
Thiago Barbosa Barbosa,thiago.barbosa.barbosa.27660@example.com,Caxias do Sul,Diretor de operações,32,92758869023
Vitória Lima Carvalho,vitoria.lima.carvalho.27661@example.com,Rondonópolis,Comprador,20,37987339204
Eduardo Cardoso Barbosa,eduardo.cardoso.barbosa.27662@example.com,Caxias do Sul,Jornalista,45,32088889059
Leonardo Castro Rodrigues,leonardo.castro.rodrigues.27663@example.com,Caxias do Sul,Coordenador administrativo,28,61542221070
Sandra Rodrigues Souza,sandra.rodrigues.souza.27664@example.com,Cuiabá,Farmacêutico,29,72183630018
Larissa Gomes Rodrigues,larissa.gomes.rodrigues.27665@example.com,Florianópolis,Assistente administrativo,39,10955103377
Leonardo Gomes Pereira,leonardo.gomes.pereira.27666@example.com,Goiânia,Gerente de tecnologia,57,10399966411
Vitória Teixeira Freitas,vitoria.teixeira.freitas.27667@example.com,Santos,Gerente comercial,18,71909963554
Henrique Santos Rodrigues,henrique.santos.rodrigues.27668@example.com,Uberlândia,Arquiteto,45,39298067974
Henrique Almeida Nascimento,henrique.almeida.nascimento.27669@example.com,Belém,Farmacêutico,69,67075121467
Paulo Fernandes Cardoso,paulo.fernandes.cardoso.27670@example.com,Belém,Técnico de enfermagem,58,50826049644
Juliana Souza Dias,juliana.souza.dias.27671@example.com,Uberlândia,Mecânico,18,63524560918
Larissa Almeida Cardoso,larissa.almeida.cardoso.27672@example.com,Vitória,Motorista,44,53016349935
Igor Nascimento Costa,igor.nascimento.costa.27673@example.com,Campinas,Supervisor de atendimento,56,32658696062
Gustavo Silva Castro,gustavo.silva.castro.27674@example.com,Vitória,Supervisor de vendas,42,69483438373
Leonardo Barros Silva,leonardo.barros.silva.27675@example.com,Salvador,Fisioterapeuta,41,65025151645
Gustavo Mendes Lima,gustavo.mendes.lima.27676@example.com,Rio de Janeiro,Diretor de operações,55,11219334282
Mariana Araújo Silva,mariana.araujo.silva.27677@example.com,Campinas,Diretor de operações,38,88313258458
Igor Silva Martins,igor.silva.martins.27678@example.com,Campinas,Chefe de departamento pessoal,69,32306963665
Sérgio Souza Monteiro,sergio.souza.monteiro.27679@example.com,Curitiba,Corretor de imóveis,33,63982979900
Ana Fernandes Pereira,ana.fernandes.pereira.27680@example.com,Salvador,Engenheiro civil,44,16323403977
Igor Castro Araújo,igor.castro.araujo.27681@example.com,Belo Horizonte,Padeiro,55,55186989613
Priscila Silva Barros,priscila.silva.barros.27682@example.com,Joinville,Farmacêutico,31,70445275660
Débora Silva Cardoso,debora.silva.cardoso.27683@example.com,Rio de Janeiro,Eletricista,19,71698148453
Ana Oliveira Mendes,ana.oliveira.mendes.27684@example.com,Goiânia,Coordenador administrativo,33,68093945120
Marcelo Fernandes Teixeira,marcelo.fernandes.teixeira.27685@example.com,Manaus,Mecânico,45,93305176885
Patrícia Castro Freitas,patricia.castro.freitas.27686@example.com,Niterói,Pedreiro,45,98681025282
Letícia Lima Almeida,leticia.lima.almeida.27687@example.com,Uberlândia,Gerente de tecnologia,43,55918881773
Thiago Araújo Barbosa,thiago.araujo.barbosa.27688@example.com,Londrina,Gerente de recursos humanos,33,77928398903
Thiago Rodrigues Martins,thiago.rodrigues.martins.27689@example.com,Brasília,Supervisor de atendimento,51,44487277065
Lucas Mendes Carvalho,lucas.mendes.carvalho.27690@example.com,Manaus,Supervisor de qualidade,50,96315629663
Simone Mendes Fernandes,simone.mendes.fernandes.27691@example.com,Sorocaba,Líder de equipe,52,82297985265
Nicolas Oliveira Souza,nicolas.oliveira.souza.27692@example.com,Belém,Analista financeiro,58,73095628890
Tatiane Cardoso Monteiro,tatiane.cardoso.monteiro.27693@example.com,Curitiba,Encarregado de produção,43,59521604881
Juliana Nascimento Barbosa,juliana.nascimento.barbosa.27694@example.com,Manaus,Coordenador de produção,50,89812829275
Gustavo Santos Gomes,gustavo.santos.gomes.27695@example.com,Caxias do Sul,Diretor comercial,44,28429301614
Aline Barbosa Martins,aline.barbosa.martins.27696@example.com,Porto Alegre,Advogado,32,33338394462
Vanessa Alves Oliveira,vanessa.alves.oliveira.27697@example.com,Dourados,Fisioterapeuta,65,04496825833
João Freitas Souza,joao.freitas.souza.27698@example.com,Uberlândia,Diretor de operações,50,96417998226
Paulo Almeida Almeida,paulo.almeida.almeida.27699@example.com,Goiânia,Pedreiro,62,18774388272
Luana Nascimento Pereira,luana.nascimento.pereira.27700@example.com,Florianópolis,Diretor comercial,63,54302720786
Aline Dias Silva,aline.dias.silva.27701@example.com,Curitiba,Técnico de enfermagem,38,53310322230
Nicolas Nascimento Nascimento,nicolas.nascimento.nascimento.27702@example.com,Brasília,Supervisor de vendas,70,34497010353
Débora Cardoso Martins,debora.cardoso.martins.27703@example.com,Goiânia,Encarregado de produção,54,19347455680
Vinícius Ribeiro Castro,vinicius.ribeiro.castro.27704@example.com,Rondonópolis,Advogado,33,52773341814
Carolina Souza Costa,carolina.souza.costa.27705@example.com,Curitiba,Arquiteto,32,42367024421
Camila Castro Gomes,camila.castro.gomes.27706@example.com,Manaus,Gerente comercial,25,52737403321
Eduardo Ribeiro Rodrigues,eduardo.ribeiro.rodrigues.27707@example.com,Belém,Pedreiro,52,38754379996
Otávio Souza Araújo,otavio.souza.araujo.27708@example.com,Curitiba,Chefe de departamento pessoal,31,72666039597
Simone Teixeira Martins,simone.teixeira.martins.27709@example.com,Uberlândia,Chefe de almoxarifado,21,61530599563
Igor Fernandes Almeida,igor.fernandes.almeida.27710@example.com,Belém,Chefe de departamento pessoal,40,57532932058
Igor Freitas Costa,igor.freitas.costa.27711@example.com,Fortaleza,Corretor de imóveis,58,12530830555
Ana Costa Freitas,ana.costa.freitas.27712@example.com,Porto Alegre,Supervisor de atendimento,37,25061981408
Vanessa Dias Gomes,vanessa.dias.gomes.27713@example.com,Londrina,Técnico em informática,27,63450740429
Otávio Carvalho Lima,otavio.carvalho.lima.27714@example.com,Fortaleza,Atendente,27,16820312157
Mariana Monteiro Moreira,mariana.monteiro.moreira.27715@example.com,Campo Grande,Encarregado de produção,43,94039647957
Nicolas Ribeiro Rodrigues,nicolas.ribeiro.rodrigues.27716@example.com,Sorocaba,Nutricionista,30,79661720792
Felipe Castro Ribeiro,felipe.castro.ribeiro.27717@example.com,Sorocaba,Fisioterapeuta,40,60326625963
Henrique Costa Martins,henrique.costa.martins.27718@example.com,Niterói,Jornalista,52,40756888108
Marcelo Oliveira Fernandes,marcelo.oliveira.fernandes.27719@example.com,Fortaleza,Cozinheiro,23,43771674782
Lucas Silva Castro,lucas.silva.castro.27720@example.com,Porto Alegre,Farmacêutico,55,30776099562
Daniela Santos Moreira,daniela.santos.moreira.27721@example.com,Uberlândia,Analista de recursos humanos,27,88334216987
Amanda Nascimento Ribeiro,amanda.nascimento.ribeiro.27722@example.com,Campinas,Enfermeiro,48,20136581991
Fernanda Almeida Barros,fernanda.almeida.barros.27723@example.com,Rondonópolis,Recepcionista,28,60229749727
Daniela Araújo Carvalho,daniela.araujo.carvalho.27724@example.com,Dourados,Contador,61,10589250411
Priscila Santos Oliveira,priscila.santos.oliveira.27725@example.com,Dourados,Gerente comercial,40,63672018055
Otávio Gomes Barbosa,otavio.gomes.barbosa.27726@example.com,Belém,Designer gráfico,27,01309107597
João Souza Carvalho,joao.souza.carvalho.27727@example.com,Curitiba,Enfermeiro,45,26339425151
Patrícia Rodrigues Freitas,patricia.rodrigues.freitas.27728@example.com,Recife,Nutricionista,44,48082892414
Marcelo Costa Lima,marcelo.costa.lima.27729@example.com,Cuiabá,Líder de equipe,31,73396179847
Igor Barros Rocha,igor.barros.rocha.27730@example.com,Florianópolis,Estoquista,40,20400671829
Renata Silva Rocha,renata.silva.rocha.27731@example.com,Vitória,Mecânico,49,51842556361
Tatiane Santos Rodrigues,tatiane.santos.rodrigues.27732@example.com,Dourados,Cozinheiro,25,61270912164
Gustavo Fernandes Moreira,gustavo.fernandes.moreira.27733@example.com,Uberlândia,Chefe de almoxarifado,57,22888791616
Pedro Pereira Freitas,pedro.pereira.freitas.27734@example.com,Vitória,Técnico de segurança do trabalho,34,46608072966
Rafael Rocha Oliveira,rafael.rocha.oliveira.27735@example.com,Campo Grande,Assistente administrativo,53,38131540673
Igor Castro Souza,igor.castro.souza.27736@example.com,Florianópolis,Cozinheiro,63,50459070169
Patrícia Moreira Rocha,patricia.moreira.rocha.27737@example.com,Campinas,Auxiliar de produção,43,50986286138
Renata Nascimento Dias,renata.nascimento.dias.27738@example.com,Brasília,Enfermeiro,49,48678147984
Fernanda Castro Silva,fernanda.castro.silva.27739@example.com,Manaus,Recepcionista,54,54574298789
Mariana Dias Araújo,mariana.dias.araujo.27740@example.com,Caxias do Sul,Técnico de segurança do trabalho,56,09200712585
Diego Araújo Mendes,diego.araujo.mendes.27741@example.com,Manaus,Gerente comercial,39,44705066763
Simone Cardoso Souza,simone.cardoso.souza.27742@example.com,Porto Alegre,Pedreiro,56,47814354918
Gustavo Alves Barros,gustavo.alves.barros.27743@example.com,Rio de Janeiro,Gerente comercial,67,87723497687
Marcelo Oliveira Martins,marcelo.oliveira.martins.27744@example.com,Recife,Coordenador de produção,26,91054929489
Camila Ribeiro Castro,camila.ribeiro.castro.27745@example.com,Campinas,Chefe de compras,65,10879822016
Beatriz Lima Carvalho,beatriz.lima.carvalho.27746@example.com,Sorocaba,Gerente de operações,37,54336874318
Vinícius Barros Costa,vinicius.barros.costa.27747@example.com,Rondonópolis,Líder de equipe,28,90905548513
Vanessa Santos Araújo,vanessa.santos.araujo.27748@example.com,Cuiabá,Pedreiro,58,82752340246
Patrícia Dias Ribeiro,patricia.dias.ribeiro.27749@example.com,Rio de Janeiro,Designer gráfico,23,08852765214
Simone Teixeira Souza,simone.teixeira.souza.27750@example.com,Belo Horizonte,Coordenador administrativo,30,32645365078
José Santos Cardoso,jose.santos.cardoso.27751@example.com,Manaus,Coordenador de logística,63,40561633085
Amanda Santos Almeida,amanda.santos.almeida.27752@example.com,Fortaleza,Estoquista,68,87919179482
Carlos Dias Mendes,carlos.dias.mendes.27753@example.com,Rio de Janeiro,Comprador,34,63248484695
Letícia Souza Gomes,leticia.souza.gomes.27754@example.com,Vitória,Supervisor de manutenção,64,70213759381
Patrícia Fernandes Mendes,patricia.fernandes.mendes.27755@example.com,Fortaleza,Gerente financeiro,63,68867835679
Larissa Cardoso Costa,larissa.cardoso.costa.27756@example.com,Londrina,Motorista,30,90505412108
Paulo Araújo Rodrigues,paulo.araujo.rodrigues.27757@example.com,Goiânia,Gerente de operações,22,64542180752
Mariana Rodrigues Souza,mariana.rodrigues.souza.27758@example.com,Rio de Janeiro,Cozinheiro,59,71163884402
Vitória Costa Santos,vitoria.costa.santos.27759@example.com,Salvador,Estoquista,70,46625202405
Carlos Almeida Barros,carlos.almeida.barros.27760@example.com,Santos,Motorista,41,43480944955
Camila Freitas Costa,camila.freitas.costa.27761@example.com,Uberlândia,Gerente de tecnologia,65,47771360591
Vinícius Moreira Monteiro,vinicius.moreira.monteiro.27762@example.com,Cuiabá,Analista de dados,60,42626448740
Nicolas Castro Mendes,nicolas.castro.mendes.27763@example.com,Joinville,Técnico de segurança do trabalho,49,88771650186
Pedro Carvalho Carvalho,pedro.carvalho.carvalho.27764@example.com,Campo Grande,Mecânico,51,70725933803
Vitória Silva Freitas,vitoria.silva.freitas.27765@example.com,Sorocaba,Assistente comercial,35,34912064267
Vinícius Costa Barbosa,vinicius.costa.barbosa.27766@example.com,Londrina,Enfermeiro,22,65196237760
Gustavo Lima Ribeiro,gustavo.lima.ribeiro.27767@example.com,Porto Alegre,Coordenador de produção,41,08612565753
Simone Gomes Lima,simone.gomes.lima.27768@example.com,Joinville,Diretor de operações,38,36421269941
Eduardo Monteiro Rodrigues,eduardo.monteiro.rodrigues.27769@example.com,Caxias do Sul,Padeiro,36,61049953503
Pedro Nascimento Santos,pedro.nascimento.santos.27770@example.com,Natal,Padeiro,44,77107713277
Sérgio Ribeiro Castro,sergio.ribeiro.castro.27771@example.com,Recife,Motorista,67,81068807647
Amanda Barros Barbosa,amanda.barros.barbosa.27772@example.com,Recife,Chefe de almoxarifado,28,11638718472
Bruno Almeida Monteiro,bruno.almeida.monteiro.27773@example.com,Belém,Supervisor de qualidade,40,45274535894
Bruno Alves Moreira,bruno.alves.moreira.27774@example.com,Dourados,Técnico de enfermagem,36,53717960596
Gabriel Teixeira Ribeiro,gabriel.teixeira.ribeiro.27775@example.com,Curitiba,Vendedor,62,41896595141
Marcelo Ribeiro Almeida,marcelo.ribeiro.almeida.27776@example.com,Rio de Janeiro,Coordenador administrativo,68,13516268317
Nicolas Rocha Araújo,nicolas.rocha.araujo.27777@example.com,Rondonópolis,Coordenador de produção,57,21290513238
Pedro Gomes Fernandes,pedro.gomes.fernandes.27778@example.com,Niterói,Gerente de operações,44,23996997587
Larissa Fernandes Gomes,larissa.fernandes.gomes.27779@example.com,Campinas,Analista financeiro,67,43214946381
Paulo Martins Silva,paulo.martins.silva.27780@example.com,Campo Grande,Chefe de departamento pessoal,52,27220037355
Felipe Martins Rodrigues,felipe.martins.rodrigues.27781@example.com,São Paulo,Diretor de operações,66,72609569262
Renata Dias Monteiro,renata.dias.monteiro.27782@example.com,Campinas,Comprador,47,96609530296
Paulo Oliveira Teixeira,paulo.oliveira.teixeira.27783@example.com,Vitória,Comprador,20,02798261786
Lucas Teixeira Souza,lucas.teixeira.souza.27784@example.com,Vitória,Nutricionista,35,29900944650
Paulo Souza Teixeira,paulo.souza.teixeira.27785@example.com,Belo Horizonte,Supervisor de vendas,22,92521618759
Rafael Alves Costa,rafael.alves.costa.27786@example.com,Salvador,Advogado,64,57618837638
Eduardo Rocha Silva,eduardo.rocha.silva.27787@example.com,Curitiba,Jornalista,66,96110344908
Nicolas Lima Nascimento,nicolas.lima.nascimento.27788@example.com,Porto Alegre,Programador,37,23330324953
Simone Dias Carvalho,simone.dias.carvalho.27789@example.com,São Paulo,Nutricionista,67,62957933153
Igor Ribeiro Moreira,igor.ribeiro.moreira.27790@example.com,Recife,Recepcionista,47,30812189511
João Oliveira Moreira,joao.oliveira.moreira.27791@example.com,Sorocaba,Farmacêutico,46,65894508634
Juliana Nascimento Santos,juliana.nascimento.santos.27792@example.com,Dourados,Gerente de recursos humanos,19,07987609291
Daniela Santos Freitas,daniela.santos.freitas.27793@example.com,Fortaleza,Técnico de segurança do trabalho,59,73991493278
Nicolas Moreira Ribeiro,nicolas.moreira.ribeiro.27794@example.com,Brasília,Supervisor de qualidade,42,59035855533
José Dias Araújo,jose.dias.araujo.27795@example.com,Florianópolis,Mecânico,18,89655915873
Otávio Monteiro Pereira,otavio.monteiro.pereira.27796@example.com,São Paulo,Analista de marketing,55,94327674586
Amanda Teixeira Monteiro,amanda.teixeira.monteiro.27797@example.com,Belo Horizonte,Técnico de enfermagem,68,74844445258
Ricardo Oliveira Almeida,ricardo.oliveira.almeida.27798@example.com,Rio de Janeiro,Coordenador de marketing,62,16973328033
Vanessa Castro Alves,vanessa.castro.alves.27799@example.com,Santos,Programador,41,95200831350
Felipe Costa Santos,felipe.costa.santos.27800@example.com,Santos,Enfermeiro,70,44795827793
Vitória Souza Souza,vitoria.souza.souza.27801@example.com,Recife,Auxiliar de produção,35,12664242865
Carlos Cardoso Monteiro,carlos.cardoso.monteiro.27802@example.com,Curitiba,Pedreiro,19,47461653279
Patrícia Martins Gomes,patricia.martins.gomes.27803@example.com,Londrina,Atendente,51,56521096183
Felipe Freitas Fernandes,felipe.freitas.fernandes.27804@example.com,Belo Horizonte,Gerente de operações,59,03502803311
Tatiane Carvalho Castro,tatiane.carvalho.castro.27805@example.com,Brasília,Coordenador de logística,35,78422886558
Gabriela Rocha Dias,gabriela.rocha.dias.27806@example.com,Curitiba,Analista financeiro,26,04943217899
Juliana Rocha Silva,juliana.rocha.silva.27807@example.com,Caxias do Sul,Nutricionista,23,06650321808
Débora Gomes Santos,debora.gomes.santos.27808@example.com,Recife,Gerente de operações,66,85855290991
Renata Lima Gomes,renata.lima.gomes.27809@example.com,Campinas,Encarregado de produção,42,33466710397
Marcelo Oliveira Fernandes,marcelo.oliveira.fernandes.27810@example.com,Campinas,Cozinheiro,60,39225622822
Marcelo Rodrigues Ribeiro,marcelo.rodrigues.ribeiro.27811@example.com,Fortaleza,Padeiro,62,92682550839
Sérgio Castro Souza,sergio.castro.souza.27812@example.com,Joinville,Assistente comercial,62,57891647762
Sandra Ribeiro Carvalho,sandra.ribeiro.carvalho.27813@example.com,Cuiabá,Motorista,65,79669637818
Mariana Dias Martins,mariana.dias.martins.27814@example.com,Campinas,Gerente de operações,31,56809477622
Letícia Monteiro Rodrigues,leticia.monteiro.rodrigues.27815@example.com,Caxias do Sul,Chefe de compras,51,82551878823
Gustavo Ribeiro Nascimento,gustavo.ribeiro.nascimento.27816@example.com,Maringá,Supervisor de manutenção,57,21496967677
Leonardo Rocha Carvalho,leonardo.rocha.carvalho.27817@example.com,Joinville,Gerente de tecnologia,33,59421612734
Otávio Dias Rodrigues,otavio.dias.rodrigues.27818@example.com,Londrina,Nutricionista,69,65680603362
Fernanda Dias Silva,fernanda.dias.silva.27819@example.com,Fortaleza,Fisioterapeuta,44,18362404667
Pedro Ribeiro Castro,pedro.ribeiro.castro.27820@example.com,Niterói,Coordenador de logística,35,21915252855
Vanessa Araújo Cardoso,vanessa.araujo.cardoso.27821@example.com,Manaus,Coordenador de produção,45,40257269793
Lucas Castro Teixeira,lucas.castro.teixeira.27822@example.com,Joinville,Motorista,48,55829331213
José Costa Moreira,jose.costa.moreira.27823@example.com,Natal,Coordenador de logística,39,74670542800
Vanessa Rodrigues Rodrigues,vanessa.rodrigues.rodrigues.27824@example.com,Belém,Estoquista,19,80602142143
Nicolas Almeida Gomes,nicolas.almeida.gomes.27825@example.com,São Paulo,Pedreiro,58,42510674715
Gabriel Almeida Araújo,gabriel.almeida.araujo.27826@example.com,Uberlândia,Assistente comercial,18,72036160916
Thiago Oliveira Cardoso,thiago.oliveira.cardoso.27827@example.com,Belém,Chefe de almoxarifado,58,13992016710
Bruno Costa Cardoso,bruno.costa.cardoso.27828@example.com,Campo Grande,Auxiliar de produção,62,38002968232
Letícia Dias Castro,leticia.dias.castro.27829@example.com,São Paulo,Coordenador de produção,47,11887167841
Larissa Barbosa Barbosa,larissa.barbosa.barbosa.27830@example.com,Florianópolis,Técnico em informática,56,43372805896
Carolina Lima Martins,carolina.lima.martins.27831@example.com,Campinas,Técnico de segurança do trabalho,34,29527930635
Thiago Carvalho Costa,thiago.carvalho.costa.27832@example.com,Uberlândia,Cozinheiro,21,57513382870
Larissa Gomes Carvalho,larissa.gomes.carvalho.27833@example.com,Londrina,Gerente de recursos humanos,30,37136801622
Vinícius Mendes Cardoso,vinicius.mendes.cardoso.27834@example.com,Florianópolis,Mecânico,39,99739237337
Ana Pereira Barros,ana.pereira.barros.27835@example.com,Dourados,Gerente de recursos humanos,44,63875641016
Simone Cardoso Gomes,simone.cardoso.gomes.27836@example.com,Florianópolis,Gerente de tecnologia,44,31064574880
Marcelo Souza Alves,marcelo.souza.alves.27837@example.com,Belém,Pedreiro,57,87512439471
Renata Moreira Barros,renata.moreira.barros.27838@example.com,Belo Horizonte,Corretor de imóveis,34,38341098561
Otávio Gomes Oliveira,otavio.gomes.oliveira.27839@example.com,Santos,Coordenador administrativo,52,96071961309
Igor Freitas Barbosa,igor.freitas.barbosa.27840@example.com,Dourados,Motorista,70,68012157213
Otávio Oliveira Pereira,otavio.oliveira.pereira.27841@example.com,Recife,Supervisor de atendimento,65,18424661354
Amanda Freitas Barbosa,amanda.freitas.barbosa.27842@example.com,Rio de Janeiro,Recepcionista,59,69869599740
Bruno Almeida Monteiro,bruno.almeida.monteiro.27843@example.com,Manaus,Analista de dados,35,45251767285
Daniela Dias Almeida,daniela.dias.almeida.27844@example.com,Fortaleza,Auxiliar de produção,44,08013208648
Débora Mendes Castro,debora.mendes.castro.27845@example.com,Rondonópolis,Supervisor de vendas,68,40770859869
Luana Teixeira Rocha,luana.teixeira.rocha.27846@example.com,Sorocaba,Chefe de almoxarifado,62,80675283378
Gustavo Dias Pereira,gustavo.dias.pereira.27847@example.com,Cuiabá,Assistente comercial,45,29750211711
Rafael Martins Alves,rafael.martins.alves.27848@example.com,Joinville,Operador de caixa,22,93106205568
Leonardo Monteiro Pereira,leonardo.monteiro.pereira.27849@example.com,São Paulo,Analista de marketing,35,87468531535
Priscila Rocha Costa,priscila.rocha.costa.27850@example.com,Caxias do Sul,Jornalista,40,38341637102
Vanessa Lima Castro,vanessa.lima.castro.27851@example.com,Vitória,Engenheiro civil,33,42741412410
Débora Barbosa Costa,debora.barbosa.costa.27852@example.com,Fortaleza,Coordenador de produção,26,53903741984
Thiago Alves Ribeiro,thiago.alves.ribeiro.27853@example.com,Vitória,Fisioterapeuta,41,40543816523
Carolina Silva Gomes,carolina.silva.gomes.27854@example.com,Rondonópolis,Chefe de departamento pessoal,40,84291808970
José Souza Teixeira,jose.souza.teixeira.27855@example.com,Vitória,Supervisor de atendimento,30,49080242945
Nicolas Santos Souza,nicolas.santos.souza.27856@example.com,Natal,Professor,54,41304002643
Diego Moreira Costa,diego.moreira.costa.27857@example.com,Recife,Técnico de segurança do trabalho,18,55951488122
Aline Dias Moreira,aline.dias.moreira.27858@example.com,Manaus,Assistente comercial,47,80416250480
Beatriz Monteiro Cardoso,beatriz.monteiro.cardoso.27859@example.com,Caxias do Sul,Assistente administrativo,36,41553561402
Felipe Souza Almeida,felipe.souza.almeida.27860@example.com,Santos,Enfermeiro,39,90043206063
Gabriel Costa Teixeira,gabriel.costa.teixeira.27861@example.com,Caxias do Sul,Padeiro,19,66456166348
Patrícia Rocha Silva,patricia.rocha.silva.27862@example.com,Niterói,Arquiteto,41,95748443414
Renata Barbosa Castro,renata.barbosa.castro.27863@example.com,Joinville,Analista de dados,23,69858471711
Gustavo Cardoso Dias,gustavo.cardoso.dias.27864@example.com,Londrina,Padeiro,48,48948398583
Diego Silva Gomes,diego.silva.gomes.27865@example.com,Campinas,Farmacêutico,69,92424521555
Gustavo Fernandes Oliveira,gustavo.fernandes.oliveira.27866@example.com,Belo Horizonte,Enfermeiro,66,68154157089
Sandra Martins Almeida,sandra.martins.almeida.27867@example.com,Santos,Auxiliar de produção,65,82280386898
Daniela Silva Silva,daniela.silva.silva.27868@example.com,Recife,Contador,31,68472770797
Ana Souza Fernandes,ana.souza.fernandes.27869@example.com,Uberlândia,Operador de caixa,37,71520685762
Henrique Mendes Pereira,henrique.mendes.pereira.27870@example.com,Curitiba,Advogado,61,46654282537
Simone Araújo Moreira,simone.araujo.moreira.27871@example.com,Londrina,Gerente de operações,35,37275197218
Renata Teixeira Teixeira,renata.teixeira.teixeira.27872@example.com,Brasília,Programador,68,75461597893
Sérgio Castro Carvalho,sergio.castro.carvalho.27873@example.com,Londrina,Supervisor de atendimento,19,63671176868
Tatiane Castro Mendes,tatiane.castro.mendes.27874@example.com,Uberlândia,Mecânico,61,34578271946
Luana Lima Gomes,luana.lima.gomes.27875@example.com,Maringá,Analista de marketing,41,68947239846
Sandra Ribeiro Costa,sandra.ribeiro.costa.27876@example.com,Manaus,Operador de caixa,43,73138631607
Diego Costa Santos,diego.costa.santos.27877@example.com,Goiânia,Coordenador de logística,55,81418098463
Henrique Martins Nascimento,henrique.martins.nascimento.27878@example.com,Manaus,Supervisor de qualidade,43,04047321149
Ricardo Castro Rocha,ricardo.castro.rocha.27879@example.com,Rio de Janeiro,Gerente comercial,39,40386397715
Leonardo Rocha Pereira,leonardo.rocha.pereira.27880@example.com,Uberlândia,Gerente comercial,31,27120597465
Felipe Teixeira Castro,felipe.teixeira.castro.27881@example.com,Santos,Contador,59,70625510452
Gabriela Rocha Cardoso,gabriela.rocha.cardoso.27882@example.com,Niterói,Diretor comercial,31,82378178534
Pedro Santos Mendes,pedro.santos.mendes.27883@example.com,Goiânia,Líder de equipe,63,54814117951
Beatriz Alves Gomes,beatriz.alves.gomes.27884@example.com,Goiânia,Atendente,53,80762335452
Leonardo Rodrigues Dias,leonardo.rodrigues.dias.27885@example.com,Sorocaba,Pedreiro,41,95675744786
Gabriel Costa Almeida,gabriel.costa.almeida.27886@example.com,Rio de Janeiro,Analista de recursos humanos,68,27165050962
Otávio Barbosa Santos,otavio.barbosa.santos.27887@example.com,Rondonópolis,Programador,59,46817789226
Paulo Dias Freitas,paulo.dias.freitas.27888@example.com,Fortaleza,Supervisor de vendas,46,78182795967
Gabriela Pereira Monteiro,gabriela.pereira.monteiro.27889@example.com,Florianópolis,Coordenador de marketing,53,03680301034
João Martins Silva,joao.martins.silva.27890@example.com,Recife,Padeiro,66,94921297352
Sandra Barbosa Souza,sandra.barbosa.souza.27891@example.com,Campo Grande,Supervisor de manutenção,18,63980639363
Fernanda Fernandes Martins,fernanda.fernandes.martins.27892@example.com,Fortaleza,Assistente administrativo,40,34695751729
Gabriel Pereira Ribeiro,gabriel.pereira.ribeiro.27893@example.com,Belém,Assistente administrativo,49,87341447334
Nicolas Alves Rodrigues,nicolas.alves.rodrigues.27894@example.com,Rondonópolis,Atendente,26,61933062861
Otávio Souza Santos,otavio.souza.santos.27895@example.com,Rondonópolis,Chefe de almoxarifado,68,75015794645
Otávio Pereira Fernandes,otavio.pereira.fernandes.27896@example.com,Rio de Janeiro,Assistente comercial,21,29551903069
Ricardo Almeida Santos,ricardo.almeida.santos.27897@example.com,Rio de Janeiro,Coordenador administrativo,66,57186789240
Otávio Carvalho Rodrigues,otavio.carvalho.rodrigues.27898@example.com,Porto Alegre,Mecânico,58,46111881907
Paulo Souza Ribeiro,paulo.souza.ribeiro.27899@example.com,São Paulo,Cozinheiro,28,99127424012
Ricardo Nascimento Barros,ricardo.nascimento.barros.27900@example.com,Campo Grande,Corretor de imóveis,53,76950851294
Gabriela Moreira Ribeiro,gabriela.moreira.ribeiro.27901@example.com,Dourados,Gerente de recursos humanos,38,74945942007
Simone Araújo Fernandes,simone.araujo.fernandes.27902@example.com,Porto Alegre,Designer gráfico,66,57198087807
Igor Ribeiro Pereira,igor.ribeiro.pereira.27903@example.com,Salvador,Designer gráfico,58,22223446115
Ricardo Santos Freitas,ricardo.santos.freitas.27904@example.com,Caxias do Sul,Comprador,64,34894992139
Eduardo Moreira Souza,eduardo.moreira.souza.27905@example.com,Fortaleza,Coordenador administrativo,35,09200006747
Lucas Freitas Araújo,lucas.freitas.araujo.27906@example.com,Sorocaba,Farmacêutico,38,40394391847
Priscila Araújo Martins,priscila.araujo.martins.27907@example.com,Uberlândia,Supervisor de manutenção,51,48956657640
Vanessa Monteiro Souza,vanessa.monteiro.souza.27908@example.com,Santos,Líder de equipe,53,91724657125
Sandra Barros Alves,sandra.barros.alves.27909@example.com,Niterói,Mecânico,49,70440959920
Marcelo Barbosa Pereira,marcelo.barbosa.pereira.27910@example.com,Fortaleza,Analista financeiro,42,27426645095
Carlos Fernandes Silva,carlos.fernandes.silva.27911@example.com,Campo Grande,Técnico de enfermagem,31,56523915860
Gustavo Pereira Mendes,gustavo.pereira.mendes.27912@example.com,Recife,Analista de recursos humanos,19,52149144375
Mariana Costa Araújo,mariana.costa.araujo.27913@example.com,Rondonópolis,Atendente,22,89728225066
Aline Rodrigues Monteiro,aline.rodrigues.monteiro.27914@example.com,Recife,Auxiliar de produção,47,99107281608
Sandra Pereira Santos,sandra.pereira.santos.27915@example.com,Salvador,Supervisor de atendimento,26,31058292638
Larissa Gomes Barbosa,larissa.gomes.barbosa.27916@example.com,Curitiba,Técnico de enfermagem,56,40588945563
Thiago Nascimento Almeida,thiago.nascimento.almeida.27917@example.com,Maringá,Enfermeiro,59,30598401287
Simone Mendes Teixeira,simone.mendes.teixeira.27918@example.com,Salvador,Professor,63,59676566676
Ricardo Rocha Costa,ricardo.rocha.costa.27919@example.com,Goiânia,Gerente de operações,64,75817555770
Simone Santos Santos,simone.santos.santos.27920@example.com,Niterói,Assistente comercial,35,10597783782
Carlos Silva Lima,carlos.silva.lima.27921@example.com,Joinville,Analista de marketing,31,58364555889
Leonardo Carvalho Pereira,leonardo.carvalho.pereira.27922@example.com,Natal,Diretor de operações,60,91549798619
Juliana Rodrigues Dias,juliana.rodrigues.dias.27923@example.com,Londrina,Chefe de compras,20,03336040769
Henrique Moreira Costa,henrique.moreira.costa.27924@example.com,Rio de Janeiro,Técnico de enfermagem,20,77013032644
João Moreira Dias,joao.moreira.dias.27925@example.com,São Paulo,Supervisor de manutenção,62,30309231860
Paulo Teixeira Alves,paulo.teixeira.alves.27926@example.com,Niterói,Gerente de recursos humanos,38,33297116532
Fernanda Alves Silva,fernanda.alves.silva.27927@example.com,Dourados,Programador,54,90691081899
Daniela Monteiro Rodrigues,daniela.monteiro.rodrigues.27928@example.com,Natal,Comprador,38,09835132773
Marcelo Carvalho Dias,marcelo.carvalho.dias.27929@example.com,Belém,Corretor de imóveis,57,82289833465
Carlos Santos Lima,carlos.santos.lima.27930@example.com,Goiânia,Recepcionista,24,65156443358
Eduardo Souza Barros,eduardo.souza.barros.27931@example.com,Belo Horizonte,Motorista,62,61663269685
Renata Costa Araújo,renata.costa.araujo.27932@example.com,Natal,Analista financeiro,69,08712543470
Beatriz Fernandes Santos,beatriz.fernandes.santos.27933@example.com,Brasília,Gerente de tecnologia,52,76487436974
Paulo Monteiro Dias,paulo.monteiro.dias.27934@example.com,Dourados,Gerente de operações,19,85345918648
Henrique Santos Dias,henrique.santos.dias.27935@example.com,Brasília,Programador,43,69883854514
Amanda Araújo Gomes,amanda.araujo.gomes.27936@example.com,Uberlândia,Técnico de segurança do trabalho,25,12703968639
Renata Nascimento Pereira,renata.nascimento.pereira.27937@example.com,Sorocaba,Motorista,28,85230971337
Ricardo Ribeiro Pereira,ricardo.ribeiro.pereira.27938@example.com,Santos,Eletricista,28,60529814525
Pedro Fernandes Teixeira,pedro.fernandes.teixeira.27939@example.com,Joinville,Diretor de operações,37,02751930004
Letícia Lima Moreira,leticia.lima.moreira.27940@example.com,Belo Horizonte,Motorista,30,33070464988
Marcelo Cardoso Ribeiro,marcelo.cardoso.ribeiro.27941@example.com,Uberlândia,Vendedor,45,56636808523
Juliana Gomes Castro,juliana.gomes.castro.27942@example.com,Recife,Jornalista,34,17557545145
Otávio Gomes Martins,otavio.gomes.martins.27943@example.com,Dourados,Nutricionista,24,02908785122
Simone Moreira Alves,simone.moreira.alves.27944@example.com,Belém,Padeiro,38,67671423201
Gustavo Rodrigues Ribeiro,gustavo.rodrigues.ribeiro.27945@example.com,Curitiba,Pedreiro,31,50236617235
Priscila Rodrigues Gomes,priscila.rodrigues.gomes.27946@example.com,Sorocaba,Gerente de tecnologia,47,95126678908
Igor Mendes Rodrigues,igor.mendes.rodrigues.27947@example.com,Dourados,Atendente,50,10158891690
Carolina Pereira Pereira,carolina.pereira.pereira.27948@example.com,Cuiabá,Coordenador de logística,66,64748534502
Beatriz Castro Lima,beatriz.castro.lima.27949@example.com,Maringá,Supervisor de manutenção,38,16752159466
Patrícia Freitas Barros,patricia.freitas.barros.27950@example.com,Joinville,Nutricionista,29,34045078962
Felipe Fernandes Souza,felipe.fernandes.souza.27951@example.com,Natal,Assistente administrativo,50,95052718150
Sandra Freitas Teixeira,sandra.freitas.teixeira.27952@example.com,Campinas,Vendedor,56,89743313178
Igor Ribeiro Carvalho,igor.ribeiro.carvalho.27953@example.com,Cuiabá,Assistente administrativo,32,26111768625
Igor Rocha Rocha,igor.rocha.rocha.27954@example.com,Rondonópolis,Fisioterapeuta,46,92637839255
Camila Costa Almeida,camila.costa.almeida.27955@example.com,Niterói,Motorista,22,52037813073
Luana Souza Lima,luana.souza.lima.27956@example.com,Londrina,Assistente comercial,55,28785533281
Daniela Barbosa Castro,daniela.barbosa.castro.27957@example.com,Porto Alegre,Coordenador de marketing,38,21869246486
Carolina Ribeiro Barros,carolina.ribeiro.barros.27958@example.com,Florianópolis,Gerente comercial,64,10672635517
Priscila Almeida Ribeiro,priscila.almeida.ribeiro.27959@example.com,Goiânia,Auxiliar de produção,55,98796600141
Sérgio Cardoso Freitas,sergio.cardoso.freitas.27960@example.com,Uberlândia,Contador,41,57930720570
Vinícius Moreira Mendes,vinicius.moreira.mendes.27961@example.com,São Paulo,Analista de recursos humanos,39,48054625713
João Mendes Teixeira,joao.mendes.teixeira.27962@example.com,Campinas,Eletricista,64,60186879440
Camila Fernandes Teixeira,camila.fernandes.teixeira.27963@example.com,Goiânia,Designer gráfico,52,71160222665
Eduardo Cardoso Gomes,eduardo.cardoso.gomes.27964@example.com,Dourados,Encarregado de produção,40,30985555744
João Moreira Alves,joao.moreira.alves.27965@example.com,Santos,Farmacêutico,60,82320364863
Tatiane Fernandes Carvalho,tatiane.fernandes.carvalho.27966@example.com,Maringá,Gerente de operações,42,38483737535
José Nascimento Moreira,jose.nascimento.moreira.27967@example.com,Cuiabá,Diretor comercial,62,37804245770
Beatriz Rocha Mendes,beatriz.rocha.mendes.27968@example.com,Belo Horizonte,Nutricionista,46,46614054213
Débora Rocha Fernandes,debora.rocha.fernandes.27969@example.com,Londrina,Programador,37,47864236795
Camila Santos Lima,camila.santos.lima.27970@example.com,Brasília,Fisioterapeuta,42,68729885593
Gabriela Moreira Souza,gabriela.moreira.souza.27971@example.com,Campinas,Mecânico,35,14538412082
Camila Araújo Almeida,camila.araujo.almeida.27972@example.com,São Paulo,Coordenador de marketing,46,37738063875
Marcelo Carvalho Carvalho,marcelo.carvalho.carvalho.27973@example.com,Campo Grande,Auxiliar de produção,34,16440675314
Carlos Dias Rocha,carlos.dias.rocha.27974@example.com,Natal,Farmacêutico,20,67132055963
Patrícia Moreira Gomes,patricia.moreira.gomes.27975@example.com,Caxias do Sul,Engenheiro civil,53,91687796008
Leonardo Barros Oliveira,leonardo.barros.oliveira.27976@example.com,Vitória,Fisioterapeuta,33,46334658963
João Alves Ribeiro,joao.alves.ribeiro.27977@example.com,Natal,Coordenador de logística,30,20798832220
Eduardo Rocha Silva,eduardo.rocha.silva.27978@example.com,Niterói,Vendedor,55,86847972935
Carolina Rocha Cardoso,carolina.rocha.cardoso.27979@example.com,Florianópolis,Nutricionista,65,91194736443
Renata Ribeiro Alves,renata.ribeiro.alves.27980@example.com,Manaus,Gerente financeiro,54,77488502238
Diego Martins Carvalho,diego.martins.carvalho.27981@example.com,Recife,Fisioterapeuta,57,75701517260
Sandra Teixeira Nascimento,sandra.teixeira.nascimento.27982@example.com,Campo Grande,Motorista,54,35134301975
Ana Moreira Alves,ana.moreira.alves.27983@example.com,Dourados,Comprador,40,52825987128
Mariana Carvalho Pereira,mariana.carvalho.pereira.27984@example.com,Manaus,Líder de equipe,26,42395353835
Gustavo Silva Carvalho,gustavo.silva.carvalho.27985@example.com,Cuiabá,Engenheiro civil,41,09127539306
José Rocha Pereira,jose.rocha.pereira.27986@example.com,Salvador,Gerente de operações,69,49179046752
Igor Dias Martins,igor.dias.martins.27987@example.com,Maringá,Engenheiro civil,45,13427600544
Otávio Monteiro Castro,otavio.monteiro.castro.27988@example.com,Curitiba,Comprador,68,96847764548
Larissa Moreira Souza,larissa.moreira.souza.27989@example.com,Belo Horizonte,Chefe de almoxarifado,55,59569051984
Igor Souza Monteiro,igor.souza.monteiro.27990@example.com,Goiânia,Gerente comercial,66,15051535075
Nicolas Nascimento Santos,nicolas.nascimento.santos.27991@example.com,Rondonópolis,Técnico de segurança do trabalho,31,60454457473
Vanessa Pereira Barros,vanessa.pereira.barros.27992@example.com,Sorocaba,Professor,60,47817343199
Priscila Freitas Gomes,priscila.freitas.gomes.27993@example.com,Santos,Designer gráfico,55,78073722828
Simone Santos Araújo,simone.santos.araujo.27994@example.com,Niterói,Supervisor de atendimento,63,58667355413
Gabriel Souza Silva,gabriel.souza.silva.27995@example.com,Natal,Recepcionista,61,14257749789
Gabriela Carvalho Castro,gabriela.carvalho.castro.27996@example.com,Caxias do Sul,Analista de dados,56,21414597145
Otávio Cardoso Rodrigues,otavio.cardoso.rodrigues.27997@example.com,Vitória,Analista de recursos humanos,24,98313678389
João Rocha Souza,joao.rocha.souza.27998@example.com,Florianópolis,Analista de recursos humanos,62,01984037861
Ricardo Pereira Mendes,ricardo.pereira.mendes.27999@example.com,Rio de Janeiro,Farmacêutico,18,97401157160
Tatiane Oliveira Moreira,tatiane.oliveira.moreira.28000@example.com,Campo Grande,Técnico de segurança do trabalho,39,57897654879
João Ribeiro Pereira,joao.ribeiro.pereira.28001@example.com,Fortaleza,Advogado,52,55612618667
Juliana Barros Gomes,juliana.barros.gomes.28002@example.com,Rondonópolis,Contador,49,51082675477
Lucas Martins Carvalho,lucas.martins.carvalho.28003@example.com,Dourados,Designer gráfico,35,68848206426
Mariana Rocha Martins,mariana.rocha.martins.28004@example.com,Belo Horizonte,Corretor de imóveis,67,93074804311
Vitória Cardoso Carvalho,vitoria.cardoso.carvalho.28005@example.com,Salvador,Cozinheiro,70,59991500061
Priscila Lima Martins,priscila.lima.martins.28006@example.com,Belém,Supervisor de qualidade,70,27471564932
Juliana Barbosa Moreira,juliana.barbosa.moreira.28007@example.com,Joinville,Analista de dados,43,40709848551
Bruno Carvalho Araújo,bruno.carvalho.araujo.28008@example.com,Sorocaba,Chefe de departamento pessoal,68,62355276036
Marcelo Souza Dias,marcelo.souza.dias.28009@example.com,Campo Grande,Pedreiro,56,60845073818
Diego Monteiro Freitas,diego.monteiro.freitas.28010@example.com,Fortaleza,Engenheiro civil,25,63589939448
Gabriela Alves Barbosa,gabriela.alves.barbosa.28011@example.com,Campinas,Líder de equipe,41,10501234139
Pedro Dias Rocha,pedro.dias.rocha.28012@example.com,Manaus,Motorista,55,51406081169
Gabriel Costa Ribeiro,gabriel.costa.ribeiro.28013@example.com,Belo Horizonte,Jornalista,19,94988228810
Paulo Cardoso Mendes,paulo.cardoso.mendes.28014@example.com,Belo Horizonte,Fisioterapeuta,53,30124810363
Lucas Martins Martins,lucas.martins.martins.28015@example.com,Campinas,Estoquista,60,66902886049
Tatiane Carvalho Rocha,tatiane.carvalho.rocha.28016@example.com,Brasília,Assistente comercial,58,56296810563
Daniela Castro Carvalho,daniela.castro.carvalho.28017@example.com,Maringá,Técnico em informática,22,42240253122
Lucas Moreira Silva,lucas.moreira.silva.28018@example.com,Sorocaba,Analista de marketing,49,25458566532
Diego Barros Carvalho,diego.barros.carvalho.28019@example.com,Campinas,Coordenador administrativo,61,48945939876
Ana Lima Souza,ana.lima.souza.28020@example.com,Santos,Padeiro,66,48090931876
Vinícius Dias Fernandes,vinicius.dias.fernandes.28021@example.com,Recife,Supervisor de qualidade,52,79390694087
Sérgio Costa Araújo,sergio.costa.araujo.28022@example.com,Niterói,Diretor de operações,42,63991484867
Tatiane Ribeiro Mendes,tatiane.ribeiro.mendes.28023@example.com,Joinville,Técnico de segurança do trabalho,64,32983693734
Vitória Mendes Barbosa,vitoria.mendes.barbosa.28024@example.com,Brasília,Técnico em informática,25,52564291682
Vinícius Mendes Castro,vinicius.mendes.castro.28025@example.com,Rondonópolis,Estoquista,33,56190778008
Mariana Rocha Cardoso,mariana.rocha.cardoso.28026@example.com,Brasília,Professor,66,77199379578
Ana Fernandes Monteiro,ana.fernandes.monteiro.28027@example.com,Belo Horizonte,Diretor de operações,59,21772825142
Letícia Cardoso Araújo,leticia.cardoso.araujo.28028@example.com,Rio de Janeiro,Coordenador administrativo,66,72610175252
Carolina Lima Costa,carolina.lima.costa.28029@example.com,Florianópolis,Operador de caixa,42,09575169045
Larissa Ribeiro Rocha,larissa.ribeiro.rocha.28030@example.com,Joinville,Mecânico,44,37260950937
Ana Nascimento Souza,ana.nascimento.souza.28031@example.com,Sorocaba,Advogado,41,31582818641
Daniela Castro Barbosa,daniela.castro.barbosa.28032@example.com,Vitória,Gerente financeiro,64,76753940129
Bruno Barbosa Martins,bruno.barbosa.martins.28033@example.com,Santos,Motorista,60,28922650562
Patrícia Costa Barros,patricia.costa.barros.28034@example.com,Cuiabá,Estoquista,30,22736436350
Nicolas Alves Mendes,nicolas.alves.mendes.28035@example.com,Sorocaba,Analista de dados,62,90639094135
Tatiane Moreira Moreira,tatiane.moreira.moreira.28036@example.com,Rondonópolis,Gerente de recursos humanos,40,80620527270
Aline Rodrigues Dias,aline.rodrigues.dias.28037@example.com,Caxias do Sul,Coordenador de marketing,42,58927034376
Ricardo Barbosa Pereira,ricardo.barbosa.pereira.28038@example.com,Belo Horizonte,Mecânico,62,40168088859
Letícia Araújo Teixeira,leticia.araujo.teixeira.28039@example.com,Vitória,Analista de dados,19,75573830490
Mariana Dias Alves,mariana.dias.alves.28040@example.com,Curitiba,Gerente de operações,38,76856318943
Ricardo Oliveira Santos,ricardo.oliveira.santos.28041@example.com,Cuiabá,Recepcionista,25,17114605469
Fernanda Souza Ribeiro,fernanda.souza.ribeiro.28042@example.com,Dourados,Coordenador de produção,69,70636888354
José Souza Moreira,jose.souza.moreira.28043@example.com,Maringá,Chefe de departamento pessoal,35,46527817203
Pedro Moreira Barbosa,pedro.moreira.barbosa.28044@example.com,Curitiba,Líder de equipe,52,14694025789
Ricardo Freitas Nascimento,ricardo.freitas.nascimento.28045@example.com,Santos,Analista financeiro,38,11355085404
Rafael Almeida Dias,rafael.almeida.dias.28046@example.com,Santos,Arquiteto,40,07900273333
Vinícius Santos Rodrigues,vinicius.santos.rodrigues.28047@example.com,Rondonópolis,Coordenador administrativo,52,12315629406
Vanessa Castro Santos,vanessa.castro.santos.28048@example.com,Maringá,Eletricista,35,86766729504
Rafael Cardoso Souza,rafael.cardoso.souza.28049@example.com,Florianópolis,Contador,23,02145177528
Luana Santos Fernandes,luana.santos.fernandes.28050@example.com,Belo Horizonte,Pedreiro,18,45082078561
Vanessa Pereira Monteiro,vanessa.pereira.monteiro.28051@example.com,Manaus,Gerente de recursos humanos,37,47983993615
Carolina Carvalho Nascimento,carolina.carvalho.nascimento.28052@example.com,Belém,Assistente administrativo,40,61234091831
Eduardo Lima Cardoso,eduardo.lima.cardoso.28053@example.com,Santos,Analista financeiro,35,89369319137
Patrícia Pereira Freitas,patricia.pereira.freitas.28054@example.com,Belo Horizonte,Comprador,21,50503338505
Aline Alves Costa,aline.alves.costa.28055@example.com,Londrina,Analista de dados,21,82194013826
Fernanda Santos Gomes,fernanda.santos.gomes.28056@example.com,Porto Alegre,Gerente de tecnologia,63,58065714515
Fernanda Freitas Dias,fernanda.freitas.dias.28057@example.com,Santos,Chefe de almoxarifado,56,60527992676
Gustavo Mendes Mendes,gustavo.mendes.mendes.28058@example.com,Vitória,Coordenador administrativo,26,68073159693
Sandra Costa Mendes,sandra.costa.mendes.28059@example.com,Niterói,Arquiteto,40,78196390187
João Gomes Souza,joao.gomes.souza.28060@example.com,Santos,Supervisor de manutenção,69,59095218780
Igor Araújo Rodrigues,igor.araujo.rodrigues.28061@example.com,São Paulo,Diretor comercial,31,02899371236
Ana Fernandes Martins,ana.fernandes.martins.28062@example.com,Rio de Janeiro,Padeiro,42,32542600339
Patrícia Santos Dias,patricia.santos.dias.28063@example.com,Rondonópolis,Analista de marketing,18,44618937960
Priscila Gomes Moreira,priscila.gomes.moreira.28064@example.com,Brasília,Coordenador de marketing,40,91260760046
Ricardo Teixeira Teixeira,ricardo.teixeira.teixeira.28065@example.com,Joinville,Gerente de tecnologia,61,50378485660
Gustavo Teixeira Rocha,gustavo.teixeira.rocha.28066@example.com,Cuiabá,Cozinheiro,18,36062427162
Aline Mendes Costa,aline.mendes.costa.28067@example.com,Brasília,Diretor comercial,43,50408283779
Vitória Fernandes Oliveira,vitoria.fernandes.oliveira.28068@example.com,Rondonópolis,Coordenador de logística,68,32861666728
Lucas Rodrigues Rodrigues,lucas.rodrigues.rodrigues.28069@example.com,Belém,Diretor de operações,40,78786233590
Débora Monteiro Rodrigues,debora.monteiro.rodrigues.28070@example.com,Goiânia,Programador,64,98045276418
Simone Oliveira Araújo,simone.oliveira.araujo.28071@example.com,Campo Grande,Gerente de recursos humanos,26,68420450825
Amanda Almeida Lima,amanda.almeida.lima.28072@example.com,Fortaleza,Analista de marketing,31,60475732689
Vinícius Castro Barros,vinicius.castro.barros.28073@example.com,Campo Grande,Analista de marketing,32,79423735011
Gustavo Castro Mendes,gustavo.castro.mendes.28074@example.com,Vitória,Supervisor de qualidade,38,61956703027
Beatriz Carvalho Barbosa,beatriz.carvalho.barbosa.28075@example.com,Natal,Gerente financeiro,21,10462536859
Lucas Rocha Pereira,lucas.rocha.pereira.28076@example.com,Brasília,Supervisor de manutenção,70,92058445467
Vanessa Teixeira Nascimento,vanessa.teixeira.nascimento.28077@example.com,Goiânia,Enfermeiro,46,61471873634
Patrícia Pereira Moreira,patricia.pereira.moreira.28078@example.com,Porto Alegre,Supervisor de vendas,70,27549080559
Letícia Oliveira Santos,leticia.oliveira.santos.28079@example.com,Brasília,Professor,64,11719802437
Amanda Martins Fernandes,amanda.martins.fernandes.28080@example.com,Londrina,Chefe de compras,43,91929212174
Paulo Oliveira Moreira,paulo.oliveira.moreira.28081@example.com,Caxias do Sul,Eletricista,57,33097584912
Daniela Teixeira Moreira,daniela.teixeira.moreira.28082@example.com,Florianópolis,Assistente administrativo,28,72544010382
Sandra Freitas Dias,sandra.freitas.dias.28083@example.com,Natal,Contador,21,15437041335
Sérgio Carvalho Dias,sergio.carvalho.dias.28084@example.com,São Paulo,Supervisor de vendas,25,34355484597
Sandra Gomes Costa,sandra.gomes.costa.28085@example.com,Rio de Janeiro,Coordenador de marketing,53,61284181349
Carlos Barbosa Cardoso,carlos.barbosa.cardoso.28086@example.com,Recife,Assistente comercial,18,77960167721
Daniela Carvalho Araújo,daniela.carvalho.araujo.28087@example.com,Rio de Janeiro,Técnico em informática,58,10141644175
Juliana Barbosa Alves,juliana.barbosa.alves.28088@example.com,Caxias do Sul,Recepcionista,44,57125902787
Vanessa Souza Dias,vanessa.souza.dias.28089@example.com,Cuiabá,Eletricista,62,82931543750
Carolina Mendes Almeida,carolina.mendes.almeida.28090@example.com,Recife,Pedreiro,53,55457026919
Gustavo Costa Barros,gustavo.costa.barros.28091@example.com,Cuiabá,Mecânico,51,25989272254
Ricardo Almeida Fernandes,ricardo.almeida.fernandes.28092@example.com,Belém,Chefe de departamento pessoal,23,21026027431
Juliana Gomes Monteiro,juliana.gomes.monteiro.28093@example.com,Salvador,Professor,37,12727907824
Daniela Mendes Castro,daniela.mendes.castro.28094@example.com,Campo Grande,Analista de dados,53,22493521680
Daniela Barros Oliveira,daniela.barros.oliveira.28095@example.com,Rondonópolis,Farmacêutico,24,84588891899
Beatriz Costa Castro,beatriz.costa.castro.28096@example.com,Niterói,Operador de caixa,43,88856453146
Nicolas Carvalho Barros,nicolas.carvalho.barros.28097@example.com,Uberlândia,Supervisor de qualidade,32,83731171826
Fernanda Pereira Costa,fernanda.pereira.costa.28098@example.com,Goiânia,Técnico de segurança do trabalho,52,56740578560
Nicolas Lima Ribeiro,nicolas.lima.ribeiro.28099@example.com,Santos,Fisioterapeuta,66,45293817735
Henrique Carvalho Dias,henrique.carvalho.dias.28100@example.com,Rio de Janeiro,Analista financeiro,23,71810017065
Letícia Araújo Fernandes,leticia.araujo.fernandes.28101@example.com,Natal,Supervisor de vendas,33,59491468112
Beatriz Ribeiro Oliveira,beatriz.ribeiro.oliveira.28102@example.com,Joinville,Analista financeiro,42,48920797258
Thiago Moreira Castro,thiago.moreira.castro.28103@example.com,Londrina,Chefe de almoxarifado,57,14950708602
Mariana Almeida Rocha,mariana.almeida.rocha.28104@example.com,Cuiabá,Gerente comercial,37,35019443578
João Freitas Almeida,joao.freitas.almeida.28105@example.com,Belo Horizonte,Vendedor,50,06305427206
Beatriz Nascimento Castro,beatriz.nascimento.castro.28106@example.com,Campo Grande,Jornalista,64,35697269825
José Carvalho Rodrigues,jose.carvalho.rodrigues.28107@example.com,Belo Horizonte,Supervisor de qualidade,37,35586966259
Letícia Pereira Santos,leticia.pereira.santos.28108@example.com,Florianópolis,Enfermeiro,29,06485841292
Bruno Barbosa Monteiro,bruno.barbosa.monteiro.28109@example.com,Maringá,Recepcionista,35,10717098852
Leonardo Barros Rocha,leonardo.barros.rocha.28110@example.com,Campinas,Gerente financeiro,46,40663099903
Camila Mendes Monteiro,camila.mendes.monteiro.28111@example.com,Belo Horizonte,Coordenador administrativo,66,82838802315
Marcelo Castro Oliveira,marcelo.castro.oliveira.28112@example.com,Rondonópolis,Técnico de enfermagem,27,16373994150
Nicolas Monteiro Moreira,nicolas.monteiro.moreira.28113@example.com,Joinville,Supervisor de vendas,27,01656101597
Gustavo Freitas Barros,gustavo.freitas.barros.28114@example.com,Belo Horizonte,Jornalista,39,41838590712
Diego Dias Barbosa,diego.dias.barbosa.28115@example.com,Florianópolis,Padeiro,23,51255806202
Gabriela Almeida Freitas,gabriela.almeida.freitas.28116@example.com,Niterói,Analista financeiro,33,32626106276
Thiago Oliveira Castro,thiago.oliveira.castro.28117@example.com,Goiânia,Supervisor de qualidade,61,31998039309
João Dias Teixeira,joao.dias.teixeira.28118@example.com,Rondonópolis,Coordenador administrativo,34,99022125148
Luana Gomes Teixeira,luana.gomes.teixeira.28119@example.com,Goiânia,Arquiteto,42,19609053593
Igor Monteiro Souza,igor.monteiro.souza.28120@example.com,Cuiabá,Gerente de operações,31,68069325849
Ana Ribeiro Oliveira,ana.ribeiro.oliveira.28121@example.com,Belém,Assistente comercial,58,89116132293
Gabriel Teixeira Rodrigues,gabriel.teixeira.rodrigues.28122@example.com,Caxias do Sul,Arquiteto,60,04109208976
Marcelo Rodrigues Cardoso,marcelo.rodrigues.cardoso.28123@example.com,Brasília,Líder de equipe,59,60385342440
Amanda Almeida Rodrigues,amanda.almeida.rodrigues.28124@example.com,Salvador,Professor,58,11866553392
Ricardo Mendes Lima,ricardo.mendes.lima.28125@example.com,Sorocaba,Contador,54,23064430569
Diego Lima Martins,diego.lima.martins.28126@example.com,Campinas,Técnico de enfermagem,37,38972757829
Leonardo Oliveira Souza,leonardo.oliveira.souza.28127@example.com,São Paulo,Diretor comercial,63,98227638995
Vanessa Lima Fernandes,vanessa.lima.fernandes.28128@example.com,Caxias do Sul,Fisioterapeuta,46,18575987486
Larissa Ribeiro Oliveira,larissa.ribeiro.oliveira.28129@example.com,Dourados,Advogado,67,98128941339
Juliana Cardoso Gomes,juliana.cardoso.gomes.28130@example.com,Recife,Padeiro,39,26972753478
Pedro Silva Fernandes,pedro.silva.fernandes.28131@example.com,Vitória,Estoquista,61,37439283728
Paulo Rocha Nascimento,paulo.rocha.nascimento.28132@example.com,Porto Alegre,Analista de recursos humanos,22,52044746594
Felipe Costa Silva,felipe.costa.silva.28133@example.com,São Paulo,Analista de dados,58,24333745218
Simone Alves Fernandes,simone.alves.fernandes.28134@example.com,Florianópolis,Operador de caixa,34,03611370960
Ricardo Cardoso Almeida,ricardo.cardoso.almeida.28135@example.com,Sorocaba,Programador,37,45825534044
Vanessa Monteiro Alves,vanessa.monteiro.alves.28136@example.com,São Paulo,Enfermeiro,43,40310545342
Rafael Gomes Souza,rafael.gomes.souza.28137@example.com,Joinville,Coordenador de logística,22,77766746048
Simone Silva Carvalho,simone.silva.carvalho.28138@example.com,Uberlândia,Programador,36,88749011184
Lucas Santos Moreira,lucas.santos.moreira.28139@example.com,Salvador,Analista de recursos humanos,25,33146937505
Sérgio Santos Ribeiro,sergio.santos.ribeiro.28140@example.com,Niterói,Recepcionista,21,76037740837
Letícia Martins Castro,leticia.martins.castro.28141@example.com,Belém,Programador,31,58849580602
João Dias Souza,joao.dias.souza.28142@example.com,Manaus,Gerente de operações,30,89962502735
Felipe Castro Castro,felipe.castro.castro.28143@example.com,Vitória,Recepcionista,70,16629197719
Gustavo Martins Barros,gustavo.martins.barros.28144@example.com,Maringá,Farmacêutico,26,63833466812
Fernanda Martins Alves,fernanda.martins.alves.28145@example.com,Florianópolis,Assistente comercial,65,13346964174
Aline Mendes Carvalho,aline.mendes.carvalho.28146@example.com,Londrina,Advogado,67,82974490751
Sérgio Souza Castro,sergio.souza.castro.28147@example.com,Manaus,Técnico em informática,56,66781928125
Eduardo Costa Pereira,eduardo.costa.pereira.28148@example.com,Fortaleza,Farmacêutico,24,67419749680
Tatiane Martins Carvalho,tatiane.martins.carvalho.28149@example.com,Campinas,Designer gráfico,21,99713501309
Renata Almeida Souza,renata.almeida.souza.28150@example.com,Florianópolis,Cozinheiro,51,52849886595
José Pereira Monteiro,jose.pereira.monteiro.28151@example.com,Brasília,Advogado,65,47113843989
Paulo Freitas Rocha,paulo.freitas.rocha.28152@example.com,Recife,Auxiliar de produção,62,46831005499
Rafael Pereira Barbosa,rafael.pereira.barbosa.28153@example.com,Fortaleza,Recepcionista,59,89075498007
Luana Martins Alves,luana.martins.alves.28154@example.com,Belo Horizonte,Programador,20,51030233894
Luana Barros Gomes,luana.barros.gomes.28155@example.com,Santos,Diretor comercial,58,46426197538
Camila Monteiro Costa,camila.monteiro.costa.28156@example.com,Salvador,Encarregado de produção,44,49971556612
Débora Rocha Ribeiro,debora.rocha.ribeiro.28157@example.com,Cuiabá,Comprador,24,85337658282
Larissa Araújo Santos,larissa.araujo.santos.28158@example.com,Caxias do Sul,Coordenador de produção,20,10201316316
Sandra Nascimento Souza,sandra.nascimento.souza.28159@example.com,Niterói,Gerente de operações,23,21602004134
Letícia Barbosa Almeida,leticia.barbosa.almeida.28160@example.com,Joinville,Gerente comercial,22,15015135634
Amanda Lima Pereira,amanda.lima.pereira.28161@example.com,Goiânia,Assistente comercial,29,36522260059
Gabriel Cardoso Pereira,gabriel.cardoso.pereira.28162@example.com,Florianópolis,Padeiro,62,09717743889
Tatiane Monteiro Monteiro,tatiane.monteiro.monteiro.28163@example.com,Rondonópolis,Engenheiro civil,36,16848790768
Camila Barbosa Martins,camila.barbosa.martins.28164@example.com,Belo Horizonte,Chefe de compras,54,77615579965
Juliana Gomes Almeida,juliana.gomes.almeida.28165@example.com,São Paulo,Assistente comercial,33,97997655345
Sérgio Oliveira Moreira,sergio.oliveira.moreira.28166@example.com,Joinville,Chefe de departamento pessoal,35,91393790545
Nicolas Ribeiro Cardoso,nicolas.ribeiro.cardoso.28167@example.com,Uberlândia,Encarregado de produção,59,38231684487
Igor Castro Castro,igor.castro.castro.28168@example.com,Campinas,Técnico de enfermagem,25,76195006265
João Silva Cardoso,joao.silva.cardoso.28169@example.com,Niterói,Assistente administrativo,61,66238987555
Bruno Lima Oliveira,bruno.lima.oliveira.28170@example.com,Niterói,Jornalista,61,85459248486
Letícia Silva Pereira,leticia.silva.pereira.28171@example.com,Natal,Analista de dados,35,67266365839
Bruno Costa Fernandes,bruno.costa.fernandes.28172@example.com,Belém,Diretor de operações,49,40335071182
Marcelo Ribeiro Cardoso,marcelo.ribeiro.cardoso.28173@example.com,Rio de Janeiro,Programador,44,96380158979
Rafael Dias Moreira,rafael.dias.moreira.28174@example.com,Porto Alegre,Professor,59,97797344632
Mariana Oliveira Ribeiro,mariana.oliveira.ribeiro.28175@example.com,Vitória,Padeiro,51,60301541937
José Costa Monteiro,jose.costa.monteiro.28176@example.com,Manaus,Analista financeiro,21,04341673911
Diego Moreira Lima,diego.moreira.lima.28177@example.com,Uberlândia,Coordenador de marketing,70,53891212640
Patrícia Dias Freitas,patricia.dias.freitas.28178@example.com,Joinville,Jornalista,44,88912282567
Felipe Almeida Ribeiro,felipe.almeida.ribeiro.28179@example.com,Vitória,Líder de equipe,51,44083241230
José Santos Barros,jose.santos.barros.28180@example.com,Manaus,Gerente financeiro,56,64130821349
Débora Araújo Martins,debora.araujo.martins.28181@example.com,Caxias do Sul,Padeiro,47,36233284786
Pedro Castro Araújo,pedro.castro.araujo.28182@example.com,Florianópolis,Pedreiro,53,38029595427
Aline Mendes Oliveira,aline.mendes.oliveira.28183@example.com,Manaus,Auxiliar de produção,32,99518913387
Tatiane Moreira Rocha,tatiane.moreira.rocha.28184@example.com,Rondonópolis,Diretor de operações,57,98199504287
Fernanda Moreira Costa,fernanda.moreira.costa.28185@example.com,Vitória,Assistente comercial,58,15318575244
Vinícius Dias Freitas,vinicius.dias.freitas.28186@example.com,Uberlândia,Farmacêutico,40,92146807422
Renata Oliveira Nascimento,renata.oliveira.nascimento.28187@example.com,Porto Alegre,Arquiteto,59,41686784767
Eduardo Monteiro Barbosa,eduardo.monteiro.barbosa.28188@example.com,Campo Grande,Assistente comercial,59,50388502900
Rafael Carvalho Dias,rafael.carvalho.dias.28189@example.com,Brasília,Comprador,62,75207736693
Ricardo Barbosa Costa,ricardo.barbosa.costa.28190@example.com,Maringá,Coordenador de logística,44,83033651246
Lucas Monteiro Costa,lucas.monteiro.costa.28191@example.com,Maringá,Supervisor de manutenção,70,89150993757
Carolina Moreira Lima,carolina.moreira.lima.28192@example.com,Brasília,Diretor de operações,64,13596650102
Carlos Oliveira Mendes,carlos.oliveira.mendes.28193@example.com,Campo Grande,Técnico de enfermagem,30,74132182909
Gabriela Rodrigues Teixeira,gabriela.rodrigues.teixeira.28194@example.com,Curitiba,Engenheiro civil,39,89970197242
Diego Ribeiro Araújo,diego.ribeiro.araujo.28195@example.com,Vitória,Analista financeiro,30,44679651286
Ricardo Ribeiro Barros,ricardo.ribeiro.barros.28196@example.com,Goiânia,Técnico em informática,25,99053629559
Priscila Gomes Nascimento,priscila.gomes.nascimento.28197@example.com,Porto Alegre,Advogado,59,24211841397
Otávio Almeida Almeida,otavio.almeida.almeida.28198@example.com,Florianópolis,Professor,20,22399719119
Vanessa Costa Rodrigues,vanessa.costa.rodrigues.28199@example.com,Fortaleza,Diretor comercial,65,40980723327
Tatiane Teixeira Monteiro,tatiane.teixeira.monteiro.28200@example.com,Recife,Assistente comercial,22,17870254133
Juliana Barbosa Barbosa,juliana.barbosa.barbosa.28201@example.com,Brasília,Chefe de almoxarifado,52,93050097589
Amanda Costa Dias,amanda.costa.dias.28202@example.com,Sorocaba,Cozinheiro,40,52164603724
Felipe Souza Costa,felipe.souza.costa.28203@example.com,Niterói,Comprador,29,96927674402
Sandra Ribeiro Costa,sandra.ribeiro.costa.28204@example.com,São Paulo,Recepcionista,51,28031682789
Eduardo Nascimento Mendes,eduardo.nascimento.mendes.28205@example.com,Niterói,Engenheiro civil,69,50156869266
Tatiane Pereira Carvalho,tatiane.pereira.carvalho.28206@example.com,Belo Horizonte,Líder de equipe,50,66062225396
Gabriel Rodrigues Costa,gabriel.rodrigues.costa.28207@example.com,Manaus,Nutricionista,22,82647288454
Larissa Ribeiro Silva,larissa.ribeiro.silva.28208@example.com,Joinville,Eletricista,69,70166634481
Patrícia Lima Martins,patricia.lima.martins.28209@example.com,Natal,Técnico de segurança do trabalho,44,03477026800
Pedro Gomes Moreira,pedro.gomes.moreira.28210@example.com,Campinas,Recepcionista,32,31990256088
Marcelo Moreira Araújo,marcelo.moreira.araujo.28211@example.com,Belo Horizonte,Jornalista,52,97449346692
Otávio Teixeira Castro,otavio.teixeira.castro.28212@example.com,Caxias do Sul,Arquiteto,56,06129337052
Henrique Silva Gomes,henrique.silva.gomes.28213@example.com,Brasília,Analista de marketing,49,16228649954
Carlos Monteiro Rodrigues,carlos.monteiro.rodrigues.28214@example.com,Londrina,Analista financeiro,46,22032954997
João Freitas Santos,joao.freitas.santos.28215@example.com,Uberlândia,Líder de equipe,19,71464329447
Bruno Carvalho Mendes,bruno.carvalho.mendes.28216@example.com,Niterói,Gerente financeiro,48,84923559028
Marcelo Silva Rocha,marcelo.silva.rocha.28217@example.com,Fortaleza,Arquiteto,20,10554654925
Gustavo Pereira Ribeiro,gustavo.pereira.ribeiro.28218@example.com,Belo Horizonte,Gerente financeiro,57,72025657480
Tatiane Cardoso Martins,tatiane.cardoso.martins.28219@example.com,Dourados,Técnico em informática,26,82172267807
Débora Santos Rodrigues,debora.santos.rodrigues.28220@example.com,Porto Alegre,Eletricista,32,30972058716
Sérgio Monteiro Moreira,sergio.monteiro.moreira.28221@example.com,Joinville,Mecânico,45,61501051037
Mariana Oliveira Ribeiro,mariana.oliveira.ribeiro.28222@example.com,Fortaleza,Técnico de enfermagem,53,43072754270
Amanda Souza Oliveira,amanda.souza.oliveira.28223@example.com,Cuiabá,Professor,41,27018012186
Felipe Santos Teixeira,felipe.santos.teixeira.28224@example.com,Dourados,Corretor de imóveis,44,81086165967
Marcelo Cardoso Moreira,marcelo.cardoso.moreira.28225@example.com,Belo Horizonte,Supervisor de vendas,59,74130965824
Letícia Moreira Nascimento,leticia.moreira.nascimento.28226@example.com,Fortaleza,Coordenador de marketing,56,54918960303
Rafael Moreira Silva,rafael.moreira.silva.28227@example.com,Goiânia,Encarregado de produção,48,25474382421
Daniela Fernandes Castro,daniela.fernandes.castro.28228@example.com,Santos,Professor,21,60730882240
Daniela Oliveira Martins,daniela.oliveira.martins.28229@example.com,Manaus,Contador,64,33602672920
Gabriel Silva Cardoso,gabriel.silva.cardoso.28230@example.com,Campinas,Gerente financeiro,44,34786925035
Otávio Moreira Lima,otavio.moreira.lima.28231@example.com,Campo Grande,Corretor de imóveis,54,49461454147
Gustavo Gomes Dias,gustavo.gomes.dias.28232@example.com,Niterói,Cozinheiro,45,31211160817
Pedro Freitas Monteiro,pedro.freitas.monteiro.28233@example.com,Maringá,Coordenador de produção,62,88717808534
Juliana Pereira Castro,juliana.pereira.castro.28234@example.com,Florianópolis,Arquiteto,51,70770144302
Sérgio Silva Lima,sergio.silva.lima.28235@example.com,Porto Alegre,Recepcionista,25,96616228260
Vanessa Rocha Monteiro,vanessa.rocha.monteiro.28236@example.com,Dourados,Técnico de segurança do trabalho,36,90257064293
Otávio Moreira Martins,otavio.moreira.martins.28237@example.com,Londrina,Encarregado de produção,23,29600349010
Camila Souza Moreira,camila.souza.moreira.28238@example.com,Caxias do Sul,Farmacêutico,38,90095246196
José Martins Araújo,jose.martins.araujo.28239@example.com,Uberlândia,Supervisor de vendas,33,13662672343
Marcelo Oliveira Dias,marcelo.oliveira.dias.28240@example.com,São Paulo,Mecânico,64,51504421650
Thiago Freitas Costa,thiago.freitas.costa.28241@example.com,Belo Horizonte,Assistente administrativo,51,71735484081
Diego Rodrigues Ribeiro,diego.rodrigues.ribeiro.28242@example.com,Maringá,Analista financeiro,60,40905120916
Tatiane Barros Oliveira,tatiane.barros.oliveira.28243@example.com,Belém,Analista financeiro,47,13567401637
Vinícius Dias Oliveira,vinicius.dias.oliveira.28244@example.com,Florianópolis,Supervisor de qualidade,70,65519981718
Thiago Martins Moreira,thiago.martins.moreira.28245@example.com,São Paulo,Motorista,19,29424523586
João Pereira Mendes,joao.pereira.mendes.28246@example.com,Natal,Cozinheiro,33,84234194835
Camila Mendes Ribeiro,camila.mendes.ribeiro.28247@example.com,Brasília,Coordenador de logística,69,05560097519
Thiago Nascimento Oliveira,thiago.nascimento.oliveira.28248@example.com,Campinas,Auxiliar de produção,41,20103984534
Marcelo Castro Souza,marcelo.castro.souza.28249@example.com,Salvador,Analista financeiro,21,90931207270
Vanessa Teixeira Lima,vanessa.teixeira.lima.28250@example.com,Brasília,Técnico de segurança do trabalho,56,80474961886
Marcelo Ribeiro Barros,marcelo.ribeiro.barros.28251@example.com,Sorocaba,Contador,45,75755254447
Vitória Barros Barbosa,vitoria.barros.barbosa.28252@example.com,Florianópolis,Gerente de operações,36,64088534756
Mariana Lima Castro,mariana.lima.castro.28253@example.com,Campo Grande,Eletricista,70,74779369839
Lucas Barbosa Rocha,lucas.barbosa.rocha.28254@example.com,Goiânia,Comprador,18,03748051284
Fernanda Costa Freitas,fernanda.costa.freitas.28255@example.com,Florianópolis,Estoquista,25,06948046351
Larissa Oliveira Nascimento,larissa.oliveira.nascimento.28256@example.com,Londrina,Padeiro,44,09712489845
Daniela Oliveira Moreira,daniela.oliveira.moreira.28257@example.com,Goiânia,Coordenador de logística,19,44776982317
Leonardo Ribeiro Silva,leonardo.ribeiro.silva.28258@example.com,Manaus,Engenheiro civil,40,55055928838
João Teixeira Ribeiro,joao.teixeira.ribeiro.28259@example.com,Florianópolis,Programador,48,41753382714
Vanessa Teixeira Araújo,vanessa.teixeira.araujo.28260@example.com,Cuiabá,Coordenador de logística,61,27170158334
Vinícius Castro Santos,vinicius.castro.santos.28261@example.com,Belém,Analista financeiro,70,51057700614
Camila Costa Alves,camila.costa.alves.28262@example.com,São Paulo,Coordenador de logística,42,26212322815
Letícia Freitas Martins,leticia.freitas.martins.28263@example.com,Vitória,Arquiteto,59,98696100075
Débora Souza Barbosa,debora.souza.barbosa.28264@example.com,Fortaleza,Coordenador de marketing,67,66822094526
Felipe Oliveira Monteiro,felipe.oliveira.monteiro.28265@example.com,Campinas,Comprador,44,00859316967
Mariana Nascimento Santos,mariana.nascimento.santos.28266@example.com,Dourados,Gerente de tecnologia,40,29978477133
Letícia Mendes Lima,leticia.mendes.lima.28267@example.com,Rondonópolis,Engenheiro civil,60,86791125048
Simone Almeida Almeida,simone.almeida.almeida.28268@example.com,Sorocaba,Gerente financeiro,58,44209863205
Sérgio Alves Pereira,sergio.alves.pereira.28269@example.com,Rio de Janeiro,Farmacêutico,61,75418438239
Diego Barbosa Castro,diego.barbosa.castro.28270@example.com,Porto Alegre,Enfermeiro,55,34224656851
Marcelo Fernandes Lima,marcelo.fernandes.lima.28271@example.com,Salvador,Técnico em informática,62,80662262784
Lucas Castro Mendes,lucas.castro.mendes.28272@example.com,Cuiabá,Chefe de almoxarifado,57,69212842567
Paulo Monteiro Cardoso,paulo.monteiro.cardoso.28273@example.com,Belém,Coordenador de marketing,58,71056655694
Diego Carvalho Ribeiro,diego.carvalho.ribeiro.28274@example.com,Dourados,Designer gráfico,24,36761914110
Patrícia Nascimento Barros,patricia.nascimento.barros.28275@example.com,Uberlândia,Coordenador administrativo,33,90388182587
Gabriel Lima Almeida,gabriel.lima.almeida.28276@example.com,Curitiba,Analista de marketing,59,49058630595
Amanda Nascimento Santos,amanda.nascimento.santos.28277@example.com,Natal,Coordenador de logística,25,04849992349
Renata Moreira Monteiro,renata.moreira.monteiro.28278@example.com,Belém,Motorista,49,09673716744
Carlos Rocha Moreira,carlos.rocha.moreira.28279@example.com,Curitiba,Farmacêutico,55,41578281082
Daniela Araújo Lima,daniela.araujo.lima.28280@example.com,Caxias do Sul,Estoquista,37,83590175630
Beatriz Dias Freitas,beatriz.dias.freitas.28281@example.com,Goiânia,Diretor de operações,42,35821948457
Vitória Silva Martins,vitoria.silva.martins.28282@example.com,Niterói,Cozinheiro,43,40610694515
Rafael Almeida Martins,rafael.almeida.martins.28283@example.com,Recife,Programador,60,68211094576
Aline Souza Alves,aline.souza.alves.28284@example.com,Fortaleza,Supervisor de manutenção,59,15771922191
Juliana Oliveira Silva,juliana.oliveira.silva.28285@example.com,Goiânia,Arquiteto,28,52156938262
Leonardo Moreira Lima,leonardo.moreira.lima.28286@example.com,Recife,Coordenador administrativo,28,06399455092
Carlos Freitas Almeida,carlos.freitas.almeida.28287@example.com,Dourados,Diretor de operações,40,58997731285
Vanessa Barbosa Carvalho,vanessa.barbosa.carvalho.28288@example.com,Sorocaba,Recepcionista,61,08306963872
Renata Rocha Freitas,renata.rocha.freitas.28289@example.com,Maringá,Supervisor de atendimento,37,94871816058
Juliana Carvalho Rodrigues,juliana.carvalho.rodrigues.28290@example.com,Niterói,Analista financeiro,38,00207050865
Igor Carvalho Barbosa,igor.carvalho.barbosa.28291@example.com,Campinas,Engenheiro civil,67,51137182767
Otávio Rocha Nascimento,otavio.rocha.nascimento.28292@example.com,Joinville,Corretor de imóveis,65,20454656842
Sérgio Castro Gomes,sergio.castro.gomes.28293@example.com,Campinas,Coordenador de logística,27,24370528280
Otávio Souza Alves,otavio.souza.alves.28294@example.com,Dourados,Mecânico,30,63178148192
Felipe Monteiro Ribeiro,felipe.monteiro.ribeiro.28295@example.com,Joinville,Diretor de operações,21,46707411066
Carolina Dias Mendes,carolina.dias.mendes.28296@example.com,Dourados,Programador,24,85823195131
Débora Lima Gomes,debora.lima.gomes.28297@example.com,Belém,Chefe de almoxarifado,33,32560109207
Carlos Lima Silva,carlos.lima.silva.28298@example.com,Porto Alegre,Gerente de recursos humanos,33,07150330335
Letícia Teixeira Pereira,leticia.teixeira.pereira.28299@example.com,Uberlândia,Diretor de operações,21,05139631550
Tatiane Rodrigues Monteiro,tatiane.rodrigues.monteiro.28300@example.com,Dourados,Engenheiro civil,18,98546492463
Patrícia Santos Araújo,patricia.santos.araujo.28301@example.com,Rio de Janeiro,Gerente de operações,44,20528294315
Camila Pereira Castro,camila.pereira.castro.28302@example.com,Santos,Gerente de operações,50,85338537370
José Santos Silva,jose.santos.silva.28303@example.com,Belém,Líder de equipe,54,22472582524
Marcelo Barbosa Teixeira,marcelo.barbosa.teixeira.28304@example.com,Dourados,Líder de equipe,41,65235241972
Larissa Rodrigues Santos,larissa.rodrigues.santos.28305@example.com,São Paulo,Vendedor,51,98141767531
Leonardo Mendes Castro,leonardo.mendes.castro.28306@example.com,Campo Grande,Eletricista,38,46339872894
Vanessa Lima Fernandes,vanessa.lima.fernandes.28307@example.com,Niterói,Estoquista,53,17867561542
Lucas Barros Rodrigues,lucas.barros.rodrigues.28308@example.com,Caxias do Sul,Gerente comercial,47,15360680800
Sandra Martins Nascimento,sandra.martins.nascimento.28309@example.com,Caxias do Sul,Chefe de departamento pessoal,46,97244652302
Renata Almeida Moreira,renata.almeida.moreira.28310@example.com,Curitiba,Chefe de almoxarifado,64,42548254199
Vitória Fernandes Barros,vitoria.fernandes.barros.28311@example.com,Rio de Janeiro,Gerente comercial,48,57865689529
Lucas Almeida Costa,lucas.almeida.costa.28312@example.com,Niterói,Analista de dados,51,37679234995
José Carvalho Araújo,jose.carvalho.araujo.28313@example.com,Belo Horizonte,Eletricista,32,82537023321
Fernanda Barbosa Barbosa,fernanda.barbosa.barbosa.28314@example.com,Campinas,Coordenador de logística,18,20402139837
Fernanda Barros Oliveira,fernanda.barros.oliveira.28315@example.com,Maringá,Líder de equipe,59,04317828749
Renata Castro Almeida,renata.castro.almeida.28316@example.com,Vitória,Contador,49,17078123678
Renata Souza Barros,renata.souza.barros.28317@example.com,Natal,Supervisor de qualidade,62,31335149650
José Freitas Almeida,jose.freitas.almeida.28318@example.com,Belo Horizonte,Arquiteto,43,68854790076
Tatiane Fernandes Monteiro,tatiane.fernandes.monteiro.28319@example.com,Belo Horizonte,Fisioterapeuta,27,14706481839
Patrícia Barbosa Silva,patricia.barbosa.silva.28320@example.com,Recife,Recepcionista,41,55763514593
Sérgio Santos Dias,sergio.santos.dias.28321@example.com,Recife,Supervisor de manutenção,56,33945998610
Thiago Fernandes Castro,thiago.fernandes.castro.28322@example.com,Dourados,Professor,49,61582121141
Sandra Monteiro Ribeiro,sandra.monteiro.ribeiro.28323@example.com,Cuiabá,Gerente de recursos humanos,65,27173434691
Letícia Fernandes Mendes,leticia.fernandes.mendes.28324@example.com,Salvador,Professor,59,97268105939
Ricardo Araújo Martins,ricardo.araujo.martins.28325@example.com,Salvador,Recepcionista,20,77346742491
Beatriz Gomes Souza,beatriz.gomes.souza.28326@example.com,Goiânia,Assistente comercial,59,20233402656
Carlos Costa Castro,carlos.costa.castro.28327@example.com,Curitiba,Atendente,57,57264503615
Débora Moreira Oliveira,debora.moreira.oliveira.28328@example.com,Maringá,Programador,69,86154568227
Tatiane Moreira Ribeiro,tatiane.moreira.ribeiro.28329@example.com,Joinville,Encarregado de produção,59,22835072985
Henrique Dias Freitas,henrique.dias.freitas.28330@example.com,Santos,Supervisor de qualidade,54,55360853150
Luana Barros Barros,luana.barros.barros.28331@example.com,Fortaleza,Assistente administrativo,42,40036460783
Otávio Araújo Costa,otavio.araujo.costa.28332@example.com,Sorocaba,Chefe de compras,50,52059906350
Carolina Moreira Santos,carolina.moreira.santos.28333@example.com,Goiânia,Encarregado de produção,49,23577688508
José Araújo Barbosa,jose.araujo.barbosa.28334@example.com,Belém,Supervisor de vendas,21,93289369555
Daniela Costa Martins,daniela.costa.martins.28335@example.com,Goiânia,Coordenador de marketing,67,14575143100
Gabriel Fernandes Barros,gabriel.fernandes.barros.28336@example.com,Manaus,Advogado,51,95945706279
Rafael Oliveira Rodrigues,rafael.oliveira.rodrigues.28337@example.com,Dourados,Designer gráfico,48,48029908690
Pedro Silva Araújo,pedro.silva.araujo.28338@example.com,Florianópolis,Diretor comercial,26,02380661349
Otávio Santos Freitas,otavio.santos.freitas.28339@example.com,Manaus,Assistente administrativo,25,32022552907
Ana Silva Dias,ana.silva.dias.28340@example.com,Belo Horizonte,Corretor de imóveis,63,49849661265
Juliana Cardoso Cardoso,juliana.cardoso.cardoso.28341@example.com,Uberlândia,Líder de equipe,54,45512308549
Sandra Oliveira Oliveira,sandra.oliveira.oliveira.28342@example.com,Fortaleza,Coordenador de logística,59,50030896249
Lucas Cardoso Silva,lucas.cardoso.silva.28343@example.com,Curitiba,Coordenador administrativo,43,44189721122
Aline Moreira Freitas,aline.moreira.freitas.28344@example.com,Fortaleza,Comprador,31,16097604540
Vitória Martins Barbosa,vitoria.martins.barbosa.28345@example.com,Belém,Corretor de imóveis,23,18562052071
Camila Silva Almeida,camila.silva.almeida.28346@example.com,Natal,Padeiro,69,85760976844
Aline Teixeira Castro,aline.teixeira.castro.28347@example.com,Rio de Janeiro,Corretor de imóveis,31,95264653591
Letícia Santos Fernandes,leticia.santos.fernandes.28348@example.com,Santos,Líder de equipe,67,00528366749
Leonardo Almeida Pereira,leonardo.almeida.pereira.28349@example.com,Natal,Supervisor de qualidade,58,33948594476
Igor Almeida Rocha,igor.almeida.rocha.28350@example.com,Uberlândia,Diretor comercial,35,35137953993
Henrique Barbosa Fernandes,henrique.barbosa.fernandes.28351@example.com,Porto Alegre,Analista de recursos humanos,65,36026417436
José Teixeira Silva,jose.teixeira.silva.28352@example.com,Joinville,Pedreiro,25,66073099337
Ricardo Freitas Pereira,ricardo.freitas.pereira.28353@example.com,Rio de Janeiro,Programador,60,95875350894
Daniela Monteiro Castro,daniela.monteiro.castro.28354@example.com,Vitória,Supervisor de manutenção,45,49220316639
Pedro Alves Cardoso,pedro.alves.cardoso.28355@example.com,São Paulo,Diretor comercial,58,03136732477
Letícia Fernandes Nascimento,leticia.fernandes.nascimento.28356@example.com,Manaus,Atendente,66,62753322091
Fernanda Costa Araújo,fernanda.costa.araujo.28357@example.com,Vitória,Programador,40,63044900219
Carlos Fernandes Pereira,carlos.fernandes.pereira.28358@example.com,Natal,Coordenador de marketing,18,39764538601
Priscila Fernandes Monteiro,priscila.fernandes.monteiro.28359@example.com,São Paulo,Supervisor de manutenção,33,32949038267
Bruno Gomes Barros,bruno.gomes.barros.28360@example.com,Dourados,Coordenador administrativo,30,98037752608
Renata Pereira Souza,renata.pereira.souza.28361@example.com,Vitória,Arquiteto,36,88001784672
Bruno Barbosa Mendes,bruno.barbosa.mendes.28362@example.com,Florianópolis,Fisioterapeuta,37,02429504697
Marcelo Nascimento Mendes,marcelo.nascimento.mendes.28363@example.com,Florianópolis,Auxiliar de produção,57,71918327571
Nicolas Monteiro Santos,nicolas.monteiro.santos.28364@example.com,São Paulo,Auxiliar de produção,19,49014983368
Marcelo Cardoso Mendes,marcelo.cardoso.mendes.28365@example.com,Rondonópolis,Auxiliar de produção,62,71069371616
José Martins Alves,jose.martins.alves.28366@example.com,Belo Horizonte,Advogado,57,78448171324
Mariana Araújo Fernandes,mariana.araujo.fernandes.28367@example.com,Caxias do Sul,Coordenador administrativo,19,76120598987
Rafael Freitas Freitas,rafael.freitas.freitas.28368@example.com,Campo Grande,Assistente administrativo,44,26072138904
Rafael Souza Cardoso,rafael.souza.cardoso.28369@example.com,Joinville,Eletricista,33,93081064177
Henrique Monteiro Teixeira,henrique.monteiro.teixeira.28370@example.com,Campo Grande,Programador,36,72778087972
Fernanda Dias Barros,fernanda.dias.barros.28371@example.com,Santos,Supervisor de manutenção,19,25345403593
Pedro Alves Ribeiro,pedro.alves.ribeiro.28372@example.com,São Paulo,Técnico de segurança do trabalho,45,62959724863
Amanda Nascimento Silva,amanda.nascimento.silva.28373@example.com,Maringá,Analista de dados,55,13886171128
Paulo Rocha Teixeira,paulo.rocha.teixeira.28374@example.com,Salvador,Líder de equipe,46,98278243095
Simone Rodrigues Santos,simone.rodrigues.santos.28375@example.com,Sorocaba,Supervisor de vendas,61,08709173145
Simone Alves Ribeiro,simone.alves.ribeiro.28376@example.com,Curitiba,Líder de equipe,26,33489380493
Leonardo Santos Alves,leonardo.santos.alves.28377@example.com,Uberlândia,Chefe de compras,50,27657979721
Carolina Nascimento Souza,carolina.nascimento.souza.28378@example.com,Belo Horizonte,Auxiliar de produção,30,44796052960
Paulo Cardoso Souza,paulo.cardoso.souza.28379@example.com,Dourados,Diretor comercial,50,11559154364
Carolina Lima Fernandes,carolina.lima.fernandes.28380@example.com,Goiânia,Diretor de operações,27,50445032902
Diego Almeida Araújo,diego.almeida.araujo.28381@example.com,Uberlândia,Designer gráfico,30,16977826844
Patrícia Castro Oliveira,patricia.castro.oliveira.28382@example.com,Florianópolis,Contador,22,71571496996
Lucas Nascimento Martins,lucas.nascimento.martins.28383@example.com,Uberlândia,Motorista,62,32282083312
Aline Monteiro Souza,aline.monteiro.souza.28384@example.com,Dourados,Supervisor de qualidade,24,50250748413
Diego Teixeira Oliveira,diego.teixeira.oliveira.28385@example.com,Florianópolis,Gerente comercial,48,82335537925
José Monteiro Carvalho,jose.monteiro.carvalho.28386@example.com,Dourados,Gerente de recursos humanos,30,26217949869
Aline Rocha Rocha,aline.rocha.rocha.28387@example.com,Belém,Motorista,54,92875228466
Larissa Silva Barbosa,larissa.silva.barbosa.28388@example.com,Recife,Eletricista,21,86411709540
Rafael Castro Pereira,rafael.castro.pereira.28389@example.com,Caxias do Sul,Chefe de departamento pessoal,37,79768485552
Renata Souza Alves,renata.souza.alves.28390@example.com,Porto Alegre,Nutricionista,50,57575302373
Luana Cardoso Mendes,luana.cardoso.mendes.28391@example.com,Vitória,Diretor de operações,43,01811054263
Otávio Castro Lima,otavio.castro.lima.28392@example.com,Maringá,Analista financeiro,40,44833413506
Henrique Teixeira Souza,henrique.teixeira.souza.28393@example.com,Rio de Janeiro,Chefe de departamento pessoal,42,95082590770
Amanda Teixeira Rocha,amanda.teixeira.rocha.28394@example.com,Natal,Técnico em informática,46,43931127803
Vinícius Fernandes Almeida,vinicius.fernandes.almeida.28395@example.com,Campinas,Analista de marketing,31,02297327529
Leonardo Santos Gomes,leonardo.santos.gomes.28396@example.com,Curitiba,Cozinheiro,30,81337552591
Patrícia Barros Martins,patricia.barros.martins.28397@example.com,São Paulo,Líder de equipe,27,26777406603
Gustavo Rodrigues Monteiro,gustavo.rodrigues.monteiro.28398@example.com,Campinas,Pedreiro,70,43856613744
José Costa Pereira,jose.costa.pereira.28399@example.com,Recife,Vendedor,49,68093098727
Ricardo Barbosa Barros,ricardo.barbosa.barros.28400@example.com,Belém,Chefe de compras,52,41712089837
Larissa Souza Rocha,larissa.souza.rocha.28401@example.com,Niterói,Coordenador de marketing,27,88840657295
Diego Ribeiro Fernandes,diego.ribeiro.fernandes.28402@example.com,Vitória,Designer gráfico,50,84788051225
Mariana Costa Castro,mariana.costa.castro.28403@example.com,Maringá,Motorista,29,89375047320
Vanessa Barros Moreira,vanessa.barros.moreira.28404@example.com,Joinville,Gerente de recursos humanos,35,00673426990
Rafael Lima Teixeira,rafael.lima.teixeira.28405@example.com,Maringá,Arquiteto,42,34168285725
Igor Fernandes Monteiro,igor.fernandes.monteiro.28406@example.com,Londrina,Nutricionista,59,69559801858
Letícia Almeida Pereira,leticia.almeida.pereira.28407@example.com,Niterói,Atendente,40,20762682813
Simone Barros Oliveira,simone.barros.oliveira.28408@example.com,Curitiba,Enfermeiro,65,30385687955
Gustavo Fernandes Cardoso,gustavo.fernandes.cardoso.28409@example.com,Fortaleza,Coordenador administrativo,33,20725343182
Gustavo Dias Mendes,gustavo.dias.mendes.28410@example.com,Brasília,Analista financeiro,67,13812332407
Lucas Martins Alves,lucas.martins.alves.28411@example.com,Campinas,Analista de marketing,46,01725972398
Thiago Monteiro Pereira,thiago.monteiro.pereira.28412@example.com,Florianópolis,Coordenador de marketing,63,89373028311
Pedro Carvalho Castro,pedro.carvalho.castro.28413@example.com,Cuiabá,Programador,42,99472294890
Otávio Barbosa Souza,otavio.barbosa.souza.28414@example.com,Caxias do Sul,Assistente comercial,57,44580909022
Aline Freitas Monteiro,aline.freitas.monteiro.28415@example.com,Porto Alegre,Técnico em informática,26,73548598850
Henrique Silva Moreira,henrique.silva.moreira.28416@example.com,Belo Horizonte,Analista de marketing,42,43023586314
Mariana Moreira Silva,mariana.moreira.silva.28417@example.com,Fortaleza,Mecânico,57,44940408374
Juliana Costa Carvalho,juliana.costa.carvalho.28418@example.com,Santos,Engenheiro civil,53,30213853673
Renata Santos Lima,renata.santos.lima.28419@example.com,Belo Horizonte,Chefe de compras,40,89878662978
Felipe Ribeiro Pereira,felipe.ribeiro.pereira.28420@example.com,Caxias do Sul,Supervisor de manutenção,23,69418499505
José Moreira Araújo,jose.moreira.araujo.28421@example.com,Curitiba,Auxiliar de produção,61,40554055786
Sandra Nascimento Souza,sandra.nascimento.souza.28422@example.com,Uberlândia,Chefe de compras,24,56911533920
Gabriel Moreira Souza,gabriel.moreira.souza.28423@example.com,Natal,Analista de dados,50,09305684455
João Mendes Silva,joao.mendes.silva.28424@example.com,Londrina,Operador de caixa,34,08186068923
Simone Oliveira Nascimento,simone.oliveira.nascimento.28425@example.com,Curitiba,Designer gráfico,69,51866676247
Beatriz Alves Freitas,beatriz.alves.freitas.28426@example.com,Fortaleza,Coordenador de logística,36,85459963000
Otávio Castro Santos,otavio.castro.santos.28427@example.com,Caxias do Sul,Cozinheiro,22,21473222899
Priscila Dias Fernandes,priscila.dias.fernandes.28428@example.com,Belo Horizonte,Diretor comercial,43,24620440958
Débora Gomes Silva,debora.gomes.silva.28429@example.com,Salvador,Analista financeiro,31,93375770313
Larissa Souza Dias,larissa.souza.dias.28430@example.com,Campinas,Corretor de imóveis,57,96769206416
Sandra Santos Lima,sandra.santos.lima.28431@example.com,Salvador,Motorista,36,09538873384
Ana Lima Castro,ana.lima.castro.28432@example.com,Londrina,Estoquista,23,32040907874
Priscila Silva Castro,priscila.silva.castro.28433@example.com,Campo Grande,Coordenador de produção,67,27608319869
Sérgio Santos Mendes,sergio.santos.mendes.28434@example.com,Londrina,Arquiteto,61,24081087216
Patrícia Monteiro Martins,patricia.monteiro.martins.28435@example.com,São Paulo,Motorista,61,29441045062
Paulo Carvalho Fernandes,paulo.carvalho.fernandes.28436@example.com,Belém,Assistente administrativo,70,19272289260
Sérgio Moreira Ribeiro,sergio.moreira.ribeiro.28437@example.com,Niterói,Gerente financeiro,36,72534891282
Vanessa Almeida Barbosa,vanessa.almeida.barbosa.28438@example.com,Belo Horizonte,Analista financeiro,27,85505390564
Marcelo Ribeiro Araújo,marcelo.ribeiro.araujo.28439@example.com,Uberlândia,Jornalista,51,11813738579
Igor Lima Teixeira,igor.lima.teixeira.28440@example.com,Campinas,Cozinheiro,70,53990129550
Priscila Silva Barros,priscila.silva.barros.28441@example.com,Campo Grande,Cozinheiro,69,23822555285
João Nascimento Gomes,joao.nascimento.gomes.28442@example.com,Maringá,Supervisor de qualidade,68,43380362465
Vanessa Barros Costa,vanessa.barros.costa.28443@example.com,Fortaleza,Analista de dados,63,52945646213
Beatriz Lima Pereira,beatriz.lima.pereira.28444@example.com,Joinville,Gerente comercial,44,48954259495
Priscila Rodrigues Silva,priscila.rodrigues.silva.28445@example.com,Belo Horizonte,Gerente de recursos humanos,53,41943906597
Ricardo Carvalho Gomes,ricardo.carvalho.gomes.28446@example.com,Recife,Jornalista,70,18316115693
Henrique Souza Rodrigues,henrique.souza.rodrigues.28447@example.com,Brasília,Diretor comercial,55,99389610867
Patrícia Barros Barbosa,patricia.barros.barbosa.28448@example.com,Fortaleza,Nutricionista,19,69984788451
Leonardo Monteiro Dias,leonardo.monteiro.dias.28449@example.com,Campo Grande,Gerente financeiro,44,99671962677
Marcelo Freitas Araújo,marcelo.freitas.araujo.28450@example.com,Curitiba,Farmacêutico,46,07911094048
João Silva Nascimento,joao.silva.nascimento.28451@example.com,Salvador,Analista de dados,43,17625194755
Beatriz Rodrigues Alves,beatriz.rodrigues.alves.28452@example.com,Maringá,Professor,32,55297818470
Diego Castro Nascimento,diego.castro.nascimento.28453@example.com,Niterói,Engenheiro civil,21,82587350845
Sérgio Lima Araújo,sergio.lima.araujo.28454@example.com,Joinville,Diretor comercial,66,21728190548
Diego Carvalho Barbosa,diego.carvalho.barbosa.28455@example.com,Porto Alegre,Auxiliar de produção,60,45729321969
Otávio Oliveira Nascimento,otavio.oliveira.nascimento.28456@example.com,Fortaleza,Chefe de compras,51,19358212346
Vitória Fernandes Dias,vitoria.fernandes.dias.28457@example.com,Vitória,Chefe de almoxarifado,65,47746862856
Gabriela Silva Costa,gabriela.silva.costa.28458@example.com,São Paulo,Padeiro,18,77383658255
Débora Freitas Lima,debora.freitas.lima.28459@example.com,Manaus,Enfermeiro,32,86293694579
Beatriz Gomes Mendes,beatriz.gomes.mendes.28460@example.com,Brasília,Gerente de recursos humanos,47,00936280450
Amanda Freitas Fernandes,amanda.freitas.fernandes.28461@example.com,Goiânia,Técnico de segurança do trabalho,18,01941895834
Felipe Silva Mendes,felipe.silva.mendes.28462@example.com,Goiânia,Fisioterapeuta,58,43443720591
Vanessa Pereira Silva,vanessa.pereira.silva.28463@example.com,Manaus,Coordenador de marketing,68,53989485715
Gabriela Santos Gomes,gabriela.santos.gomes.28464@example.com,Dourados,Farmacêutico,27,87794841174
João Martins Santos,joao.martins.santos.28465@example.com,Curitiba,Chefe de compras,46,75060058161
Eduardo Carvalho Costa,eduardo.carvalho.costa.28466@example.com,Belo Horizonte,Comprador,32,29610403346
Amanda Fernandes Lima,amanda.fernandes.lima.28467@example.com,Joinville,Atendente,44,90413501371
Diego Fernandes Rodrigues,diego.fernandes.rodrigues.28468@example.com,Recife,Pedreiro,45,86128059326
Mariana Alves Moreira,mariana.alves.moreira.28469@example.com,Maringá,Mecânico,68,25349413035
Henrique Mendes Freitas,henrique.mendes.freitas.28470@example.com,Natal,Supervisor de atendimento,68,52012571031
Otávio Almeida Barbosa,otavio.almeida.barbosa.28471@example.com,Florianópolis,Jornalista,68,12787500545
Otávio Souza Cardoso,otavio.souza.cardoso.28472@example.com,Joinville,Técnico de enfermagem,24,39086343518
Sandra Ribeiro Moreira,sandra.ribeiro.moreira.28473@example.com,Campo Grande,Analista financeiro,39,07033771859
Nicolas Dias Cardoso,nicolas.dias.cardoso.28474@example.com,Cuiabá,Analista financeiro,38,59638284403
Ana Barbosa Ribeiro,ana.barbosa.ribeiro.28475@example.com,Uberlândia,Coordenador de produção,65,75305579626
Thiago Araújo Monteiro,thiago.araujo.monteiro.28476@example.com,Santos,Supervisor de atendimento,54,78697545663
Aline Moreira Silva,aline.moreira.silva.28477@example.com,Caxias do Sul,Programador,32,71592363429
Lucas Costa Alves,lucas.costa.alves.28478@example.com,Belo Horizonte,Coordenador de produção,19,46394222620
Gabriela Barros Gomes,gabriela.barros.gomes.28479@example.com,Caxias do Sul,Cozinheiro,29,69363581893
Pedro Souza Fernandes,pedro.souza.fernandes.28480@example.com,Brasília,Vendedor,34,61719719472
Gabriela Ribeiro Martins,gabriela.ribeiro.martins.28481@example.com,Rio de Janeiro,Diretor de operações,64,89736446553
Ana Monteiro Ribeiro,ana.monteiro.ribeiro.28482@example.com,Fortaleza,Programador,52,95931485275
Luana Nascimento Ribeiro,luana.nascimento.ribeiro.28483@example.com,Uberlândia,Vendedor,47,94595044723
Lucas Silva Barbosa,lucas.silva.barbosa.28484@example.com,Dourados,Comprador,54,50568557629
Débora Almeida Fernandes,debora.almeida.fernandes.28485@example.com,Porto Alegre,Supervisor de atendimento,32,47117029611
Patrícia Lima Martins,patricia.lima.martins.28486@example.com,Vitória,Analista de recursos humanos,41,85302712712
Débora Nascimento Barros,debora.nascimento.barros.28487@example.com,Manaus,Professor,56,25216927055
Priscila Fernandes Silva,priscila.fernandes.silva.28488@example.com,Maringá,Jornalista,47,60800254319
Fernanda Rodrigues Rocha,fernanda.rodrigues.rocha.28489@example.com,Manaus,Estoquista,23,28227049593
Fernanda Alves Alves,fernanda.alves.alves.28490@example.com,Santos,Técnico em informática,69,02715932911
Otávio Carvalho Ribeiro,otavio.carvalho.ribeiro.28491@example.com,Sorocaba,Farmacêutico,24,03318261169
João Freitas Moreira,joao.freitas.moreira.28492@example.com,Caxias do Sul,Gerente de operações,54,77063846923
Mariana Castro Araújo,mariana.castro.araujo.28493@example.com,Joinville,Chefe de compras,29,03744479073
Diego Cardoso Rocha,diego.cardoso.rocha.28494@example.com,Vitória,Cozinheiro,37,21770252252
José Oliveira Monteiro,jose.oliveira.monteiro.28495@example.com,Santos,Pedreiro,49,01282467821
Beatriz Santos Barros,beatriz.santos.barros.28496@example.com,Goiânia,Jornalista,22,14295294424
Diego Monteiro Rocha,diego.monteiro.rocha.28497@example.com,Sorocaba,Coordenador de logística,52,55286695340
Vitória Ribeiro Araújo,vitoria.ribeiro.araujo.28498@example.com,Caxias do Sul,Jornalista,28,27019530376
Fernanda Santos Fernandes,fernanda.santos.fernandes.28499@example.com,Rio de Janeiro,Gerente de tecnologia,65,20913034898
Priscila Fernandes Souza,priscila.fernandes.souza.28500@example.com,Brasília,Auxiliar de produção,40,30807843868
Pedro Araújo Ribeiro,pedro.araujo.ribeiro.28501@example.com,Sorocaba,Supervisor de qualidade,57,19846376308
Igor Silva Silva,igor.silva.silva.28502@example.com,Vitória,Gerente de recursos humanos,24,03705568172
Sérgio Mendes Freitas,sergio.mendes.freitas.28503@example.com,Campo Grande,Pedreiro,67,35679158225
Amanda Alves Castro,amanda.alves.castro.28504@example.com,Vitória,Fisioterapeuta,18,41622099588
Priscila Freitas Moreira,priscila.freitas.moreira.28505@example.com,Campo Grande,Operador de caixa,41,33633544345
Eduardo Cardoso Costa,eduardo.cardoso.costa.28506@example.com,Santos,Corretor de imóveis,37,71458579685
Renata Gomes Barbosa,renata.gomes.barbosa.28507@example.com,Rio de Janeiro,Engenheiro civil,66,67526590475
Rafael Almeida Fernandes,rafael.almeida.fernandes.28508@example.com,Caxias do Sul,Nutricionista,68,57739552191
Priscila Santos Castro,priscila.santos.castro.28509@example.com,Curitiba,Chefe de almoxarifado,44,38951191890
Eduardo Castro Oliveira,eduardo.castro.oliveira.28510@example.com,Niterói,Coordenador de logística,48,31347223405
Felipe Castro Martins,felipe.castro.martins.28511@example.com,Recife,Gerente de recursos humanos,28,59440937100
Gabriel Rodrigues Silva,gabriel.rodrigues.silva.28512@example.com,Campo Grande,Arquiteto,45,01152993294
Luana Martins Pereira,luana.martins.pereira.28513@example.com,Belo Horizonte,Coordenador administrativo,35,70017248455
Thiago Moreira Pereira,thiago.moreira.pereira.28514@example.com,Sorocaba,Designer gráfico,52,84263843165
Otávio Alves Gomes,otavio.alves.gomes.28515@example.com,Maringá,Farmacêutico,33,10164709663
Ana Souza Castro,ana.souza.castro.28516@example.com,Natal,Enfermeiro,57,95729807062
Henrique Alves Silva,henrique.alves.silva.28517@example.com,Porto Alegre,Supervisor de manutenção,41,60029973130
Leonardo Teixeira Fernandes,leonardo.teixeira.fernandes.28518@example.com,Salvador,Gerente de recursos humanos,44,11907219316
Diego Souza Rocha,diego.souza.rocha.28519@example.com,Porto Alegre,Professor,23,20063579923
Simone Almeida Rocha,simone.almeida.rocha.28520@example.com,Campo Grande,Assistente administrativo,28,31288814651
Thiago Mendes Moreira,thiago.mendes.moreira.28521@example.com,Campinas,Analista de recursos humanos,45,89967403219
Gabriela Rodrigues Silva,gabriela.rodrigues.silva.28522@example.com,Curitiba,Auxiliar de produção,52,09655968626
Ana Teixeira Silva,ana.teixeira.silva.28523@example.com,Curitiba,Supervisor de atendimento,45,51849488574
Pedro Nascimento Lima,pedro.nascimento.lima.28524@example.com,Joinville,Operador de caixa,28,74033687976
Vinícius Silva Barbosa,vinicius.silva.barbosa.28525@example.com,Goiânia,Técnico em informática,27,38872860852
Thiago Barros Costa,thiago.barros.costa.28526@example.com,Belo Horizonte,Gerente comercial,69,59632265508
João Costa Freitas,joao.costa.freitas.28527@example.com,Belo Horizonte,Recepcionista,47,17375272466
Ana Freitas Rocha,ana.freitas.rocha.28528@example.com,Maringá,Analista de recursos humanos,35,99868938326
Diego Cardoso Pereira,diego.cardoso.pereira.28529@example.com,Porto Alegre,Advogado,56,23400467479
Sandra Barbosa Oliveira,sandra.barbosa.oliveira.28530@example.com,Florianópolis,Advogado,31,14212356502
Sérgio Moreira Rocha,sergio.moreira.rocha.28531@example.com,Campinas,Analista de recursos humanos,39,62362484552
Vinícius Barros Nascimento,vinicius.barros.nascimento.28532@example.com,Florianópolis,Diretor comercial,33,90843063032
Simone Moreira Mendes,simone.moreira.mendes.28533@example.com,São Paulo,Analista de dados,68,37439730652
Paulo Barros Santos,paulo.barros.santos.28534@example.com,Belém,Nutricionista,37,67839158107
Henrique Castro Ribeiro,henrique.castro.ribeiro.28535@example.com,Campo Grande,Técnico em informática,55,84005468426
João Almeida Alves,joao.almeida.alves.28536@example.com,Rondonópolis,Farmacêutico,67,06211040665
Simone Ribeiro Pereira,simone.ribeiro.pereira.28537@example.com,Salvador,Corretor de imóveis,22,02919892481
Débora Barros Costa,debora.barros.costa.28538@example.com,Rio de Janeiro,Arquiteto,65,23048009199
Marcelo Dias Silva,marcelo.dias.silva.28539@example.com,Campinas,Supervisor de vendas,46,89985557650
Gabriela Pereira Mendes,gabriela.pereira.mendes.28540@example.com,Cuiabá,Comprador,51,75273381917
Beatriz Freitas Ribeiro,beatriz.freitas.ribeiro.28541@example.com,Sorocaba,Mecânico,43,65414185400
José Lima Carvalho,jose.lima.carvalho.28542@example.com,Sorocaba,Gerente de recursos humanos,19,04144958620
Paulo Freitas Pereira,paulo.freitas.pereira.28543@example.com,Cuiabá,Estoquista,26,85070641118
Mariana Rocha Almeida,mariana.rocha.almeida.28544@example.com,Rio de Janeiro,Analista de recursos humanos,69,93904802133
Carolina Alves Santos,carolina.alves.santos.28545@example.com,Brasília,Analista de dados,63,10235553883
Sérgio Alves Barbosa,sergio.alves.barbosa.28546@example.com,Maringá,Gerente financeiro,48,90425182053
Vinícius Freitas Rocha,vinicius.freitas.rocha.28547@example.com,Uberlândia,Analista de recursos humanos,60,83231892069
Letícia Barros Oliveira,leticia.barros.oliveira.28548@example.com,São Paulo,Programador,63,44440705125
Daniela Dias Castro,daniela.dias.castro.28549@example.com,Caxias do Sul,Comprador,67,51466382601
Carolina Nascimento Martins,carolina.nascimento.martins.28550@example.com,Rio de Janeiro,Técnico de segurança do trabalho,45,70678977507
Amanda Lima Alves,amanda.lima.alves.28551@example.com,Manaus,Eletricista,38,25354000817
Otávio Gomes Cardoso,otavio.gomes.cardoso.28552@example.com,Londrina,Líder de equipe,47,06427113815
Larissa Pereira Oliveira,larissa.pereira.oliveira.28553@example.com,Uberlândia,Recepcionista,67,83362387787
Priscila Gomes Costa,priscila.gomes.costa.28554@example.com,Rio de Janeiro,Nutricionista,23,06710174252
Paulo Moreira Costa,paulo.moreira.costa.28555@example.com,Recife,Técnico de segurança do trabalho,51,59871941443
Paulo Oliveira Rodrigues,paulo.oliveira.rodrigues.28556@example.com,Rio de Janeiro,Assistente administrativo,33,25619121320
Simone Araújo Nascimento,simone.araujo.nascimento.28557@example.com,Santos,Encarregado de produção,43,61785339700
Aline Fernandes Rocha,aline.fernandes.rocha.28558@example.com,Curitiba,Líder de equipe,45,05815670905
Juliana Pereira Monteiro,juliana.pereira.monteiro.28559@example.com,São Paulo,Comprador,43,61118917141
Eduardo Silva Pereira,eduardo.silva.pereira.28560@example.com,Rondonópolis,Diretor comercial,29,10179244279
Thiago Freitas Cardoso,thiago.freitas.cardoso.28561@example.com,Caxias do Sul,Auxiliar de produção,45,16677380309
Vanessa Almeida Fernandes,vanessa.almeida.fernandes.28562@example.com,Dourados,Supervisor de vendas,45,64873911917
Ana Pereira Cardoso,ana.pereira.cardoso.28563@example.com,Belo Horizonte,Padeiro,42,23763962421
Larissa Monteiro Dias,larissa.monteiro.dias.28564@example.com,Curitiba,Recepcionista,61,63613285017
Vanessa Alves Rodrigues,vanessa.alves.rodrigues.28565@example.com,Dourados,Coordenador de produção,25,03470673549
Letícia Gomes Dias,leticia.gomes.dias.28566@example.com,Florianópolis,Analista de recursos humanos,70,76337230577
Letícia Barros Silva,leticia.barros.silva.28567@example.com,Cuiabá,Gerente de tecnologia,36,45550650357
Thiago Dias Souza,thiago.dias.souza.28568@example.com,Manaus,Gerente financeiro,31,41242702085
Diego Gomes Castro,diego.gomes.castro.28569@example.com,Goiânia,Vendedor,31,00101951153
Tatiane Silva Barbosa,tatiane.silva.barbosa.28570@example.com,Goiânia,Padeiro,40,18079386710
Ana Alves Cardoso,ana.alves.cardoso.28571@example.com,Fortaleza,Nutricionista,53,79273158929
Diego Martins Santos,diego.martins.santos.28572@example.com,Niterói,Recepcionista,44,40403962925
Simone Barros Barbosa,simone.barros.barbosa.28573@example.com,Rondonópolis,Contador,70,22441068965
Patrícia Martins Santos,patricia.martins.santos.28574@example.com,Rio de Janeiro,Supervisor de atendimento,69,06487349808
Larissa Silva Barros,larissa.silva.barros.28575@example.com,Joinville,Técnico de segurança do trabalho,32,45827483460
Igor Moreira Costa,igor.moreira.costa.28576@example.com,Goiânia,Gerente financeiro,62,41247273935
Ricardo Barbosa Araújo,ricardo.barbosa.araujo.28577@example.com,São Paulo,Enfermeiro,59,69626809028
Paulo Barbosa Teixeira,paulo.barbosa.teixeira.28578@example.com,Belo Horizonte,Gerente comercial,23,74944064444
Patrícia Cardoso Dias,patricia.cardoso.dias.28579@example.com,Manaus,Arquiteto,67,03936371427
Otávio Freitas Gomes,otavio.freitas.gomes.28580@example.com,Porto Alegre,Eletricista,66,77422629730
José Castro Carvalho,jose.castro.carvalho.28581@example.com,Curitiba,Supervisor de atendimento,23,29296417781
Larissa Barros Ribeiro,larissa.barros.ribeiro.28582@example.com,Natal,Encarregado de produção,47,63084016794
Larissa Moreira Barbosa,larissa.moreira.barbosa.28583@example.com,Curitiba,Enfermeiro,25,03551392799
Carolina Monteiro Monteiro,carolina.monteiro.monteiro.28584@example.com,Dourados,Eletricista,43,15140966216
Nicolas Barbosa Teixeira,nicolas.barbosa.teixeira.28585@example.com,Curitiba,Cozinheiro,40,86378582295
Ana Pereira Gomes,ana.pereira.gomes.28586@example.com,Fortaleza,Vendedor,25,70186819106
Aline Teixeira Dias,aline.teixeira.dias.28587@example.com,Uberlândia,Vendedor,27,42986006119
José Mendes Ribeiro,jose.mendes.ribeiro.28588@example.com,Sorocaba,Gerente de tecnologia,23,44074045948
Gabriela Ribeiro Rodrigues,gabriela.ribeiro.rodrigues.28589@example.com,Porto Alegre,Supervisor de vendas,35,70483133145
Luana Araújo Nascimento,luana.araujo.nascimento.28590@example.com,Rio de Janeiro,Chefe de almoxarifado,35,09219960185
Vinícius Oliveira Monteiro,vinicius.oliveira.monteiro.28591@example.com,Joinville,Assistente comercial,36,23830729077
Patrícia Carvalho Dias,patricia.carvalho.dias.28592@example.com,Maringá,Técnico de enfermagem,64,64197100407
Otávio Barros Santos,otavio.barros.santos.28593@example.com,Florianópolis,Gerente de operações,55,58428441075
Aline Cardoso Freitas,aline.cardoso.freitas.28594@example.com,Salvador,Coordenador de logística,44,26717675363
Diego Rocha Cardoso,diego.rocha.cardoso.28595@example.com,Joinville,Técnico em informática,23,38463595488
Ricardo Pereira Mendes,ricardo.pereira.mendes.28596@example.com,Natal,Advogado,19,01150235655
Daniela Santos Teixeira,daniela.santos.teixeira.28597@example.com,Uberlândia,Analista de dados,50,00627039124
Sandra Lima Costa,sandra.lima.costa.28598@example.com,Belo Horizonte,Designer gráfico,35,34528117519
Diego Fernandes Gomes,diego.fernandes.gomes.28599@example.com,Uberlândia,Motorista,28,99770704286
Gabriel Teixeira Mendes,gabriel.teixeira.mendes.28600@example.com,Recife,Coordenador administrativo,35,09451178168
Gustavo Monteiro Rocha,gustavo.monteiro.rocha.28601@example.com,Rio de Janeiro,Engenheiro civil,63,84149204587
Vinícius Costa Monteiro,vinicius.costa.monteiro.28602@example.com,Londrina,Diretor comercial,58,75537157379
Aline Cardoso Araújo,aline.cardoso.araujo.28603@example.com,Santos,Eletricista,61,05532751533
Paulo Nascimento Alves,paulo.nascimento.alves.28604@example.com,Belém,Estoquista,43,74962556355
Juliana Carvalho Lima,juliana.carvalho.lima.28605@example.com,Santos,Fisioterapeuta,27,32908027812
Patrícia Silva Oliveira,patricia.silva.oliveira.28606@example.com,Santos,Supervisor de vendas,38,12716001506
Henrique Martins Pereira,henrique.martins.pereira.28607@example.com,Sorocaba,Enfermeiro,64,12438986646
Daniela Teixeira Almeida,daniela.teixeira.almeida.28608@example.com,Curitiba,Corretor de imóveis,51,79727814922
Ricardo Ribeiro Castro,ricardo.ribeiro.castro.28609@example.com,Manaus,Auxiliar de produção,70,51610843313
Felipe Alves Rocha,felipe.alves.rocha.28610@example.com,Joinville,Vendedor,66,59241940862
José Fernandes Barros,jose.fernandes.barros.28611@example.com,Maringá,Chefe de compras,67,25054875268
Leonardo Silva Pereira,leonardo.silva.pereira.28612@example.com,Natal,Gerente de tecnologia,28,92243980641
Otávio Pereira Rocha,otavio.pereira.rocha.28613@example.com,Londrina,Técnico de enfermagem,27,91874053991
Letícia Costa Alves,leticia.costa.alves.28614@example.com,Manaus,Fisioterapeuta,63,81430728824
Igor Gomes Santos,igor.gomes.santos.28615@example.com,Manaus,Analista de dados,31,08926983823
Marcelo Pereira Rodrigues,marcelo.pereira.rodrigues.28616@example.com,Santos,Contador,20,94849647974
Nicolas Silva Barbosa,nicolas.silva.barbosa.28617@example.com,Salvador,Estoquista,35,01082757966
Lucas Silva Freitas,lucas.silva.freitas.28618@example.com,Brasília,Padeiro,48,74461214811
Camila Freitas Gomes,camila.freitas.gomes.28619@example.com,Belo Horizonte,Chefe de departamento pessoal,31,44299197667
Gabriela Carvalho Alves,gabriela.carvalho.alves.28620@example.com,Belém,Coordenador administrativo,63,88010091237
Gustavo Almeida Cardoso,gustavo.almeida.cardoso.28621@example.com,Natal,Farmacêutico,29,44443793471
Tatiane Silva Alves,tatiane.silva.alves.28622@example.com,Belo Horizonte,Mecânico,39,44711267572
Vinícius Gomes Costa,vinicius.gomes.costa.28623@example.com,São Paulo,Coordenador de produção,57,33926225451
Renata Costa Mendes,renata.costa.mendes.28624@example.com,Rio de Janeiro,Assistente administrativo,64,22643191852
Eduardo Souza Santos,eduardo.souza.santos.28625@example.com,Goiânia,Analista financeiro,56,18169964516
Thiago Carvalho Nascimento,thiago.carvalho.nascimento.28626@example.com,Recife,Chefe de compras,68,53939727987
Simone Santos Alves,simone.santos.alves.28627@example.com,Santos,Padeiro,19,71870424392
Nicolas Souza Moreira,nicolas.souza.moreira.28628@example.com,Natal,Coordenador de logística,44,60720608001
Tatiane Alves Oliveira,tatiane.alves.oliveira.28629@example.com,Maringá,Analista de recursos humanos,45,46068974780
João Silva Souza,joao.silva.souza.28630@example.com,Campo Grande,Chefe de almoxarifado,67,25784276451
Tatiane Silva Alves,tatiane.silva.alves.28631@example.com,Caxias do Sul,Enfermeiro,54,47285477888
Felipe Oliveira Rodrigues,felipe.oliveira.rodrigues.28632@example.com,Curitiba,Auxiliar de produção,25,95727745015
José Barbosa Moreira,jose.barbosa.moreira.28633@example.com,Rondonópolis,Coordenador de marketing,33,86932769488
Nicolas Rocha Freitas,nicolas.rocha.freitas.28634@example.com,Brasília,Gerente de operações,22,43405139233
Simone Moreira Castro,simone.moreira.castro.28635@example.com,Vitória,Supervisor de vendas,38,07442682753
Letícia Alves Freitas,leticia.alves.freitas.28636@example.com,Joinville,Padeiro,26,27216926159
Letícia Martins Ribeiro,leticia.martins.ribeiro.28637@example.com,Curitiba,Contador,36,59865945829
Sérgio Moreira Moreira,sergio.moreira.moreira.28638@example.com,Caxias do Sul,Assistente administrativo,70,89403121220
Igor Cardoso Freitas,igor.cardoso.freitas.28639@example.com,Vitória,Pedreiro,43,36074768929
Thiago Alves Silva,thiago.alves.silva.28640@example.com,Curitiba,Coordenador de marketing,56,45674673565
Marcelo Teixeira Freitas,marcelo.teixeira.freitas.28641@example.com,Sorocaba,Supervisor de manutenção,44,34848187910
Priscila Martins Martins,priscila.martins.martins.28642@example.com,Santos,Enfermeiro,31,53486280198
Felipe Freitas Cardoso,felipe.freitas.cardoso.28643@example.com,Belo Horizonte,Motorista,26,62055077208
João Pereira Rodrigues,joao.pereira.rodrigues.28644@example.com,Campo Grande,Pedreiro,38,04359107529
Priscila Monteiro Barros,priscila.monteiro.barros.28645@example.com,Dourados,Diretor de operações,38,36449502099
Amanda Monteiro Santos,amanda.monteiro.santos.28646@example.com,Manaus,Mecânico,61,82049435723
Letícia Gomes Barros,leticia.gomes.barros.28647@example.com,Florianópolis,Supervisor de atendimento,18,53758567039
Otávio Rocha Costa,otavio.rocha.costa.28648@example.com,Caxias do Sul,Técnico em informática,69,82406602111
Gustavo Monteiro Dias,gustavo.monteiro.dias.28649@example.com,Uberlândia,Comprador,20,76845081116
Eduardo Araújo Almeida,eduardo.araujo.almeida.28650@example.com,Porto Alegre,Corretor de imóveis,33,66406289557
Ricardo Rocha Teixeira,ricardo.rocha.teixeira.28651@example.com,Florianópolis,Coordenador administrativo,41,72803775515
Mariana Rodrigues Costa,mariana.rodrigues.costa.28652@example.com,Natal,Professor,20,68691502344
Marcelo Rocha Lima,marcelo.rocha.lima.28653@example.com,Vitória,Comprador,51,77868965813
Simone Gomes Santos,simone.gomes.santos.28654@example.com,Manaus,Coordenador de marketing,26,49509690575
Igor Santos Mendes,igor.santos.mendes.28655@example.com,Manaus,Analista de marketing,22,67206622151
Gustavo Oliveira Mendes,gustavo.oliveira.mendes.28656@example.com,Campinas,Cozinheiro,36,22246469654
João Lima Santos,joao.lima.santos.28657@example.com,Joinville,Recepcionista,26,28845492731
Daniela Fernandes Fernandes,daniela.fernandes.fernandes.28658@example.com,Joinville,Técnico em informática,64,25614924359
Diego Castro Mendes,diego.castro.mendes.28659@example.com,Florianópolis,Analista financeiro,46,42012970236
Gabriel Rodrigues Cardoso,gabriel.rodrigues.cardoso.28660@example.com,Vitória,Padeiro,21,21763339838
Carlos Moreira Dias,carlos.moreira.dias.28661@example.com,Londrina,Gerente de operações,46,40648114414
Ricardo Dias Ribeiro,ricardo.dias.ribeiro.28662@example.com,Caxias do Sul,Enfermeiro,23,72937839906
Ricardo Carvalho Gomes,ricardo.carvalho.gomes.28663@example.com,Goiânia,Programador,45,20892651874
Leonardo Ribeiro Teixeira,leonardo.ribeiro.teixeira.28664@example.com,Manaus,Contador,58,19891517569
Paulo Almeida Fernandes,paulo.almeida.fernandes.28665@example.com,Fortaleza,Gerente financeiro,37,70575834704
Aline Araújo Fernandes,aline.araujo.fernandes.28666@example.com,Campo Grande,Fisioterapeuta,55,77051503337
Fernanda Freitas Lima,fernanda.freitas.lima.28667@example.com,São Paulo,Farmacêutico,52,22744619126
Amanda Silva Dias,amanda.silva.dias.28668@example.com,Florianópolis,Contador,29,62262402276
Pedro Almeida Araújo,pedro.almeida.araujo.28669@example.com,Maringá,Vendedor,19,61201767928
Fernanda Ribeiro Ribeiro,fernanda.ribeiro.ribeiro.28670@example.com,Uberlândia,Gerente de recursos humanos,38,66817676420
Gustavo Gomes Pereira,gustavo.gomes.pereira.28671@example.com,Salvador,Assistente comercial,32,93429043678
Larissa Santos Dias,larissa.santos.dias.28672@example.com,Vitória,Técnico de enfermagem,26,56261594642
Amanda Gomes Barros,amanda.gomes.barros.28673@example.com,Fortaleza,Jornalista,36,78923334275
Leonardo Rocha Rocha,leonardo.rocha.rocha.28674@example.com,Brasília,Supervisor de vendas,28,22502878391
Mariana Rocha Pereira,mariana.rocha.pereira.28675@example.com,Santos,Gerente de operações,27,89813125767
Pedro Pereira Lima,pedro.pereira.lima.28676@example.com,Fortaleza,Corretor de imóveis,46,06224592618
Débora Cardoso Monteiro,debora.cardoso.monteiro.28677@example.com,Campo Grande,Coordenador administrativo,29,89737443616
Rafael Pereira Alves,rafael.pereira.alves.28678@example.com,Porto Alegre,Nutricionista,32,27060610690
José Pereira Araújo,jose.pereira.araujo.28679@example.com,Uberlândia,Coordenador administrativo,52,67364886319
Renata Araújo Dias,renata.araujo.dias.28680@example.com,Londrina,Diretor comercial,35,46404803588
Thiago Castro Cardoso,thiago.castro.cardoso.28681@example.com,Dourados,Técnico de segurança do trabalho,46,44809554973
Marcelo Fernandes Mendes,marcelo.fernandes.mendes.28682@example.com,Manaus,Coordenador de logística,43,70797082408
Gustavo Nascimento Martins,gustavo.nascimento.martins.28683@example.com,Florianópolis,Coordenador administrativo,70,65333935882
Gustavo Santos Freitas,gustavo.santos.freitas.28684@example.com,Vitória,Gerente de operações,29,11096505172
Carlos Rocha Castro,carlos.rocha.castro.28685@example.com,São Paulo,Auxiliar de produção,41,99237565720
Mariana Freitas Dias,mariana.freitas.dias.28686@example.com,Campinas,Mecânico,57,42330311855
Pedro Monteiro Araújo,pedro.monteiro.araujo.28687@example.com,Cuiabá,Coordenador de logística,28,90554001619
Eduardo Silva Cardoso,eduardo.silva.cardoso.28688@example.com,Sorocaba,Diretor de operações,36,14130818214
Carlos Araújo Cardoso,carlos.araujo.cardoso.28689@example.com,Santos,Jornalista,68,33610089766
Carlos Oliveira Rocha,carlos.oliveira.rocha.28690@example.com,Natal,Gerente financeiro,58,43477828216
Ana Souza Araújo,ana.souza.araujo.28691@example.com,Sorocaba,Supervisor de atendimento,30,58086057255
Juliana Freitas Monteiro,juliana.freitas.monteiro.28692@example.com,Santos,Assistente administrativo,55,99599071584
João Pereira Dias,joao.pereira.dias.28693@example.com,Recife,Analista financeiro,54,67157746718
Igor Carvalho Barbosa,igor.carvalho.barbosa.28694@example.com,Salvador,Técnico em informática,60,76189641727
Aline Castro Souza,aline.castro.souza.28695@example.com,Brasília,Professor,68,41462548103
Camila Araújo Pereira,camila.araujo.pereira.28696@example.com,Salvador,Analista de recursos humanos,30,09981918814
Sandra Mendes Oliveira,sandra.mendes.oliveira.28697@example.com,São Paulo,Contador,18,00819448112
Bruno Costa Souza,bruno.costa.souza.28698@example.com,Vitória,Chefe de compras,60,05241674294
Vinícius Teixeira Pereira,vinicius.teixeira.pereira.28699@example.com,Londrina,Supervisor de vendas,18,34073415481
Simone Costa Santos,simone.costa.santos.28700@example.com,Fortaleza,Operador de caixa,36,63871895125
Luana Costa Araújo,luana.costa.araujo.28701@example.com,Brasília,Atendente,63,13213190501
Aline Silva Rocha,aline.silva.rocha.28702@example.com,Santos,Técnico de segurança do trabalho,20,92923742176
Lucas Martins Rocha,lucas.martins.rocha.28703@example.com,Florianópolis,Auxiliar de produção,25,26421334377
Bruno Rodrigues Gomes,bruno.rodrigues.gomes.28704@example.com,Rondonópolis,Estoquista,35,56331462152
Igor Araújo Santos,igor.araujo.santos.28705@example.com,Niterói,Enfermeiro,18,37761359035
Patrícia Gomes Gomes,patricia.gomes.gomes.28706@example.com,Niterói,Diretor comercial,29,16800531233
Tatiane Rocha Gomes,tatiane.rocha.gomes.28707@example.com,Natal,Pedreiro,49,15760203563
Igor Oliveira Cardoso,igor.oliveira.cardoso.28708@example.com,Florianópolis,Supervisor de vendas,52,80269974832
Letícia Lima Nascimento,leticia.lima.nascimento.28709@example.com,Niterói,Pedreiro,41,39334285208
Gustavo Oliveira Castro,gustavo.oliveira.castro.28710@example.com,São Paulo,Supervisor de qualidade,60,13583342706
Mariana Dias Costa,mariana.dias.costa.28711@example.com,Maringá,Analista de recursos humanos,30,82652358126
Vitória Dias Martins,vitoria.dias.martins.28712@example.com,Santos,Jornalista,45,65563656943
Vitória Carvalho Martins,vitoria.carvalho.martins.28713@example.com,Fortaleza,Chefe de compras,61,38347949015
Carlos Alves Martins,carlos.alves.martins.28714@example.com,Niterói,Gerente financeiro,67,37821815624
João Barros Araújo,joao.barros.araujo.28715@example.com,São Paulo,Gerente de operações,42,92388672326
Sérgio Martins Silva,sergio.martins.silva.28716@example.com,São Paulo,Eletricista,22,79977468794
Igor Alves Carvalho,igor.alves.carvalho.28717@example.com,Recife,Assistente administrativo,57,30340198919
Lucas Cardoso Oliveira,lucas.cardoso.oliveira.28718@example.com,Belém,Chefe de compras,68,96132085847
Vinícius Moreira Araújo,vinicius.moreira.araujo.28719@example.com,Brasília,Padeiro,57,26612873701
Ricardo Barros Dias,ricardo.barros.dias.28720@example.com,Santos,Assistente comercial,69,31458666468
Diego Pereira Rodrigues,diego.pereira.rodrigues.28721@example.com,Maringá,Analista de marketing,50,49951177023
Vanessa Souza Almeida,vanessa.souza.almeida.28722@example.com,Belém,Supervisor de manutenção,18,04763731721
Luana Souza Castro,luana.souza.castro.28723@example.com,Rondonópolis,Motorista,38,17597580859
Beatriz Silva Rodrigues,beatriz.silva.rodrigues.28724@example.com,Campo Grande,Supervisor de vendas,18,53220220335
Leonardo Lima Freitas,leonardo.lima.freitas.28725@example.com,Natal,Chefe de compras,64,85336681387
Henrique Silva Rocha,henrique.silva.rocha.28726@example.com,Manaus,Programador,19,04652917499
Otávio Monteiro Monteiro,otavio.monteiro.monteiro.28727@example.com,Rio de Janeiro,Engenheiro civil,54,16988984408
Thiago Almeida Barbosa,thiago.almeida.barbosa.28728@example.com,Maringá,Jornalista,30,28767913261
Débora Almeida Ribeiro,debora.almeida.ribeiro.28729@example.com,São Paulo,Chefe de departamento pessoal,55,20915307033
Beatriz Cardoso Moreira,beatriz.cardoso.moreira.28730@example.com,Niterói,Gerente de tecnologia,49,92307611626
Ana Teixeira Alves,ana.teixeira.alves.28731@example.com,Porto Alegre,Recepcionista,27,14446418658
Gabriela Cardoso Silva,gabriela.cardoso.silva.28732@example.com,Rio de Janeiro,Coordenador administrativo,18,66442338112
Daniela Lima Monteiro,daniela.lima.monteiro.28733@example.com,Dourados,Advogado,51,60721218679
Aline Ribeiro Souza,aline.ribeiro.souza.28734@example.com,Manaus,Diretor comercial,25,96053346833
Nicolas Rodrigues Alves,nicolas.rodrigues.alves.28735@example.com,Brasília,Gerente financeiro,31,20507068010
Ana Monteiro Araújo,ana.monteiro.araujo.28736@example.com,Sorocaba,Analista de dados,68,95261568876
Eduardo Oliveira Alves,eduardo.oliveira.alves.28737@example.com,Goiânia,Assistente administrativo,48,62618269429
Bruno Pereira Santos,bruno.pereira.santos.28738@example.com,Fortaleza,Gerente comercial,41,22786229763
Carolina Moreira Cardoso,carolina.moreira.cardoso.28739@example.com,Caxias do Sul,Padeiro,37,91382780908
Luana Cardoso Santos,luana.cardoso.santos.28740@example.com,Fortaleza,Supervisor de vendas,25,62488331827
Letícia Cardoso Monteiro,leticia.cardoso.monteiro.28741@example.com,Manaus,Professor,36,53293597656
Fernanda Ribeiro Barros,fernanda.ribeiro.barros.28742@example.com,Caxias do Sul,Mecânico,53,64278483943
Marcelo Moreira Lima,marcelo.moreira.lima.28743@example.com,Belo Horizonte,Gerente de tecnologia,25,13037557458
Tatiane Carvalho Teixeira,tatiane.carvalho.teixeira.28744@example.com,São Paulo,Técnico de segurança do trabalho,42,13282678761
Fernanda Mendes Oliveira,fernanda.mendes.oliveira.28745@example.com,Recife,Engenheiro civil,49,45994564882
Carlos Oliveira Araújo,carlos.oliveira.araujo.28746@example.com,Recife,Cozinheiro,27,78284218699
Diego Teixeira Monteiro,diego.teixeira.monteiro.28747@example.com,Uberlândia,Chefe de almoxarifado,27,69890954611
Sandra Araújo Barros,sandra.araujo.barros.28748@example.com,Caxias do Sul,Enfermeiro,60,42957983079
Fernanda Freitas Gomes,fernanda.freitas.gomes.28749@example.com,Vitória,Técnico de enfermagem,21,41812241203
Carolina Carvalho Souza,carolina.carvalho.souza.28750@example.com,Brasília,Assistente comercial,35,58208986041
Simone Cardoso Mendes,simone.cardoso.mendes.28751@example.com,Campo Grande,Técnico em informática,53,37289604292
Pedro Almeida Lima,pedro.almeida.lima.28752@example.com,Belém,Chefe de departamento pessoal,30,25151907982
Leonardo Teixeira Martins,leonardo.teixeira.martins.28753@example.com,Niterói,Assistente comercial,68,64734732118
Carolina Rocha Souza,carolina.rocha.souza.28754@example.com,Joinville,Padeiro,69,62158613521
Letícia Barbosa Pereira,leticia.barbosa.pereira.28755@example.com,Londrina,Técnico de enfermagem,28,78483141885
Paulo Costa Freitas,paulo.costa.freitas.28756@example.com,Recife,Supervisor de vendas,57,73965838112
Otávio Nascimento Santos,otavio.nascimento.santos.28757@example.com,Goiânia,Recepcionista,53,29052213645
Nicolas Pereira Oliveira,nicolas.pereira.oliveira.28758@example.com,Porto Alegre,Coordenador de marketing,64,42387123146
Gustavo Carvalho Santos,gustavo.carvalho.santos.28759@example.com,Campo Grande,Gerente comercial,61,37119794430
Sérgio Costa Freitas,sergio.costa.freitas.28760@example.com,Campo Grande,Enfermeiro,55,17969962910
João Araújo Teixeira,joao.araujo.teixeira.28761@example.com,Fortaleza,Coordenador de marketing,60,46405773162
Marcelo Dias Souza,marcelo.dias.souza.28762@example.com,Dourados,Gerente financeiro,66,94244327702
Gustavo Santos Gomes,gustavo.santos.gomes.28763@example.com,Salvador,Supervisor de manutenção,59,44640537505
Carlos Santos Souza,carlos.santos.souza.28764@example.com,Recife,Gerente de recursos humanos,30,58470938712
Patrícia Carvalho Barros,patricia.carvalho.barros.28765@example.com,Joinville,Analista de marketing,64,00158358449
Nicolas Alves Freitas,nicolas.alves.freitas.28766@example.com,Caxias do Sul,Jornalista,26,05310821340
Aline Carvalho Alves,aline.carvalho.alves.28767@example.com,Campinas,Supervisor de manutenção,44,00846182508
Amanda Silva Silva,amanda.silva.silva.28768@example.com,Rondonópolis,Coordenador administrativo,28,42162444352
Simone Souza Almeida,simone.souza.almeida.28769@example.com,Recife,Nutricionista,62,35461743750
Henrique Ribeiro Nascimento,henrique.ribeiro.nascimento.28770@example.com,Porto Alegre,Pedreiro,19,36086577395
Camila Moreira Mendes,camila.moreira.mendes.28771@example.com,Manaus,Diretor de operações,68,36904444295
Diego Gomes Cardoso,diego.gomes.cardoso.28772@example.com,Vitória,Estoquista,39,87773506942
Juliana Monteiro Monteiro,juliana.monteiro.monteiro.28773@example.com,Florianópolis,Vendedor,61,56666186459
Rafael Teixeira Moreira,rafael.teixeira.moreira.28774@example.com,Uberlândia,Nutricionista,30,26298241969
Paulo Santos Martins,paulo.santos.martins.28775@example.com,Joinville,Supervisor de atendimento,36,04861391771
Fernanda Costa Nascimento,fernanda.costa.nascimento.28776@example.com,Recife,Motorista,69,94911811444
José Fernandes Nascimento,jose.fernandes.nascimento.28777@example.com,Natal,Chefe de compras,21,15464229567
Aline Moreira Lima,aline.moreira.lima.28778@example.com,Florianópolis,Gerente financeiro,70,79368046133
Gabriel Silva Araújo,gabriel.silva.araujo.28779@example.com,Maringá,Cozinheiro,63,84036161552
Nicolas Cardoso Moreira,nicolas.cardoso.moreira.28780@example.com,Recife,Atendente,45,20408837191
Vitória Souza Pereira,vitoria.souza.pereira.28781@example.com,Niterói,Atendente,33,73170081748
Fernanda Oliveira Nascimento,fernanda.oliveira.nascimento.28782@example.com,Goiânia,Chefe de compras,40,45135246163
Henrique Fernandes Teixeira,henrique.fernandes.teixeira.28783@example.com,Niterói,Coordenador de marketing,62,61901709125
Igor Pereira Rodrigues,igor.pereira.rodrigues.28784@example.com,Porto Alegre,Analista de marketing,19,87954946974
Pedro Oliveira Monteiro,pedro.oliveira.monteiro.28785@example.com,Uberlândia,Fisioterapeuta,62,30568019801
Nicolas Rocha Martins,nicolas.rocha.martins.28786@example.com,Maringá,Analista de marketing,53,79624556007
Thiago Araújo Lima,thiago.araujo.lima.28787@example.com,Santos,Supervisor de atendimento,41,59154137149
Amanda Castro Oliveira,amanda.castro.oliveira.28788@example.com,Campo Grande,Chefe de compras,57,51092905605
Henrique Lima Teixeira,henrique.lima.teixeira.28789@example.com,Maringá,Técnico de enfermagem,49,50023533372
Carlos Monteiro Santos,carlos.monteiro.santos.28790@example.com,Sorocaba,Recepcionista,58,81632530986
Amanda Pereira Oliveira,amanda.pereira.oliveira.28791@example.com,Natal,Chefe de almoxarifado,62,15734410739
Patrícia Pereira Teixeira,patricia.pereira.teixeira.28792@example.com,Caxias do Sul,Estoquista,20,36129397140
Letícia Martins Castro,leticia.martins.castro.28793@example.com,Maringá,Jornalista,52,45512539370
Daniela Ribeiro Teixeira,daniela.ribeiro.teixeira.28794@example.com,Santos,Corretor de imóveis,26,46119083903
Vanessa Oliveira Carvalho,vanessa.oliveira.carvalho.28795@example.com,Rio de Janeiro,Cozinheiro,34,02752790449
Marcelo Barros Moreira,marcelo.barros.moreira.28796@example.com,Florianópolis,Programador,64,80479839359
Ana Barros Rodrigues,ana.barros.rodrigues.28797@example.com,Belém,Cozinheiro,48,44765638113
Vanessa Almeida Costa,vanessa.almeida.costa.28798@example.com,Manaus,Gerente de operações,31,30657076139
Carlos Lima Alves,carlos.lima.alves.28799@example.com,Natal,Analista de marketing,39,65823166717
Paulo Teixeira Mendes,paulo.teixeira.mendes.28800@example.com,Fortaleza,Engenheiro civil,32,05532171450
Thiago Gomes Teixeira,thiago.gomes.teixeira.28801@example.com,Rondonópolis,Advogado,67,74370816058
Leonardo Santos Monteiro,leonardo.santos.monteiro.28802@example.com,Belo Horizonte,Coordenador de produção,35,68333714392
Diego Alves Lima,diego.alves.lima.28803@example.com,Curitiba,Analista de recursos humanos,67,61863937621
Vinícius Monteiro Dias,vinicius.monteiro.dias.28804@example.com,Vitória,Gerente de recursos humanos,44,78492284605
Nicolas Freitas Oliveira,nicolas.freitas.oliveira.28805@example.com,Brasília,Assistente comercial,46,60223124701
Juliana Ribeiro Dias,juliana.ribeiro.dias.28806@example.com,Belém,Chefe de compras,60,00725748276
Aline Moreira Souza,aline.moreira.souza.28807@example.com,Londrina,Analista de dados,63,78334090465
Aline Barbosa Lima,aline.barbosa.lima.28808@example.com,Londrina,Chefe de departamento pessoal,45,17158326682
Gabriela Martins Monteiro,gabriela.martins.monteiro.28809@example.com,Cuiabá,Professor,60,89420613329
Eduardo Silva Freitas,eduardo.silva.freitas.28810@example.com,Campo Grande,Motorista,34,44628351701
Diego Castro Nascimento,diego.castro.nascimento.28811@example.com,Florianópolis,Coordenador administrativo,24,15047064280
Patrícia Castro Silva,patricia.castro.silva.28812@example.com,Uberlândia,Supervisor de qualidade,60,90614061924
Vanessa Mendes Souza,vanessa.mendes.souza.28813@example.com,Niterói,Comprador,62,87477587337
Mariana Souza Almeida,mariana.souza.almeida.28814@example.com,Caxias do Sul,Engenheiro civil,31,01729573370
Gabriel Souza Gomes,gabriel.souza.gomes.28815@example.com,Londrina,Vendedor,24,26978417089
Rafael Rodrigues Barros,rafael.rodrigues.barros.28816@example.com,Goiânia,Analista financeiro,46,79115875957
Aline Almeida Barbosa,aline.almeida.barbosa.28817@example.com,Dourados,Assistente comercial,46,82054934661
José Oliveira Almeida,jose.oliveira.almeida.28818@example.com,Joinville,Engenheiro civil,20,48068105234
Nicolas Nascimento Rocha,nicolas.nascimento.rocha.28819@example.com,Londrina,Técnico de enfermagem,68,42559442778
José Almeida Freitas,jose.almeida.freitas.28820@example.com,Niterói,Farmacêutico,62,27353241382
Thiago Santos Souza,thiago.santos.souza.28821@example.com,Manaus,Cozinheiro,54,76847933701
Vitória Lima Rocha,vitoria.lima.rocha.28822@example.com,Curitiba,Diretor de operações,57,94294490752
Daniela Fernandes Ribeiro,daniela.fernandes.ribeiro.28823@example.com,Belo Horizonte,Pedreiro,50,94620803587
Priscila Gomes Dias,priscila.gomes.dias.28824@example.com,Recife,Padeiro,63,84375177085
Paulo Mendes Nascimento,paulo.mendes.nascimento.28825@example.com,Curitiba,Arquiteto,42,93954993077
Marcelo Pereira Moreira,marcelo.pereira.moreira.28826@example.com,Londrina,Eletricista,22,18700339062
Juliana Barros Costa,juliana.barros.costa.28827@example.com,Goiânia,Chefe de compras,31,98460469774
Leonardo Nascimento Rodrigues,leonardo.nascimento.rodrigues.28828@example.com,Fortaleza,Supervisor de manutenção,31,91180302058
Igor Martins Pereira,igor.martins.pereira.28829@example.com,Joinville,Técnico em informática,26,35160394815
Aline Souza Oliveira,aline.souza.oliveira.28830@example.com,Campo Grande,Pedreiro,29,16015185542
Amanda Costa Almeida,amanda.costa.almeida.28831@example.com,Vitória,Assistente comercial,46,56209799092
Gustavo Monteiro Lima,gustavo.monteiro.lima.28832@example.com,Niterói,Farmacêutico,26,91047285721
Bruno Nascimento Martins,bruno.nascimento.martins.28833@example.com,Londrina,Auxiliar de produção,59,18318541859
João Dias Alves,joao.dias.alves.28834@example.com,Natal,Supervisor de qualidade,23,24770977452
Sandra Dias Castro,sandra.dias.castro.28835@example.com,Belém,Analista de dados,60,79987422108
Vitória Mendes Rocha,vitoria.mendes.rocha.28836@example.com,Belo Horizonte,Motorista,34,86387176777
Thiago Carvalho Castro,thiago.carvalho.castro.28837@example.com,Curitiba,Engenheiro civil,25,89926209542
Priscila Pereira Freitas,priscila.pereira.freitas.28838@example.com,Natal,Assistente comercial,61,22172672786
Ana Nascimento Gomes,ana.nascimento.gomes.28839@example.com,Joinville,Enfermeiro,63,41174614598
Aline Dias Dias,aline.dias.dias.28840@example.com,Campo Grande,Enfermeiro,20,98682553816
Lucas Costa Santos,lucas.costa.santos.28841@example.com,Recife,Diretor comercial,22,95161260181
Tatiane Monteiro Moreira,tatiane.monteiro.moreira.28842@example.com,Fortaleza,Nutricionista,51,98389848719
Débora Castro Moreira,debora.castro.moreira.28843@example.com,São Paulo,Farmacêutico,19,99859567519
Carlos Ribeiro Dias,carlos.ribeiro.dias.28844@example.com,Niterói,Técnico de segurança do trabalho,20,07665352548
João Monteiro Souza,joao.monteiro.souza.28845@example.com,Cuiabá,Recepcionista,24,38879055328
Igor Cardoso Gomes,igor.cardoso.gomes.28846@example.com,Porto Alegre,Supervisor de manutenção,20,61769518506
Débora Alves Gomes,debora.alves.gomes.28847@example.com,Rondonópolis,Cozinheiro,52,31482233758
Patrícia Cardoso Lima,patricia.cardoso.lima.28848@example.com,Goiânia,Engenheiro civil,37,93800200333
Henrique Moreira Costa,henrique.moreira.costa.28849@example.com,Santos,Supervisor de vendas,24,42900815666
Fernanda Dias Martins,fernanda.dias.martins.28850@example.com,Maringá,Chefe de compras,61,28071732798
Luana Cardoso Lima,luana.cardoso.lima.28851@example.com,Santos,Gerente de tecnologia,55,07961165676
Vitória Pereira Santos,vitoria.pereira.santos.28852@example.com,Belo Horizonte,Nutricionista,50,94423023113
Larissa Ribeiro Rodrigues,larissa.ribeiro.rodrigues.28853@example.com,Recife,Cozinheiro,63,00994661051
Sérgio Ribeiro Ribeiro,sergio.ribeiro.ribeiro.28854@example.com,Santos,Eletricista,58,59781734390
Lucas Cardoso Gomes,lucas.cardoso.gomes.28855@example.com,São Paulo,Chefe de departamento pessoal,20,12040863323
Aline Barros Barbosa,aline.barros.barbosa.28856@example.com,Rio de Janeiro,Eletricista,60,15113491082
Juliana Rodrigues Nascimento,juliana.rodrigues.nascimento.28857@example.com,Joinville,Advogado,51,58304490031
Gabriela Carvalho Mendes,gabriela.carvalho.mendes.28858@example.com,Joinville,Chefe de compras,27,15800740119
Otávio Moreira Pereira,otavio.moreira.pereira.28859@example.com,Belo Horizonte,Comprador,42,06384711036
Nicolas Mendes Gomes,nicolas.mendes.gomes.28860@example.com,Caxias do Sul,Engenheiro civil,37,48039549705
Mariana Almeida Alves,mariana.almeida.alves.28861@example.com,Santos,Gerente comercial,53,62270003689
Priscila Cardoso Nascimento,priscila.cardoso.nascimento.28862@example.com,Vitória,Gerente comercial,39,83175685403
Carlos Moreira Moreira,carlos.moreira.moreira.28863@example.com,Campinas,Gerente de recursos humanos,28,51285827875
Eduardo Mendes Castro,eduardo.mendes.castro.28864@example.com,Florianópolis,Supervisor de manutenção,27,40860923071
Carlos Almeida Rocha,carlos.almeida.rocha.28865@example.com,Vitória,Líder de equipe,50,00217095123
Vinícius Freitas Lima,vinicius.freitas.lima.28866@example.com,Campo Grande,Coordenador administrativo,21,81696895984
Aline Nascimento Araújo,aline.nascimento.araujo.28867@example.com,Caxias do Sul,Coordenador administrativo,26,07716818623
Amanda Barros Teixeira,amanda.barros.teixeira.28868@example.com,Florianópolis,Motorista,19,87738472008
Gabriela Freitas Dias,gabriela.freitas.dias.28869@example.com,Caxias do Sul,Estoquista,41,97518713566
Patrícia Barbosa Martins,patricia.barbosa.martins.28870@example.com,Cuiabá,Coordenador de marketing,52,37787617154
Sandra Costa Castro,sandra.costa.castro.28871@example.com,Porto Alegre,Analista de marketing,60,56693493681
Beatriz Barros Souza,beatriz.barros.souza.28872@example.com,Curitiba,Analista de recursos humanos,44,64067200361
Tatiane Alves Barros,tatiane.alves.barros.28873@example.com,Florianópolis,Gerente de tecnologia,29,79633226164
Juliana Nascimento Lima,juliana.nascimento.lima.28874@example.com,Porto Alegre,Arquiteto,46,86848029328
Gabriel Pereira Costa,gabriel.pereira.costa.28875@example.com,São Paulo,Designer gráfico,32,03948964753
Carolina Lima Freitas,carolina.lima.freitas.28876@example.com,Vitória,Designer gráfico,37,28682079654
Thiago Nascimento Teixeira,thiago.nascimento.teixeira.28877@example.com,Caxias do Sul,Chefe de departamento pessoal,56,39564376700
Paulo Ribeiro Araújo,paulo.ribeiro.araujo.28878@example.com,Rondonópolis,Programador,36,06324950638
Ana Gomes Santos,ana.gomes.santos.28879@example.com,São Paulo,Técnico de enfermagem,34,29724878816
Sérgio Gomes Lima,sergio.gomes.lima.28880@example.com,Campinas,Farmacêutico,40,34774663951
Sandra Freitas Martins,sandra.freitas.martins.28881@example.com,Brasília,Contador,40,21190377744
Renata Monteiro Oliveira,renata.monteiro.oliveira.28882@example.com,Belém,Pedreiro,51,60284813017
Gabriela Oliveira Alves,gabriela.oliveira.alves.28883@example.com,Uberlândia,Analista de recursos humanos,33,91847107886
Felipe Freitas Costa,felipe.freitas.costa.28884@example.com,Florianópolis,Jornalista,62,99980992738
Ana Carvalho Cardoso,ana.carvalho.cardoso.28885@example.com,Rio de Janeiro,Supervisor de qualidade,44,48151108914
Carolina Silva Mendes,carolina.silva.mendes.28886@example.com,Natal,Fisioterapeuta,26,36319256905
Priscila Monteiro Araújo,priscila.monteiro.araujo.28887@example.com,Niterói,Supervisor de qualidade,53,73178589811
Vinícius Ribeiro Martins,vinicius.ribeiro.martins.28888@example.com,Curitiba,Estoquista,33,44380577429
Renata Ribeiro Silva,renata.ribeiro.silva.28889@example.com,Cuiabá,Comprador,56,51689765882
Patrícia Dias Lima,patricia.dias.lima.28890@example.com,Porto Alegre,Assistente administrativo,52,56204889274
Otávio Castro Costa,otavio.castro.costa.28891@example.com,Cuiabá,Vendedor,61,65764191813
Carolina Teixeira Castro,carolina.teixeira.castro.28892@example.com,Niterói,Assistente administrativo,28,03997421981
Aline Costa Oliveira,aline.costa.oliveira.28893@example.com,Londrina,Gerente de operações,32,08752348680
José Silva Teixeira,jose.silva.teixeira.28894@example.com,Natal,Atendente,47,10668379934
Leonardo Mendes Araújo,leonardo.mendes.araujo.28895@example.com,Dourados,Supervisor de qualidade,19,05658730076
Pedro Araújo Moreira,pedro.araujo.moreira.28896@example.com,Vitória,Atendente,39,86536920322
Simone Alves Santos,simone.alves.santos.28897@example.com,Rondonópolis,Chefe de compras,68,83300234146
Patrícia Monteiro Martins,patricia.monteiro.martins.28898@example.com,Uberlândia,Analista de recursos humanos,22,91105260594
Mariana Martins Monteiro,mariana.martins.monteiro.28899@example.com,Florianópolis,Atendente,28,36006130581
Gabriela Barros Mendes,gabriela.barros.mendes.28900@example.com,Rio de Janeiro,Recepcionista,36,68504882715
Sandra Souza Teixeira,sandra.souza.teixeira.28901@example.com,Manaus,Designer gráfico,18,93722678554
Eduardo Cardoso Monteiro,eduardo.cardoso.monteiro.28902@example.com,Manaus,Supervisor de vendas,69,56477485772
Gabriela Lima Castro,gabriela.lima.castro.28903@example.com,Santos,Mecânico,23,72446938473
Lucas Alves Cardoso,lucas.alves.cardoso.28904@example.com,Joinville,Nutricionista,55,97560187574
Vinícius Moreira Barros,vinicius.moreira.barros.28905@example.com,Maringá,Coordenador de marketing,18,19388039299
Sandra Rodrigues Nascimento,sandra.rodrigues.nascimento.28906@example.com,Belém,Contador,36,10610593497
Patrícia Freitas Ribeiro,patricia.freitas.ribeiro.28907@example.com,São Paulo,Cozinheiro,53,75758616472
Aline Santos Oliveira,aline.santos.oliveira.28908@example.com,Rondonópolis,Gerente de tecnologia,64,36616464254
João Cardoso Freitas,joao.cardoso.freitas.28909@example.com,Caxias do Sul,Gerente comercial,27,54763861418
Sandra Araújo Pereira,sandra.araujo.pereira.28910@example.com,Porto Alegre,Coordenador administrativo,68,16558482920
Carolina Costa Castro,carolina.costa.castro.28911@example.com,Manaus,Jornalista,49,09440123792
Larissa Nascimento Freitas,larissa.nascimento.freitas.28912@example.com,Joinville,Engenheiro civil,23,13488019232
Thiago Costa Gomes,thiago.costa.gomes.28913@example.com,Uberlândia,Assistente comercial,26,17807742091
Gabriel Moreira Gomes,gabriel.moreira.gomes.28914@example.com,Rondonópolis,Fisioterapeuta,35,05313293858
Letícia Barros Alves,leticia.barros.alves.28915@example.com,Caxias do Sul,Operador de caixa,68,90113827622
Larissa Mendes Teixeira,larissa.mendes.teixeira.28916@example.com,Goiânia,Designer gráfico,25,82393184760
Vitória Cardoso Rodrigues,vitoria.cardoso.rodrigues.28917@example.com,Caxias do Sul,Pedreiro,19,86018817347
Gabriela Martins Dias,gabriela.martins.dias.28918@example.com,Manaus,Analista de recursos humanos,53,72753094188
Henrique Dias Souza,henrique.dias.souza.28919@example.com,Uberlândia,Contador,54,30777547850
Luana Rodrigues Monteiro,luana.rodrigues.monteiro.28920@example.com,Sorocaba,Chefe de almoxarifado,67,07405209925
Marcelo Teixeira Lima,marcelo.teixeira.lima.28921@example.com,Curitiba,Assistente administrativo,40,32238161227
Beatriz Cardoso Souza,beatriz.cardoso.souza.28922@example.com,Natal,Coordenador de marketing,21,50923137028
Paulo Freitas Rodrigues,paulo.freitas.rodrigues.28923@example.com,Curitiba,Vendedor,69,31016200780
Priscila Ribeiro Moreira,priscila.ribeiro.moreira.28924@example.com,Rondonópolis,Líder de equipe,46,42025442407
Sandra Ribeiro Lima,sandra.ribeiro.lima.28925@example.com,Belo Horizonte,Supervisor de vendas,21,92588864063
Fernanda Teixeira Nascimento,fernanda.teixeira.nascimento.28926@example.com,Florianópolis,Gerente financeiro,56,63709445922
Felipe Nascimento Barbosa,felipe.nascimento.barbosa.28927@example.com,Niterói,Coordenador de logística,68,79337673098
Bruno Teixeira Araújo,bruno.teixeira.araujo.28928@example.com,Rio de Janeiro,Chefe de departamento pessoal,27,41250263700
Rafael Silva Almeida,rafael.silva.almeida.28929@example.com,São Paulo,Técnico de segurança do trabalho,54,60200787033
Carolina Dias Souza,carolina.dias.souza.28930@example.com,Maringá,Supervisor de vendas,57,11800790476
Gustavo Santos Dias,gustavo.santos.dias.28931@example.com,Florianópolis,Recepcionista,41,56970267908
Juliana Carvalho Moreira,juliana.carvalho.moreira.28932@example.com,Campinas,Coordenador administrativo,43,00696627689
Bruno Araújo Nascimento,bruno.araujo.nascimento.28933@example.com,Belo Horizonte,Jornalista,20,84555309908
Carlos Carvalho Gomes,carlos.carvalho.gomes.28934@example.com,Cuiabá,Comprador,45,54036562456
Sandra Pereira Moreira,sandra.pereira.moreira.28935@example.com,Manaus,Coordenador de produção,35,40047286130
Paulo Carvalho Barbosa,paulo.carvalho.barbosa.28936@example.com,Goiânia,Padeiro,46,88784319468
Leonardo Souza Carvalho,leonardo.souza.carvalho.28937@example.com,Curitiba,Analista financeiro,42,08178866213
Débora Almeida Araújo,debora.almeida.araujo.28938@example.com,Goiânia,Diretor comercial,23,91882796023
Thiago Oliveira Oliveira,thiago.oliveira.oliveira.28939@example.com,Belém,Técnico de segurança do trabalho,22,09072367840
Aline Teixeira Cardoso,aline.teixeira.cardoso.28940@example.com,Londrina,Padeiro,51,57057392704
Vitória Barros Barbosa,vitoria.barros.barbosa.28941@example.com,Vitória,Engenheiro civil,61,28065573587
José Teixeira Fernandes,jose.teixeira.fernandes.28942@example.com,Florianópolis,Técnico de segurança do trabalho,69,38549250467
Sandra Martins Souza,sandra.martins.souza.28943@example.com,Londrina,Gerente de tecnologia,45,26472786710
Henrique Oliveira Souza,henrique.oliveira.souza.28944@example.com,Cuiabá,Gerente financeiro,45,45409383651
Igor Barros Barbosa,igor.barros.barbosa.28945@example.com,Manaus,Supervisor de qualidade,45,84545494448
Igor Nascimento Barros,igor.nascimento.barros.28946@example.com,Recife,Jornalista,66,45595108892
Simone Santos Costa,simone.santos.costa.28947@example.com,Goiânia,Supervisor de manutenção,56,11769386583
Daniela Costa Moreira,daniela.costa.moreira.28948@example.com,Maringá,Fisioterapeuta,27,21209327748
João Souza Oliveira,joao.souza.oliveira.28949@example.com,Recife,Coordenador de logística,69,16691262798
Lucas Alves Pereira,lucas.alves.pereira.28950@example.com,Maringá,Pedreiro,26,94321968903
Débora Carvalho Moreira,debora.carvalho.moreira.28951@example.com,Campinas,Advogado,42,63645113963
Luana Teixeira Castro,luana.teixeira.castro.28952@example.com,Manaus,Coordenador de marketing,49,59391759747
Patrícia Costa Rodrigues,patricia.costa.rodrigues.28953@example.com,Niterói,Comprador,62,11957596540
Nicolas Dias Carvalho,nicolas.dias.carvalho.28954@example.com,Porto Alegre,Padeiro,48,75142218727
Ricardo Santos Costa,ricardo.santos.costa.28955@example.com,Campo Grande,Líder de equipe,53,15416574101
Leonardo Freitas Dias,leonardo.freitas.dias.28956@example.com,Porto Alegre,Coordenador administrativo,43,83128762896
Felipe Barbosa Ribeiro,felipe.barbosa.ribeiro.28957@example.com,Caxias do Sul,Vendedor,34,70580030965
Felipe Oliveira Alves,felipe.oliveira.alves.28958@example.com,Curitiba,Gerente de tecnologia,19,17136781442
Priscila Silva Nascimento,priscila.silva.nascimento.28959@example.com,Cuiabá,Vendedor,29,59053431135
Camila Martins Moreira,camila.martins.moreira.28960@example.com,Curitiba,Analista de marketing,57,37157138994
José Barbosa Alves,jose.barbosa.alves.28961@example.com,Rio de Janeiro,Diretor de operações,35,78294806482
Gabriela Souza Teixeira,gabriela.souza.teixeira.28962@example.com,Uberlândia,Pedreiro,69,12762157928
Renata Rocha Oliveira,renata.rocha.oliveira.28963@example.com,Fortaleza,Motorista,29,16444873123
Carlos Ribeiro Santos,carlos.ribeiro.santos.28964@example.com,Sorocaba,Mecânico,29,72952714610
Daniela Ribeiro Santos,daniela.ribeiro.santos.28965@example.com,Campo Grande,Coordenador de produção,45,12897914069
Marcelo Castro Silva,marcelo.castro.silva.28966@example.com,Dourados,Estoquista,46,80266390855
Eduardo Castro Dias,eduardo.castro.dias.28967@example.com,Brasília,Supervisor de atendimento,53,19375832628
Gustavo Costa Carvalho,gustavo.costa.carvalho.28968@example.com,Florianópolis,Comprador,56,49037432079
Henrique Costa Martins,henrique.costa.martins.28969@example.com,Porto Alegre,Técnico de segurança do trabalho,61,49866134016
Paulo Rocha Barbosa,paulo.rocha.barbosa.28970@example.com,Cuiabá,Analista de dados,41,08741354094
Sérgio Santos Castro,sergio.santos.castro.28971@example.com,Campinas,Operador de caixa,29,13624991914
Simone Carvalho Barbosa,simone.carvalho.barbosa.28972@example.com,Joinville,Comprador,21,61388561185
Felipe Souza Ribeiro,felipe.souza.ribeiro.28973@example.com,Santos,Engenheiro civil,29,42235840551
Henrique Mendes Monteiro,henrique.mendes.monteiro.28974@example.com,Brasília,Gerente de recursos humanos,61,84224486761
Simone Almeida Alves,simone.almeida.alves.28975@example.com,Joinville,Diretor de operações,68,25780749578
Larissa Santos Barros,larissa.santos.barros.28976@example.com,Dourados,Cozinheiro,24,88395102047
Henrique Martins Rocha,henrique.martins.rocha.28977@example.com,Manaus,Atendente,32,94129611611
Rafael Nascimento Almeida,rafael.nascimento.almeida.28978@example.com,Curitiba,Jornalista,25,69568079568
Nicolas Almeida Carvalho,nicolas.almeida.carvalho.28979@example.com,Goiânia,Técnico em informática,60,91276853954
Vinícius Carvalho Martins,vinicius.carvalho.martins.28980@example.com,Uberlândia,Técnico de segurança do trabalho,40,72026772862
Vinícius Pereira Lima,vinicius.pereira.lima.28981@example.com,Uberlândia,Coordenador de logística,69,19054800098
Thiago Rocha Santos,thiago.rocha.santos.28982@example.com,Vitória,Nutricionista,23,57602259676
Simone Costa Teixeira,simone.costa.teixeira.28983@example.com,Sorocaba,Comprador,36,84587095434
Henrique Teixeira Oliveira,henrique.teixeira.oliveira.28984@example.com,Vitória,Gerente comercial,63,42122205932
Luana Teixeira Nascimento,luana.teixeira.nascimento.28985@example.com,Manaus,Corretor de imóveis,34,05262843120
Patrícia Barros Santos,patricia.barros.santos.28986@example.com,Manaus,Atendente,35,44001201350
Marcelo Freitas Cardoso,marcelo.freitas.cardoso.28987@example.com,Rondonópolis,Coordenador de produção,44,45253589748
Fernanda Almeida Pereira,fernanda.almeida.pereira.28988@example.com,Dourados,Gerente de tecnologia,54,98426316752
Bruno Nascimento Dias,bruno.nascimento.dias.28989@example.com,Manaus,Vendedor,61,32930703885
Daniela Araújo Martins,daniela.araujo.martins.28990@example.com,Fortaleza,Programador,59,42027673974
Eduardo Cardoso Ribeiro,eduardo.cardoso.ribeiro.28991@example.com,Santos,Arquiteto,20,96998464457
Tatiane Castro Almeida,tatiane.castro.almeida.28992@example.com,Rondonópolis,Auxiliar de produção,44,48710127751
Juliana Santos Moreira,juliana.santos.moreira.28993@example.com,Manaus,Fisioterapeuta,58,32355472348
Beatriz Martins Mendes,beatriz.martins.mendes.28994@example.com,Porto Alegre,Supervisor de manutenção,61,67203738651
Letícia Teixeira Alves,leticia.teixeira.alves.28995@example.com,Uberlândia,Padeiro,25,08884567714
Bruno Fernandes Carvalho,bruno.fernandes.carvalho.28996@example.com,Caxias do Sul,Coordenador de produção,66,88541538653
Tatiane Fernandes Monteiro,tatiane.fernandes.monteiro.28997@example.com,Porto Alegre,Líder de equipe,35,09123751532
Felipe Cardoso Nascimento,felipe.cardoso.nascimento.28998@example.com,Recife,Gerente comercial,25,08207910816
Simone Santos Castro,simone.santos.castro.28999@example.com,Brasília,Programador,53,89063655813
Amanda Pereira Santos,amanda.pereira.santos.29000@example.com,Campinas,Coordenador de marketing,70,01276862345
Luana Nascimento Santos,luana.nascimento.santos.29001@example.com,Dourados,Técnico em informática,36,15659775920
Vanessa Nascimento Dias,vanessa.nascimento.dias.29002@example.com,Santos,Supervisor de atendimento,36,34832276802
Henrique Costa Carvalho,henrique.costa.carvalho.29003@example.com,Florianópolis,Motorista,40,15667085308
Vinícius Fernandes Pereira,vinicius.fernandes.pereira.29004@example.com,São Paulo,Técnico em informática,58,48910341032
Sérgio Mendes Alves,sergio.mendes.alves.29005@example.com,Manaus,Estoquista,65,05335844815
José Ribeiro Nascimento,jose.ribeiro.nascimento.29006@example.com,Curitiba,Designer gráfico,64,25065193143
Simone Ribeiro Moreira,simone.ribeiro.moreira.29007@example.com,Rondonópolis,Fisioterapeuta,66,87399712089
Patrícia Silva Moreira,patricia.silva.moreira.29008@example.com,Uberlândia,Auxiliar de produção,68,36497312682
Fernanda Costa Carvalho,fernanda.costa.carvalho.29009@example.com,Sorocaba,Fisioterapeuta,36,67243849349
Camila Moreira Moreira,camila.moreira.moreira.29010@example.com,Maringá,Chefe de compras,57,41071907552
Pedro Ribeiro Martins,pedro.ribeiro.martins.29011@example.com,Rio de Janeiro,Analista financeiro,32,83212694944
Renata Oliveira Moreira,renata.oliveira.moreira.29012@example.com,Rio de Janeiro,Enfermeiro,46,97458546959
Diego Dias Lima,diego.dias.lima.29013@example.com,Sorocaba,Estoquista,48,52703871253
Renata Araújo Mendes,renata.araujo.mendes.29014@example.com,Uberlândia,Coordenador administrativo,58,07803390463
Otávio Ribeiro Teixeira,otavio.ribeiro.teixeira.29015@example.com,Florianópolis,Analista financeiro,50,50717568838
Henrique Nascimento Fernandes,henrique.nascimento.fernandes.29016@example.com,Caxias do Sul,Supervisor de vendas,25,64280767678
Débora Nascimento Souza,debora.nascimento.souza.29017@example.com,Cuiabá,Advogado,56,76281085856
Vitória Cardoso Barros,vitoria.cardoso.barros.29018@example.com,Manaus,Arquiteto,48,57465873537
Fernanda Barros Cardoso,fernanda.barros.cardoso.29019@example.com,Florianópolis,Motorista,22,88725176811
Daniela Freitas Gomes,daniela.freitas.gomes.29020@example.com,Maringá,Designer gráfico,70,22771590110
José Rocha Costa,jose.rocha.costa.29021@example.com,Caxias do Sul,Eletricista,66,03266653254
Bruno Carvalho Santos,bruno.carvalho.santos.29022@example.com,Manaus,Analista de marketing,39,75404263214
Henrique Lima Monteiro,henrique.lima.monteiro.29023@example.com,Cuiabá,Arquiteto,40,50272185895
Lucas Dias Ribeiro,lucas.dias.ribeiro.29024@example.com,Brasília,Auxiliar de produção,26,00189895623
Lucas Santos Teixeira,lucas.santos.teixeira.29025@example.com,Campo Grande,Professor,28,55098731190
Paulo Pereira Barros,paulo.pereira.barros.29026@example.com,Cuiabá,Chefe de compras,42,25794621973
Daniela Carvalho Freitas,daniela.carvalho.freitas.29027@example.com,Rondonópolis,Comprador,70,70829460420
Sandra Mendes Almeida,sandra.mendes.almeida.29028@example.com,Recife,Técnico em informática,53,43038081636
Sérgio Almeida Dias,sergio.almeida.dias.29029@example.com,Belém,Chefe de departamento pessoal,32,12413875616
Luana Fernandes Nascimento,luana.fernandes.nascimento.29030@example.com,Recife,Gerente de recursos humanos,28,54032730041
Bruno Fernandes Rodrigues,bruno.fernandes.rodrigues.29031@example.com,Florianópolis,Pedreiro,61,43152561704
Diego Mendes Lima,diego.mendes.lima.29032@example.com,Belém,Programador,34,47028460111
Daniela Gomes Barbosa,daniela.gomes.barbosa.29033@example.com,Niterói,Cozinheiro,18,94920337911
Rafael Souza Barbosa,rafael.souza.barbosa.29034@example.com,Belo Horizonte,Gerente de tecnologia,27,71302488243
Sérgio Carvalho Silva,sergio.carvalho.silva.29035@example.com,Campo Grande,Coordenador de produção,48,20019006476
Rafael Silva Costa,rafael.silva.costa.29036@example.com,Belo Horizonte,Coordenador administrativo,70,39993995210
Sérgio Gomes Silva,sergio.gomes.silva.29037@example.com,Florianópolis,Mecânico,30,95738355798
Carolina Costa Lima,carolina.costa.lima.29038@example.com,Rio de Janeiro,Supervisor de manutenção,54,40372459979
Lucas Cardoso Silva,lucas.cardoso.silva.29039@example.com,Joinville,Contador,19,08394672526
Carolina Ribeiro Moreira,carolina.ribeiro.moreira.29040@example.com,Rio de Janeiro,Líder de equipe,22,92975695650
Leonardo Barros Castro,leonardo.barros.castro.29041@example.com,Porto Alegre,Técnico de segurança do trabalho,51,10953462080
Aline Souza Freitas,aline.souza.freitas.29042@example.com,Natal,Gerente de tecnologia,67,89352283872
Bruno Mendes Silva,bruno.mendes.silva.29043@example.com,Santos,Vendedor,51,32786144547
Ricardo Barros Freitas,ricardo.barros.freitas.29044@example.com,Uberlândia,Estoquista,58,93810827602
Vitória Mendes Nascimento,vitoria.mendes.nascimento.29045@example.com,Niterói,Gerente de tecnologia,29,38541020205
Juliana Lima Nascimento,juliana.lima.nascimento.29046@example.com,Campinas,Enfermeiro,36,17360486948
Daniela Alves Oliveira,daniela.alves.oliveira.29047@example.com,Salvador,Supervisor de qualidade,34,98283948424
Vanessa Costa Ribeiro,vanessa.costa.ribeiro.29048@example.com,São Paulo,Chefe de almoxarifado,62,68077737662
Carolina Costa Castro,carolina.costa.castro.29049@example.com,Brasília,Analista financeiro,30,10994595632
Vinícius Alves Barbosa,vinicius.alves.barbosa.29050@example.com,Curitiba,Padeiro,24,70372909891
Letícia Teixeira Ribeiro,leticia.teixeira.ribeiro.29051@example.com,Caxias do Sul,Assistente comercial,34,91842605498
Priscila Monteiro Souza,priscila.monteiro.souza.29052@example.com,Vitória,Chefe de compras,37,09812792516
Simone Barbosa Martins,simone.barbosa.martins.29053@example.com,Belém,Gerente financeiro,62,53339968631
Henrique Barbosa Silva,henrique.barbosa.silva.29054@example.com,Caxias do Sul,Técnico em informática,30,88894852399
Otávio Barbosa Dias,otavio.barbosa.dias.29055@example.com,Londrina,Coordenador de logística,41,99000157447
Gabriela Gomes Cardoso,gabriela.gomes.cardoso.29056@example.com,Natal,Chefe de compras,57,11170422051
Vinícius Silva Teixeira,vinicius.silva.teixeira.29057@example.com,Belém,Coordenador de marketing,53,51472509011
Aline Almeida Rocha,aline.almeida.rocha.29058@example.com,Belo Horizonte,Cozinheiro,21,40915306140
João Mendes Rodrigues,joao.mendes.rodrigues.29059@example.com,Recife,Técnico em informática,25,49913057113
Camila Barros Fernandes,camila.barros.fernandes.29060@example.com,Londrina,Nutricionista,44,10659979416
Fernanda Cardoso Teixeira,fernanda.cardoso.teixeira.29061@example.com,Salvador,Encarregado de produção,35,17902239701
Carolina Costa Lima,carolina.costa.lima.29062@example.com,Rondonópolis,Engenheiro civil,21,62466200006
Vinícius Araújo Costa,vinicius.araujo.costa.29063@example.com,Recife,Gerente comercial,25,81141595662
Gabriela Teixeira Oliveira,gabriela.teixeira.oliveira.29064@example.com,Vitória,Coordenador de produção,41,51168524069
Luana Monteiro Araújo,luana.monteiro.araujo.29065@example.com,Recife,Eletricista,58,87969542806
Beatriz Fernandes Carvalho,beatriz.fernandes.carvalho.29066@example.com,Cuiabá,Gerente de tecnologia,51,54495072393
Paulo Alves Araújo,paulo.alves.araujo.29067@example.com,Londrina,Advogado,42,18830296208
Pedro Barbosa Lima,pedro.barbosa.lima.29068@example.com,Rio de Janeiro,Mecânico,47,18605322088
Letícia Barros Moreira,leticia.barros.moreira.29069@example.com,Salvador,Chefe de departamento pessoal,43,87567461939
Amanda Souza Freitas,amanda.souza.freitas.29070@example.com,Rondonópolis,Cozinheiro,52,97820586218
Sérgio Ribeiro Cardoso,sergio.ribeiro.cardoso.29071@example.com,Recife,Analista de recursos humanos,42,27092829489
Juliana Barros Monteiro,juliana.barros.monteiro.29072@example.com,Natal,Assistente administrativo,48,96066733324
Larissa Costa Moreira,larissa.costa.moreira.29073@example.com,Natal,Líder de equipe,19,71426807217
Lucas Barbosa Lima,lucas.barbosa.lima.29074@example.com,São Paulo,Assistente comercial,39,79974903656
Vitória Teixeira Monteiro,vitoria.teixeira.monteiro.29075@example.com,Curitiba,Professor,48,84552799180
Luana Castro Barros,luana.castro.barros.29076@example.com,Vitória,Fisioterapeuta,41,53993824338
Carolina Castro Carvalho,carolina.castro.carvalho.29077@example.com,Campinas,Analista de recursos humanos,23,08603146915
Luana Silva Castro,luana.silva.castro.29078@example.com,Brasília,Encarregado de produção,47,21320570953
Pedro Oliveira Freitas,pedro.oliveira.freitas.29079@example.com,Joinville,Supervisor de atendimento,41,44925584703
Sandra Santos Teixeira,sandra.santos.teixeira.29080@example.com,Porto Alegre,Coordenador de produção,18,92982938229
Vinícius Santos Barbosa,vinicius.santos.barbosa.29081@example.com,Sorocaba,Estoquista,56,61597363509
Marcelo Fernandes Costa,marcelo.fernandes.costa.29082@example.com,Campo Grande,Comprador,36,27931812073
Paulo Barros Cardoso,paulo.barros.cardoso.29083@example.com,Curitiba,Encarregado de produção,39,80733413664
Aline Lima Santos,aline.lima.santos.29084@example.com,Campinas,Nutricionista,64,63050013105
Simone Ribeiro Pereira,simone.ribeiro.pereira.29085@example.com,São Paulo,Chefe de compras,40,96247115680
Nicolas Cardoso Carvalho,nicolas.cardoso.carvalho.29086@example.com,Campinas,Motorista,47,24356994071
Patrícia Oliveira Pereira,patricia.oliveira.pereira.29087@example.com,Joinville,Cozinheiro,69,71022611613
Sandra Cardoso Rodrigues,sandra.cardoso.rodrigues.29088@example.com,Brasília,Advogado,27,39853336928
Tatiane Pereira Araújo,tatiane.pereira.araujo.29089@example.com,Santos,Professor,59,03179232223
Leonardo Cardoso Dias,leonardo.cardoso.dias.29090@example.com,Salvador,Contador,20,62782015434
Vitória Freitas Oliveira,vitoria.freitas.oliveira.29091@example.com,Campinas,Coordenador de produção,30,80996203027
Patrícia Carvalho Cardoso,patricia.carvalho.cardoso.29092@example.com,Curitiba,Supervisor de vendas,25,74213813440
Gabriela Costa Alves,gabriela.costa.alves.29093@example.com,Londrina,Coordenador de produção,52,80530315313
João Castro Castro,joao.castro.castro.29094@example.com,São Paulo,Designer gráfico,35,76502088850
Letícia Rocha Silva,leticia.rocha.silva.29095@example.com,Joinville,Pedreiro,28,23517333812
Renata Araújo Almeida,renata.araujo.almeida.29096@example.com,Rio de Janeiro,Professor,48,19255788364
Carlos Lima Mendes,carlos.lima.mendes.29097@example.com,Curitiba,Vendedor,54,23102179790
Otávio Cardoso Moreira,otavio.cardoso.moreira.29098@example.com,Vitória,Assistente comercial,64,91532902459
José Monteiro Barbosa,jose.monteiro.barbosa.29099@example.com,Curitiba,Líder de equipe,42,62593986110
Renata Oliveira Moreira,renata.oliveira.moreira.29100@example.com,Santos,Técnico de enfermagem,20,39194025156
Priscila Rocha Santos,priscila.rocha.santos.29101@example.com,Campo Grande,Gerente de tecnologia,64,39001516176
Camila Nascimento Martins,camila.nascimento.martins.29102@example.com,Joinville,Vendedor,39,74706810792
Vitória Ribeiro Nascimento,vitoria.ribeiro.nascimento.29103@example.com,Belém,Líder de equipe,50,49671746485
Diego Costa Almeida,diego.costa.almeida.29104@example.com,Rio de Janeiro,Gerente de operações,59,24116323966
Carlos Pereira Alves,carlos.pereira.alves.29105@example.com,Caxias do Sul,Farmacêutico,24,48104255489
Aline Costa Lima,aline.costa.lima.29106@example.com,Vitória,Contador,31,70220937995
Thiago Castro Oliveira,thiago.castro.oliveira.29107@example.com,Sorocaba,Assistente administrativo,32,05894040488
Igor Costa Fernandes,igor.costa.fernandes.29108@example.com,Rio de Janeiro,Farmacêutico,54,75368224613
Beatriz Carvalho Freitas,beatriz.carvalho.freitas.29109@example.com,Londrina,Diretor comercial,26,88669220030
Tatiane Araújo Silva,tatiane.araujo.silva.29110@example.com,Sorocaba,Advogado,41,47983687840
Ricardo Mendes Costa,ricardo.mendes.costa.29111@example.com,Curitiba,Operador de caixa,38,55896234085
Eduardo Pereira Araújo,eduardo.pereira.araujo.29112@example.com,Caxias do Sul,Nutricionista,59,02286509733
Gustavo Barbosa Martins,gustavo.barbosa.martins.29113@example.com,Recife,Jornalista,51,49305032266
Gabriel Rocha Moreira,gabriel.rocha.moreira.29114@example.com,Natal,Farmacêutico,31,96394934056
Eduardo Rodrigues Carvalho,eduardo.rodrigues.carvalho.29115@example.com,Santos,Assistente administrativo,63,53432720249
Carolina Nascimento Martins,carolina.nascimento.martins.29116@example.com,Santos,Estoquista,61,98958540158
Pedro Mendes Freitas,pedro.mendes.freitas.29117@example.com,Maringá,Analista de dados,51,04756428497
Sérgio Rodrigues Souza,sergio.rodrigues.souza.29118@example.com,Caxias do Sul,Contador,69,57711687656
Eduardo Almeida Souza,eduardo.almeida.souza.29119@example.com,Manaus,Farmacêutico,21,00011478857
Nicolas Mendes Castro,nicolas.mendes.castro.29120@example.com,São Paulo,Designer gráfico,36,17659233464
Simone Pereira Santos,simone.pereira.santos.29121@example.com,Curitiba,Diretor de operações,33,74453015461
Felipe Oliveira Souza,felipe.oliveira.souza.29122@example.com,Cuiabá,Padeiro,34,26029204119
Sandra Silva Barros,sandra.silva.barros.29123@example.com,Porto Alegre,Técnico em informática,59,07501314525
Beatriz Mendes Martins,beatriz.mendes.martins.29124@example.com,Londrina,Técnico de enfermagem,28,55664340283
Lucas Barbosa Almeida,lucas.barbosa.almeida.29125@example.com,Uberlândia,Analista de dados,32,50940261877
Simone Oliveira Lima,simone.oliveira.lima.29126@example.com,Rio de Janeiro,Designer gráfico,58,58090538115
Renata Teixeira Martins,renata.teixeira.martins.29127@example.com,Joinville,Corretor de imóveis,28,48944033522
Gabriela Araújo Castro,gabriela.araujo.castro.29128@example.com,São Paulo,Coordenador administrativo,25,02896526935
Fernanda Dias Santos,fernanda.dias.santos.29129@example.com,Goiânia,Coordenador de logística,61,00293447496
Priscila Teixeira Teixeira,priscila.teixeira.teixeira.29130@example.com,Goiânia,Estoquista,42,16411440253
Larissa Oliveira Ribeiro,larissa.oliveira.ribeiro.29131@example.com,Florianópolis,Advogado,33,16766115187
Aline Alves Gomes,aline.alves.gomes.29132@example.com,Fortaleza,Analista de marketing,39,48689263328
Daniela Fernandes Freitas,daniela.fernandes.freitas.29133@example.com,Campinas,Atendente,41,24134439186
Igor Costa Almeida,igor.costa.almeida.29134@example.com,Brasília,Encarregado de produção,45,81766323351
Rafael Rocha Rodrigues,rafael.rocha.rodrigues.29135@example.com,Brasília,Coordenador administrativo,70,08890014915
Ana Almeida Gomes,ana.almeida.gomes.29136@example.com,Manaus,Farmacêutico,29,45544579352
Henrique Almeida Moreira,henrique.almeida.moreira.29137@example.com,Dourados,Gerente comercial,47,91112270927
Nicolas Ribeiro Carvalho,nicolas.ribeiro.carvalho.29138@example.com,São Paulo,Estoquista,64,28716616752
José Souza Lima,jose.souza.lima.29139@example.com,Caxias do Sul,Analista de recursos humanos,55,90519906088
Eduardo Fernandes Silva,eduardo.fernandes.silva.29140@example.com,Londrina,Analista de marketing,49,41463067733
Simone Lima Souza,simone.lima.souza.29141@example.com,Porto Alegre,Contador,68,59926875962
Sérgio Pereira Silva,sergio.pereira.silva.29142@example.com,Campinas,Recepcionista,47,55235219081
Carlos Fernandes Almeida,carlos.fernandes.almeida.29143@example.com,São Paulo,Professor,20,39104631013
Larissa Rocha Moreira,larissa.rocha.moreira.29144@example.com,Rondonópolis,Comprador,20,52738186193
Gabriela Pereira Lima,gabriela.pereira.lima.29145@example.com,Santos,Supervisor de vendas,52,39723458542
Paulo Ribeiro Santos,paulo.ribeiro.santos.29146@example.com,Goiânia,Assistente comercial,38,03758016605
Henrique Alves Carvalho,henrique.alves.carvalho.29147@example.com,Joinville,Técnico de enfermagem,40,20319683852
Fernanda Barros Alves,fernanda.barros.alves.29148@example.com,Joinville,Corretor de imóveis,47,67365868908
Vanessa Gomes Rocha,vanessa.gomes.rocha.29149@example.com,Uberlândia,Gerente comercial,36,82670889849
Henrique Monteiro Barros,henrique.monteiro.barros.29150@example.com,Joinville,Enfermeiro,23,99301202044
Gustavo Ribeiro Mendes,gustavo.ribeiro.mendes.29151@example.com,Cuiabá,Corretor de imóveis,44,34379887727
Marcelo Dias Gomes,marcelo.dias.gomes.29152@example.com,Campinas,Farmacêutico,30,94779653205
Marcelo Teixeira Cardoso,marcelo.teixeira.cardoso.29153@example.com,Rio de Janeiro,Fisioterapeuta,69,85583075085
Vinícius Santos Castro,vinicius.santos.castro.29154@example.com,Vitória,Analista financeiro,56,31887417174
Felipe Almeida Monteiro,felipe.almeida.monteiro.29155@example.com,Belém,Chefe de almoxarifado,48,14841558528
Leonardo Gomes Nascimento,leonardo.gomes.nascimento.29156@example.com,Rio de Janeiro,Analista financeiro,55,50533245618
Priscila Silva Dias,priscila.silva.dias.29157@example.com,Joinville,Mecânico,22,52522101701
Beatriz Costa Gomes,beatriz.costa.gomes.29158@example.com,Manaus,Advogado,65,83499272641
Gabriela Mendes Cardoso,gabriela.mendes.cardoso.29159@example.com,Manaus,Técnico de segurança do trabalho,25,66250965599
Daniela Alves Rocha,daniela.alves.rocha.29160@example.com,Belém,Gerente comercial,52,78426128666
Larissa Mendes Barbosa,larissa.mendes.barbosa.29161@example.com,Belém,Analista de recursos humanos,24,31503886043
Igor Dias Araújo,igor.dias.araujo.29162@example.com,Joinville,Coordenador de logística,40,35089830363
Thiago Araújo Oliveira,thiago.araujo.oliveira.29163@example.com,Fortaleza,Coordenador de logística,43,49144631525
João Carvalho Nascimento,joao.carvalho.nascimento.29164@example.com,Salvador,Diretor comercial,23,71629177571
Daniela Castro Castro,daniela.castro.castro.29165@example.com,Curitiba,Chefe de compras,24,80886729508
Sandra Castro Barbosa,sandra.castro.barbosa.29166@example.com,Niterói,Professor,34,50053354066
Fernanda Oliveira Alves,fernanda.oliveira.alves.29167@example.com,Campinas,Chefe de compras,31,79990495559
Mariana Barros Costa,mariana.barros.costa.29168@example.com,Brasília,Eletricista,43,55068857198
Igor Freitas Silva,igor.freitas.silva.29169@example.com,Dourados,Farmacêutico,58,06636513167
Camila Teixeira Rocha,camila.teixeira.rocha.29170@example.com,Brasília,Padeiro,54,83477641170
Patrícia Silva Oliveira,patricia.silva.oliveira.29171@example.com,Rondonópolis,Analista de dados,45,68257058169
Nicolas Castro Barbosa,nicolas.castro.barbosa.29172@example.com,Dourados,Gerente de tecnologia,36,74041925439
Amanda Cardoso Ribeiro,amanda.cardoso.ribeiro.29173@example.com,São Paulo,Engenheiro civil,19,61157803286
Mariana Souza Mendes,mariana.souza.mendes.29174@example.com,Porto Alegre,Contador,68,44393211831
Vinícius Lima Lima,vinicius.lima.lima.29175@example.com,Cuiabá,Analista financeiro,45,85671431632
Priscila Carvalho Gomes,priscila.carvalho.gomes.29176@example.com,Goiânia,Supervisor de atendimento,49,30136698088
João Costa Souza,joao.costa.souza.29177@example.com,Londrina,Chefe de departamento pessoal,64,51785089377
Lucas Rocha Carvalho,lucas.rocha.carvalho.29178@example.com,Brasília,Vendedor,26,78131842534
Carlos Teixeira Santos,carlos.teixeira.santos.29179@example.com,Recife,Fisioterapeuta,56,77860477248
Gustavo Pereira Silva,gustavo.pereira.silva.29180@example.com,Fortaleza,Designer gráfico,55,84773449889
Daniela Dias Lima,daniela.dias.lima.29181@example.com,Campinas,Técnico de segurança do trabalho,28,03711192916
Lucas Lima Oliveira,lucas.lima.oliveira.29182@example.com,Uberlândia,Operador de caixa,34,04775621253
Paulo Barbosa Oliveira,paulo.barbosa.oliveira.29183@example.com,Joinville,Advogado,70,86148570593
Beatriz Araújo Freitas,beatriz.araujo.freitas.29184@example.com,Recife,Advogado,50,54645696485
Letícia Carvalho Carvalho,leticia.carvalho.carvalho.29185@example.com,Rondonópolis,Gerente de recursos humanos,19,36441115964
Eduardo Carvalho Araújo,eduardo.carvalho.araujo.29186@example.com,Uberlândia,Recepcionista,49,28928716463
Luana Pereira Nascimento,luana.pereira.nascimento.29187@example.com,Natal,Enfermeiro,56,86286851755
Otávio Carvalho Nascimento,otavio.carvalho.nascimento.29188@example.com,Fortaleza,Mecânico,18,65902501191
Henrique Barbosa Nascimento,henrique.barbosa.nascimento.29189@example.com,Campinas,Professor,18,79962624670
Priscila Barros Teixeira,priscila.barros.teixeira.29190@example.com,Rondonópolis,Analista financeiro,49,51448546629
Patrícia Monteiro Cardoso,patricia.monteiro.cardoso.29191@example.com,Niterói,Professor,29,21206734716
Igor Barbosa Moreira,igor.barbosa.moreira.29192@example.com,Florianópolis,Pedreiro,37,86054547185
Carolina Almeida Oliveira,carolina.almeida.oliveira.29193@example.com,Belo Horizonte,Vendedor,20,75983810100
Débora Monteiro Rodrigues,debora.monteiro.rodrigues.29194@example.com,Manaus,Estoquista,20,73412779374
Mariana Oliveira Moreira,mariana.oliveira.moreira.29195@example.com,Porto Alegre,Chefe de almoxarifado,68,35422836237
Letícia Santos Souza,leticia.santos.souza.29196@example.com,Caxias do Sul,Analista de dados,41,71300027023
Rafael Araújo Alves,rafael.araujo.alves.29197@example.com,Sorocaba,Coordenador de produção,58,15489337365
Gabriel Oliveira Ribeiro,gabriel.oliveira.ribeiro.29198@example.com,Porto Alegre,Motorista,20,26826375427
Thiago Martins Santos,thiago.martins.santos.29199@example.com,Dourados,Operador de caixa,51,51531873774
Carolina Fernandes Souza,carolina.fernandes.souza.29200@example.com,Natal,Técnico de segurança do trabalho,26,43442953685
Carlos Teixeira Araújo,carlos.teixeira.araujo.29201@example.com,São Paulo,Chefe de compras,36,13657258408
Mariana Ribeiro Silva,mariana.ribeiro.silva.29202@example.com,Uberlândia,Coordenador administrativo,29,88882509506
Diego Rocha Costa,diego.rocha.costa.29203@example.com,Rio de Janeiro,Coordenador de produção,65,95386155767
Amanda Martins Freitas,amanda.martins.freitas.29204@example.com,Fortaleza,Analista de recursos humanos,34,97769008024
Paulo Oliveira Carvalho,paulo.oliveira.carvalho.29205@example.com,Natal,Chefe de departamento pessoal,53,88634673383
Carolina Fernandes Souza,carolina.fernandes.souza.29206@example.com,Fortaleza,Coordenador de produção,39,41846364094
Otávio Carvalho Ribeiro,otavio.carvalho.ribeiro.29207@example.com,Vitória,Gerente financeiro,54,87314859991
Gabriela Alves Santos,gabriela.alves.santos.29208@example.com,Brasília,Assistente administrativo,51,85736688959
Otávio Santos Rocha,otavio.santos.rocha.29209@example.com,Salvador,Corretor de imóveis,27,15594537266
Carolina Dias Barros,carolina.dias.barros.29210@example.com,Goiânia,Programador,51,20706784878
Felipe Gomes Fernandes,felipe.gomes.fernandes.29211@example.com,Santos,Jornalista,24,22333065730
Mariana Lima Freitas,mariana.lima.freitas.29212@example.com,Cuiabá,Gerente comercial,50,79711384324
Renata Carvalho Santos,renata.carvalho.santos.29213@example.com,São Paulo,Supervisor de vendas,37,95667614906
Luana Santos Mendes,luana.santos.mendes.29214@example.com,Londrina,Assistente comercial,44,23737376497
Lucas Oliveira Monteiro,lucas.oliveira.monteiro.29215@example.com,Belo Horizonte,Programador,54,20618330248
Débora Silva Teixeira,debora.silva.teixeira.29216@example.com,Vitória,Coordenador de logística,63,35464189719
Leonardo Oliveira Rodrigues,leonardo.oliveira.rodrigues.29217@example.com,Natal,Encarregado de produção,23,29518944865
Aline Gomes Alves,aline.gomes.alves.29218@example.com,Brasília,Eletricista,47,19390950020
Letícia Cardoso Ribeiro,leticia.cardoso.ribeiro.29219@example.com,Natal,Comprador,40,40951028910
Pedro Moreira Moreira,pedro.moreira.moreira.29220@example.com,Dourados,Coordenador de marketing,27,86669444006
Vitória Araújo Gomes,vitoria.araujo.gomes.29221@example.com,Maringá,Contador,50,16231654329
Nicolas Dias Souza,nicolas.dias.souza.29222@example.com,Vitória,Auxiliar de produção,61,67211968271
Rafael Barbosa Araújo,rafael.barbosa.araujo.29223@example.com,Brasília,Técnico em informática,29,01957246577
Letícia Gomes Barbosa,leticia.gomes.barbosa.29224@example.com,Campinas,Engenheiro civil,24,87887245564
Patrícia Mendes Fernandes,patricia.mendes.fernandes.29225@example.com,Niterói,Coordenador administrativo,64,32370036978
Aline Gomes Rodrigues,aline.gomes.rodrigues.29226@example.com,Vitória,Engenheiro civil,35,52674679404
Pedro Almeida Teixeira,pedro.almeida.teixeira.29227@example.com,Vitória,Advogado,57,78021749467
Beatriz Silva Souza,beatriz.silva.souza.29228@example.com,Sorocaba,Motorista,37,14603470364
João Rocha Fernandes,joao.rocha.fernandes.29229@example.com,Niterói,Supervisor de vendas,36,47295381856
Diego Oliveira Ribeiro,diego.oliveira.ribeiro.29230@example.com,Rio de Janeiro,Estoquista,33,68796867481
Leonardo Lima Oliveira,leonardo.lima.oliveira.29231@example.com,Goiânia,Auxiliar de produção,34,74340665205
Pedro Santos Dias,pedro.santos.dias.29232@example.com,Londrina,Analista de dados,69,13849978887
Gustavo Silva Araújo,gustavo.silva.araujo.29233@example.com,São Paulo,Coordenador de marketing,54,05876692551
Marcelo Carvalho Mendes,marcelo.carvalho.mendes.29234@example.com,Fortaleza,Recepcionista,50,28922581798
Marcelo Barbosa Santos,marcelo.barbosa.santos.29235@example.com,São Paulo,Padeiro,31,31104063420
Ricardo Santos Lima,ricardo.santos.lima.29236@example.com,Niterói,Nutricionista,60,89757221293
Carolina Moreira Pereira,carolina.moreira.pereira.29237@example.com,Dourados,Estoquista,37,74839318640
Mariana Moreira Cardoso,mariana.moreira.cardoso.29238@example.com,Salvador,Líder de equipe,41,82214175219
Vinícius Mendes Pereira,vinicius.mendes.pereira.29239@example.com,Salvador,Líder de equipe,59,76842250531
Gustavo Almeida Castro,gustavo.almeida.castro.29240@example.com,Rondonópolis,Auxiliar de produção,25,22956458267
Diego Castro Costa,diego.castro.costa.29241@example.com,Caxias do Sul,Estoquista,45,12684562192
Fernanda Carvalho Mendes,fernanda.carvalho.mendes.29242@example.com,Uberlândia,Analista financeiro,43,48991612698
Larissa Nascimento Castro,larissa.nascimento.castro.29243@example.com,Belém,Comprador,59,58587750696
Beatriz Barbosa Araújo,beatriz.barbosa.araujo.29244@example.com,Belém,Gerente comercial,46,27701634135
Gabriel Oliveira Moreira,gabriel.oliveira.moreira.29245@example.com,Sorocaba,Advogado,60,32241968061
Larissa Monteiro Silva,larissa.monteiro.silva.29246@example.com,Caxias do Sul,Cozinheiro,18,92920634326
Juliana Barros Costa,juliana.barros.costa.29247@example.com,Salvador,Assistente comercial,18,78454392478
Lucas Moreira Fernandes,lucas.moreira.fernandes.29248@example.com,Sorocaba,Comprador,49,31218989025
Pedro Santos Lima,pedro.santos.lima.29249@example.com,Vitória,Gerente financeiro,49,09387831493
Daniela Monteiro Mendes,daniela.monteiro.mendes.29250@example.com,Vitória,Técnico em informática,23,00937926894
José Barros Almeida,jose.barros.almeida.29251@example.com,Cuiabá,Coordenador de produção,58,07337914092
Carlos Almeida Mendes,carlos.almeida.mendes.29252@example.com,Rio de Janeiro,Operador de caixa,41,43735755068
João Nascimento Freitas,joao.nascimento.freitas.29253@example.com,Sorocaba,Contador,65,98252759351
Marcelo Dias Castro,marcelo.dias.castro.29254@example.com,Joinville,Encarregado de produção,57,37243870363
Thiago Fernandes Monteiro,thiago.fernandes.monteiro.29255@example.com,Caxias do Sul,Chefe de compras,66,61443292405
Eduardo Costa Ribeiro,eduardo.costa.ribeiro.29256@example.com,Salvador,Vendedor,34,80617601268
Camila Pereira Oliveira,camila.pereira.oliveira.29257@example.com,Fortaleza,Estoquista,23,82659109873
Leonardo Oliveira Santos,leonardo.oliveira.santos.29258@example.com,Londrina,Fisioterapeuta,34,77590523618
Débora Castro Lima,debora.castro.lima.29259@example.com,Goiânia,Coordenador de produção,23,54815669389
Nicolas Souza Santos,nicolas.souza.santos.29260@example.com,Rondonópolis,Estoquista,27,16597303748
Vitória Silva Barbosa,vitoria.silva.barbosa.29261@example.com,Belém,Assistente administrativo,67,43172478190
Débora Lima Araújo,debora.lima.araujo.29262@example.com,Santos,Corretor de imóveis,20,05139919582
Carolina Carvalho Souza,carolina.carvalho.souza.29263@example.com,Recife,Supervisor de manutenção,57,26587365174
Letícia Martins Monteiro,leticia.martins.monteiro.29264@example.com,Londrina,Mecânico,46,84655943150
Otávio Araújo Cardoso,otavio.araujo.cardoso.29265@example.com,Curitiba,Operador de caixa,48,17575317641
Sandra Fernandes Oliveira,sandra.fernandes.oliveira.29266@example.com,Niterói,Cozinheiro,45,57337494632
Sérgio Oliveira Souza,sergio.oliveira.souza.29267@example.com,Campinas,Analista de recursos humanos,64,02068166519
Daniela Dias Barbosa,daniela.dias.barbosa.29268@example.com,Florianópolis,Supervisor de manutenção,54,80773823829
José Silva Alves,jose.silva.alves.29269@example.com,Curitiba,Assistente comercial,20,11175553126
Larissa Moreira Monteiro,larissa.moreira.monteiro.29270@example.com,Florianópolis,Analista de dados,51,58734774561
Pedro Rocha Gomes,pedro.rocha.gomes.29271@example.com,Cuiabá,Gerente financeiro,70,62873104208
Sandra Monteiro Carvalho,sandra.monteiro.carvalho.29272@example.com,Niterói,Advogado,19,88326068179
Luana Monteiro Rodrigues,luana.monteiro.rodrigues.29273@example.com,Maringá,Enfermeiro,30,63743073832
Bruno Oliveira Costa,bruno.oliveira.costa.29274@example.com,Porto Alegre,Estoquista,20,96756289818
Thiago Carvalho Gomes,thiago.carvalho.gomes.29275@example.com,Curitiba,Recepcionista,36,15078760953
Débora Gomes Barbosa,debora.gomes.barbosa.29276@example.com,Fortaleza,Motorista,63,54615638685
Otávio Martins Nascimento,otavio.martins.nascimento.29277@example.com,Goiânia,Gerente de tecnologia,34,61088831611
Thiago Santos Costa,thiago.santos.costa.29278@example.com,Porto Alegre,Coordenador de produção,47,37467824785
Beatriz Oliveira Cardoso,beatriz.oliveira.cardoso.29279@example.com,Joinville,Nutricionista,52,61828199800
Vinícius Carvalho Freitas,vinicius.carvalho.freitas.29280@example.com,Maringá,Supervisor de atendimento,44,13260969221
Eduardo Mendes Alves,eduardo.mendes.alves.29281@example.com,Belém,Programador,45,47564176713
Vanessa Pereira Cardoso,vanessa.pereira.cardoso.29282@example.com,Santos,Assistente comercial,19,16066101599
Leonardo Rocha Monteiro,leonardo.rocha.monteiro.29283@example.com,Rio de Janeiro,Farmacêutico,36,18438154670
Patrícia Rodrigues Martins,patricia.rodrigues.martins.29284@example.com,Salvador,Coordenador de logística,20,85488040794
João Dias Silva,joao.dias.silva.29285@example.com,Porto Alegre,Advogado,38,03782353423
Simone Martins Mendes,simone.martins.mendes.29286@example.com,Brasília,Gerente de operações,49,67929662392
Simone Santos Gomes,simone.santos.gomes.29287@example.com,Cuiabá,Analista de marketing,63,65236628827
Luana Castro Silva,luana.castro.silva.29288@example.com,Campo Grande,Gerente financeiro,34,65764877066
Juliana Carvalho Lima,juliana.carvalho.lima.29289@example.com,Natal,Padeiro,70,15239236706
Thiago Ribeiro Silva,thiago.ribeiro.silva.29290@example.com,Vitória,Pedreiro,25,48698638610
Simone Teixeira Almeida,simone.teixeira.almeida.29291@example.com,Campo Grande,Supervisor de manutenção,38,09769050237
Priscila Ribeiro Barros,priscila.ribeiro.barros.29292@example.com,Goiânia,Jornalista,20,85862148653
Amanda Santos Castro,amanda.santos.castro.29293@example.com,Maringá,Analista financeiro,44,71811278769
Otávio Mendes Castro,otavio.mendes.castro.29294@example.com,Belo Horizonte,Corretor de imóveis,43,48574716510
Camila Fernandes Araújo,camila.fernandes.araujo.29295@example.com,Sorocaba,Gerente de recursos humanos,56,17490168045
Ricardo Freitas Teixeira,ricardo.freitas.teixeira.29296@example.com,Rondonópolis,Gerente de operações,55,05543136407
Eduardo Gomes Nascimento,eduardo.gomes.nascimento.29297@example.com,Belo Horizonte,Supervisor de atendimento,49,03329656368
Marcelo Freitas Alves,marcelo.freitas.alves.29298@example.com,Joinville,Cozinheiro,23,15230639094
Simone Almeida Pereira,simone.almeida.pereira.29299@example.com,Belém,Farmacêutico,27,01990645754
Aline Rocha Rocha,aline.rocha.rocha.29300@example.com,Londrina,Diretor de operações,49,56516447983
Otávio Rocha Nascimento,otavio.rocha.nascimento.29301@example.com,Belo Horizonte,Encarregado de produção,60,19109540515
Ricardo Silva Martins,ricardo.silva.martins.29302@example.com,Florianópolis,Gerente de tecnologia,40,36407298110
Renata Barros Monteiro,renata.barros.monteiro.29303@example.com,Rio de Janeiro,Assistente administrativo,45,22814196830
Vinícius Rodrigues Monteiro,vinicius.rodrigues.monteiro.29304@example.com,Uberlândia,Analista financeiro,42,00768340640
Marcelo Cardoso Rocha,marcelo.cardoso.rocha.29305@example.com,Curitiba,Gerente de operações,50,91830538189
Ricardo Almeida Araújo,ricardo.almeida.araujo.29306@example.com,Manaus,Coordenador de marketing,55,50175795543
Diego Oliveira Carvalho,diego.oliveira.carvalho.29307@example.com,Campo Grande,Designer gráfico,18,19829436020
Henrique Ribeiro Castro,henrique.ribeiro.castro.29308@example.com,Niterói,Encarregado de produção,48,38290919800
Sérgio Pereira Fernandes,sergio.pereira.fernandes.29309@example.com,Belém,Programador,49,29265158437
Pedro Souza Souza,pedro.souza.souza.29310@example.com,Rio de Janeiro,Vendedor,33,70020326991
Diego Almeida Mendes,diego.almeida.mendes.29311@example.com,Natal,Supervisor de vendas,40,87983380007
Larissa Mendes Santos,larissa.mendes.santos.29312@example.com,Joinville,Recepcionista,58,90273284539
Renata Fernandes Cardoso,renata.fernandes.cardoso.29313@example.com,Manaus,Técnico em informática,65,68322889296
Vinícius Monteiro Araújo,vinicius.monteiro.araujo.29314@example.com,Cuiabá,Coordenador administrativo,22,37437138740
Renata Mendes Fernandes,renata.mendes.fernandes.29315@example.com,Dourados,Técnico em informática,25,82274465058
Amanda Alves Mendes,amanda.alves.mendes.29316@example.com,Campo Grande,Advogado,64,83050788684
Letícia Monteiro Monteiro,leticia.monteiro.monteiro.29317@example.com,Sorocaba,Gerente de tecnologia,66,64365207290
Simone Nascimento Rocha,simone.nascimento.rocha.29318@example.com,Campo Grande,Assistente comercial,65,05684334742
Renata Oliveira Nascimento,renata.oliveira.nascimento.29319@example.com,Londrina,Professor,42,63609098463
Patrícia Mendes Mendes,patricia.mendes.mendes.29320@example.com,Rio de Janeiro,Chefe de departamento pessoal,26,97615733295
Luana Silva Barros,luana.silva.barros.29321@example.com,Rondonópolis,Assistente comercial,38,81201311409
Vitória Oliveira Lima,vitoria.oliveira.lima.29322@example.com,Cuiabá,Analista de marketing,25,08402354344
Carolina Lima Silva,carolina.lima.silva.29323@example.com,Salvador,Engenheiro civil,63,66581999738
Lucas Mendes Rodrigues,lucas.mendes.rodrigues.29324@example.com,Joinville,Gerente financeiro,46,04041963634
Bruno Moreira Araújo,bruno.moreira.araujo.29325@example.com,Rondonópolis,Técnico de enfermagem,39,61274674284
Beatriz Silva Lima,beatriz.silva.lima.29326@example.com,Niterói,Advogado,32,16965203186
Luana Almeida Martins,luana.almeida.martins.29327@example.com,Natal,Líder de equipe,45,17297237827
Luana Rocha Mendes,luana.rocha.mendes.29328@example.com,Porto Alegre,Diretor comercial,52,04745483913
Marcelo Dias Alves,marcelo.dias.alves.29329@example.com,Santos,Assistente administrativo,65,33613276671
Ricardo Mendes Monteiro,ricardo.mendes.monteiro.29330@example.com,Sorocaba,Advogado,37,38827303267
Felipe Oliveira Castro,felipe.oliveira.castro.29331@example.com,Recife,Gerente de tecnologia,70,81582817553
Gabriel Ribeiro Dias,gabriel.ribeiro.dias.29332@example.com,Salvador,Operador de caixa,64,45025644662
Sandra Castro Barros,sandra.castro.barros.29333@example.com,Cuiabá,Engenheiro civil,42,82571049791
Daniela Dias Cardoso,daniela.dias.cardoso.29334@example.com,Cuiabá,Técnico em informática,67,75021044547
Pedro Alves Mendes,pedro.alves.mendes.29335@example.com,Santos,Chefe de departamento pessoal,56,43337482257
Gabriela Carvalho Barros,gabriela.carvalho.barros.29336@example.com,Salvador,Chefe de almoxarifado,25,42621061694
Renata Cardoso Rocha,renata.cardoso.rocha.29337@example.com,Santos,Enfermeiro,48,28771997227
Igor Mendes Oliveira,igor.mendes.oliveira.29338@example.com,Niterói,Coordenador de logística,31,23933676762
Renata Freitas Costa,renata.freitas.costa.29339@example.com,Curitiba,Enfermeiro,22,58824912287
José Pereira Alves,jose.pereira.alves.29340@example.com,Belém,Analista financeiro,66,67971082347
Nicolas Mendes Martins,nicolas.mendes.martins.29341@example.com,Dourados,Chefe de departamento pessoal,59,74336938812
Priscila Cardoso Barros,priscila.cardoso.barros.29342@example.com,Natal,Auxiliar de produção,28,06332429175
Renata Martins Rocha,renata.martins.rocha.29343@example.com,Sorocaba,Contador,52,18097249103
João Carvalho Monteiro,joao.carvalho.monteiro.29344@example.com,Belém,Diretor de operações,62,60440660658
Thiago Monteiro Santos,thiago.monteiro.santos.29345@example.com,Vitória,Diretor de operações,22,53089748427
Sérgio Rocha Dias,sergio.rocha.dias.29346@example.com,Caxias do Sul,Auxiliar de produção,35,35362675289
Paulo Gomes Almeida,paulo.gomes.almeida.29347@example.com,Florianópolis,Diretor de operações,69,52628571109
Juliana Martins Santos,juliana.martins.santos.29348@example.com,Niterói,Gerente de tecnologia,37,14318156640
Simone Barros Nascimento,simone.barros.nascimento.29349@example.com,Campo Grande,Supervisor de atendimento,65,47855731690
Bruno Oliveira Barros,bruno.oliveira.barros.29350@example.com,Fortaleza,Líder de equipe,21,76078711300
Fernanda Teixeira Teixeira,fernanda.teixeira.teixeira.29351@example.com,Porto Alegre,Fisioterapeuta,46,68037534711
Carlos Lima Santos,carlos.lima.santos.29352@example.com,Maringá,Gerente de tecnologia,36,01798379394
Letícia Barros Rocha,leticia.barros.rocha.29353@example.com,Porto Alegre,Gerente de recursos humanos,60,87152230830
Gabriel Souza Souza,gabriel.souza.souza.29354@example.com,Campinas,Supervisor de atendimento,46,86941525690
Juliana Rodrigues Freitas,juliana.rodrigues.freitas.29355@example.com,Manaus,Supervisor de vendas,64,22844837685
Beatriz Gomes Santos,beatriz.gomes.santos.29356@example.com,Campo Grande,Padeiro,25,61489089676
Igor Costa Teixeira,igor.costa.teixeira.29357@example.com,Santos,Auxiliar de produção,28,11998770944
Paulo Barros Araújo,paulo.barros.araujo.29358@example.com,Curitiba,Padeiro,64,14441166710
Marcelo Rocha Cardoso,marcelo.rocha.cardoso.29359@example.com,Santos,Técnico de enfermagem,31,59288661278
Tatiane Araújo Alves,tatiane.araujo.alves.29360@example.com,Niterói,Supervisor de manutenção,52,34822053237
Thiago Castro Oliveira,thiago.castro.oliveira.29361@example.com,Belém,Pedreiro,56,49721526385
Henrique Rocha Lima,henrique.rocha.lima.29362@example.com,Belo Horizonte,Arquiteto,36,06968169229
Igor Gomes Freitas,igor.gomes.freitas.29363@example.com,Niterói,Advogado,66,36047737353
Renata Nascimento Freitas,renata.nascimento.freitas.29364@example.com,Florianópolis,Padeiro,34,20809630589
Vinícius Teixeira Araújo,vinicius.teixeira.araujo.29365@example.com,Belém,Coordenador de produção,35,62934909410
Paulo Costa Martins,paulo.costa.martins.29366@example.com,Manaus,Cozinheiro,23,90107889297
Nicolas Nascimento Nascimento,nicolas.nascimento.nascimento.29367@example.com,Joinville,Coordenador de produção,46,70432332000
Bruno Barros Mendes,bruno.barros.mendes.29368@example.com,Campo Grande,Líder de equipe,25,40577693599
Vinícius Fernandes Santos,vinicius.fernandes.santos.29369@example.com,São Paulo,Técnico em informática,22,84467555707
Marcelo Barbosa Rodrigues,marcelo.barbosa.rodrigues.29370@example.com,Niterói,Professor,62,12844286484
Priscila Rocha Moreira,priscila.rocha.moreira.29371@example.com,Curitiba,Estoquista,25,74001601163
Sandra Mendes Rodrigues,sandra.mendes.rodrigues.29372@example.com,Belo Horizonte,Supervisor de qualidade,30,18689410403
Carolina Souza Moreira,carolina.souza.moreira.29373@example.com,Vitória,Supervisor de qualidade,24,87833399666
Vitória Carvalho Moreira,vitoria.carvalho.moreira.29374@example.com,Sorocaba,Supervisor de qualidade,67,08698834928
Pedro Almeida Castro,pedro.almeida.castro.29375@example.com,Rio de Janeiro,Técnico em informática,35,96409533016
Tatiane Nascimento Alves,tatiane.nascimento.alves.29376@example.com,Caxias do Sul,Engenheiro civil,28,46797895091
Paulo Ribeiro Castro,paulo.ribeiro.castro.29377@example.com,Goiânia,Enfermeiro,59,53893283197
Gabriela Pereira Freitas,gabriela.pereira.freitas.29378@example.com,Santos,Chefe de compras,39,72151022523
Tatiane Nascimento Nascimento,tatiane.nascimento.nascimento.29379@example.com,Curitiba,Professor,32,10070997895
Carlos Nascimento Teixeira,carlos.nascimento.teixeira.29380@example.com,Campo Grande,Coordenador de marketing,42,09231891022
Nicolas Mendes Araújo,nicolas.mendes.araujo.29381@example.com,Cuiabá,Padeiro,66,79924985007
Carolina Fernandes Alves,carolina.fernandes.alves.29382@example.com,Maringá,Gerente financeiro,64,59278431707
Ana Ribeiro Gomes,ana.ribeiro.gomes.29383@example.com,Santos,Analista financeiro,70,10753560827
Marcelo Costa Monteiro,marcelo.costa.monteiro.29384@example.com,Manaus,Professor,40,48579220980
Felipe Costa Araújo,felipe.costa.araujo.29385@example.com,Maringá,Professor,36,90972127913
Carolina Cardoso Silva,carolina.cardoso.silva.29386@example.com,Curitiba,Coordenador de logística,39,80074921861
João Castro Moreira,joao.castro.moreira.29387@example.com,Rondonópolis,Professor,59,52735190100
Ana Gomes Dias,ana.gomes.dias.29388@example.com,Rio de Janeiro,Nutricionista,67,67741607488
João Souza Pereira,joao.souza.pereira.29389@example.com,Goiânia,Enfermeiro,42,47522568218
Priscila Fernandes Almeida,priscila.fernandes.almeida.29390@example.com,Florianópolis,Chefe de departamento pessoal,18,58464704011
Juliana Oliveira Nascimento,juliana.oliveira.nascimento.29391@example.com,Salvador,Coordenador de produção,40,19936377631
Gabriela Barbosa Alves,gabriela.barbosa.alves.29392@example.com,Vitória,Vendedor,32,88493134227
Vinícius Almeida Rocha,vinicius.almeida.rocha.29393@example.com,Curitiba,Gerente de tecnologia,53,22318948113
Fernanda Ribeiro Silva,fernanda.ribeiro.silva.29394@example.com,Belém,Eletricista,30,61217456435
Beatriz Silva Fernandes,beatriz.silva.fernandes.29395@example.com,Campo Grande,Fisioterapeuta,44,09561441623
Felipe Lima Barbosa,felipe.lima.barbosa.29396@example.com,Porto Alegre,Coordenador de logística,27,17379264522
Carolina Silva Ribeiro,carolina.silva.ribeiro.29397@example.com,Belo Horizonte,Técnico de segurança do trabalho,37,22344324283
Tatiane Rodrigues Nascimento,tatiane.rodrigues.nascimento.29398@example.com,Fortaleza,Coordenador administrativo,49,23163463437
Gabriela Cardoso Fernandes,gabriela.cardoso.fernandes.29399@example.com,Dourados,Designer gráfico,45,56221282621
Leonardo Nascimento Souza,leonardo.nascimento.souza.29400@example.com,Belo Horizonte,Fisioterapeuta,22,24212041566
Sérgio Almeida Barros,sergio.almeida.barros.29401@example.com,Dourados,Vendedor,35,65382205870
Vanessa Lima Gomes,vanessa.lima.gomes.29402@example.com,Belém,Supervisor de vendas,50,93871485835
Rafael Gomes Pereira,rafael.gomes.pereira.29403@example.com,Rondonópolis,Jornalista,45,69570073340
Felipe Barbosa Fernandes,felipe.barbosa.fernandes.29404@example.com,Curitiba,Líder de equipe,59,56489877684
Camila Ribeiro Ribeiro,camila.ribeiro.ribeiro.29405@example.com,Fortaleza,Coordenador de produção,18,88097765822
Nicolas Nascimento Gomes,nicolas.nascimento.gomes.29406@example.com,Florianópolis,Advogado,49,40349468836
Paulo Fernandes Castro,paulo.fernandes.castro.29407@example.com,Rondonópolis,Gerente de recursos humanos,37,03048602564
Priscila Moreira Dias,priscila.moreira.dias.29408@example.com,Salvador,Motorista,56,65120521736
Vanessa Martins Dias,vanessa.martins.dias.29409@example.com,Maringá,Coordenador de logística,38,05444728587
Gustavo Pereira Souza,gustavo.pereira.souza.29410@example.com,Belém,Analista de marketing,58,75725535748
Thiago Mendes Souza,thiago.mendes.souza.29411@example.com,Belém,Coordenador de logística,32,40167191984
Simone Barbosa Silva,simone.barbosa.silva.29412@example.com,Brasília,Gerente comercial,35,85143340944
Renata Barros Dias,renata.barros.dias.29413@example.com,Florianópolis,Atendente,37,95091535046
Eduardo Dias Lima,eduardo.dias.lima.29414@example.com,Salvador,Gerente de tecnologia,37,19480737556
Mariana Souza Souza,mariana.souza.souza.29415@example.com,Salvador,Auxiliar de produção,58,44571114812
Luana Rocha Santos,luana.rocha.santos.29416@example.com,Cuiabá,Coordenador de marketing,31,19831021762
Lucas Almeida Carvalho,lucas.almeida.carvalho.29417@example.com,Maringá,Advogado,35,66309233403
Sérgio Ribeiro Costa,sergio.ribeiro.costa.29418@example.com,Campo Grande,Vendedor,31,59548983772
Mariana Carvalho Martins,mariana.carvalho.martins.29419@example.com,Porto Alegre,Gerente de operações,54,84910851321
Aline Ribeiro Almeida,aline.ribeiro.almeida.29420@example.com,Cuiabá,Analista financeiro,46,80314407300
Thiago Santos Araújo,thiago.santos.araujo.29421@example.com,Porto Alegre,Gerente de recursos humanos,33,55030370863
Luana Monteiro Rocha,luana.monteiro.rocha.29422@example.com,Londrina,Gerente de operações,65,77061191797
Gustavo Mendes Monteiro,gustavo.mendes.monteiro.29423@example.com,Vitória,Advogado,39,75524721477
Sandra Rodrigues Dias,sandra.rodrigues.dias.29424@example.com,Belo Horizonte,Técnico de segurança do trabalho,26,72508801756
Henrique Cardoso Moreira,henrique.cardoso.moreira.29425@example.com,Campo Grande,Operador de caixa,44,07976597032
Gabriel Lima Alves,gabriel.lima.alves.29426@example.com,Dourados,Operador de caixa,70,74979473050
Letícia Lima Dias,leticia.lima.dias.29427@example.com,Rondonópolis,Contador,20,97957536146
Marcelo Barbosa Almeida,marcelo.barbosa.almeida.29428@example.com,Recife,Jornalista,20,93509745377
Igor Araújo Moreira,igor.araujo.moreira.29429@example.com,Curitiba,Comprador,31,10990354679
Juliana Dias Castro,juliana.dias.castro.29430@example.com,Campinas,Operador de caixa,42,88423893809
Ricardo Ribeiro Cardoso,ricardo.ribeiro.cardoso.29431@example.com,Belo Horizonte,Técnico em informática,59,55374545607
Simone Teixeira Carvalho,simone.teixeira.carvalho.29432@example.com,Sorocaba,Técnico de segurança do trabalho,40,68835451004
Diego Silva Silva,diego.silva.silva.29433@example.com,Fortaleza,Técnico de enfermagem,64,40757003387
Larissa Gomes Souza,larissa.gomes.souza.29434@example.com,Santos,Chefe de departamento pessoal,43,90405638806
Larissa Oliveira Araújo,larissa.oliveira.araujo.29435@example.com,Campinas,Analista de dados,62,46889702478
Rafael Silva Rocha,rafael.silva.rocha.29436@example.com,Sorocaba,Analista de dados,56,32356018518
Thiago Freitas Rodrigues,thiago.freitas.rodrigues.29437@example.com,Porto Alegre,Mecânico,67,42475493648
José Souza Ribeiro,jose.souza.ribeiro.29438@example.com,Brasília,Assistente administrativo,42,74042297238
Luana Rodrigues Oliveira,luana.rodrigues.oliveira.29439@example.com,Joinville,Comprador,49,30503346868
Sérgio Gomes Martins,sergio.gomes.martins.29440@example.com,São Paulo,Nutricionista,34,80621095723
Simone Souza Rocha,simone.souza.rocha.29441@example.com,Belo Horizonte,Gerente comercial,52,82715256045
Beatriz Barbosa Araújo,beatriz.barbosa.araujo.29442@example.com,Curitiba,Contador,36,59531509387
Priscila Ribeiro Ribeiro,priscila.ribeiro.ribeiro.29443@example.com,Joinville,Designer gráfico,20,38603373254
Pedro Rodrigues Rocha,pedro.rodrigues.rocha.29444@example.com,Curitiba,Vendedor,56,08951421953
Henrique Santos Silva,henrique.santos.silva.29445@example.com,Campinas,Assistente comercial,20,76722457452
Vanessa Carvalho Cardoso,vanessa.carvalho.cardoso.29446@example.com,Rio de Janeiro,Professor,24,43355214970
Carolina Teixeira Dias,carolina.teixeira.dias.29447@example.com,Belo Horizonte,Cozinheiro,22,62865503539
Fernanda Oliveira Martins,fernanda.oliveira.martins.29448@example.com,Dourados,Comprador,42,61371671441
Gabriel Ribeiro Teixeira,gabriel.ribeiro.teixeira.29449@example.com,Salvador,Gerente financeiro,57,39584044321
Débora Dias Silva,debora.dias.silva.29450@example.com,Brasília,Farmacêutico,26,30836666240
Juliana Costa Silva,juliana.costa.silva.29451@example.com,Caxias do Sul,Gerente de operações,55,38261326080
Ricardo Alves Rodrigues,ricardo.alves.rodrigues.29452@example.com,Belém,Técnico em informática,20,10612985761
Débora Almeida Barros,debora.almeida.barros.29453@example.com,Recife,Líder de equipe,46,07296785898
Pedro Rodrigues Nascimento,pedro.rodrigues.nascimento.29454@example.com,Manaus,Supervisor de manutenção,56,96304230733
Amanda Nascimento Fernandes,amanda.nascimento.fernandes.29455@example.com,Sorocaba,Diretor comercial,29,11987286046
Ana Moreira Gomes,ana.moreira.gomes.29456@example.com,Sorocaba,Nutricionista,52,22903296523
Débora Lima Teixeira,debora.lima.teixeira.29457@example.com,Maringá,Motorista,41,86924777210
Aline Ribeiro Cardoso,aline.ribeiro.cardoso.29458@example.com,Santos,Analista financeiro,41,62961576162
Marcelo Rocha Pereira,marcelo.rocha.pereira.29459@example.com,Brasília,Supervisor de manutenção,66,20832082756
Eduardo Fernandes Nascimento,eduardo.fernandes.nascimento.29460@example.com,Porto Alegre,Cozinheiro,55,17750824991
Ana Fernandes Rodrigues,ana.fernandes.rodrigues.29461@example.com,Campinas,Supervisor de qualidade,54,33985187123
Gabriel Rocha Rodrigues,gabriel.rocha.rodrigues.29462@example.com,Fortaleza,Supervisor de manutenção,36,51076834625
Lucas Castro Carvalho,lucas.castro.carvalho.29463@example.com,Maringá,Supervisor de manutenção,65,92688452583
Vanessa Monteiro Teixeira,vanessa.monteiro.teixeira.29464@example.com,Porto Alegre,Diretor comercial,61,60126899893
Sérgio Moreira Castro,sergio.moreira.castro.29465@example.com,Dourados,Coordenador de produção,70,36089329940
Tatiane Rodrigues Rocha,tatiane.rodrigues.rocha.29466@example.com,Rondonópolis,Atendente,30,98782249258
Eduardo Mendes Pereira,eduardo.mendes.pereira.29467@example.com,Vitória,Coordenador administrativo,38,59397064560
João Castro Fernandes,joao.castro.fernandes.29468@example.com,Londrina,Diretor de operações,23,56164618139
Camila Fernandes Oliveira,camila.fernandes.oliveira.29469@example.com,Brasília,Recepcionista,38,15232228500
Simone Araújo Barros,simone.araujo.barros.29470@example.com,Vitória,Cozinheiro,68,50577599549
Diego Gomes Fernandes,diego.gomes.fernandes.29471@example.com,Dourados,Técnico em informática,53,35050807851
Vitória Castro Dias,vitoria.castro.dias.29472@example.com,Niterói,Corretor de imóveis,65,65916339608
Igor Oliveira Moreira,igor.oliveira.moreira.29473@example.com,Manaus,Atendente,47,23316374392
Letícia Silva Lima,leticia.silva.lima.29474@example.com,São Paulo,Vendedor,54,51828741843
Daniela Fernandes Monteiro,daniela.fernandes.monteiro.29475@example.com,Maringá,Diretor de operações,20,66506202734
Felipe Fernandes Castro,felipe.fernandes.castro.29476@example.com,Uberlândia,Supervisor de vendas,64,83456819876
Sandra Silva Teixeira,sandra.silva.teixeira.29477@example.com,Recife,Corretor de imóveis,30,94433737657
Sérgio Dias Ribeiro,sergio.dias.ribeiro.29478@example.com,Sorocaba,Enfermeiro,38,33246734200
Leonardo Freitas Carvalho,leonardo.freitas.carvalho.29479@example.com,Natal,Gerente de tecnologia,24,43709720400
Rafael Teixeira Lima,rafael.teixeira.lima.29480@example.com,Natal,Analista de recursos humanos,33,79611106804
Camila Souza Carvalho,camila.souza.carvalho.29481@example.com,Goiânia,Coordenador de marketing,29,25300367939
Diego Barbosa Moreira,diego.barbosa.moreira.29482@example.com,Manaus,Líder de equipe,25,82304015780
Bruno Moreira Castro,bruno.moreira.castro.29483@example.com,Santos,Chefe de departamento pessoal,68,81274406805
Marcelo Castro Cardoso,marcelo.castro.cardoso.29484@example.com,Belo Horizonte,Recepcionista,39,75334371605
Juliana Alves Alves,juliana.alves.alves.29485@example.com,Campinas,Coordenador de logística,35,05652247795
Thiago Castro Moreira,thiago.castro.moreira.29486@example.com,Maringá,Analista de recursos humanos,20,60102164543
Tatiane Barros Carvalho,tatiane.barros.carvalho.29487@example.com,Vitória,Cozinheiro,58,10160596452
Mariana Araújo Santos,mariana.araujo.santos.29488@example.com,Uberlândia,Recepcionista,23,90644464312
Pedro Freitas Rodrigues,pedro.freitas.rodrigues.29489@example.com,Joinville,Coordenador de produção,34,02279991835
Felipe Moreira Mendes,felipe.moreira.mendes.29490@example.com,São Paulo,Analista financeiro,44,36300076470
Pedro Araújo Almeida,pedro.araujo.almeida.29491@example.com,Rondonópolis,Gerente de operações,55,51401958036
Débora Fernandes Almeida,debora.fernandes.almeida.29492@example.com,Curitiba,Programador,45,48012613905
Thiago Fernandes Moreira,thiago.fernandes.moreira.29493@example.com,Belo Horizonte,Arquiteto,65,15778432257
Vitória Moreira Mendes,vitoria.moreira.mendes.29494@example.com,Santos,Motorista,32,39132483173
Gabriel Araújo Lima,gabriel.araujo.lima.29495@example.com,Londrina,Analista financeiro,35,94162370557
Amanda Moreira Nascimento,amanda.moreira.nascimento.29496@example.com,Brasília,Analista de marketing,31,23065455115
José Moreira Souza,jose.moreira.souza.29497@example.com,Manaus,Eletricista,44,53086532645
Juliana Pereira Cardoso,juliana.pereira.cardoso.29498@example.com,Belo Horizonte,Advogado,34,99187935055
Carolina Souza Pereira,carolina.souza.pereira.29499@example.com,Rio de Janeiro,Fisioterapeuta,20,80170931971
Carolina Teixeira Moreira,carolina.teixeira.moreira.29500@example.com,Goiânia,Comprador,25,06179502477
José Rodrigues Rodrigues,jose.rodrigues.rodrigues.29501@example.com,Belo Horizonte,Chefe de compras,18,48092927339
Luana Teixeira Castro,luana.teixeira.castro.29502@example.com,Belém,Mecânico,20,91341752131
Priscila Lima Teixeira,priscila.lima.teixeira.29503@example.com,Brasília,Técnico de enfermagem,27,09505836327
Henrique Gomes Martins,henrique.gomes.martins.29504@example.com,Manaus,Recepcionista,60,27557799755
Thiago Pereira Freitas,thiago.pereira.freitas.29505@example.com,Brasília,Encarregado de produção,58,92396965628
Sandra Castro Oliveira,sandra.castro.oliveira.29506@example.com,Joinville,Líder de equipe,30,76845352706
Simone Barros Alves,simone.barros.alves.29507@example.com,Caxias do Sul,Auxiliar de produção,70,95951880298
Renata Castro Rocha,renata.castro.rocha.29508@example.com,Dourados,Engenheiro civil,55,09316495951
Ana Araújo Cardoso,ana.araujo.cardoso.29509@example.com,Rondonópolis,Gerente de tecnologia,35,33782375522
Larissa Barros Dias,larissa.barros.dias.29510@example.com,Belo Horizonte,Operador de caixa,62,94604196876
José Mendes Barros,jose.mendes.barros.29511@example.com,Curitiba,Coordenador administrativo,43,80399090863
Rafael Moreira Moreira,rafael.moreira.moreira.29512@example.com,Porto Alegre,Analista de dados,66,33949584188
Sérgio Santos Lima,sergio.santos.lima.29513@example.com,Natal,Técnico de enfermagem,26,12372402502
Sandra Monteiro Teixeira,sandra.monteiro.teixeira.29514@example.com,Dourados,Supervisor de vendas,37,43203678823
Mariana Freitas Freitas,mariana.freitas.freitas.29515@example.com,Brasília,Diretor comercial,28,25425898339
Gabriel Alves Alves,gabriel.alves.alves.29516@example.com,São Paulo,Supervisor de manutenção,20,73265536194
Rafael Barbosa Barros,rafael.barbosa.barros.29517@example.com,São Paulo,Assistente administrativo,56,13893120291
Leonardo Santos Carvalho,leonardo.santos.carvalho.29518@example.com,Campo Grande,Estoquista,35,92278940004
Igor Santos Silva,igor.santos.silva.29519@example.com,Londrina,Encarregado de produção,55,15630356039
João Martins Santos,joao.martins.santos.29520@example.com,Campinas,Mecânico,40,50922007838
Aline Santos Dias,aline.santos.dias.29521@example.com,Brasília,Atendente,25,00386913236
Fernanda Teixeira Alves,fernanda.teixeira.alves.29522@example.com,Dourados,Advogado,44,27646848092
Gabriela Fernandes Oliveira,gabriela.fernandes.oliveira.29523@example.com,Brasília,Analista de dados,70,32207699891
Gabriel Alves Teixeira,gabriel.alves.teixeira.29524@example.com,Porto Alegre,Analista financeiro,58,94573064712
Eduardo Martins Santos,eduardo.martins.santos.29525@example.com,Uberlândia,Técnico de segurança do trabalho,62,64351007677
Rafael Gomes Oliveira,rafael.gomes.oliveira.29526@example.com,Niterói,Contador,69,42213624245
Marcelo Monteiro Rocha,marcelo.monteiro.rocha.29527@example.com,Uberlândia,Designer gráfico,20,62205872794
Beatriz Dias Monteiro,beatriz.dias.monteiro.29528@example.com,Caxias do Sul,Assistente comercial,33,25349397344
Larissa Pereira Pereira,larissa.pereira.pereira.29529@example.com,Salvador,Técnico em informática,41,63512879804
Sérgio Barros Nascimento,sergio.barros.nascimento.29530@example.com,Sorocaba,Gerente de tecnologia,59,83463899712
Gabriela Freitas Costa,gabriela.freitas.costa.29531@example.com,Dourados,Técnico em informática,30,75136526141
Vitória Lima Martins,vitoria.lima.martins.29532@example.com,Maringá,Designer gráfico,43,77406118490
Diego Alves Pereira,diego.alves.pereira.29533@example.com,Rondonópolis,Assistente comercial,64,77511557876
Ricardo Gomes Mendes,ricardo.gomes.mendes.29534@example.com,Dourados,Coordenador administrativo,50,79641364024
Diego Barbosa Mendes,diego.barbosa.mendes.29535@example.com,Campinas,Gerente de operações,34,66613434306
Eduardo Dias Mendes,eduardo.dias.mendes.29536@example.com,Dourados,Chefe de departamento pessoal,26,05407474661
Fernanda Rocha Fernandes,fernanda.rocha.fernandes.29537@example.com,Porto Alegre,Pedreiro,61,70729391692
Vinícius Barbosa Santos,vinicius.barbosa.santos.29538@example.com,Uberlândia,Supervisor de manutenção,51,23317741753
Fernanda Lima Ribeiro,fernanda.lima.ribeiro.29539@example.com,São Paulo,Diretor comercial,47,55932138442
Larissa Dias Alves,larissa.dias.alves.29540@example.com,Joinville,Coordenador de marketing,53,23648822035
Tatiane Barros Rocha,tatiane.barros.rocha.29541@example.com,Curitiba,Analista financeiro,41,58867954269
Camila Nascimento Dias,camila.nascimento.dias.29542@example.com,Brasília,Nutricionista,26,42405897914
José Souza Monteiro,jose.souza.monteiro.29543@example.com,Belém,Analista financeiro,48,55303987911
Bruno Rodrigues Freitas,bruno.rodrigues.freitas.29544@example.com,Santos,Técnico de segurança do trabalho,21,73340937486
Amanda Gomes Alves,amanda.gomes.alves.29545@example.com,Curitiba,Coordenador de produção,68,33097833961
Mariana Dias Cardoso,mariana.dias.cardoso.29546@example.com,Salvador,Gerente de tecnologia,25,01562034003
Tatiane Silva Pereira,tatiane.silva.pereira.29547@example.com,Belém,Fisioterapeuta,63,50478335920
Sérgio Souza Lima,sergio.souza.lima.29548@example.com,Campo Grande,Gerente comercial,66,39481095368
Letícia Alves Santos,leticia.alves.santos.29549@example.com,Florianópolis,Advogado,59,34351515665
Renata Ribeiro Gomes,renata.ribeiro.gomes.29550@example.com,Sorocaba,Gerente financeiro,31,23809333111
Larissa Nascimento Almeida,larissa.nascimento.almeida.29551@example.com,Niterói,Padeiro,61,22151313393
Débora Rodrigues Barros,debora.rodrigues.barros.29552@example.com,Maringá,Pedreiro,40,14125722523
Henrique Moreira Rodrigues,henrique.moreira.rodrigues.29553@example.com,Rondonópolis,Advogado,31,13922131249
Lucas Carvalho Fernandes,lucas.carvalho.fernandes.29554@example.com,Curitiba,Líder de equipe,43,50482448457
Camila Teixeira Fernandes,camila.teixeira.fernandes.29555@example.com,Recife,Técnico em informática,63,26652607435
Priscila Fernandes Silva,priscila.fernandes.silva.29556@example.com,Vitória,Coordenador administrativo,27,47264305343
Aline Araújo Castro,aline.araujo.castro.29557@example.com,Dourados,Diretor de operações,40,71429669495
Bruno Nascimento Ribeiro,bruno.nascimento.ribeiro.29558@example.com,Rondonópolis,Fisioterapeuta,20,31261012529
Vanessa Costa Cardoso,vanessa.costa.cardoso.29559@example.com,Natal,Programador,29,86261196037
Gabriel Rodrigues Fernandes,gabriel.rodrigues.fernandes.29560@example.com,Fortaleza,Chefe de almoxarifado,55,30421060218
Rafael Oliveira Fernandes,rafael.oliveira.fernandes.29561@example.com,Brasília,Pedreiro,25,22113826903
Bruno Monteiro Mendes,bruno.monteiro.mendes.29562@example.com,Dourados,Gerente comercial,61,37197738281
Nicolas Ribeiro Almeida,nicolas.ribeiro.almeida.29563@example.com,Santos,Coordenador administrativo,28,15825507304
Ana Araújo Nascimento,ana.araujo.nascimento.29564@example.com,Brasília,Supervisor de vendas,70,95652111107
Larissa Moreira Rocha,larissa.moreira.rocha.29565@example.com,Cuiabá,Engenheiro civil,43,96271857705
Gustavo Rocha Barbosa,gustavo.rocha.barbosa.29566@example.com,Dourados,Encarregado de produção,32,14223553957
Sandra Cardoso Pereira,sandra.cardoso.pereira.29567@example.com,Natal,Analista de dados,35,14787874236
Carlos Barros Oliveira,carlos.barros.oliveira.29568@example.com,Sorocaba,Fisioterapeuta,50,81695082123
Larissa Barros Rocha,larissa.barros.rocha.29569@example.com,Fortaleza,Analista financeiro,56,40009085034
Juliana Nascimento Barros,juliana.nascimento.barros.29570@example.com,Belo Horizonte,Supervisor de qualidade,43,78152711146
Camila Lima Teixeira,camila.lima.teixeira.29571@example.com,Goiânia,Encarregado de produção,58,81467997540
Renata Almeida Alves,renata.almeida.alves.29572@example.com,Sorocaba,Analista de marketing,43,28891333520
Rafael Silva Teixeira,rafael.silva.teixeira.29573@example.com,Goiânia,Supervisor de manutenção,49,54884001249
Débora Santos Castro,debora.santos.castro.29574@example.com,Niterói,Mecânico,28,36182153129
Paulo Barbosa Mendes,paulo.barbosa.mendes.29575@example.com,Niterói,Supervisor de atendimento,67,90990364695
Patrícia Cardoso Freitas,patricia.cardoso.freitas.29576@example.com,Natal,Padeiro,31,34201580343
Gabriela Dias Cardoso,gabriela.dias.cardoso.29577@example.com,Curitiba,Professor,55,24331432259
Gabriel Lima Rocha,gabriel.lima.rocha.29578@example.com,Curitiba,Arquiteto,20,18889871896
Paulo Ribeiro Almeida,paulo.ribeiro.almeida.29579@example.com,Caxias do Sul,Engenheiro civil,59,10535042716
Tatiane Costa Pereira,tatiane.costa.pereira.29580@example.com,Curitiba,Mecânico,18,15654758373
Leonardo Fernandes Barros,leonardo.fernandes.barros.29581@example.com,Dourados,Jornalista,44,74443768405
Patrícia Freitas Castro,patricia.freitas.castro.29582@example.com,Porto Alegre,Cozinheiro,67,89332405678
Vitória Fernandes Alves,vitoria.fernandes.alves.29583@example.com,Belo Horizonte,Comprador,53,38668524956
Bruno Monteiro Souza,bruno.monteiro.souza.29584@example.com,Rio de Janeiro,Advogado,62,85847599315
Vinícius Cardoso Barbosa,vinicius.cardoso.barbosa.29585@example.com,Vitória,Chefe de departamento pessoal,36,13652445290
Gustavo Rocha Teixeira,gustavo.rocha.teixeira.29586@example.com,Natal,Chefe de departamento pessoal,43,34954896162
Camila Fernandes Monteiro,camila.fernandes.monteiro.29587@example.com,Vitória,Gerente comercial,22,77144084837
João Rocha Silva,joao.rocha.silva.29588@example.com,Londrina,Vendedor,35,41712645343
Renata Oliveira Alves,renata.oliveira.alves.29589@example.com,Rio de Janeiro,Corretor de imóveis,57,41401150752
Fernanda Monteiro Carvalho,fernanda.monteiro.carvalho.29590@example.com,Belo Horizonte,Analista de dados,53,88614518934
Pedro Lima Mendes,pedro.lima.mendes.29591@example.com,Goiânia,Assistente administrativo,54,24337719814
Carlos Oliveira Rodrigues,carlos.oliveira.rodrigues.29592@example.com,Recife,Estoquista,44,26883265365
Diego Ribeiro Cardoso,diego.ribeiro.cardoso.29593@example.com,Natal,Gerente financeiro,36,76747095738
Gabriel Almeida Rocha,gabriel.almeida.rocha.29594@example.com,Santos,Supervisor de qualidade,41,43031330579
Sandra Souza Carvalho,sandra.souza.carvalho.29595@example.com,Caxias do Sul,Cozinheiro,63,67241030993
Lucas Souza Cardoso,lucas.souza.cardoso.29596@example.com,São Paulo,Estoquista,18,18411287145
Beatriz Souza Nascimento,beatriz.souza.nascimento.29597@example.com,Fortaleza,Eletricista,20,91828124359
Ana Martins Monteiro,ana.martins.monteiro.29598@example.com,Maringá,Assistente comercial,37,67034519404
Nicolas Monteiro Pereira,nicolas.monteiro.pereira.29599@example.com,Uberlândia,Operador de caixa,30,58015790942
Diego Santos Costa,diego.santos.costa.29600@example.com,Rio de Janeiro,Analista de dados,47,45287782713
Beatriz Costa Santos,beatriz.costa.santos.29601@example.com,Uberlândia,Nutricionista,54,99287371420
Eduardo Carvalho Pereira,eduardo.carvalho.pereira.29602@example.com,Fortaleza,Técnico em informática,18,78845354167
Amanda Cardoso Santos,amanda.cardoso.santos.29603@example.com,Dourados,Farmacêutico,25,97568663645
Amanda Barbosa Mendes,amanda.barbosa.mendes.29604@example.com,Joinville,Enfermeiro,66,30137384262
Carolina Barros Ribeiro,carolina.barros.ribeiro.29605@example.com,Rio de Janeiro,Coordenador de produção,25,04089653577
Beatriz Moreira Almeida,beatriz.moreira.almeida.29606@example.com,Florianópolis,Gerente comercial,27,82967218422
Vinícius Silva Ribeiro,vinicius.silva.ribeiro.29607@example.com,Uberlândia,Analista de recursos humanos,49,45073884816
Vinícius Teixeira Rodrigues,vinicius.teixeira.rodrigues.29608@example.com,Dourados,Atendente,41,95745715926
Fernanda Carvalho Souza,fernanda.carvalho.souza.29609@example.com,Sorocaba,Gerente de operações,37,00867767010
Fernanda Souza Rodrigues,fernanda.souza.rodrigues.29610@example.com,Londrina,Supervisor de manutenção,55,88505577559
Vanessa Ribeiro Freitas,vanessa.ribeiro.freitas.29611@example.com,Rio de Janeiro,Nutricionista,36,85943583316
Igor Araújo Fernandes,igor.araujo.fernandes.29612@example.com,Cuiabá,Comprador,50,46547464115
Mariana Teixeira Barros,mariana.teixeira.barros.29613@example.com,Londrina,Vendedor,44,59983198772
Lucas Nascimento Santos,lucas.nascimento.santos.29614@example.com,Londrina,Auxiliar de produção,30,76575384698
Mariana Barros Santos,mariana.barros.santos.29615@example.com,Belém,Contador,69,90726779114
Larissa Gomes Fernandes,larissa.gomes.fernandes.29616@example.com,Dourados,Analista de marketing,18,38949040713
Leonardo Araújo Costa,leonardo.araujo.costa.29617@example.com,Natal,Técnico de enfermagem,33,41032902939
Bruno Fernandes Teixeira,bruno.fernandes.teixeira.29618@example.com,Manaus,Fisioterapeuta,18,08731904065
Lucas Nascimento Lima,lucas.nascimento.lima.29619@example.com,Fortaleza,Assistente administrativo,47,30223149821
Amanda Monteiro Lima,amanda.monteiro.lima.29620@example.com,Florianópolis,Gerente financeiro,63,26562391749
Juliana Monteiro Araújo,juliana.monteiro.araujo.29621@example.com,Recife,Cozinheiro,64,39082907601
Gustavo Araújo Alves,gustavo.araujo.alves.29622@example.com,Maringá,Coordenador administrativo,28,46884545298
Larissa Costa Mendes,larissa.costa.mendes.29623@example.com,Belém,Engenheiro civil,51,46571135859
José Silva Dias,jose.silva.dias.29624@example.com,Rio de Janeiro,Assistente administrativo,20,60587107240
Fernanda Teixeira Freitas,fernanda.teixeira.freitas.29625@example.com,Joinville,Mecânico,63,91754072481
Igor Pereira Oliveira,igor.pereira.oliveira.29626@example.com,Caxias do Sul,Eletricista,37,88180768064
Lucas Santos Freitas,lucas.santos.freitas.29627@example.com,Joinville,Corretor de imóveis,63,08014859645
Larissa Mendes Fernandes,larissa.mendes.fernandes.29628@example.com,Salvador,Gerente comercial,38,54799002608
Eduardo Dias Santos,eduardo.dias.santos.29629@example.com,Rio de Janeiro,Jornalista,46,89830759818
Henrique Nascimento Dias,henrique.nascimento.dias.29630@example.com,Rondonópolis,Coordenador de logística,70,25961303334
Marcelo Rocha Teixeira,marcelo.rocha.teixeira.29631@example.com,Curitiba,Analista de recursos humanos,42,75342770203
Pedro Gomes Moreira,pedro.gomes.moreira.29632@example.com,Sorocaba,Coordenador de marketing,39,15750230163
Gustavo Pereira Nascimento,gustavo.pereira.nascimento.29633@example.com,Recife,Estoquista,56,49925335222
Pedro Pereira Rocha,pedro.pereira.rocha.29634@example.com,Belo Horizonte,Atendente,54,79691526134
Renata Teixeira Alves,renata.teixeira.alves.29635@example.com,Recife,Gerente de tecnologia,24,33250357263
Gabriel Moreira Souza,gabriel.moreira.souza.29636@example.com,Curitiba,Mecânico,41,05735473638
Carlos Souza Mendes,carlos.souza.mendes.29637@example.com,Sorocaba,Gerente financeiro,26,41294007678
Tatiane Alves Barbosa,tatiane.alves.barbosa.29638@example.com,Belo Horizonte,Mecânico,51,14589950585
Marcelo Ribeiro Alves,marcelo.ribeiro.alves.29639@example.com,Natal,Engenheiro civil,29,95819882075
Sandra Almeida Ribeiro,sandra.almeida.ribeiro.29640@example.com,Natal,Programador,70,31374578275
Sérgio Lima Castro,sergio.lima.castro.29641@example.com,Belém,Motorista,52,77937615487
Bruno Dias Silva,bruno.dias.silva.29642@example.com,Joinville,Eletricista,56,58081439059
Larissa Freitas Rodrigues,larissa.freitas.rodrigues.29643@example.com,Maringá,Chefe de departamento pessoal,68,81287976908
Aline Almeida Mendes,aline.almeida.mendes.29644@example.com,Dourados,Analista de dados,18,08346386398
Fernanda Almeida Cardoso,fernanda.almeida.cardoso.29645@example.com,Joinville,Jornalista,39,92328418574
Amanda Martins Costa,amanda.martins.costa.29646@example.com,Rio de Janeiro,Advogado,45,59144774919
Gustavo Almeida Pereira,gustavo.almeida.pereira.29647@example.com,Cuiabá,Operador de caixa,27,56386307304
Sérgio Castro Barros,sergio.castro.barros.29648@example.com,Natal,Mecânico,40,11409839861
Otávio Barbosa Dias,otavio.barbosa.dias.29649@example.com,Rondonópolis,Designer gráfico,66,51239208165
Marcelo Costa Teixeira,marcelo.costa.teixeira.29650@example.com,Dourados,Supervisor de qualidade,67,52110911935
Mariana Pereira Teixeira,mariana.pereira.teixeira.29651@example.com,Rondonópolis,Recepcionista,65,87914672451
Diego Araújo Freitas,diego.araujo.freitas.29652@example.com,Recife,Chefe de compras,27,93787569224
Leonardo Oliveira Fernandes,leonardo.oliveira.fernandes.29653@example.com,Sorocaba,Técnico de enfermagem,21,63102417848
Letícia Moreira Moreira,leticia.moreira.moreira.29654@example.com,Vitória,Padeiro,46,71542967269
Marcelo Ribeiro Moreira,marcelo.ribeiro.moreira.29655@example.com,Campo Grande,Arquiteto,25,48049971644
Eduardo Silva Moreira,eduardo.silva.moreira.29656@example.com,Florianópolis,Gerente de operações,62,24860390059
Lucas Santos Silva,lucas.santos.silva.29657@example.com,Campinas,Cozinheiro,32,84170897902
Paulo Rodrigues Barbosa,paulo.rodrigues.barbosa.29658@example.com,Dourados,Técnico de segurança do trabalho,20,37449503036
Amanda Costa Ribeiro,amanda.costa.ribeiro.29659@example.com,Rio de Janeiro,Chefe de almoxarifado,66,49612032491
Daniela Oliveira Almeida,daniela.oliveira.almeida.29660@example.com,Joinville,Analista financeiro,68,98673793905
Paulo Pereira Pereira,paulo.pereira.pereira.29661@example.com,Belém,Chefe de compras,33,01475832889
Daniela Fernandes Dias,daniela.fernandes.dias.29662@example.com,Brasília,Professor,19,53632510993
Henrique Castro Silva,henrique.castro.silva.29663@example.com,Goiânia,Motorista,61,42244007904
Daniela Mendes Souza,daniela.mendes.souza.29664@example.com,Manaus,Coordenador de marketing,67,65622140104
Aline Rocha Silva,aline.rocha.silva.29665@example.com,Rondonópolis,Enfermeiro,67,02687527266
Lucas Castro Martins,lucas.castro.martins.29666@example.com,Manaus,Técnico de enfermagem,46,65204529644
Gabriel Santos Cardoso,gabriel.santos.cardoso.29667@example.com,Natal,Coordenador de marketing,30,02672034558
Ricardo Moreira Santos,ricardo.moreira.santos.29668@example.com,Brasília,Fisioterapeuta,69,34058790777
Mariana Alves Pereira,mariana.alves.pereira.29669@example.com,Florianópolis,Jornalista,61,20756243046
Eduardo Monteiro Nascimento,eduardo.monteiro.nascimento.29670@example.com,Vitória,Gerente financeiro,34,54822398731
Camila Oliveira Monteiro,camila.oliveira.monteiro.29671@example.com,Santos,Supervisor de atendimento,30,87710250161
Vanessa Freitas Cardoso,vanessa.freitas.cardoso.29672@example.com,Curitiba,Supervisor de qualidade,62,84140852500
Paulo Barros Mendes,paulo.barros.mendes.29673@example.com,Goiânia,Supervisor de manutenção,58,38622120151
Gabriel Souza Castro,gabriel.souza.castro.29674@example.com,Maringá,Operador de caixa,49,39480795799
Tatiane Santos Barbosa,tatiane.santos.barbosa.29675@example.com,Curitiba,Gerente de tecnologia,44,44455737211
Patrícia Oliveira Souza,patricia.oliveira.souza.29676@example.com,Rio de Janeiro,Gerente financeiro,49,62506693526
Paulo Dias Freitas,paulo.dias.freitas.29677@example.com,Goiânia,Gerente de operações,38,68452612282
Carolina Lima Oliveira,carolina.lima.oliveira.29678@example.com,Belo Horizonte,Analista de dados,21,42022376153
Lucas Gomes Araújo,lucas.gomes.araujo.29679@example.com,Natal,Gerente de recursos humanos,64,63215498775
Mariana Silva Souza,mariana.silva.souza.29680@example.com,São Paulo,Diretor comercial,51,42074017279
Felipe Teixeira Nascimento,felipe.teixeira.nascimento.29681@example.com,Campo Grande,Supervisor de manutenção,37,32043996998
Otávio Ribeiro Moreira,otavio.ribeiro.moreira.29682@example.com,Campo Grande,Chefe de almoxarifado,51,34074534276
Otávio Dias Cardoso,otavio.dias.cardoso.29683@example.com,Uberlândia,Técnico em informática,67,95865722075
Eduardo Souza Nascimento,eduardo.souza.nascimento.29684@example.com,Goiânia,Farmacêutico,31,59651201758
Ricardo Mendes Costa,ricardo.mendes.costa.29685@example.com,Goiânia,Assistente administrativo,40,68571454520
Simone Pereira Rodrigues,simone.pereira.rodrigues.29686@example.com,Joinville,Coordenador de marketing,63,70775379991
Leonardo Cardoso Moreira,leonardo.cardoso.moreira.29687@example.com,Belém,Nutricionista,48,89908215422
Amanda Barros Fernandes,amanda.barros.fernandes.29688@example.com,Belo Horizonte,Técnico em informática,63,01714475524
Vanessa Gomes Oliveira,vanessa.gomes.oliveira.29689@example.com,Vitória,Técnico de enfermagem,54,12551757210
Carolina Costa Carvalho,carolina.costa.carvalho.29690@example.com,Sorocaba,Analista de dados,39,23314076583
Thiago Cardoso Carvalho,thiago.cardoso.carvalho.29691@example.com,Manaus,Analista financeiro,46,17820912114
Ricardo Fernandes Rocha,ricardo.fernandes.rocha.29692@example.com,Campinas,Supervisor de manutenção,51,14748904107
Gabriel Pereira Araújo,gabriel.pereira.araujo.29693@example.com,Natal,Analista de marketing,31,03292427214
Carlos Fernandes Santos,carlos.fernandes.santos.29694@example.com,Uberlândia,Comprador,31,99494089797
Ricardo Oliveira Castro,ricardo.oliveira.castro.29695@example.com,Londrina,Analista de marketing,46,44452478748
Priscila Freitas Barbosa,priscila.freitas.barbosa.29696@example.com,Rondonópolis,Técnico em informática,20,78772263620
Carolina Dias Barbosa,carolina.dias.barbosa.29697@example.com,Joinville,Mecânico,40,79207626076
José Costa Nascimento,jose.costa.nascimento.29698@example.com,Florianópolis,Analista de dados,60,35409385841
Simone Ribeiro Mendes,simone.ribeiro.mendes.29699@example.com,Dourados,Corretor de imóveis,38,26154533029
Leonardo Lima Barros,leonardo.lima.barros.29700@example.com,Caxias do Sul,Corretor de imóveis,21,67876428169
Carlos Silva Costa,carlos.silva.costa.29701@example.com,Maringá,Motorista,39,71106539766
João Monteiro Carvalho,joao.monteiro.carvalho.29702@example.com,Caxias do Sul,Supervisor de vendas,29,85070231549
Beatriz Silva Rocha,beatriz.silva.rocha.29703@example.com,Belo Horizonte,Analista de marketing,26,69028145653
Daniela Fernandes Pereira,daniela.fernandes.pereira.29704@example.com,Joinville,Coordenador de produção,21,31912495868
Felipe Moreira Fernandes,felipe.moreira.fernandes.29705@example.com,Caxias do Sul,Analista financeiro,49,25746579820
Amanda Freitas Araújo,amanda.freitas.araujo.29706@example.com,Florianópolis,Comprador,31,37244953754
Ana Alves Pereira,ana.alves.pereira.29707@example.com,Joinville,Coordenador de marketing,38,23003619544
Beatriz Almeida Carvalho,beatriz.almeida.carvalho.29708@example.com,Campinas,Coordenador de marketing,61,74931648869
Beatriz Lima Alves,beatriz.lima.alves.29709@example.com,Londrina,Padeiro,54,87317139610
Igor Martins Moreira,igor.martins.moreira.29710@example.com,Curitiba,Designer gráfico,32,01978550407
Aline Costa Alves,aline.costa.alves.29711@example.com,Dourados,Líder de equipe,32,14340219519
Diego Cardoso Carvalho,diego.cardoso.carvalho.29712@example.com,Salvador,Encarregado de produção,45,58761269176
Fernanda Martins Mendes,fernanda.martins.mendes.29713@example.com,Niterói,Chefe de almoxarifado,35,52652542021
Mariana Souza Gomes,mariana.souza.gomes.29714@example.com,Sorocaba,Vendedor,18,49531372774
Gabriel Ribeiro Dias,gabriel.ribeiro.dias.29715@example.com,Niterói,Coordenador de produção,26,32122179214
Sandra Pereira Monteiro,sandra.pereira.monteiro.29716@example.com,Manaus,Gerente de operações,21,28179070472
João Ribeiro Teixeira,joao.ribeiro.teixeira.29717@example.com,Recife,Chefe de almoxarifado,25,76842775397
Nicolas Teixeira Barbosa,nicolas.teixeira.barbosa.29718@example.com,Rio de Janeiro,Motorista,59,52673439728
Marcelo Cardoso Pereira,marcelo.cardoso.pereira.29719@example.com,Belo Horizonte,Arquiteto,33,86486668865
Sérgio Freitas Souza,sergio.freitas.souza.29720@example.com,Natal,Gerente de operações,34,18552843480
Mariana Castro Carvalho,mariana.castro.carvalho.29721@example.com,Cuiabá,Supervisor de qualidade,24,09370129557
Mariana Rodrigues Cardoso,mariana.rodrigues.cardoso.29722@example.com,Recife,Enfermeiro,39,73264155232
Renata Moreira Barros,renata.moreira.barros.29723@example.com,Joinville,Estoquista,24,47997083498
Aline Cardoso Souza,aline.cardoso.souza.29724@example.com,Curitiba,Coordenador de marketing,49,88829910947
Ricardo Nascimento Souza,ricardo.nascimento.souza.29725@example.com,Joinville,Auxiliar de produção,45,09186686920
Felipe Nascimento Monteiro,felipe.nascimento.monteiro.29726@example.com,Caxias do Sul,Operador de caixa,39,31999397090
Thiago Teixeira Rodrigues,thiago.teixeira.rodrigues.29727@example.com,São Paulo,Engenheiro civil,18,26913330939
Renata Costa Silva,renata.costa.silva.29728@example.com,Uberlândia,Técnico em informática,55,53594702170
Tatiane Nascimento Barros,tatiane.nascimento.barros.29729@example.com,Natal,Analista de dados,64,62594093734
Nicolas Gomes Pereira,nicolas.gomes.pereira.29730@example.com,Recife,Chefe de departamento pessoal,60,83567763668
Larissa Teixeira Rodrigues,larissa.teixeira.rodrigues.29731@example.com,Uberlândia,Engenheiro civil,45,19411092626
Otávio Martins Dias,otavio.martins.dias.29732@example.com,Salvador,Chefe de almoxarifado,67,95196421605
Priscila Santos Alves,priscila.santos.alves.29733@example.com,Caxias do Sul,Analista de recursos humanos,53,07834470142
Renata Carvalho Fernandes,renata.carvalho.fernandes.29734@example.com,Natal,Técnico de enfermagem,31,17469724785
Leonardo Rocha Lima,leonardo.rocha.lima.29735@example.com,Rio de Janeiro,Gerente financeiro,60,51579785115
Amanda Alves Oliveira,amanda.alves.oliveira.29736@example.com,Uberlândia,Mecânico,46,49612115667
Mariana Alves Silva,mariana.alves.silva.29737@example.com,Campinas,Mecânico,42,27798127131
Juliana Pereira Pereira,juliana.pereira.pereira.29738@example.com,Santos,Assistente administrativo,27,00002207909
Gabriel Castro Pereira,gabriel.castro.pereira.29739@example.com,Florianópolis,Professor,31,91957744601
Gabriel Almeida Rodrigues,gabriel.almeida.rodrigues.29740@example.com,Dourados,Gerente de recursos humanos,33,33027560175
Mariana Castro Barbosa,mariana.castro.barbosa.29741@example.com,Fortaleza,Coordenador administrativo,21,92374915608
Beatriz Almeida Castro,beatriz.almeida.castro.29742@example.com,Uberlândia,Assistente administrativo,24,98047537507
Otávio Teixeira Moreira,otavio.teixeira.moreira.29743@example.com,Rondonópolis,Arquiteto,49,54675315075
Ana Rodrigues Santos,ana.rodrigues.santos.29744@example.com,Dourados,Enfermeiro,64,58287658532
Amanda Rodrigues Nascimento,amanda.rodrigues.nascimento.29745@example.com,Natal,Vendedor,42,77082186134
Vitória Castro Nascimento,vitoria.castro.nascimento.29746@example.com,Uberlândia,Mecânico,23,26951708985
Daniela Castro Oliveira,daniela.castro.oliveira.29747@example.com,Recife,Farmacêutico,31,27400142321
Henrique Costa Mendes,henrique.costa.mendes.29748@example.com,Manaus,Gerente de recursos humanos,67,13247135850
Sérgio Freitas Rocha,sergio.freitas.rocha.29749@example.com,Niterói,Fisioterapeuta,66,47927712872
Beatriz Carvalho Monteiro,beatriz.carvalho.monteiro.29750@example.com,Salvador,Assistente comercial,25,44815373561
José Nascimento Fernandes,jose.nascimento.fernandes.29751@example.com,Rio de Janeiro,Supervisor de qualidade,48,19566901910
Nicolas Almeida Rodrigues,nicolas.almeida.rodrigues.29752@example.com,Santos,Assistente administrativo,23,47410318511
José Teixeira Silva,jose.teixeira.silva.29753@example.com,Joinville,Gerente de recursos humanos,57,60456524903
Thiago Silva Carvalho,thiago.silva.carvalho.29754@example.com,Salvador,Engenheiro civil,39,90680094578
Débora Dias Barros,debora.dias.barros.29755@example.com,Campinas,Mecânico,68,24317984985
Patrícia Araújo Almeida,patricia.araujo.almeida.29756@example.com,Londrina,Gerente financeiro,40,42614671877
Fernanda Teixeira Rocha,fernanda.teixeira.rocha.29757@example.com,São Paulo,Auxiliar de produção,28,45449334170
Fernanda Moreira Monteiro,fernanda.moreira.monteiro.29758@example.com,Dourados,Corretor de imóveis,28,45063051062
Vinícius Ribeiro Barbosa,vinicius.ribeiro.barbosa.29759@example.com,Brasília,Motorista,58,22428147960
Sérgio Gomes Ribeiro,sergio.gomes.ribeiro.29760@example.com,Uberlândia,Supervisor de qualidade,60,01543430728
Simone Fernandes Barros,simone.fernandes.barros.29761@example.com,Campinas,Chefe de departamento pessoal,48,34036885314
Sandra Santos Santos,sandra.santos.santos.29762@example.com,Recife,Analista financeiro,22,01199959533
Carolina Araújo Moreira,carolina.araujo.moreira.29763@example.com,Joinville,Operador de caixa,24,21433864532
Vanessa Lima Monteiro,vanessa.lima.monteiro.29764@example.com,Rio de Janeiro,Jornalista,52,59463367282
Ricardo Fernandes Santos,ricardo.fernandes.santos.29765@example.com,Fortaleza,Enfermeiro,55,19347160825
Carlos Almeida Rocha,carlos.almeida.rocha.29766@example.com,Manaus,Comprador,38,70086478240
Letícia Barbosa Nascimento,leticia.barbosa.nascimento.29767@example.com,Fortaleza,Professor,32,17984994439
Paulo Cardoso Dias,paulo.cardoso.dias.29768@example.com,Joinville,Assistente comercial,23,32411712789
Renata Moreira Almeida,renata.moreira.almeida.29769@example.com,Dourados,Corretor de imóveis,65,87994568682
Carolina Almeida Barbosa,carolina.almeida.barbosa.29770@example.com,Goiânia,Estoquista,39,81917796155
Nicolas Almeida Nascimento,nicolas.almeida.nascimento.29771@example.com,Vitória,Coordenador administrativo,53,04972413147
Priscila Barros Ribeiro,priscila.barros.ribeiro.29772@example.com,Joinville,Atendente,36,16482097797
Sérgio Silva Barbosa,sergio.silva.barbosa.29773@example.com,Florianópolis,Gerente comercial,54,77671560268
Gabriel Ribeiro Barbosa,gabriel.ribeiro.barbosa.29774@example.com,Rondonópolis,Gerente de recursos humanos,34,92488387878
Renata Araújo Ribeiro,renata.araujo.ribeiro.29775@example.com,Vitória,Supervisor de qualidade,64,49886447265
Eduardo Castro Santos,eduardo.castro.santos.29776@example.com,Niterói,Mecânico,70,75431634777
Patrícia Rocha Gomes,patricia.rocha.gomes.29777@example.com,Brasília,Engenheiro civil,48,16989367831
Thiago Rocha Costa,thiago.rocha.costa.29778@example.com,Belo Horizonte,Contador,34,49882484600
Ana Souza Lima,ana.souza.lima.29779@example.com,Londrina,Estoquista,22,91318118881
Vinícius Rocha Dias,vinicius.rocha.dias.29780@example.com,Niterói,Chefe de compras,27,38819513916
Vinícius Martins Moreira,vinicius.martins.moreira.29781@example.com,Porto Alegre,Gerente financeiro,60,97222945600
Gustavo Souza Oliveira,gustavo.souza.oliveira.29782@example.com,Maringá,Professor,37,23425118697
Letícia Barros Araújo,leticia.barros.araujo.29783@example.com,Maringá,Analista de dados,59,80247778663
João Silva Rocha,joao.silva.rocha.29784@example.com,Manaus,Jornalista,54,46055484812
Vinícius Martins Castro,vinicius.martins.castro.29785@example.com,Salvador,Assistente comercial,30,92047240960
Ricardo Fernandes Araújo,ricardo.fernandes.araujo.29786@example.com,Campinas,Analista de recursos humanos,43,82757031352
Igor Oliveira Barros,igor.oliveira.barros.29787@example.com,Recife,Gerente financeiro,28,70478186300
Camila Ribeiro Moreira,camila.ribeiro.moreira.29788@example.com,Santos,Arquiteto,27,26774392785
Sandra Rocha Monteiro,sandra.rocha.monteiro.29789@example.com,Joinville,Padeiro,64,98333307283
Ricardo Alves Costa,ricardo.alves.costa.29790@example.com,Goiânia,Técnico de enfermagem,36,08132516211
Igor Carvalho Dias,igor.carvalho.dias.29791@example.com,Vitória,Padeiro,53,83414145055
Beatriz Alves Alves,beatriz.alves.alves.29792@example.com,Belém,Padeiro,65,96643655154
Carolina Gomes Lima,carolina.gomes.lima.29793@example.com,Londrina,Assistente comercial,31,01596491693
Leonardo Castro Martins,leonardo.castro.martins.29794@example.com,Florianópolis,Professor,54,41035189291
Larissa Dias Ribeiro,larissa.dias.ribeiro.29795@example.com,Manaus,Engenheiro civil,60,00025949291
Eduardo Cardoso Dias,eduardo.cardoso.dias.29796@example.com,Manaus,Coordenador de logística,56,76026966635
Fernanda Teixeira Nascimento,fernanda.teixeira.nascimento.29797@example.com,Brasília,Nutricionista,64,22748416068
Vanessa Alves Moreira,vanessa.alves.moreira.29798@example.com,Belém,Eletricista,24,06929604827
Fernanda Barbosa Freitas,fernanda.barbosa.freitas.29799@example.com,Salvador,Mecânico,32,50327728103
Renata Ribeiro Martins,renata.ribeiro.martins.29800@example.com,Curitiba,Supervisor de atendimento,31,40275654771
Vanessa Ribeiro Dias,vanessa.ribeiro.dias.29801@example.com,Natal,Designer gráfico,50,30833738915
Carlos Rocha Silva,carlos.rocha.silva.29802@example.com,Belo Horizonte,Analista de marketing,19,53236020455
Carolina Monteiro Dias,carolina.monteiro.dias.29803@example.com,Salvador,Analista de dados,22,36505925270
Henrique Almeida Araújo,henrique.almeida.araujo.29804@example.com,Florianópolis,Chefe de compras,53,60041010804
Gustavo Oliveira Oliveira,gustavo.oliveira.oliveira.29805@example.com,Salvador,Chefe de almoxarifado,59,20003916908
João Pereira Barros,joao.pereira.barros.29806@example.com,Londrina,Supervisor de qualidade,22,28124518371
Sandra Souza Dias,sandra.souza.dias.29807@example.com,Londrina,Estoquista,37,80932866253
Diego Almeida Pereira,diego.almeida.pereira.29808@example.com,Cuiabá,Diretor comercial,21,39918252056
Aline Costa Santos,aline.costa.santos.29809@example.com,Florianópolis,Mecânico,43,98208466478
Sandra Lima Souza,sandra.lima.souza.29810@example.com,Belém,Coordenador de produção,24,58938189075
Débora Mendes Ribeiro,debora.mendes.ribeiro.29811@example.com,Joinville,Chefe de almoxarifado,41,52272405109
Priscila Cardoso Alves,priscila.cardoso.alves.29812@example.com,Joinville,Supervisor de vendas,28,21189450759
Mariana Castro Martins,mariana.castro.martins.29813@example.com,Belém,Técnico em informática,48,91796595587
Gabriela Gomes Nascimento,gabriela.gomes.nascimento.29814@example.com,Porto Alegre,Gerente de operações,38,80629656815
Camila Cardoso Santos,camila.cardoso.santos.29815@example.com,Niterói,Atendente,62,80659758887
Paulo Araújo Rodrigues,paulo.araujo.rodrigues.29816@example.com,Curitiba,Gerente financeiro,53,26748691080
Diego Rocha Alves,diego.rocha.alves.29817@example.com,Cuiabá,Diretor comercial,54,96142777975
José Ribeiro Moreira,jose.ribeiro.moreira.29818@example.com,Cuiabá,Coordenador de produção,21,11372276395
Camila Martins Cardoso,camila.martins.cardoso.29819@example.com,Londrina,Programador,49,78171311687
Letícia Oliveira Ribeiro,leticia.oliveira.ribeiro.29820@example.com,Porto Alegre,Técnico em informática,55,15343671455
Lucas Lima Carvalho,lucas.lima.carvalho.29821@example.com,Cuiabá,Assistente administrativo,38,93871481429
Bruno Almeida Rocha,bruno.almeida.rocha.29822@example.com,Fortaleza,Farmacêutico,18,48106272546
Thiago Cardoso Barros,thiago.cardoso.barros.29823@example.com,Salvador,Farmacêutico,46,59190445233
Simone Martins Carvalho,simone.martins.carvalho.29824@example.com,Curitiba,Arquiteto,68,04139492060
Sérgio Castro Gomes,sergio.castro.gomes.29825@example.com,Rio de Janeiro,Gerente de recursos humanos,47,88480190178
Diego Souza Monteiro,diego.souza.monteiro.29826@example.com,Londrina,Recepcionista,62,73102669334
João Cardoso Rocha,joao.cardoso.rocha.29827@example.com,Belo Horizonte,Enfermeiro,50,98621275267
Letícia Freitas Rocha,leticia.freitas.rocha.29828@example.com,Brasília,Chefe de departamento pessoal,46,61813767809
Igor Barros Costa,igor.barros.costa.29829@example.com,Maringá,Analista de marketing,64,16091955443
João Alves Almeida,joao.alves.almeida.29830@example.com,Salvador,Supervisor de vendas,69,29826658747
Felipe Castro Barros,felipe.castro.barros.29831@example.com,Curitiba,Gerente de operações,68,70402070766
Vanessa Rodrigues Mendes,vanessa.rodrigues.mendes.29832@example.com,Rondonópolis,Técnico de segurança do trabalho,28,92218410449
Carlos Alves Silva,carlos.alves.silva.29833@example.com,Campo Grande,Designer gráfico,43,06845803778
Daniela Mendes Alves,daniela.mendes.alves.29834@example.com,Recife,Gerente de recursos humanos,24,04283779643
Fernanda Mendes Teixeira,fernanda.mendes.teixeira.29835@example.com,Vitória,Operador de caixa,42,34311447819
Leonardo Teixeira Castro,leonardo.teixeira.castro.29836@example.com,Recife,Diretor de operações,67,59539788733
Rafael Gomes Barbosa,rafael.gomes.barbosa.29837@example.com,Niterói,Advogado,20,34184471598
Thiago Pereira Nascimento,thiago.pereira.nascimento.29838@example.com,Cuiabá,Líder de equipe,43,55833168277
Leonardo Freitas Barros,leonardo.freitas.barros.29839@example.com,Santos,Técnico em informática,45,79937636625
José Barros Martins,jose.barros.martins.29840@example.com,Vitória,Assistente administrativo,43,95886529147
Aline Moreira Rocha,aline.moreira.rocha.29841@example.com,Natal,Analista de dados,31,99489447317
Eduardo Rocha Rodrigues,eduardo.rocha.rodrigues.29842@example.com,Fortaleza,Engenheiro civil,51,56173829435
Gustavo Costa Costa,gustavo.costa.costa.29843@example.com,Maringá,Mecânico,44,64225396562
Ana Dias Santos,ana.dias.santos.29844@example.com,Recife,Gerente financeiro,34,26459585672
Carolina Freitas Costa,carolina.freitas.costa.29845@example.com,Goiânia,Diretor de operações,33,70157131999
Ricardo Pereira Gomes,ricardo.pereira.gomes.29846@example.com,Fortaleza,Designer gráfico,21,08110246284
Mariana Lima Martins,mariana.lima.martins.29847@example.com,Belém,Advogado,47,09939844656
Leonardo Silva Teixeira,leonardo.silva.teixeira.29848@example.com,Dourados,Coordenador administrativo,40,06872016572
Pedro Dias Costa,pedro.dias.costa.29849@example.com,Goiânia,Comprador,61,23069590553
Paulo Mendes Oliveira,paulo.mendes.oliveira.29850@example.com,Rio de Janeiro,Advogado,23,01384109449
Simone Gomes Freitas,simone.gomes.freitas.29851@example.com,Cuiabá,Chefe de almoxarifado,67,11965736007
Larissa Costa Lima,larissa.costa.lima.29852@example.com,Goiânia,Gerente comercial,27,64821446425
Bruno Rocha Nascimento,bruno.rocha.nascimento.29853@example.com,Curitiba,Gerente de tecnologia,47,38635711003
Ana Fernandes Rocha,ana.fernandes.rocha.29854@example.com,Londrina,Analista de dados,51,17202888179
Sandra Ribeiro Martins,sandra.ribeiro.martins.29855@example.com,Florianópolis,Cozinheiro,29,18680666057
Fernanda Cardoso Mendes,fernanda.cardoso.mendes.29856@example.com,Uberlândia,Diretor comercial,53,73401894764
Lucas Pereira Martins,lucas.pereira.martins.29857@example.com,Santos,Corretor de imóveis,29,58495897677
Fernanda Carvalho Barros,fernanda.carvalho.barros.29858@example.com,Campo Grande,Programador,43,55358026568
Gustavo Rodrigues Martins,gustavo.rodrigues.martins.29859@example.com,São Paulo,Programador,52,02698268347
Marcelo Alves Monteiro,marcelo.alves.monteiro.29860@example.com,Campo Grande,Programador,45,17256895512
Luana Ribeiro Araújo,luana.ribeiro.araujo.29861@example.com,Dourados,Líder de equipe,56,49851642734
Débora Fernandes Pereira,debora.fernandes.pereira.29862@example.com,Salvador,Professor,46,54329752544
Igor Freitas Souza,igor.freitas.souza.29863@example.com,Rondonópolis,Corretor de imóveis,21,31508177428
Letícia Silva Mendes,leticia.silva.mendes.29864@example.com,Recife,Analista financeiro,67,91594838447
Ana Martins Moreira,ana.martins.moreira.29865@example.com,Manaus,Pedreiro,66,93319228758
Lucas Mendes Rocha,lucas.mendes.rocha.29866@example.com,Porto Alegre,Assistente administrativo,24,06289133279
Pedro Gomes Fernandes,pedro.gomes.fernandes.29867@example.com,São Paulo,Diretor comercial,63,69376916718
Patrícia Castro Ribeiro,patricia.castro.ribeiro.29868@example.com,Rondonópolis,Coordenador administrativo,63,95004885120
Diego Castro Nascimento,diego.castro.nascimento.29869@example.com,Cuiabá,Fisioterapeuta,40,38857206761
Ana Almeida Oliveira,ana.almeida.oliveira.29870@example.com,Sorocaba,Técnico de segurança do trabalho,26,43122856265
Daniela Nascimento Freitas,daniela.nascimento.freitas.29871@example.com,Belém,Atendente,69,63983332803
Gabriela Cardoso Barros,gabriela.cardoso.barros.29872@example.com,Brasília,Assistente administrativo,20,47780414509
Juliana Gomes Ribeiro,juliana.gomes.ribeiro.29873@example.com,Manaus,Diretor de operações,61,08526045881
Patrícia Ribeiro Martins,patricia.ribeiro.martins.29874@example.com,Florianópolis,Advogado,26,51000951728
Renata Rocha Araújo,renata.rocha.araujo.29875@example.com,São Paulo,Nutricionista,59,42427853650
Beatriz Barros Monteiro,beatriz.barros.monteiro.29876@example.com,Porto Alegre,Padeiro,18,93206440160
Felipe Mendes Teixeira,felipe.mendes.teixeira.29877@example.com,Brasília,Técnico de segurança do trabalho,38,94734330139
Nicolas Souza Souza,nicolas.souza.souza.29878@example.com,Curitiba,Gerente de operações,63,19242676782
Marcelo Araújo Gomes,marcelo.araujo.gomes.29879@example.com,Natal,Técnico em informática,30,91241219454
Rafael Monteiro Rocha,rafael.monteiro.rocha.29880@example.com,Manaus,Comprador,54,67829562811
Felipe Cardoso Cardoso,felipe.cardoso.cardoso.29881@example.com,Brasília,Analista de dados,22,99885448215
Otávio Rocha Santos,otavio.rocha.santos.29882@example.com,Campo Grande,Encarregado de produção,27,34873443227
Sandra Barros Moreira,sandra.barros.moreira.29883@example.com,Porto Alegre,Motorista,30,60325716966
Larissa Castro Ribeiro,larissa.castro.ribeiro.29884@example.com,Natal,Analista de dados,43,27704592814
Vanessa Gomes Moreira,vanessa.gomes.moreira.29885@example.com,Goiânia,Recepcionista,48,26288678553
José Lima Teixeira,jose.lima.teixeira.29886@example.com,Santos,Auxiliar de produção,30,74007536102
Felipe Mendes Araújo,felipe.mendes.araujo.29887@example.com,Niterói,Diretor de operações,56,12148806474
Larissa Lima Pereira,larissa.lima.pereira.29888@example.com,São Paulo,Técnico em informática,32,72869030278
Larissa Araújo Rocha,larissa.araujo.rocha.29889@example.com,Rio de Janeiro,Líder de equipe,26,51713173710
Simone Pereira Almeida,simone.pereira.almeida.29890@example.com,Dourados,Atendente,56,84113508854
Gabriel Gomes Ribeiro,gabriel.gomes.ribeiro.29891@example.com,Londrina,Líder de equipe,29,53097549009
Ricardo Nascimento Rocha,ricardo.nascimento.rocha.29892@example.com,Uberlândia,Gerente de recursos humanos,19,68829190415
Patrícia Teixeira Ribeiro,patricia.teixeira.ribeiro.29893@example.com,Dourados,Programador,51,45235854087
Patrícia Martins Araújo,patricia.martins.araujo.29894@example.com,Goiânia,Analista financeiro,18,13298274706
Beatriz Mendes Gomes,beatriz.mendes.gomes.29895@example.com,Uberlândia,Cozinheiro,50,02234053561
Paulo Teixeira Rodrigues,paulo.teixeira.rodrigues.29896@example.com,Caxias do Sul,Supervisor de atendimento,18,58196864052
Bruno Barros Barbosa,bruno.barros.barbosa.29897@example.com,Manaus,Encarregado de produção,27,82624603821
Eduardo Freitas Teixeira,eduardo.freitas.teixeira.29898@example.com,Belo Horizonte,Fisioterapeuta,47,34080118366
Ricardo Rocha Lima,ricardo.rocha.lima.29899@example.com,Maringá,Auxiliar de produção,27,57432191322
Sandra Araújo Costa,sandra.araujo.costa.29900@example.com,Florianópolis,Padeiro,30,35301822086
Luana Almeida Fernandes,luana.almeida.fernandes.29901@example.com,Dourados,Operador de caixa,34,93078033386
Paulo Mendes Carvalho,paulo.mendes.carvalho.29902@example.com,Belém,Farmacêutico,61,90101909476
Nicolas Nascimento Santos,nicolas.nascimento.santos.29903@example.com,Maringá,Analista de marketing,23,23758546590
Letícia Alves Araújo,leticia.alves.araujo.29904@example.com,Cuiabá,Analista financeiro,69,54154401401
Camila Nascimento Almeida,camila.nascimento.almeida.29905@example.com,Brasília,Operador de caixa,18,39948510026
Thiago Rodrigues Castro,thiago.rodrigues.castro.29906@example.com,Uberlândia,Eletricista,18,77546440060
Sandra Teixeira Alves,sandra.teixeira.alves.29907@example.com,Belém,Chefe de compras,54,62670298570
Fernanda Araújo Lima,fernanda.araujo.lima.29908@example.com,Campo Grande,Analista de dados,21,99692505102
Aline Ribeiro Barbosa,aline.ribeiro.barbosa.29909@example.com,Natal,Comprador,51,55283393669
Juliana Lima Rocha,juliana.lima.rocha.29910@example.com,Manaus,Analista de recursos humanos,56,20735439582
Carlos Nascimento Barros,carlos.nascimento.barros.29911@example.com,Curitiba,Professor,34,22989288688
Camila Rocha Castro,camila.rocha.castro.29912@example.com,Sorocaba,Analista financeiro,42,64429106458
Paulo Teixeira Barros,paulo.teixeira.barros.29913@example.com,Goiânia,Chefe de almoxarifado,47,74766700427
Fernanda Almeida Freitas,fernanda.almeida.freitas.29914@example.com,Salvador,Gerente de operações,69,95138782151
Eduardo Castro Oliveira,eduardo.castro.oliveira.29915@example.com,Niterói,Eletricista,64,02356761424
Ana Oliveira Rocha,ana.oliveira.rocha.29916@example.com,Recife,Nutricionista,32,68124594414
Otávio Ribeiro Almeida,otavio.ribeiro.almeida.29917@example.com,Rondonópolis,Assistente administrativo,45,55553357538
Gustavo Araújo Carvalho,gustavo.araujo.carvalho.29918@example.com,Florianópolis,Recepcionista,51,85864821180
Vitória Mendes Mendes,vitoria.mendes.mendes.29919@example.com,Belém,Gerente de recursos humanos,61,34335355672
Felipe Teixeira Pereira,felipe.teixeira.pereira.29920@example.com,Rio de Janeiro,Analista de dados,25,84785008302
Gustavo Ribeiro Silva,gustavo.ribeiro.silva.29921@example.com,Porto Alegre,Gerente de recursos humanos,61,94100748196
Sérgio Silva Lima,sergio.silva.lima.29922@example.com,Belém,Técnico em informática,69,83797934080
Fernanda Ribeiro Cardoso,fernanda.ribeiro.cardoso.29923@example.com,Belém,Supervisor de manutenção,35,10922721403
Camila Santos Moreira,camila.santos.moreira.29924@example.com,Recife,Vendedor,33,13777929264
Eduardo Rodrigues Carvalho,eduardo.rodrigues.carvalho.29925@example.com,Dourados,Assistente comercial,55,79146804381
Marcelo Santos Souza,marcelo.santos.souza.29926@example.com,Florianópolis,Coordenador de marketing,44,86694613904
Carlos Mendes Mendes,carlos.mendes.mendes.29927@example.com,Santos,Chefe de departamento pessoal,63,06518154025
Vitória Pereira Gomes,vitoria.pereira.gomes.29928@example.com,Rio de Janeiro,Mecânico,70,51487004634
Sérgio Dias Barbosa,sergio.dias.barbosa.29929@example.com,Florianópolis,Encarregado de produção,55,82376225123
Lucas Pereira Carvalho,lucas.pereira.carvalho.29930@example.com,Santos,Supervisor de manutenção,59,88128048055
Gabriela Rocha Araújo,gabriela.rocha.araujo.29931@example.com,Curitiba,Farmacêutico,26,87807256880
Sérgio Carvalho Castro,sergio.carvalho.castro.29932@example.com,Fortaleza,Diretor comercial,39,43668063056
Letícia Silva Costa,leticia.silva.costa.29933@example.com,Campinas,Assistente administrativo,70,30348289352
Letícia Nascimento Barbosa,leticia.nascimento.barbosa.29934@example.com,Curitiba,Estoquista,28,66158652309
Vinícius Barros Barros,vinicius.barros.barros.29935@example.com,Caxias do Sul,Chefe de almoxarifado,23,98228315777
Patrícia Martins Souza,patricia.martins.souza.29936@example.com,Londrina,Nutricionista,54,44287824636
Carlos Nascimento Silva,carlos.nascimento.silva.29937@example.com,Sorocaba,Gerente de recursos humanos,40,06020603549
Daniela Nascimento Monteiro,daniela.nascimento.monteiro.29938@example.com,Joinville,Supervisor de atendimento,62,55297229305
Tatiane Barros Silva,tatiane.barros.silva.29939@example.com,Brasília,Encarregado de produção,51,29039681329
Larissa Nascimento Costa,larissa.nascimento.costa.29940@example.com,Sorocaba,Coordenador de produção,29,81325553892
Juliana Castro Gomes,juliana.castro.gomes.29941@example.com,Natal,Chefe de almoxarifado,47,72625203738
Carlos Dias Nascimento,carlos.dias.nascimento.29942@example.com,Brasília,Supervisor de vendas,62,56076772798
Igor Souza Mendes,igor.souza.mendes.29943@example.com,Campinas,Supervisor de vendas,23,87957117149
Vitória Oliveira Nascimento,vitoria.oliveira.nascimento.29944@example.com,Campo Grande,Eletricista,70,07891905159
Marcelo Lima Oliveira,marcelo.lima.oliveira.29945@example.com,Rio de Janeiro,Coordenador de logística,63,28932717977
Gustavo Moreira Barros,gustavo.moreira.barros.29946@example.com,Campo Grande,Analista de dados,64,51240829171
Otávio Carvalho Barros,otavio.carvalho.barros.29947@example.com,Vitória,Advogado,57,40768559870
Igor Araújo Barros,igor.araujo.barros.29948@example.com,Londrina,Professor,51,41823109934
Rafael Freitas Santos,rafael.freitas.santos.29949@example.com,Fortaleza,Coordenador de logística,57,83713725375
Vinícius Cardoso Lima,vinicius.cardoso.lima.29950@example.com,Uberlândia,Gerente financeiro,63,47011024094
Priscila Rocha Almeida,priscila.rocha.almeida.29951@example.com,Maringá,Gerente financeiro,40,58834531275
Renata Barros Araújo,renata.barros.araujo.29952@example.com,Porto Alegre,Diretor de operações,64,87699038494
Igor Costa Ribeiro,igor.costa.ribeiro.29953@example.com,Campo Grande,Estoquista,48,75983614825
Marcelo Nascimento Martins,marcelo.nascimento.martins.29954@example.com,Natal,Atendente,25,99789321077
José Mendes Silva,jose.mendes.silva.29955@example.com,Fortaleza,Fisioterapeuta,25,62734191394
Otávio Alves Oliveira,otavio.alves.oliveira.29956@example.com,São Paulo,Técnico em informática,52,75512553996
Henrique Teixeira Carvalho,henrique.teixeira.carvalho.29957@example.com,Fortaleza,Diretor comercial,57,65642045863
Renata Silva Carvalho,renata.silva.carvalho.29958@example.com,Caxias do Sul,Operador de caixa,69,54563044255
Simone Teixeira Souza,simone.teixeira.souza.29959@example.com,Maringá,Pedreiro,67,52414281052
Débora Barros Moreira,debora.barros.moreira.29960@example.com,Uberlândia,Supervisor de qualidade,34,14462961371
Priscila Teixeira Rodrigues,priscila.teixeira.rodrigues.29961@example.com,Joinville,Designer gráfico,47,34773605136
Ana Monteiro Costa,ana.monteiro.costa.29962@example.com,Santos,Estoquista,53,51339167743
Fernanda Silva Teixeira,fernanda.silva.teixeira.29963@example.com,Natal,Supervisor de qualidade,55,61577529334
Ricardo Moreira Rodrigues,ricardo.moreira.rodrigues.29964@example.com,Belém,Gerente financeiro,47,44280730980
Simone Barbosa Santos,simone.barbosa.santos.29965@example.com,Rio de Janeiro,Arquiteto,63,30737499194
Marcelo Ribeiro Cardoso,marcelo.ribeiro.cardoso.29966@example.com,Florianópolis,Assistente administrativo,43,01975618001
Ricardo Mendes Gomes,ricardo.mendes.gomes.29967@example.com,Santos,Coordenador de marketing,21,29008521706
Gabriela Ribeiro Ribeiro,gabriela.ribeiro.ribeiro.29968@example.com,Manaus,Fisioterapeuta,67,09029052780
Leonardo Araújo Ribeiro,leonardo.araujo.ribeiro.29969@example.com,Santos,Padeiro,42,72546001660
Vanessa Nascimento Rocha,vanessa.nascimento.rocha.29970@example.com,Natal,Engenheiro civil,49,24484144583
Amanda Barbosa Moreira,amanda.barbosa.moreira.29971@example.com,Caxias do Sul,Coordenador de produção,56,40244940290
Fernanda Monteiro Castro,fernanda.monteiro.castro.29972@example.com,Recife,Engenheiro civil,67,33335635498
Renata Teixeira Alves,renata.teixeira.alves.29973@example.com,Londrina,Assistente administrativo,63,34992809394
Letícia Moreira Barbosa,leticia.moreira.barbosa.29974@example.com,Sorocaba,Designer gráfico,63,16316416420
João Almeida Araújo,joao.almeida.araujo.29975@example.com,Londrina,Técnico de segurança do trabalho,51,25944547943
Ricardo Barbosa Barbosa,ricardo.barbosa.barbosa.29976@example.com,Manaus,Coordenador de marketing,49,01401917905
Tatiane Teixeira Almeida,tatiane.teixeira.almeida.29977@example.com,Rondonópolis,Analista de recursos humanos,67,17484421647
Pedro Oliveira Carvalho,pedro.oliveira.carvalho.29978@example.com,Rio de Janeiro,Programador,59,08364129397
Larissa Barbosa Barbosa,larissa.barbosa.barbosa.29979@example.com,Joinville,Chefe de departamento pessoal,68,09445268879
Sandra Rodrigues Carvalho,sandra.rodrigues.carvalho.29980@example.com,Recife,Recepcionista,45,89398710695
Eduardo Alves Rodrigues,eduardo.alves.rodrigues.29981@example.com,Vitória,Operador de caixa,49,87439627311
Vanessa Martins Teixeira,vanessa.martins.teixeira.29982@example.com,Porto Alegre,Analista de dados,27,97095581586
Amanda Fernandes Alves,amanda.fernandes.alves.29983@example.com,Florianópolis,Coordenador de logística,60,85482037847
Camila Dias Fernandes,camila.dias.fernandes.29984@example.com,Rio de Janeiro,Mecânico,54,30207818191
Sandra Santos Gomes,sandra.santos.gomes.29985@example.com,Londrina,Técnico de segurança do trabalho,33,46629845940
Henrique Monteiro Carvalho,henrique.monteiro.carvalho.29986@example.com,Porto Alegre,Assistente comercial,45,14610466761
Rafael Freitas Costa,rafael.freitas.costa.29987@example.com,Brasília,Supervisor de qualidade,60,45988077029
Gabriela Ribeiro Almeida,gabriela.ribeiro.almeida.29988@example.com,Joinville,Enfermeiro,46,91224879532
Daniela Carvalho Pereira,daniela.carvalho.pereira.29989@example.com,Dourados,Diretor comercial,51,31363511727
Lucas Ribeiro Alves,lucas.ribeiro.alves.29990@example.com,Niterói,Técnico de segurança do trabalho,30,73611021740
Simone Rocha Barros,simone.rocha.barros.29991@example.com,Porto Alegre,Coordenador de logística,65,76497730115
Igor Fernandes Silva,igor.fernandes.silva.29992@example.com,Maringá,Coordenador de logística,70,16001333796
Fernanda Rodrigues Gomes,fernanda.rodrigues.gomes.29993@example.com,Uberlândia,Analista de recursos humanos,61,04569745943
Henrique Nascimento Costa,henrique.nascimento.costa.29994@example.com,Rio de Janeiro,Pedreiro,21,52524631960
Carolina Moreira Gomes,carolina.moreira.gomes.29995@example.com,Uberlândia,Designer gráfico,53,49175570452
Tatiane Nascimento Carvalho,tatiane.nascimento.carvalho.29996@example.com,Manaus,Cozinheiro,70,89935231299
Carolina Monteiro Mendes,carolina.monteiro.mendes.29997@example.com,Uberlândia,Enfermeiro,31,97525768508
Débora Martins Barros,debora.martins.barros.29998@example.com,Santos,Gerente comercial,31,42384439227
Rafael Alves Mendes,rafael.alves.mendes.29999@example.com,Joinville,Atendente,63,22086472911
Juliana Nascimento Rocha,juliana.nascimento.rocha.30000@example.com,Rio de Janeiro,Técnico de enfermagem,18,29980008309
